0000000000100110110100111001001110001010101100010010111
0000000000111010010001101010100011100100111001011011001
0000000001001101101001110010011100010101011000100101110
0000000001010010001100110100010100111100100011110010111
0000000001110100100011010101000111001001110010110110010
0000000001110100111100010011110010100010110011000100101
0000000010011001001111100011100101001011000010001010111
0000000010011010101101100001111001100000101011100100011
0000000010011011010011100100111000101010110001001011100
0000000010100100011001101000101001111001000111100101110
0000000010101001011011011100011100110100000001100100111
0000000011000100111010100000110011110000110110101011001
0000000011100100110000000101100111000111011011010010101
0000000011101001000110101010001110010011100101101100100
0000000011101001111000100111100101000101100110001001010
0000000011101010001000011010010100111000111110010011001
0000000100110001101101101000110000111011010110000010101
0000000100110010011111000111001010010110000100010101110
0000000100110101011011000011110011000001010111001000110
0000000100110110100111001001110001010101100010010111000
0000000101001000110011010001010011110010001111001011100
0000000101010000011010110111000011000101101101100011001
0000000101010010110110111000111001101000000011001001110
0000000101100111000111011011010010101000000001110010011
0000000110001001110101000001100111100001101101010110010
0000000110010000010100101100111000010101000110110111011
0000000110010011100000000101010010110110111000111001101
0000000110111011011000101010000111001101001010000010011
0000000111001001100000001011001110001110110110100101010
0000000111010010001101010100011100100111001011011001000
0000000111010011110001001111001010001011001100010010100
0000000111010100010000110100101001110001111100100110010
0000001000001101011001010111100100110010001100001110101
0000001000010100111011000110010111100000101011001011001
0000001000011110101110010100110010100010101100000011011
0000001000110001001111100010110111000101000001100101101
0000001001100000101011000111011001011000010100011101101
0000001001100011011011010001100001110110101100000101010
0000001001100100111110001110010100101100001000101011100
0000001001101001101010000011110100110001101110010100001
0000001001101010110110000111100110000010101110010001100
0000001001101101001110010011100010101011000100101110000
0000001010010001100110100010100111100100011110010111000
0000001010100000110101101110000110001011011011000110010
0000001010100101101101110001110011010000000110010011100
0000001010111000011000100110010011110101001101011000001
0000001011001110001110110110100101010000000011100100110
0000001011010011000001010001110110100011111001000110001
0000001011010101000001010010000010110011001101111000111
0000001011011100010100001101001101110001101010000011001
0000001100010011101010000011001111000011011010101100100
0000001100100000101001011001110000101010001101101110110
0000001100100111000000001010100101101101110001110011010
0000001101010001010011001010011101011110000100000011011
0000001101100000010000111101011100101001100101000101011
0000001101100000011010100010100110010100111010111100001
0000001101110110101010100110111101111011110011010001111
0000001101110110110001010100001110011010010100000100110
0000001110001111011001100110100000100101000001010101101
0000001110010011000000010110011100011101101101001010100
0000001110100100011010101000111001001110010110110010000
0000001110100111100010011110010100010110011000100101000
0000001110101000100001101001010011100011111001001100100
0000001110111101010001001000001001001000110010101001111
0000001111000101100111101111011110110010101010110111011
0000001111001010100110001001001000001001000101011110111
0000010000001010111000011000100110010011110101001101011
0000010000011010110010101111001001100100011000011101010
0000010000101001110110001100101111000001010110010110010
0000010000110100000100101001110010100001110110011011101
0000010000111101011100101001100101000101011000000110110
0000010001000010111001110000111110100001001001001110101
0000010001000011000111100000100100101011101100010111101
0000010001100010011111000101101110001010000011001011010
0000010001100110100000101010000101111010011010011110001
0000010001111001011001011110100001010100000101100110001
0000010010000100001110010011001110110100000110101010111
0000010010001010111101110000001111001010100110001001001
0000010010010001100101010011110000001110111101010001001
0000010010010101110110001011110100000100010000110001111
0000010010100000101010110100000011100011110110011001101
0000010010100111001010000111011001101110100000100001101
0000010011000000011011101101100010101000011100110100101
0000010011000001010110001110110010110000101000111011010
0000010011000110110110100011000011101101011000001010100
0000010011001001111100011100101001011000010001010111000
0000010011010011010100000111101001100011011100101000010
0000010011010101101100001111001100000101011100100011000
0000010011011010011100100111000101010110001001011100000
0000010100011101101000111110010001100010000001011010011
0000010100100000101100110011011110001110000001011010101
0000010100100011001101000101001111001000111100101110000
0000010100101100111000010101000110110111011000000011001
0000010101000000010011000110110110100011000011101101011
0000010101000001101011011100001100010110110110001100100
0000010101000010111101001101001111000100000100011001101
0000010101001011011011100011100110100000001100100111000
0000010101011010000001110001111011001100110100000100101
0000010101100011101100101100001010001110110100000010011
0000010101100101100100000010000101001110110001100101111
0000010101110000110001001100100111101010011010110000010
0000010101110010001100000000100110101011011000011110011
0000010101110010010010000101111100001110011101000010001
0000010110000100000101110110011011100001010011100101001
0000010110011000100000100011110010110010111101000010101
0000010110011001101111000111000000101101010100000101001
0000010110011100011101101101001010100000000111001001100
0000010110100110000010100011101101000111110010001100010
0000010110101010000010100100000101100110011011110001110
0000010110111000101000011010011011100011010100000110010
0000010110111001100100111000010000100100000111010101011
0000010111011001101110000101001110010100100000101100001
0000010111101000110111010100100100000111100011000010001
0000010111101101101100010101111101110111101000110001111
0000011000100111010100000110011110000110110101011001000
0000011001000000101101110001010000110100110111000110101
0000011001000001010010110011100001010100011011011101100
0000011001001110000000010101001011011011100011100110100
0000011001011010000001000110001001111100010110111000101
0000011001111000011011010101100100000000110001001110101
0000011010100010100110010100111010111100001000000110110
0000011010101011100000100100001000011100100110011101101
0000011010110010101111001001100100011000011101010000001
0000011010110111000011000101101101100011001000000010101
0000011011000000100001111010111001010011001010001010110
0000011011000000110101000101001100101001110101111000010
0000011011001101111111100010101110111100101101011000111
0000011011100111011111101001011001111101011100010010111
0000011011101101010101001101111011110111100110100011110
0000011011101101100010101000011100110100101000001001100
0000011100011010110100111101110101000111111110110011011
0000011100011110110011001101000001001010000010101011010
0000011100100110000000101100111000111011011010010101000
0000011101001000110101010001110010011100101101100100000
0000011101001000111010111110011010010111111011100111011
0000011101001111000100111100101000101100110001001010000
0000011101010001000011010010100111000111110010011001000
0000011101010101100000101101110011001001110000100001001
0000011101111010100010010000010010010001100101010011110
0000011110001011001111011110111101100101010101101110110
0000011110001100001000100000101111010001101110101001001
0000011110001100010111101110111110101000110110110111101
0000011110010101001100010010010000010010001010111101110
0000011110100110001101110010100001000000100110100110101
0000100000010011010011010100000111101001100011011100101
0000100000010101110000110001001100100111101010011010110
0000100000011011000000110101000101001100101001110101111
0000100000101110110011011100001010011100101001000001011
0000100000110101100101011110010011001000110000111010100
0000100001000010011010101010010001001111110000111010011
0000100001000011001011100001111110010001001010101011001
0000100001001000001110101010110000010110111001100100111
0000100001001101010101001000100111111000011101001100001
0000100001010011101100011001011110000010101100101100100
0000100001100101110000111111001000100101010101100100001
0000100001101000001001010011100101000011101100110111010
0000100001110010011001110110100000110101010111000001001
0000100001111010111001010011001010001010110000001101100
0000100010000010101110010010010000101111100001110011101
0000100010000010111101000110111010100100100000111100011
0000100010000101110011100001111101000010010010011101010
0000100010000110001111000001001001010111011000101111010
0000100010101110000000010011001001111100011100101001011
0000100011000100111110001011011100010100000110010110100
0000100011001101000001010100001011110100110100111100010
0000100011110010110010111101000010101000001011001100010
0000100011111100001101010110011101101101111101101110101
0000100100000111010101011000001011011100110010011100001
0000100100001000011100100110011101101000001101010101110
0000100100010101111011100000011110010101001100010010010
0000100100100011001010100111100000011101111010100010010
0000100100100111010100000100010000101110011100001111101
0000100100101011101100010111101000001000100001100011110
0000100101000001010101101000000111000111101100110011010
0000100101001110010100001110110011011101000001000011010
0000100110000000110111011011000101010000111001101001010
0000100110000010101100011101100101100001010001110110100
0000100110001101101101000110000111011010110000010101000
0000100110010011111000111001010010110000100010101110000
0000100110011001011111011010111110101010010111111000111
0000100110100110101000001111010011000110111001010000100
0000100110101010100100010011111100001110100110000100001
0000100110101011011000011110011000001010111001000110000
0000100110110100111001001110001010101100010010111000000
0000101000110101100110101110101001111110010011111101111
0000101000111011010000001001100000101011000111011001011
0000101000111011010001111100100011000100000010110100110
0000101001000001011001100110111100011100000010110101010
0000101001000110011010001010011110010001111001011100000
0000101001011001110000101010001101101110110000000110010
0000101001110010100100000101100001000001011101100110111
0000101001110110001100101111000001010110010110010000001
0000101010000000100110001101101101000110000111011010110
0000101010000010110011000100000100011110010110010111101
0000101010000011010110111000011000101101101100011001000
0000101010000101111010011010011110001000001000110011010
0000101010001101101110110000000110010000010100101100111
0000101010010110110111000111001101000000011001001110000
0000101010110100000011100011110110011001101000001001010
0000101011000111011001011000010100011101101000000100110
0000101011001010011111011111101010001111001110110011011
0000101011001011001000000100001010011101100011001011110
0000101011100001100010011001001111010100110101100000100
0000101011100100011000000001001101010110110000111100110
0000101011100100100100001011111000011100111010000100010
0000101011101101111101101101110011010101100001111110001
0000101100001000001011101100110111000010100111001010010
0000101100101100001110111110111001100101111101010111101
0000101100110001000001000111100101100101111010000101010
0000101100110011011110001110000001011010101000001010010
0000101100111000111011011010010101000000001110010011000
0000101100111001000110101111011111101100101100101011111
0000101101001100000101000111011010001111100100011000100
0000101101010100000101001000001011001100110111100011100
0000101101110001010000110100110111000110101000001100100
0000101101110011001001110000100001001000001110101010110
0000101110010001010110110111110000111001111011101111101
0000101110011100001111101000010010010011101010000010001
0000101110110011011100001010011100101001000001011000010
0000101111010001101110101001001000001111000110000100010
0000101111010011010011110001000001000110011010000010101
0000101111010101111101001100111011111011100001101001101
0000101111011011011000101011111011101111010001100011110
0000101111100001110011101000010001000001010111001001001
0000101111101110111100111000011111011011010100010011101
0000110001001100100111101010011010110000010000001010111
0000110001001110101000001100111100001101101010110010000
0000110001011011011000110010000000101010000011010110111
0000110001111000001001001010111011000101111010000010001
0000110010000001011011100010100001101001101110001101010
0000110010000010100101100111000010101000110110111011000
0000110010011100000000101010010110110111000111001101000
0000110010110100000010001100010011111000101101110001010
0000110010111000011111100100010010101010110010000100001
0000110011110000110110101011001000000001100010011101010
0000110011111010100011011100111111110110010101001001111
0000110100000100101001110010100001110110011011101000001
0000110100011111111101011011100110010111010110000110111
0000110100101001110001111100100110010000000011101010001
0000110100110100001011110101011111010011001110111110111
0000110100110111000110101000001100100000010110111000101
0000110101000101001100101001110101111000010000001101100
0000110101010111000001001000010000111001001100111011010
0000110101011001110110110111110110111010100001000111111
0000110101100101011110010011001000110000111010100000010
0000110101101110000110001011011011000110010000000101010
0000110101110100110011101101011111111100010110000111011
0000110110000001000011110101110010100110010100010101100
0000110110000001101010001010011001010011101011110000100
0000110110011011100111100010101111110111110010100110101
0000110110011011111111000101011101111001011010110001110
0000110110101011001000000001100010011101010000011001111
0000110111000011010001111111110101101110011001011101011
0000110111001110111111010010110011111010111000100101110
0000110111011010101010011011110111101111001101000111100
0000110111011011000101010000111001101001010000010011000
0000111000110101101001111011101010001111111101100110110
0000111000111101100110011010000010010100000101010110100
0000111000111111010010101011111010110111110100110011001
0000111001001100000001011001110001110110110100101010000
0000111001001100111011010000011010101011100000100100001
0000111001101001010000010011000000011011101101100010101
0000111001110100001000100000101011100100100100001011111
0000111001111011101111101000010111001000101011011011111
0000111010010001101010100011100100111001011011001000000
0000111010010001110101111100110100101111110111001110110
0000111010011000010000100001001101010101001000100111111
0000111010011110001001111001010001011001100010010100000
0000111010100000010000011010110010101111001001100100011
0000111010100010000110100101001110001111100100110010000
0000111010101011000001011011100110010011100001000010010
0000111011000011010111010011001110110101111111110001011
0000111011001101110100000100001101000001001010011100101
0000111011010110000010101000000010011000110110110100011
0000111011110101000100100000100100100011001010100111100
0000111011111011100110010111110101011110100001011001011
0000111100010110011110111101111011001010101011011101100
0000111100011000010001000001011110100011011101010010010
0000111100011000101111011101111101010001101101101111010
0000111100100101010011011111111001110110001010111110011
0000111100101010011000100100100000100100010101111011100
0000111100110000010101110010001100000000100110101011011
0000111101001100011011100101000010000001001101001101010
0000111101011100101001100101000101011000000110110000001
0000111101111110010011111100101011101011001101011000101
0000111110100001001001001110101000001000100001011100111
0000111110101001101001101111110111101011000100111001101
0000111110110110101000100111010000101111101110111100111
0000111111000100001010111011011111011011011100110101011
0000111111001000100101010101100100001000010000110010111
0001000000100110100110101000001111010011000110111001010
0001000000101011100001100010011001001111010100110101100
0001000000101101001100000101000111011010001111100100011
0001000000110110000001101010001010011001010011101011110
0001000001000110011010000010101000010111101001101001111
0001000001000111100101100101111010000101010000010110011
0001000001010111001001001000010111110000111001110100001
0001000001011101100110111000010100111001010010000010110
0001000001011110100011011101010010010000011110001100001
0001000001101011001010111100100110010001100001110101000
0001000010000100110101010100100010011111100001110100110
0001000010000110010111000011111100100010010101010110010
0001000010010000011101010101100000101101110011001001110
0001000010011010101010010001001111110000111010011000010
0001000010100111011000110010111100000101011001011001000
0001000010101110110111110110110111001101010110000111111
0001000010111001110000111110100001001001001110101000001
0001000011000111100000100100101011101100010111101000001
0001000011001011100001111110010001001010101011001000010
0001000011010000010010100111001010000111011001101110100
0001000011010010100111000111110010011001000000001110101
0001000011100100110011101101000001101010101110000010010
0001000011110101110010100110010100010101100000011011000
0001000100000101011100100100100001011111000011100111010
0001000100000101111010001101110101001001000001111000110
0001000100001011100111000011111010000100100100111010100
0001000100001100011110000010010010101110110001011110100
0001000101011100000000100110010011111000111001010010110
0001000110001001111100010110111000101000001100101101000
0001000110011010000010101000010111101001101001111000100
0001000111100101100101111010000101010000010110011000100
0001000111111000011010101100111011011011111011011101010
0001001000001001001000110010101001111000000111011110101
0001001000001110101010110000010110111001100100111000010
0001001000010000111001001100111011010000011010101011100
0001001000101011110111000000111100101010011000100100100
0001001001000001001000101011110111000000111100101010011
0001001001000110010101001111000000111011110101000100100
0001001001001110101000001000100001011100111000011111010
0001001001010111011000101111010000010001000011000111100
0001001001011010101111111100011011001111111010011000111
0001001001110101011110001100101101011111011001111111001
0001001010000000001110100111100010011110010100010110011
0001001010000010101011010000001110001111011001100110100
0001001010011100101000011101100110111010000010000110100
0001001010011111010101111111011001110010010010111001111
0001001010101011001000010000100001100101110000111111001
0001001011100000000001001101101001110010011100010101011
0001001011100000110111001110111111010010110011111010111
0001001011111001010101000111110110111101111000110110011
0001001011111101100111110101001110001001101001111010111
0001001100000001101110110110001010100001110011010010100
0001001100000101011000111011001011000010100011101101000
0001001100011011011010001100001110110101100000101010000
0001001100100010111110111100101111101101011000110101111
0001001100100011110101100011010110111110100111101111101
0001001100100111101010011010110000010000001010111000011
0001001100100111110001110010100101100001000101011100000
0001001100110010111110110101111101010100101111110001110
0001001101001101010000011110100110001101110010100001000
0001001101001111010111000100101111110110011111010100111
0001001101010101001000100111111000011101001100001000010
0001001101010110110000111100110000010101110010001100000
0001001101101001110010011100010101011000100101110000000
0001001110011010000111110101001101001101111110111101011
0001001110100001011111011101111001110000111110110110101
0001001110101000001100111100001101101010110010000000011
0001001111001010001011001100010010100000000011101001111
0001001111100010110111000101000001100101101000000100011
0001001111110000111010011000010000100001001101010101001
0001001111111001101111101011010011000111101010111001001
0001010000011001011010000001000110001001111100010110111
0001010000110100110111000110101000001100100000010110111
0001010000111101111110010011111100101011101011001101011
0001010001101011001101011101010011111100100111111011110
0001010001110110100000010011000001010110001110110010110
0001010001110110100011111001000110001000000101101001100
0001010010000010110011001101111000111000000101101010100
0001010010001100110100010100111100100011110010111000000
0001010010110011100001010100011011011101100000001100100
0001010011001010011101011110000100000011011000000110101
0001010011100101001000001011000010000010111011001101110
0001010011101100011001011110000010101100101100100000010
0001010011110010001111001011100000000010100100011001101
0001010100000001001100011011011010001100001110110101100
0001010100000101100110001000001000111100101100101111010
0001010100000110101101110000110001011011011000110010000
0001010100001011110100110100111100010000010001100110100
0001010100001110011010010100000100110000000110111011011
0001010100011011011101100000001100100000101001011001110
0001010100101101101110001110011010000000110010011100000
0001010101001111101001000110011011000111101111011011111
0001010101100010010111000000000010011011010011100100111
0001010101101000000111000111101100110011010000010010100
0001010110000001101100000010000111101011100101001100101
0001010110001110110010110000101000111011010000001001100
0001010110010100111110111111010100011110011101100110110
0001010110010110010000001000010100111011000110010111100
0001010110110111110000111001111011101111101000010111001
0001010111000000001001100100111110001110010100101100001
0001010111000011000100110010011110101001101011000001000
0001010111001000110000000010011010101101100001111001100
0001010111001001001000010111110000111001110100001000100
0001010111011011111011011011100110101011000011111100010
0001010111011110010110101100011100000110110011011111111
0001010111101110000001111001010100110001001001000001001
0001010111110011000011110010010101001101111111100111011
0001010111110111011110100011000111100000101111011011011
0001010111111011111001010011010100001101100110111001111
0001011000010000010111011001101110000101001110010100100
0001011000011101100001101011101001100111011010111111111
0001011001011000011101111101110011001011111010101111010
0001011001100010000010001111001011001011110100001010100
0001011001100010010100000000011101001111000100111100101
0001011001100110111100011100000010110101010000010100100
0001011001110001110110110100101010000000011100100110000
0001011001110010001101011110111111011001011001010111110
0001011001111011110111101100101010101101110110000001111
0001011010011000001010001110110100011111001000110001000
0001011010101000001010010000010110011001101111000111000
0001011011011000110010000000101010000011010110111000011
0001011011100010100000110010110100000010001100010011111
0001011011100010100001101001101110001101010000011001000
0001011011100101010111000110110001101001001101111111111
0001011011100110010011100001000010010000011101010101100
0001011100100010101101101111100001110011110111011111010
0001011100111000011111010000100100100111010100000100010
0001011101100110111000010100111001010010000010110000100
0001011110100000100010000110001111000001001001010111011
0001011110100011011101010010010000011110001100001000100
0001011110100110100111100010000010001100110100000101010
0001011110101011111010011001110111110111000011010011010
0001011110110110110001010111110111011110100011000111100
0001011110111011111010100011011011011110100000111100011
0001011111000011100111010000100010000010101110010010010
0001011111011101111001110000111110110110101000100111010
0001011111011110010111110110101100011010111100010011001
0001100000000100110101011011000011110011000001010111001
0001100001000100000101111010001101110101001001000001111
0001100001110101000000100000110101100101011110010011001
0001100001110110101100000101010000000100110001101101101
0001100010000001011010011000001010001110110100011111001
0001100010011001001111010100110101100000100000010101110
0001100010011101010000011001111000011011010101100100000
0001100010011111000101101110001010000011001011010000001
0001100010110110110001100100000001010100000110101101110
0001100010111101110111110101000110110110111101000001111
0001100011110000010010010101110110001011110100000100010
0001100011110000010111101101101100010101111101110111101
0001100100000001010100000110101101110000110001011011011
0001100100000010110111000101000011010011011100011010100
0001100100000101001011001110000101010001101101110110000
0001100100111000000001010100101101101110001110011010000
0001100101010011110000001110111101010001001000001001001
0001100101101000000100011000100111110001011011100010100
0001100101101011111011001111111001000100100111010101111
0001100101110000111111001000100101010101100100001000010
0001100101111000001010110010110010000001000010100111011
0001100101111111001101100011111111010101101001001000111
0001100110100000101010000101111010011010011110001000001
0001100110100010100111100100011110010111000000000101001
0001100110110001111011110110111110001010101001111101001
0001100111100001101101010110010000000011000100111010100
0001100111110101000110111001111111101100101010010011110
0001101000001001010011100101000011101100110111010000010
0001101000111111111010110111001100101110101100001101110
0001101001001101111111111000101101110010101011100011011
0001101001010011100011111001001100100000000111010100010
0001101001101000010111101010111110100110011101111101110
0001101001101110001101010000011001000000101101110001010
0001101010000011001000000101101110001010000110100110111
0001101010001010011001010011101011110000100000011011000
0001101010100011100100111001011011001000000000011101001
0001101010101110000010010000100001110010011001110110100
0001101010110011101101101111101101110101000010001111110
0001101011001010111100100110010001100001110101000000100
0001101011001101011101010011111100100111111011110000101
0001101011010011110111010100011111111011001101100000111
0001101011011100001100010110110110001100100000001010100
0001101011011111010011110111110100010011001000111101011
0001101011101001100111011010111111111000101100001110110
0001101011110001001100100010111110111100101111101101011
0001101011110111111011001011001010111110000101100111001
0001101100000010000111101011100101001100101000101011000
0001101100000011010100010100110010100111010111100001000
0001101100011010010011011111111110001011011100101010111
0001101100011101010100111011010001111111111011001001011
0001101100110001001011111001010101000111110110111101111
0001101100110111001111000101011111101111100101001101010
0001101100110111111110001010111011110010110101100011100
0001101100111111101001100011100010010010110101011111111
0001101101010110010000000011000100111010100000110011110
0001101101101000110000111011010110000010101000000010011
0001101101101111010000011110001100010111101110111110101
0001101101110110000000110010000010100101100111000010101
0001101110000110100011111111101011011100110010111010110
0001101110010100001000000100110100110101000001111010011
0001101110011101111110100101100111110101110001001011100
0001101110011111111011001010100100111100001100111110101
0001101110101001001000001111000110000100010000010111101
0001101110110101010100110111101111011110011010001111000
0001101110110110001010100001110011010010100000100110000
0001110000001011010101000001010010000010110011001101111
0001110000011011001101111111100010101110111100101101011
0001110000100110011001011111011010111110101010010111111
0001110001001001011010101111111100011011001111111010011
0001110001100101111111001101100011111111010101101001001
0001110001101011010011110111010100011111111011001101100
0001110001111011001100110100000100101000001010101101000
0001110001111110100101010111110101101111101001100110010
0001110010011000000010110011100011101101101001010100000
0001110010011001110110100000110101010111000001001000010
0001110010011100101101100100000000001110100100011010101
0001110010100101100001000101011100000000100110010011111
0001110010101111100110111111010010001110101111001011001
0001110011010000000110010011100000000101010010110110111
0001110011010010100000100110000000110111011011000101010
0001110011101000010001000001010111001001001000010111110
0001110011110111011111010000101110010001010110110111110
0001110100100011010101000111001001110010110110010000000
0001110100100011101011111001101001011111101110011101100
0001110100110000100001000010011010101010010001001111110
0001110100111100010011110010100010110011000100101000000
0001110101000000100000110101100101011110010011001000110
0001110101000100001101001010011100011111001001100100000
0001110101010011101101000111111111101100100101100011011
0001110101010110000010110111001100100111000010000100100
0001110101111001011001000111001010111110011011111101001
0001110101111100110100101111110111001110110000011101001
0001110110000110101110100110011101101011111111100010110
0001110110010110000101000111011010000001001100000101011
0001110110011011101000001000011010000010010100111001010
0001110110100000010011000001010110001110110010110000101
0001110110100011111001000110001000000101101001100000101
0001110110101100000101010000000100110001101101101000110
0001110110110100101010000000011100100110000000101100111
0001110111101010001001000001001001000110010101001111000
0001110111110111001100101111101010111101000010110010110
0001111000000110111011010101010011011110111101111001101
0001111000001001001010111011000101111010000010001000011
0001111000001011110110110110001010111110111011110100011
0001111000101100111101111011110110010101010110111011000
0001111000110000100010000010111101000110111010100100100
0001111000110001011110111011111010100011011011011110100
0001111001001010100110111111110011101100010101111100110
0001111001010100110001001001000001001000101011110111000
0001111001011001011110100001010100000101100110001000001
0001111001011100000000010100100011001101000101001111001
0001111001100000101011100100011000000001001101010110110
0001111001110100100100111001101111111010101111100101001
0001111001110110011011000010101100101001111101111110101
0001111010011000110111001010000100000010011010011010100
0001111010101110010010001001111111001101111101011010011
0001111010110001101011011111010011110111110100010011001
0001111010111001010011001010001010110000001101100000010
0001111011001100110100000100101000001010101101000000111
0001111011110110111110001010101001111101001000110011011
0001111011111100100111111001010111010110011010110001010
0001111100100011000100000010110100110000010100011101101
0001111100100110010000000011101010001000011010010100111
0001111101000010010010011101010000010001000010111001110
0001111101010011010011011111101111010110001001110011010
0001111101101101010001001110100001011111011101111001110
0001111101101111011110001101100110001001011111001010101
0001111110000110101011001110110110111110110111010100001
0001111110001000010101110110111110110110111001101010110
0001111110010001001010101011001000010000100001100101110
0001111110100101010111110101101111101001100110010000111
0001111111101010110100100100011100011001011111110011011
0001111111101100110110000011100011010110100111101110101
0001111111110101101110011001011101011000011011100001101
0001111111111011001001011000110110001110101010011101101
0010000000000111010010001101010100011100100111001011011
0010000000011000100111010100000110011110000110110101011
0010000000011101010001000011010010100111000111110010011
0010000000101010000011010110111000011000101101101100011
0010000001000010100111011000110010111100000101011001011
0010000001001101001101010000011110100110001101110010100
0010000001010111000011000100110010011110101001101011000
0010000001011010011000001010001110110100011111001000110
0010000001011011100010100001101001101110001101010000011
0010000001101100000011010100010100110010100111010111100
0010000010001100110100000101010000101111010011010011110
0010000010001111001011001011110100001010100000101100110
0010000010010001010111101110000001111001010100110001001
0010000010010010001100101010011110000001110111101010001
0010000010100101100111000010101000110110111011000000011
0010000010101110010010010000101111100001110011101000010
0010000010110000100000101110110011011100001010011100101
0010000010110011001101111000111000000101101010100000101
0010000010111011001101110000101001110010100100000101100
0010000010111101000110111010100100100000111100011000010
0010000011010110010101111001001100100011000011101010000
0010000011101010101100000101101110011001001110000100001
0010000011110001100001000100000101111010001101110101001
0010000100001000011001011100001111110010001001010101011
0010000100001001101010101001000100111111000011101001100
0010000100001100101110000111111001000100101010101100100
0010000100001110010011001110110100000110101010111000001
0010000100100000111010101011000001011011100110010011100
0010000100110101010100100010011111100001110100110000100
0010000101001110110001100101111000001010110010110010000
0010000101011101101111101101101110011010101100001111110
0010000101110011100001111101000010010010011101010000010
0010000101111100001110011101000010001000001010111001001
0010000110001111000001001001010111011000101111010000010
0010000110010111000011111100100010010101010110010000100
0010000110100000100101001110010100001110110011011101000
0010000110100101001110001111100100110010000000011101010
0010000111000111111010010101011111010110111110100110011
0010000111001001100111011010000011010101011100000100100
0010000111101011100101001100101000101011000000110110000
0010001000001010111001001001000010111110000111001110100
0010001000001011110100011011101010010010000011110001100
0010001000010111001110000111110100001001001001110101000
0010001000011000111100000100100101011101100010111101000
0010001001001110101011110001100101101011111011001111111
0010001001010101011001000010000100001100101110000111111
0010001001111110000111010011000010000100001001101010101
0010001001111111001101111101011010011000111101010111001
0010001010110110111110000111001111011101111101000010111
0010001010111000000001001100100111110001110010100101100
0010001010111101110000001111001010100110001001001000001
0010001011111011110010111110110101100011010111100010011
0010001100000000100110101011011000011110011000001010111
0010001100001110101000000100000110101100101011110010011
0010001100010000001011010011000001010001110110100011111
0010001100010011111000101101110001010000011001011010000
0010001100101010011110000001110111101010001001000001001
0010001100110100000101010000101111010011010011110001000
0010001100110100010100111100100011110010111000000000101
0010001100110110001111011110110111110001010101001111101
0010001101010100011100100111001011011001000000000011101
0010001101011110111111011001011001010111110000101100111
0010001110001100101111111001101100011111111010101101001
0010001110010101111100110111111010010001110101111001011
0010001110101111001011001000111001010111110011011111101
0010001110101111100110100101111110111001110110000011101
0010001111001011001011110100001010100000101100110001000
0010001111001011100000000010100100011001101000101001111
0010001111001110100100100111001101111111010101111100101
0010001111010110001101011011111010011110111110100010011
0010001111110000110101011001110110110111110110111010100
0010010000010010001010111101110000001111001010100110001
0010010000010010010001100101010011110000001110111101010
0010010000011101010101100000101101110011001001110000100
0010010000011110001100001000100000101111010001101110101
0010010000100001110010011001110110100000110101010111000
0010010000101111100001110011101000010001000001010111001
0010010001001111111001101111101011010011000111101010111
0010010001010111101110000001111001010100110001001001000
0010010001100101010011110000001110111101010001001000001
0010010001110001100101111111001101100011111111010101101
0010010010000010010001010111101110000001111001010100110
0010010010000101111100001110011101000010001000001010111
0010010010001100101010011110000001110111101010001001000
0010010010011101010000010001000010111001110000111110100
0010010010101110110001011110100000100010000110001111000
0010010010110101011111111000110110011111110100110001110
0010010010111001111000100101001111101010111111101100111
0010010011100110111111101010111110010100100011110011101
0010010011101010000010001000010111001110000111110100001
0010010011101010111100011001011010111110110011111110010
0010010100000000011101001111000100111100101000101100110
0010010100000101010110100000011100011110110011001101000
0010010100111001010000111011001101110100000100001101000
0010010100111110101011111110110011100100100101110011110
0010010101001101111111100111011000101011111001100001111
0010010101010110010000100001000011001011100001111110010
0010010101110110001011110100000100010000110001111000001
0010010110001101100011101010100111011010001111111111011
0010010110101011111111000110110011111110100110001110001
0010010111000000000010011011010011100100111000101010110
0010010111000001101110011101111110100101100111110101110
0010010111001111000100101001111101010111111101100111001
0010010111110010101010001111101101111011110001101100110
0010010111111011001111101010011100010011010011110101110
0010011000000010110011100011101101101001010100000000111
0010011000000011011101101100010101000011100110100101000
0010011000001010110001110110010110000101000111011010000
0010011000110110110100011000011101101011000001010100000
0010011001000000001110101000100001101001010011100011111
0010011001000101111101111001011111011010110001101011110
0010011001000110000111010100000010000011010110010101111
0010011001000111101011000110101101111101001111011111010
0010011001001111010100110101100000100000010101110000110
0010011001001111100011100101001011000010001010111000000
0010011001100101111101101011111010101001011111100011100
0010011001110110100000110101010111000001001000010000111
0010011010011010100000111101001100011011100101000010000
0010011010011110101110001001011111101100111110101001110
0010011010101010010001001111110000111010011000010000100
0010011010101101100001111001100000101011100100011000000
0010011011010011100100111000101010110001001011100000000
0010011011111111110001011011100101010111000110110001101
0010011100000000101010010110110111000111001101000000011
0010011100001000010010000011101010101100000101101110011
0010011100010101011000100101110000000000100110110100111
0010011100101101100100000000001110100100011010101000111
0010011100110100001111101010011010011011111101111010110
0010011100110111111101010111110010100100011110011101001
0010011101000010111110111011110011100001111101101101010
0010011101010000010001000010111001110000111110100001001
0010011101010000011001111000011011010101100100000000110
0010011101010111100011001011010111110110011111110010001
0010011110000110011111010100011011100111111110110010101
0010011110010100010110011000100101000000000111010011110
0010011110101001101011000001000000101011100001100010011
0010011111000101101110001010000011001011010000001000110
0010011111000111001010010110000100010101110000000010011
0010011111100001110100110000100001000010011010101010010
0010011111100101011101011001101011000101000011110111111
0010011111101111000010100011010110011010111010100111111
0010011111110011011111010110100110001111010101110010010
0010100000000011101001111000100111100101000101100110001
0010100000100110000000110111011011000101010000111001101
0010100000101010110100000011100011110110011001101000001
0010100000110010110100000010001100010011111000101101110
0010100001000000100110100110101000001111010011000110111
0010100001101001101110001101010000011001000000101101110
0010100001110110011011101000001000011010000010010100111
0010100001111011111100100111111001010111010110011010110
0010100010101100000011011000000100001111010111001010011
0010100010110011000100101000000000111010011110001001111
0010100011010110011010111010100111111001001111110111100
0010100011101101000000100110000010101100011101100101100
0010100011101101000111110010001100010000001011010011000
0010100100000101100001000001011101100110111000010100111
0010100100000101100110011011110001110000001011010101000
0010100100011001101000101001111001000111100101110000000
0010100100011110011101001001001110011011111110101011111
0010100101100001000101011100000000100110010011111000111
0010100101100111000010101000110110111011000000011001000
0010100110010100010101100000011011000000100001111010111
0010100110010100111010111100001000000110110000001101010
0010100110101000011011001101110011110001010111111011111
0010100111000111110010011001000000001110101000100001101
0010100111001010000111011001101110100000100001101000001
0010100111001010010000010110000100000101110110011011100
0010100111010111100001000000110110000001101010001010011
0010100111011000110010111100000101011001011001000000100
0010100111100100011110010111000000000101001000110011010
0010100111110101011111110110011100100100101110011110001
0010100111110111111010100011110011101100110110000101011
0010101000000001110010011000000010110011100011101101101
0010101000000010011000110110110100011000011101101011000
0010101000001011001100010000010001111001011001011110100
0010101000001101011011100001100010110110110001100100000
0010101000010111101001101001111000100000100011001101000
0010101000011100110100101000001001100000001101110110110
0010101000110110111011000000011001000001010010110011100
0010101001001111000011001111101010001101110011111111011
0010101001011011011100011100110100000001100100111000000
0010101001100010010010000010010001010111101110000001111
0010101001101111111100111011000101011111001100001111001
0010101001111000000111011110101000100100000100100100011
0010101010001111101101111011110001101100110001001011111
0010101010011111010010001100110110001111011110110111110
0010101010110010000100001000011001011100001111110010001
0010101010110111011000000111100010110011110111101111011
0010101011000100101110000000000100110110100111001001110
0010101011010000001110001111011001100110100000100101000
0010101011100011011000110100100110111111111100010110111
0010101011111010110111110100110011001000011100011111101
0010101100000011011000000100001111010111001010011001010
0010101100011101100101100001010001110110100000010011000
0010101100101001111101111110101000111100111011001101100
0010101100101100100000010000101001110110001100101111000
0010101101101111100001110011110111011111010000101110010
0010101110000000010011001001111100011100101001011000010
0010101110000110001001100100111101010011010110000010000
0010101110010001100000000100110101011011000011110011000
0010101110010010010000101111100001110011101000010001000
0010101110101100110101100010100001111011111100100111111
0010101110110001011110100000100010000110001111000001001
0010101110110111110110110111001101010110000111111000100
0010101110111100101101011000111000001101100110111111110
0010101111001001100100011000011101010000001000001101011
0010101111011100000011110010101001100010010010000010010
0010101111100001011001110010001101011110111111011001011
0010101111100110000111100100101010011011111111001110110
0010101111100110111111010010001110101111001011001000111
0010101111101110111101000110001111000001011110110110110
0010101111110111110010100110101000011011001101110011110
0010110000100000101110110011011100001010011100101001000
0010110000100010101110000000010011001001111100011100101
0010110000101000111011010000001001100000101011000111011
0010110000111011000011010111010011001110110101111111110
0010110000111011111011100110010111110101011110100001011
0010110001101100011101010100111011010001111111111011001
0010110010000001000010100111011000110010111100000101011
0010110010001110010101111100110111111010010001110101111
0010110010101111100001011001110010001101011110111111011
0010110010110000111011111011100110010111110101011110100
0010110010111101000010101000001011001100010000010001111
0010110011000100000100011110010110010111101000010101000
0010110011000100101000000000111010011110001001111001010
0010110011001101111000111000000101101010100000101001000
0010110011100001010100011011011101100000001100100000101
0010110011100011101101101001010100000000111001001100000
0010110011100100011010111101111110110010110010101111100
0010110011110111101111011001010101011011101100000011110
0010110011111010111000100101110000011011100111011111101
0010110100000010001100010011111000101101110001010000011
0010110100110000010100011101101000111110010001100010000
0010110101010000010100100000101100110011011110001110000
0010110101011111111000110110011111110100110001110001001
0010110101100011100000110110011011111111000101011101111
0010110101111101100111111100100010010011101010111100011
0010110110010000000000111010010001101010100011100100111
0010110110110001100100000001010100000110101101110000110
0010110110111000111001101000000011001001110000000010101
0010110111000101000001100101101000000100011000100111110
0010110111000101000011010011011100011010100000110010000
0010110111001010101110001101100011010010011011111111110
0010110111001100100111000010000100100000111010101011000
0010111000000000010011011010011100100111000101010110001
0010111000000000101001000110011010001010011110010001111
0010111000001101110011101111110100101100111110101110001
0010111000011111100100010010101010110010000100001000011
0010111001000101011011011111000011100111101110111110100
0010111001110000111110100001001001001110101000001000100
0010111001111000100101001111101010111111101100111001001
0010111010110000110111000011010001111111110101101110011
0010111011001101110000101001110010100100000101100001000
0010111100000101011001011001000000100001010011101100011
0010111101000001000100001100011110000010010010101110110
0010111101000010101000001011001100010000010001111001011
0010111101000110111010100100100000111100011000010001000
0010111101001101001111000100000100011001101000001010100
0010111101010111110100110011101111101110000110100110100
0010111101101101100010101111101110111101000110001111000
0010111101110111110101000110110110111101000001111000110
0010111110000111001110100001000100000101011100100100100
0010111110010101010001111101101111011110001101100110001
0010111110101011110100001011001011000011101111101110011
0010111110110101100011010111100010011001000101111101111
0010111110110101111101010100101111110001110000100110011
0010111110111011110011100001111101101101010001001110100
0010111110111100101111101101011000110101111000100110010
0010111111000111000010011001100101111101101011111010101
0010111111011001111101010011100010011010011110101110001
0010111111011100111011000001110100100011101011111001101
0010111111100110110001111111101010110100100100011100011
0011000000001001101010110110000111100110000010101110010
0011000000010110011100011101101101001010100000000111001
0011000000011011101101100010101000011100110100101000001
0011000001010001110110100011111001000110001000000101101
0011000001010110001110110010110000101000111011010000001
0011000001010111001000110000000010011010101101100001111
0011000010000100001001101010101001000100111111000011101
0011000010001000001011110100011011101010010010000011110
0011000011101010000001000001101011001010111100100110010
0011000011101101011000001010100000001001100011011011010
0011000011110010010101001101111111100111011000101011111
0011000100000010110100110000010100011101101000111110010
0011000100000100011110010110010111101000010101000001011
0011000100100100000100100010101111011100000011110010101
0011000100101000000000111010011110001001111001010001011
0011000100101111100101010100011111011011110111100011011
0011000100110010011110101001101011000001000000101011100
0011000100111010100000110011110000110110101011001000000
0011000100111110001011011100010100000110010110100000010
0011000101101101100011001000000010101000001101011011100
0011000101111011101111101010001101101101111010000011110
0011000110110110100011000011101101011000001010100000001
0011000110111001010000100000010011010011010100000111101
0011000111000100100101101010111111110001101100111111101
0011000111100000100100101011101100010111101000001000100
0011000111100000101111011011011000101011111011101111010
0011000111101010111001001000100111111100110111110101101
0011001000000001110101000100001101001010011100011111001
0011001000000010101000001101011011100001100010110110110
0011001000000101101110001010000110100110111000110101000
0011001000001010010110011100001010100011011011101100000
0011001000011100011111101001010101111101011011111010011
0011001000101111101111001011111011010110001101011110001
0011001000110000111010100000010000011010110010101111001
0011001000111101011000110101101111101001111011111010001
0011001001110000000010101001011011011100011100110100000
0011001001110000100001001000001110101010110000010110111
0011001001111010100110101100000100000010101110000110001
0011001001111100011100101001011000010001010111000000001
0011001010001010110000001101100000010000111101011100101
0011001010011101011110000100000011011000000110101000101
0011001010100111100000011101111010100010010000010010010
0011001011010000001000110001001111100010110111000101000
0011001011010111110110011111110010001001001110101011110
0011001011100001111110010001001010101011001000010000100
0011001011101011000011011100001101000111111111010110111
0011001011110000010101100101100100000010000101001110110
0011001011111010101111010000101100101100001110111110111
0011001011111011010111110101010010111111000111000010011
0011001011111110011011000111111110101011010010010001110
0011001100100001110001111110100101010111110101101111101
0011001100101111101101011111010101001011111100011100001
0011001101000001001010000010101011010000001110001111011
0011001101000001010100001011110100110100111100010000010
0011001101000101001111001000111100101110000000001010010
0011001101100011110111101101111100010101010011111010010
0011001101111000111000000101101010100000101001000001011
0011001110110100000110101010111000001001000010000111001
0011001110110101111111110001011000011101100001101011101
0011001110111110111000011010011010000101111010101111101
0011001111000011011010101100100000000110001001110101000
0011001111101010001101110011111111011001010100100111100
0011010000000110010011100000000101010010110110111000111
0011010000010010100000101010110100000011100011110110011
0011010000010010100111001010000111011001101110100000100
0011010000010101000010111101001101001111000100000100011
0011010000101111010101111101001100111011111011100001101
0011010000111110101001101001101111110111101011000100111
0011010001010011110010001111001011100000000010100100011
0011010001111000000110111011010101010011011110111101111
0011010001111111110101101110011001011101011000011011100
0011010010011011111111110001011011100101010111000110110
0011010010100000100110000000110111011011000101010000111
0011010010100111000111110010011001000000001110101000100
0011010010111111011100111011000001110100100011101011111
0011010011010000101111010101111101001100111011111011100
0011010011010100000111101001100011011100101000010000001
0011010011011100011010100000110010000001011011100010100
0011010011011111101111010110001001110011010000111110101
0011010011110001000001000110011010000010101000010111101
0011010011110101110001001011111101100111110101001110001
0011010100000110010000001011011100010100001101001101110
0011010100000111101001100011011100101000010000001001101
0011010100001101100110111001111000101011111101111100101
0011010100010100110010100111010111100001000000110110000
0011010101000111001001110010110110010000000000111010010
0011010101010010001001111110000111010011000010000100001
0011010101011100000100100001000011100100110011101101000
0011010101100001111110001000010101110110111110110110111
0011010101100111011011011111011011101010000100011111100
0011010101101100001111001100000101011100100011000000001
0011010110000010000001010111000011000100110010011110101
0011010110001010000111101111110010011111100101011101011
0011010110010101111001001100100011000011101010000001000
0011010110011010111010100111111001001111110111100001010
0011010110100111101110101000111111110110011011000001110
0011010110111000011000101101101100011001000000010101000
0011010110111110100111101111101000100110010001111010110
0011010111010011001110110101111111110001011000011101100
0011010111010100111111001001111110111100001010001101011
0011010111100010011001000101111101111001011111011010110
0011010111101111110110010110010101111100001011001110010
0011011000000100001111010111001010011001010001010110000
0011011000000110101000101001100101001110101111000010000
0011011000001110001101011010011110111010100011111111011
0011011000010101100101001111101111110101000111100111011
0011011000110100100110111111111100010110111001010101110
0011011000111010101001110110100011111111110110010010110
0011011000111101111011011111000101010100111110100100011
0011011000111111110101011010010010001110001100101111111
0011011001100010010111110010101010001111101101111011110
0011011001101110011110001010111111011111001010011010100
0011011001101111111100010101110111100101101011000111000
0011011001111111010011000111000100100101101010111111110
0011011010011100100111000101010110001001011100000000001
0011011010101100100000000110001001110101000001100111100
0011011011010001100001110110101100000101010000000100110
0011011011011110100000111100011000101111011101111101010
0011011011101100000001100100000101001011001110000101010
0011011100001010011100101001000001011000010000010111011
0011011100001101000111111111010110111001100101110101100
0011011100011010100000110010000001011011100010100001101
0011011100101000010000001001101001101010000011110100110
0011011100111011111101001011001111101011100010010111000
0011011100111100010101111110111110010100110101000011011
0011011100111111110110010101001001111000011001111101010
0011011101000001000011010000010010100111001010000111011
0011011101010010010000011110001100001000100000101111010
0011011101101010101001101111011110111100110100011110000
0011011101101100010101000011100110100101000001001100000
0011011110001110000001011010101000001010010000010110011
0011011110111101111001101000111100000011011101101010101
0011011111010110100110001111010101110010010001001111111
0011011111101001000111010111100101100100011100101011111
0011011111101111010110001001110011010000111110101001101
0011011111110101011111001010010001111001110100100100111
0011011111111000101011101111001011010110001110000011011
0011011111111001110110001010111110011000011110010010101
0011011111111110001011011100101010111000110110001101001
0011100000000101010010110110111000111001101000000011001
0011100000010110101010000010100100000101100110011011110
0011100000110110011011111111000101011101111001011010110
0011100001000010010000011101010101100000101101110011001
0011100001001100110010111110110101111101010100101111110
0011100001010100011011011101100000001100100000101001011
0011100001111101000010010010011101010000010001000010111
0011100001111101101101010001001110100001011111011101111
0011100010010010110101011111111000110110011111110100110
0011100010011010011110101110001001011111101100111110101
0011100010101011000100101110000000000100110110100111001
0011100011001011111110011011000111111110101011010010010
0011100011010110100111101110101000111111110110011011000
0011100011101101101001010100000000111001001100000001011
0011100011110110011001101000001001010000010101011010000
0011100011111001001100100000000111010100010000110100101
0011100011111101001010101111101011011111010011001100100
0011100100011010111101111110110010110010101111100001011
0011100100100101110011110001001010011111010101111111011
0011100100110000000101100111000111011011010010101000000
0011100100110011101101000001101010101110000010010000100
0011100100111000101010110001001011100000000001001101101
0011100100111001011011001000000000011101001000110101010
0011100101000011101100110111010000010000110100000100101
0011100101001000001011000010000010111011001101110000101
0011100101001011000010001010111000000001001100100111110
0011100101011111001101111110100100011101011110010110010
0011100101101100100000000001110100100011010101000111001
0011100110100000001100100111000000001010100101101101110
0011100110100001111101010011010011011111101111010110001
0011100110100101000001001100000001101110110110001010100
0011100110111111101010111110010100100011110011101001001
0011100111010000100010000010101110010010010000101111100
0011100111101110111110100001011100100010101101101111100
0011101000010001000001010111001001001000010111110000111
0011101000010111110111011110011100001111101101101010001
0011101001000110101010001110010011100101101100100000000
0011101001000111010111110011010010111111011100111011000
0011101001001001110011011111110101011111001010010001111
0011101001100001000010000100110101010100100010011111100
0011101001111000100111100101000101100110001001010000000
0011101010000001000001101011001010111100100110010001100
0011101010000010001000010111001110000111110100001001001
0011101010000011001111000011011010101100100000000110001
0011101010001000011010010100111000111110010011001000000
0011101010100111011010001111111111011001001011000110110
0011101010101100000101101110011001001110000100001001000
0011101010111100011001011010111110110011111110010001001
0011101011110000100000011011000000110101000101001100101
0011101011110010110010001110010101111100110111111010010
0011101011111001101001011111101110011101100000111010010
0011101100000111010010001110101111100110100101111110111
0011101100001101011101001100111011010111111111000101100
0011101100010101111100110000111100100101010011011111111
0011101100011001011110000010101100101100100000010000101
0011101100101100001010001110110100000010011000001010110
0011101100110110000101011001010011111011111101010001111
0011101100110111010000010000110100000100101001110010100
0011101101000000100110000010101100011101100101100001010
0011101101000001101010101110000010010000100001110010011
0011101101000111110010001100010000001011010011000001010
0011101101000111111111101100100101100011011000111010101
0011101101011000001010100000001001100011011011010001100
0011101101011111111100010110000111011000011010111010011
0011101101101001010100000000111001001100000001011001110
0011101101101111101101110101000010001111110000110101011
0011101111010100010010000010010010001100101010011110000
0011101111101110000110100110100001011110101011111010011
0011101111101110011001011111010101111010000101100101100
0011101111110100101100111110101110001001011100000110111
0011110000001101110110101010100110111101111011110011010
0011110000001110111101010001001000001001001000110010101
0011110000010010010101110110001011110100000100010000110
0011110000010111101101101100010101111101110111101000110
0011110000110011111010100011011100111111110110010101001
0011110000110110101011001000000001100010011101010000011
0011110001000001000110011010000010101000010111101001101
0011110001001010011111010101111111011001110010010010111
0011110001001111001010001011001100010010100000000011101
0011110001010111111011111001010011010100001101100110111
0011110001011001111011110111101100101010101101110110000
0011110001100001000100000101111010001101110101001001000
0011110001100010111101110111110101000110110110111101000
0011110010001111001011100000000010100100011001101000101
0011110010010101001101111111100111011000101011111001100
0011110010100010110011000100101000000000111010011110001
0011110010101001100010010010000010010001010111101110000
0011110010110010111101000010101000001011001100010000010
0011110010111000000000101001000110011010001010011110010
0011110011000001010111001000110000000010011010101101100
0011110011101001001001110011011111110101011111001010010
0011110011101100110110000101011001010011111011111101010
0011110100110001101110010100001000000100110100110101000
0011110101001101011000001000000101011100001100010011001
0011110101011100100100010011111110011011111010110100110
0011110101100011010110111110100111101111101000100110010
0011110101110001001011111101100111110101001110001001101
0011110101110010100110010100010101100000011011000000100
0011110110011001101000001001010000010101011010000001110
0011110111010100011111111011001101100000111000110101101
0011110111011111010000101110010001010110110111110000111
0011110111101101111100010101010011111010010001100110110
0011110111101111011001010101011011101100000011110001011
0011110111110100010011001000111101011000110101101111101
0011110111111001001111110010101110101100110101100010100
0011111000101101110001010000011001011010000001000110001
0011111000111001010010110000100010101110000000010011001
0011111001000110001000000101101001100000101000111011010
0011111001001100100000000111010100010000110100101001110
0011111010000100100100111010100000100010000101110011100
0011111010010001100110110001111011110110111110001010101
0011111010100011011100111111110110010101001001111000011
0011111010100110100110111111011110101100010011100110100
0011111010100111000100110100111101011100010010111111011
0011111010101111111011001110010010010111001111000100101
0011111010111000100101110000011011100111011111101001011
0011111011011010100010011101000010111110111011110011100
0011111011011110111100011011001100010010111110010101010
0011111011111101010001111001110110011011000010101100101
0011111100001101010110011101101101111101101110101000010
0011111100001110100110000100001000010011010101010010001
0011111100010000101011101101111101101101110011010101100
0011111100100010010101010110010000100001000011001011100
0011111100100111111011110000101000110101100110101110101
0011111100101011101011001101011000101000011110111111001
0011111101001010101111101011011111010011001100100001110
0011111101111000010100011010110011010111010100111111001
0011111110010001001001110101011110001100101101011111011
0011111110011011111010110100110001111010101110010010001
0011111110100110001110001001001011010101111111100011011
0011111111010101101001001000111000110010111111100110110
0011111111011001010100100111100001100111110101000110111
0011111111011001101100000111000110101101001111011101010
0011111111101011011100110010111010110000110111000011010
0011111111110110010010110001101100011101010100111011010
0100000000001110100100011010101000111001001110010110110
0100000000011101001111000100111100101000101100110001001
0100000000110001001110101000001100111100001101101010110
0100000000111001001100000001011001110001110110110100101
0100000000111010100010000110100101001110001111100100110
0100000001001100011011011010001100001110110101100000101
0100000001010100000110101101110000110001011011011000110
0100000001100100111000000001010100101101101110001110011
0100000010000011010110010101111001001100100011000011101
0100000010000101001110110001100101111000001010110010110
0100000010001100010011111000101101110001010000011001011
0100000010011000001010110001110110010110000101000111011
0100000010011010011010100000111101001100011011100101000
0100000010101110000110001001100100111101010011010110000
0100000010110100110000010100011101101000111110010001100
0100000010110111000101000011010011011100011010100000110
0100000011011000000110101000101001100101001110101111000
0100000011100011110110011001101000001001010000010101011
0100000100001101000001001010011100101000011101100110111
0100000100010000101110011100001111101000010010010011101
0100000100010000110001111000001001001010111011000101111
0100000100011001101000001010100001011110100110100111100
0100000100011110010110010111101000010101000001011001100
0100000100100010101111011100000011110010101001100010010
0100000100100100011001010100111100000011101111010100010
0100000100101000001010101101000000111000111101100110011
0100000100101001110010100001110110011011101000001000011
0100000100110000000110111011011000101010000111001101001
0100000101001000001011001100110111100011100000010110101
0100000101001011001110000101010001101101110110000000110
0100000101010000101111010011010011110001000001000110011
0100000101010110100000011100011110110011001101000001001
0100000101011100100100100001011111000011100111010000100
0100000101100001000001011101100110111000010100111001010
0100000101100110001000001000111100101100101111010000101
0100000101100110011011110001110000001011010101000001010
0100000101110110011011100001010011100101001000001011000
0100000101111010001101110101001001000001111000110000100
0100000110010000001011011100010100001101001101110001101
0100000110010110100000010001100010011111000101101110001
0100000110011110000110110101011001000000001100010011101
0100000110101010111000001001000010000111001001100111011
0100000110101100101011110010011001000110000111010100000
0100000110101101110000110001011011011000110010000000101
0100000111010101011000001011011100110010011100001000010
0100000111100011000010001000001011110100011011101010010
0100000111100011000101111011101111101010001101101101111
0100000111101001100011011100101000010000001001101001101
0100001000000100110100110101000001111010011000110111001
0100001000010000110010111000011111100100010010101010110
0100001000010011010101010010001001111110000111010011000
0100001000011001011100001111110010001001010101011001000
0100001000011100100110011101101000001101010101110000010
0100001000100000101011100100100100001011111000011100111
0100001000111111000011010101100111011011011111011011101
0100001001000001110101010110000010110111001100100111000
0100001001001001110101000001000100001011100111000011111
0100001001101010101001000100111111000011101001100001000
0100001010011101100011001011110000010101100101100100000
0100001010100000101100110001000001000111100101100101111
0100001010111011011111011011011100110101011000011111100
0100001011001011000011101111101110011001011111010101111
0100001011100100010101101101111100001110011110111011111
0100001011100111000011111010000100100100111010100000100
0100001011110100110100111100010000010001100110100000101
0100001011110101011111010011001110111110111000011010011
0100001011111000011100111010000100010000010101110010010
0100001011111011101111001110000111110110110101000100111
0100001100011110000010010010101110110001011110100000100
0100001100101110000111111001000100101010101100100001000
0100001101000001001010011100101000011101100110111010000
0100001101001010011100011111001001100100000000111010100
0100001101001101110001101010000011001000000101101110001
0100001101100110111001111000101011111101111100101001101
0100001110001111110100101010111110101101111101001100110
0100001110010011001110110100000110101010111000001001000
0100001110011010010100000100110000000110111011011000101
0100001110110011011101000001000011010000010010100111001
0100001111010111001010011001010001010110000001101100000
0100001111011111100100111111001010111010110011010110001
0100001111101010011010011011111101111010110001001110011
0100010000010101110010010010000101111100001110011101000
0100010000010111101000110111010100100100000111100011000
0100010000101110011100001111101000010010010011101010000
0100010000110001111000001001001010111011000101111010000
0100010000110100101001110001111100100110010000000011101
0100010010000010010010001100101010011110000001110111101
0100010010011101010111100011001011010111110110011111110
0100010010101010110010000100001000011001011100001111110
0100010011001000111101011000110101101111101001111011111
0100010011101000010111110111011110011100001111101101101
0100010011111100001110100110000100001000010011010101010
0100010011111110011011111010110100110001111010101110010
0100010100110010100111010111100001000000110110000001101
0100010100111100100011110010111000000000101001000110011
0100010101100000011011000000100001111010111001010011001
0100010101101101111100001110011110111011111010000101110
0100010101110000000010011001001111100011100101001011000
0100010101111011100000011110010101001100010010010000010
0100010110011000100101000000000111010011110001001111001
0100010111110111100101111101101011000110101111000100110
0100011000000001001101010110110000111100110000010101110
0100011000011101010000001000001101011001010111100100110
0100011000011101101011000001010100000001001100011011011
0100011000100000010110100110000010100011101101000111110
0100011000100111110001011011100010100000110010110100000
0100011000111100000101111011011011000101011111011101111
0100011001010100111100000011101111010100010010000010010
0100011001101000001010100001011110100110100111100010000
0100011001101000101001111001000111100101110000000001010
0100011001101100011110111101101111100010101010011111010
0100011010101000111001001110010110110010000000000111010
0100011010110011010111010100111111001001111110111100001
0100011010111101111110110010110010101111100001011001110
0100011011011011110100000111100011000101111011101111101
0100011011011101100000001100100000101001011001110000101
0100011011100111111110110010101001001111000011001111101
0100011011101010010010000011110001100001000100000101111
0100011100011001011111110011011000111111110101011010010
0100011100100111001011011001000000000011101001000110101
0100011100101011111001101111110100100011101011110010110
0100011101011110010110010001110010101111100110111111010
0100011101011111001101001011111101110011101100000111010
0100011101101000000100110000010101100011101100101100001
0100011101101000111110010001100010000001011010011000001
0100011110000001101110110101010100110111101111011110011
0100011110010110010111101000010101000001011001100010000
0100011110010111000000000101001000110011010001010011110
0100011110011101001001001110011011111110101011111001010
0100011110011101100110110000101011001010011111011111101
0100011110101100011010110111110100111101111101000100110
0100011111001000110001000000101101001100000101000111011
0100011111011011110111100011011001100010010111110010101
0100011111100001101010110011101101101111101101110101000
0100011111111011001101100000111000110101101001111011101
0100011111111101011011100110010111010110000110111000011
0100011111111110110010010110001101100011101010100111011
0100100000100100010101111011100000011110010101001100010
0100100000100100100011001010100111100000011101111010100
0100100000101100001000001011101100110111000010100111001
0100100000101100110011011110001110000001011010101000001
0100100000111010101011000001011011100110010011100001000
0100100000111100011000010001000001011110100011011101010
0100100001000011100100110011101101000001101010101110000
0100100001011111000011100111010000100010000010101110010
0100100010011111100001110100110000100001000010011010101
0100100010011111110011011111010110100110001111010101110
0100100010101111011100000011110010101001100010010010000
0100100011001010100111100000011101111010100010010000010
0100100011001101000101001111001000111100101110000000001
0100100011001101100011110111101101111100010101010011111
0100100011010101000111001001110010110110010000000000111
0100100011100011001011111110011011000111111110101011010
0100100011101011110010110010001110010101111100110111111
0100100011101011111001101001011111101110011101100000111
0100100011110011101001001001110011011111110101011111001
0100100100000100100010101111011100000011110010101001100
0100100100000111100011000010001000001011110100011011101
0100100100001011111000011100111010000100010000010101110
0100100100011001010100111100000011101111010100010010000
0100100100011100011001011111110011011000111111110101011
0100100100111001101111111010101111100101001000111100111
0100100100111010100000100010000101110011100001111101000
0100100101011101100010111101000001000100001100011110000
0100100101101010111111110001101100111111101001100011100
0100100101110011110001001010011111010101111111011001110
0100100110111111111100010110111001010101110001101100011
0100100111001101111111010101111100101001000111100111010
0100100111010100000100010000101110011100001111101000010
0100100111010101111000110010110101111101100111111100100
0100100111100001100111110101000110111001111111101100101
0100101000000000111010011110001001111001010001011001100
0100101000001001100000001101110110110001010100001110011
0100101000001010101101000000111000111101100110011010000
0100101001110001111100100110010000000011101010001000011
0100101001110010100001110110011011101000001000011010000
0100101001111101010111111101100111001001001011100111100
0100101010000000011100100110000000101100111000111011011
0100101010011011111111001110110001010111110011000011110
0100101010101100100001000010000110010111000011111100100
0100101010111110101101111101001100110010000111000111111
0100101011101100010111101000001000100001100011110000010
0100101100001000101011100000000100110010011111000111001
0100101100011011000111010101001110110100011111111110110
0100101100111000010101000110110111011000000011001000001
0100101100111110101110001001011100000110111001110111111
0100101101010111111110001101100111111101001100011100010
0100101101101110001110011010000000110010011100000000101
0100101110000000000100110110100111001001110001010101100
0100101110000011011100111011111101001011001111101011100
0100101110011110001001010011111010101111111011001110010
0100101111100101010100011111011011110111100011011001100
0100101111110001110000100110011001011111011010111110101
0100101111110110011111010100111000100110100111101011100
0100101111110111001110110000011101001000111010111110011
0100110000000101100111000111011011010010101000000001110
0100110000000110111011011000101010000111001101001010000
0100110000010100011101101000111110010001100010000001011
0100110000010101100011101100101100001010001110110100000
0100110000100001000010011010101010010001001111110000111
0100110001001001000001001000101011110111000000111100101
0100110001101101101000110000111011010110000010101000000
0100110001101110010100001000000100110100110101000001111
0100110001110001001001011010101111111100011011001111111
0100110001111010101110010010001001111111001101111101011
0100110010000000011101010001000011010010100111000111110
0100110010001011111011110010111110110101100011010111100
0100110010001100001110101000000100000110101100101011110
0100110010001111010110001101011011111010011110111110100
0100110010011110101001101011000001000000101011100001100
0100110010011111000111001010010110000100010101110000000
0100110010100010101100000011011000000100001111010111001
0100110010100111010111100001000000110110000001101010001
0100110011001000011100011111101001010101111101011011111
0100110011001011111011010111110101010010111111000111000
0100110011101101000001101010101110000010010000100001110
0100110011101101011111111100010110000111011000011010111
0100110011101111101110000110100110100001011110101011111
0100110100001011110101011111010011001110111110111000011
0100110100110101000001111010011000110111001010000100000
0100110100110111111011110101100010011100110100001111101
0100110100111100010000010001100110100000101010000101111
0100110100111101011100010010111111011001111101010011100
0100110101000001111010011000110111001010000100000010011
0100110101000011011001101110011110001010111111011111001
0100110101010100100010011111100001110100110000100001000
0100110101011011000011110011000001010111001000110000000
0100110101100000100000010101110000110001001100100111101
0100110110100111001001110001010101100010010111000000000
0100110111000110101000001100100000010110111000101000011
0100110111101111011110011010001111000000110111011010101
0100110111111011110101100010011100110100001111101010011
0100110111111110011101100010101111100110000111100100101
0100110111111111100010110111001010101110001101100011010
0100111000000001010100101101101110001110011010000000110
0100111000010000100100000111010101011000001011011100110
0100111000100110100111101011100010010111111011001111101
0100111000101010110001001011100000000001001101101001110
0100111000111110010011001000000001110101000100001101001
0100111001001110001010101100010010111000000000010011011
0100111001010000111011001101110100000100001101000001001
0100111001010010000010110000100000101110110011011100001
0100111001011011001000000000011101001000110101010001110
0100111001101000011111010100110100110111111011110101100
0100111001101111111010101111100101001000111100111010010
0100111010000101111101110111100111000011111011011010100
0100111010100000100010000101110011100001111101000010010
0100111010100000110011110000110110101011001000000001100
0100111010101111000110010110101111101100111111100100010
0100111010111100001000000110110000001101010001010011001
0100111011000110010111100000101011001011001000000100001
0100111011010001111111111011001001011000110110001110101
0100111100000011101111010100010010000010010010001100101
0100111100001100111110101000110111001111111101100101010
0100111100010000010001100110100000101010000101111010011
0100111100010011110010100010110011000100101000000000111
0100111100100011110010111000000000101001000110011010001
0100111100101000101100110001001010000000001110100111100
0100111101010011010110000010000001010111000011000100110
0100111101011100010010111111011001111101010011100010011
0100111101110101000111111110110011011000001110001101011
0100111101111101000100110010001111010110001101011011111
0100111110001011011100010100000110010110100000010001100
0100111110001110010100101100001000101011100000000100110
0100111110100100011001101100011110111101101111100010101
0100111110101011111110110011100100100101110011110001001
0100111110111111010100011110011101100110110000101011001
0100111111000011101001100001000010000100110101010100100
0100111111001001111110111100001010001101011001101011101
0100111111001010111010110011010110001010000111101111110
0100111111011110000101000110101100110101110101001111110
0100111111100110111110101101001100011110101011100100100
0101000000000111010011110001001111001010001011001100010
0101000000001110010011000000010110011100011101101101001
0101000000010011000110110110100011000011101101011000001
0101000000100000110101100101011110010011001000110000111
0101000001000100001011100111000011111010000100100100111
0101000001001100000001101110110110001010100001110011010
0101000001010010000010110011001101111000111000000101101
0101000001010101101000000111000111101100110011010000010
0101000001011001100010000010001111001011001011110100001
0101000001100100000010110111000101000011010011011100011
0101000001100101101000000100011000100111110001011011100
0101000001100111100001101101010110010000000011000100111
0101000001101011011100001100010110110110001100100000001
0101000001111010011000110111001010000100000010011010011
0101000010000001001101001101010000011110100110001101110
0101000010001111110000110101011001110110110111110110111
0101000010111101001101001111000100000100011001101000001
0101000011010011011100011010100000110010000001011011100
0101000011011001101110011110001010111111011111001010011
0101000011100110100101000001001100000001101110110110001
0101000011101100110111010000010000110100000100101001110
0101000011110111111001001111110010101110101100110101100
0101000100001101001010011100011111001001100100000000111
0101000100100000100100100011001010100111100000011101111
0101000100111010000101111101110111100111000011111011011
0101000101001100101001110101111000010000001101100000011
0101000101011000000110110000001000011110101110010100110
0101000101100110001001010000000001110100111100010011110
0101000110101100110101110101001111110010011111101111000
0101000110110110111101000001111000110001011110111011111
0101000110110111011000000011001000001010010110011100001
0101000110111001111111101100101010010011110000110011111
0101000111001001110010110110010000000000111010010001101
0101000111011010000001001100000101011000111011001011000
0101000111011010001111100100011000100000010110100110000
0101000111100111011001101100001010110010100111110111111
0101000111110110111101111000110110011000100101111100101
0101000111111110110011011000001110001101011010011110111
0101001000001011000010000010111011001101110000101001110
0101001000001011001100110111100011100000010110101010000
0101001000100111111000011101001100001000010000100110101
0101001000110011010001010011110010001111001011100000000
0101001000111100111010010010011100110111111101010111110
0101001001000001111000110000100010000010111101000110111
0101001001111000011001111101010001101110011111111011001
0101001011000010001010111000000001001100100111110001110
0101001011001110000101010001101101110110000000110010000
0101001011011011100011100110100000001100100111000000001
0101001011111100011100001001100110010111110110101111101
0101001100010010010000010010001010111101110000001111001
0101001100101000101011000000110110000001000011110101110
0101001100101001110101111000010000001101100000011010100
0101001101001101111110111101011000100111001101000011111
0101001101010000110110011011100111100010101111110111110
0101001101011000001000000101011100001100010011001001111
0101001101111011110111100110100011110000001101110110101
0101001101111111100111011000101011111001100001111001001
0101001110001001101001111010111000100101111110110011111
0101001110001111100100110010000000011101010001000011010
0101001110010100001110110011011101000001000011010000010
0101001110010100100000101100001000001011101100110111000
0101001110101111000010000001101100000011010100010100110
0101001110110001100101111000001010110010110010000001000
0101001110110100011111111110110010010110001101100011101
0101001111000000111011110101000100100000100100100011001
0101001111001000111100101110000000001010010001100110100
0101001111101001000110011011000111101111011011111000101
0101001111101010111111101100111001001001011100111100010
0101001111101111110101000111100111011001101100001010110
0101001111110010011111101111000010100011010110011010111
0101010000000011100100110000000101100111000111011011010
0101010000000100110001101101101000110000111011010110000
0101010000010100100000101100110011011110001110000001011
0101010000010110011000100000100011110010110010111101000
0101010000011010110111000011000101101101100011001000000
0101010000101111010011010011110001000001000110011010000
0101010000111001101001010000010011000000011011101101100
0101010001101101110110000000110010000010100101100111000
0101010001110010011100101101100100000000001110100100011
0101010001111101101111011110001101100110001001011111001
0101010010001001111110000111010011000010000100001001101
0101010010011110000110011111010100011011100111111110110
0101010010110110111000111001101000000011001001110000000
0101010010111111000111000010011001100101111101101011111
0101010011000100100100000100100010101111011100000011110
0101010011011110111101111001101000111100000011011101101
0101010011011111111001110110001010111110011000011110010
0101010011101101000111111111101100100101100011011000111
0101010011110000001110111101010001001000001001001000110
0101010011111010010001100110110001111011110110111110001
0101010100011111011011110111100011011001100010010111110
0101010100100010011111100001110100110000100001000010011
0101010100110111101111011110011010001111000000110111011
0101010100111110100100011001101100011110111101101111100
0101010101100100001000010000110010111000011111100100010
0101010101101110110000001111000101100111101111011110110
0101010110000010110111001100100111000010000100100000111
0101010110001001011100000000001001101101001110010011100
0101010110010000100001000011001011100001111110010001001
0101010110100000011100011110110011001101000001001010000
0101010110111011000000111100010110011110111101111011001
0101010111000001001000010000111001001100111011010000011
0101010111000110110001101001001101111111111000101101110
0101010111110101101111101001100110010000111000111111010
0101011000000110110000001000011110101110010100110010100
0101011000001011011100110010011100001000010010000011101
0101011000011111100010000101011101101111101101101110011
0101011000100101110000000000100110110100111001001110001
0101011000111011001011000010100011101101000000100110000
0101011001000000001100010011101010000011001111000011011
0101011001000010000100001100101110000111111001000100101
0101011001010011111011111101010001111001110110011011000
0101011001011001000000100001010011101100011001011110000
0101011001110110110111110110111010100001000111111000011
0101011010000001110001111011001100110100000100101000001
0101011010010010001110001100101111111001101100011111111
0101011011000011110011000001010111001000110000000010011
0101011011011111000011100111101110111110100001011100100
0101011011101100000011110001011001111011110111101100101
0101011100000000100110010011111000111001010010110000100
0101011100000100100001000011100100110011101101000001101
0101011100001100010011001001111010100110101100000100000
0101011100011011000110100100110111111111100010110111001
0101011100100011000000001001101010110110000111100110000
0101011100100100010011111110011011111010110100110001111
0101011100100100100001011111000011100111010000100010000
0101011101011001101011000101000011110111111001001111110
0101011101100010111101000001000100001100011110000010010
0101011101101111101101101110011010101100001111110001000
0101011101111001011010110001110000011011001101111111100
0101011110001100101101011111011001111111001000100100111
0101011110010011001000110000111010100000010000011010110
0101011110100001011001011000011101111101110011001011111
0101011110111000000111100101010011000100100100000100100
0101011111000010110011100100011010111101111110110010110
0101011111001010010001111001110100100100111001101111111
0101011111001100001111001001010100110111111110011101100
0101011111001101111110100100011101011110010110010001110
0101011111010011001110111110111000011010011010000101111
0101011111010110111110100110011001000011100011111101001
0101011111011101111010001100011110000010111101101101100
0101011111101111100101001101010000110110011011100111100
0101011111110110011100100100101110011110001001010011111
0101011111111000110110011111110100110001110001001001011
0101100000011011000000100001111010111001010011001010001
0101100000100000010101110000110001001100100111101010011
0101100000101010000000100110001101101101000110000111011
0101100000101101110011001001110000100001001000001110101
0101100001000001011101100110111000010100111001010010000
0101100001000101011100000000100110010011111000111001010
0101100001010001110110100000010011000001010110001110110
0101100001101110000110100011111111101011011100110010111
0101100001110110000110101110100110011101101011111111100
0101100001110111110111001100101111101010111101000010110
0101100001111110001000010101110110111110110110111001101
0101100010010111000000000010011011010011100100111000101
0101100010011100110100001111101010011010011011111101111
0101100010100001111011111100100111111001010111010110011
0101100011010110111110100111101111101000100110010001111
0101100011010111100010011001000101111101111001011111011
0101100011011000111010101001110110100011111111110110010
0101100011100000110110011011111111000101011101111001011
0101100011101100101100001010001110110100000010011000001
0101100100000000110001001110101000001100111100001101101
0101100100000010000101001110110001100101111000001010110
0101100100001000010000110010111000011111100100010010101
0101100100011100101011111001101111110100100011101011110
0101100101001111101111110101000111100111011001101100001
0101100101011110010011001000110000111010100000010000011
0101100101011111000010110011100100011010111101111110110
0101100101100001110111110111001100101111101010111101000
0101100101100100000010000101001110110001100101111000001
0101100101111010000101010000010110011000100000100011110
0101100110001000001000111100101100101111010000101010000
0101100110001001010000000001110100111100010011110010100
0101100110011011110001110000001011010101000001010010000
0101100110101100010100001111011111100100111111001010111
0101100110101110101001111110010011111101111000010100011
0101100111000010101000110110111011000000011001000001010
0101100111000111011011010010101000000001110010011000000
0101100111001000110101111011111101100101100101011111000
0101100111011011011111011011101010000100011111100001101
0101100111101111011110110010101010110111011000000111100
0101100111110101110001001011100000110111001110111111010
0101101000000100011000100111110001011011100010100000110
0101101000000111000111101100110011010000010010100000101
0101101001001000111000110010111111100110110001111111101
0101101001100000101000111011010001111100100011000100000
0101101001100011110101011100100100010011111110011011111
0101101001111011101010001111111101100110110000011100011
0101101010100000101001000001011001100110111100011100000
0101101010111111110001101100111111101001100011100010010
0101101011000111000001101100110111111110001010111011110
0101101011111011001111111001000100100111010101111000110
0101101100001111001100000101011100100011000000001001101
0101101100100000000001110100100011010101000111001001110
0101101101100011001000000010101000001101011011100001100
0101101101110001110011010000000110010011100000000101010
0101101101111100001110011110111011111010000101110010001
0101101110000110001011011011000110010000000101010000011
0101101110001010000011001011010000001000110001001111100
0101101110001010000110100110111000110101000001100100000
0101101110010101011100011011000110100100110111111111100
0101101110011001001110000100001001000001110101010110000
0101101110011001011101011000011011100001101000111111111
0101101110110000001111000101100111101111011110110010101
0101101111101001100110010000111000111111010010101011111
0101101111101001111011111010001001100100011110101100011
0101110000000000100110110100111001001110001010101100010
0101110000000001010010001100110100010100111100100011110
0101110000000010011001001111100011100101001011000010001
0101110000010010000100001110010011001110110100000110101
0101110000011011100111011111101001011001111101011100010
0101110000110001001100100111101010011010110000010000001
0101110000111111001000100101010101100100001000010000110
0101110001001011100000110111001110111111010010110011111
0101110001001011111101100111110101001110001001101001111
0101110001101100011010010011011111111110001011011100101
0101110010001010110110111110000111001111011101111101000
0101110010001100000000100110101011011000011110011000001
0101110010010001001111111001101111101011010011000111101
0101110010010010000101111100001110011101000010001000001
0101110010100110010100010101100000011011000000100001111
0101110011100001111101000010010010011101010000010001000
0101110011110001001010011111010101111111011001110010010
0101110100110011101101011111111100010110000111011000011
0101110101001111110010011111101111000010100011010110011
0101110101100001101110000110100011111111101011011100110
0101110101100110101100010100001111011111100100111111001
0101110110001011110100000100010000110001111000001001001
0101110110011011100001010011100101001000001011000010000
0101110110111110110110111001101010110000111111000100001
0101110111100101101011000111000001101100110111111110001
0101111000001010110010110010000001000010100111011000110
0101111000010000001101100000011010100010100110010100111
0101111000100110010001011111011110010111110110101100011
0101111000110010110101111101100111111100100010010011101
0101111001001100100011000011101010000001000001101011001
0101111001011001000111001010111110011011111101001000111
0101111010000010001000011000111100000100100101011101100
0101111010000101010000010110011000100000100011110010110
0101111010000101100101100001110111110111001100101111101
0101111010001101110101001001000001111000110000100010000
0101111010011010011110001000001000110011010000010101000
0101111010101111101001100111011111011100001101001101000
0101111011011011000101011111011101111010001100011110000
0101111011100000011110010101001100010010010000010010001
0101111011101111101010001101101101111010000011110001100
0101111011111101100101100101011111000010110011100100011
0101111100001011001110010001101011110111111011001011001
0101111100001110011101000010001000001010111001001001000
0101111100101001000111100111010010010011100110111111101
0101111100101010100011111011011110111100011011001100010
0101111100110000111100100101010011011111111001110110001
0101111100110100101111110111001110110000011101001000111
0101111100110111111010010001110101111001011001000111001
0101111101001100111011111011100001101001101000010111101
0101111101010100101111110001110000100110011001011111011
0101111101010111101000010110010110000111011111011100110
0101111101011011111010011001100100001110001111110100101
0101111101100111111100100010010011101010111100011001011
0101111101101011000110101111000100110010001011111011110
0101111101101011111010101001011111100011100001001100110
0101111101110111100111000011111011011010100010011101000
0101111101110111101000110001111000001011110110110110001
0101111101111001011111011010110001101011110001001100100
0101111110001110000100110011001011111011010111110101010
0101111110110011111010100111000100110100111101011100010
0101111110111001110110000011101001000111010111110011010
0101111110111110010100110101000011011001101110011110001
0101111111001101100011111111010101101001001000111000110
0101111111011001110010010010111001111000100101001111101
0101111111100011011001111111010011000111000100100101101
0101111111110001011000011101100001101011101001100111011
0110000000010011010101101100001111001100000101011100100
0110000000101100111000111011011010010101000000001110010
0110000000110010000010100101100111000010101000110110111
0110000000110111011011000101010000111001101001010000010
0110000001000011110101110010100110010100010101100000011
0110000001101010001010011001010011101011110000100000011
0110000001101100000010000111101011100101001100101000101
0110000001111000101100111101111011110110010101010110111
0110000010000001010111000011000100110010011110101001101
0110000010100011101101000111110010001100010000001011010
0110000010101000000010011000110110110100011000011101101
0110000010101100011101100101100001010001110110100000010
0110000010101110010001100000000100110101011011000011110
0110000010110111001100100111000010000100100000111010101
0110000011100011010110100111101110101000111111110110011
0110000011101001000111010111110011010010111111011100111
0110000100000101110110011011100001010011100101001000001
0110000100001000010011010101010010001001111110000111010
0110000100010000010111101000110111010100100100000111100
0110000100010101110000000010011001001111100011100101001
0110000101000111011010000001001100000101011000111011001
0110000101011001010011111011111101010001111001110110011
0110000110101110100110011101101011111111100010110000111
0110000110111000011010001111111110101101110011001011101
0110000111010100000010000011010110010101111001001100100
0110000111011000011010111010011001110110101111111110001
0110000111011010110000010101000000010011000110110110100
0110000111011111011100110010111110101011110100001011001
0110000111100100101010011011111111001110110001010111110
0110000111100110000010101110010001100000000100110101011
0110000111111000100001010111011011111011011011100110101
0110001000000101101001100000101000111011010001111100100
0110001000001000111100101100101111010000101010000010110
0110001001001000001001000101011110111000000111100101010
0110001001010000000001110100111100010011110010100010110
0110001001011100000000001001101101001110010011100010101
0110001001011111001010101000111110110111101111000110110
0110001001100100111101010011010110000010000001010111000
0110001001110011010000111110101001101001101111110111101
0110001001110101000001100111100001101101010110010000000
0110001001111100010110111000101000001100101101000000100
0110001010000111101111110010011111100101011101011001101
0110001010100001110011010010100000100110000000110111011
0110001010111110011000011110010010101001101111111100111
0110001010111110111011110100011000111100000101111011011
0110001011011011000110010000000101010000011010110111000
0110001011110100000100010000110001111000001001001010111
0110001011110111011111010100011011011011110100000111100
0110001100100000001010100000110101101110000110001011011
0110001100101111000001010110010110010000001000010100111
0110001101001001101111111111000101101110010101011100011
0110001101011011111010011110111110100010011001000111101
0110001101011110001001100100010111110111100101111101101
0110001101100011101010100111011010001111111111011001001
0110001101101101000110000111011010110000010101000000010
0110001101110010100001000000100110100110101000001111010
0110001110000011011001101111111100010101110111100101101
0110001110001001001011010101111111100011011001111111010
0110001110101010011101101000111111111101100100101100011
0110001110110010110000101000111011010000001001100000101
0110001111000001001001010111011000101111010000010001000
0110001111000001011110110110110001010111110111011110100
0110001111010101110010010001001111111001101111101011010
0110001111011110110111110001010101001111101001000110011
0110001111111101010110100100100011100011001011111110011
0110010000000000111010010001101010100011100100111001011
0110010000000011000100111010100000110011110000110110101
0110010000000011101010001000011010010100111000111110010
0110010000000101010000011010110111000011000101101101100
0110010000001000010100111011000110010111100000101011001
0110010000001011011100010100001101001101110001101010000
0110010000010100101100111000010101000110110111011000000
0110010000100001000011001011100001111110010001001010101
0110010000111000111111010010101011111010110111110100110
0110010001011111011110010111110110101100011010111100010
0110010001100001110101000000100000110101100101011110010
0110010001110010101111100110111111010010001110101111001
0110010001111010110001101011011111010011110111110100010
0110010010110001101100011101010100111011010001111111111
0110010011100000000101010010110110111000111001101000000
0110010011100001000010010000011101010101100000101101110
0110010011110101001101011000001000000101011100001100010
0110010011111000111001010010110000100010101110000000010
0110010100010101100000011011000000100001111010111001010
0110010100111010111100001000000110110000001101010001010
0110010100111110111111010100011110011101100110110000101
0110010101001001111000011001111101010001101110011111111
0110010101001111000000111011110101000100100000100100100
0110010101010110111011000000111100010110011110111101111
0110010101111001001100100011000011101010000001000001101
0110010101111100001011001110010001101011110111111011001
0110010110000101000111011010000001001100000101011000111
0110010110000111011111011100110010111110101011110100001
0110010110010000001000010100111011000110010111100000101
0110010110010101111100001011001110010001101011110111111
0110010110100000010001100010011111000101101110001010000
0110010110101111101100111111100100010010011101010111100
0110010111000011111100100010010101010110010000100001000
0110010111010110000110111000011010001111111110101101110
0110010111100000101011001011001000000100001010011101100
0110010111101000010101000001011001100010000010001111001
0110010111110101011110100001011001011000011101111101110
0110010111110110101111101010100101111110001110000100110
0110010111111100110110001111111101010110100100100011100
0110011000100000100011110010110010111101000010101000001
0110011000100101000000000111010011110001001111001010001
0110011000100101111100101010100011111011011110111100011
0110011001000011100011111101001010101111101011011111010
0110011001011111011010111110101010010111111000111000010
0110011001101000001001010000010101011010000001110001111
0110011001101111000111000000101101010100000101001000001
0110011010000010010100000101010110100000011100011110110
0110011010000010101000010111101001101001111000100000100
0110011010001010011110010001111001011100000000010100100
0110011010110001010000111101111110010011111100101011101
0110011010111010100111111001001111110111100001010001101
0110011011000001110001101011010011110111010100011111111
0110011011000010101100101001111101111110101000111100111
0110011011000111101111011011111000101010100111110100100
0110011011100001010011100101001000001011000010000010111
0110011011100111100010101111110111110010100110101000011
0110011011101000001000011010000010010100111001010000111
0110011011110001110000001011010101000001010010000010110
0110011011111111000101011101111001011010110001110000011
0110011100001010100011011011101100000001100100000101001
0110011100011101101101001010100000000111001001100000001
0110011100100011010111101111110110010110010101111100001
0110011100100100101110011110001001010011111010101111111
0110011101101000001101010101110000010010000100001110010
0110011101101011111111100010110000111011000011010111010
0110011101101101111101101110101000010001111110000110101
0110011101111101110000110100110100001011110101011111010
0110011110000110110101011001000000001100010011101010000
0110011110111101111011001010101011011101100000011110001
0110011111010100011011100111111110110010101001001111000
0110011111010100111000100110100111101011100010010111111
0110011111010111000100101110000011011100111011111101001
0110011111110010001001001110101011110001100101101011111
0110011111110100110001110001001001011010101111111100011
0110100000001100100111000000001010100101101101110001110
0110100000010001100010011111000101101110001010000011001
0110100000010011000001010110001110110010110000101000111
0110100000011100011110110011001101000001001010000010101
0110100000100101000001010101101000000111000111101100110
0110100000100101001110010100001110110011011101000001000
0110100000101010000101111010011010011110001000001000110
0110100000110101010111000001001000010000111001001100111
0110100001011110101011111010011001110111110111000011010
0110100001111101010011010011011111101111010110001001110
0110100010100111100100011110010111000000000101001000110
0110100011000011101101011000001010100000001001100011011
0110100011110000001101110110101010100110111101111011110
0110100011111001000110001000000101101001100000101000111
0110100011111111101011011100110010111010110000110111000
0110100011111111110110010010110001101100011101010100111
0110100100100011100011001011111110011011000111111110101
0110100100110111111111100010110111001010101110001101100
0110100101000001001100000001101110110110001010100001110
0110100101001110001111100100110010000000011101010001000
0110100101010000000011100100110000000101100111000111011
0110100101111110111001110110000011101001000111010111110
0110100110000010100011101101000111110010001100010000001
0110100110001111010101110010010001001111111001101111101
0110100110100001011110101011111010011001110111110111000
0110100110101000001111010011000110111001010000100000010
0110100110111000110101000001100100000010110111000101000
0110100110111111011110101100010011100110100001111101010
0110100111001001110001010101100010010111000000000010011
0110100111100010000010001100110100000101010000101111010
0110100111101011100010010111111011001111101010011100010
0110100111101110101000111111110110011011000001110001101
0110101000001100100000010110111000101000011010011011100
0110101000001111010011000110111001010000100000010011010
0110101000011011001101110011110001010111111011111001010
0110101000100111010000101111101110111100111000011111011
0110101000101001100101001110101111000010000001101100000
0110101010000010100100000101100110011011110001110000001
0110101010001110010011100101101100100000000001110100100
0110101010100100010011111100001110100110000100001000010
0110101010100110111101111011110011010001111000000110111
0110101010111000001001000010000111001001100111011010000
0110101011000011111100010000101011101101111101101101110
0110101011001000000001100010011101010000011001111000011
0110101011001110110110111110110111010100001000111111000
0110101011011000011110011000001010111001000110000000010
0110101011111111000110110011111110100110001110001001001
0110101100000100000010101110000110001001100100111101010
0110101100000101010000000100110001101101101000110000111
0110101100010100001111011111100100111111001010111010110
0110101100011010111100010011001000101111101111001011111
0110101100011100000110110011011111111000101011101111001
0110101100101011110010011001000110000111010100000010000
0110101100110101110101001111110010011111101111000010100
0110101101001111011101010001111111101100110110000011100
0110101101110000110001011011011000110010000000101010000
0110101101111101001111011111010001001100100011110101100
0110101110100110011101101011111111100010110000111011000
0110101110101001111110010011111101111000010100011010110
0110101111000100110010001011111011110010111110110101100
0110101111011111101100101100101011111000010110011100100
0110101111101010100101111110001110000100110011001011111
0110101111101100111111100100010010011101010111100011001
0110101111111110001011000011101100001101011101001100111
0110110000001000011110101110010100110010100010101100000
0110110000001101010001010011001010011101011110000100000
0110110000011100011010110100111101110101000111111110110
0110110000101011001010011111011111101010001111001110110
0110110000111100110000010101110010001100000000100110101
0110110001010100001110011010010100000100110000000110111
0110110001010111110111011110100011000111100000101111011
0110110001100100000001010100000110101101110000110001011
0110110001101001001101111111111000101101110010101011100
0110110001110101010011101101000111111111101100100101100
0110110001111011110110111110001010101001111101001000110
0110110001111111101010110100100100011100011001011111110
0110110010000000000111010010001101010100011100100111001
0110110011000100101111100101010100011111011011110111100
0110110011011100111100010101111110111110010100110101000
0110110011011111111000101011101111001011010110001110000
0110110011111110100110001110001001001011010101111111100
0110110100011000011101101011000001010100000001001100011
0110110100101010000000011100100110000000101100111000111
0110110100111001001110001010101100010010111000000000010
0110110101000100111010000101111101110111100111000011111
0110110101011001000000001100010011101010000011001111000
0110110110001010111110111011110100011000111100000101111
0110110110001100100000001010100000110101101110000110001
0110110110100011000011101101011000001010100000001001100
0110110110111101000001111000110001011110111011111010100
0110110111000111001101000000011001001110000000010101001
0110110111001101010110000111111000100001010111011011111
0110110111011000000011001000001010010110011100001010100
0110110111101000001111000110001011110111011111010100011
0110110111110000111001111011101111101000010111001000101
0110110111110110111010100001000111111000011010101100111
0110111000010100111001010010000010110000100000101110110
0110111000011000101101101100011001000000010101000001101
0110111000011010001111111110101101110011001011101011000
0110111000101000001100101101000000100011000100111110001
0110111000101000011010011011100011010100000110010000001
0110111000110101000001100100000010110111000101000011010
0110111000111001101000000011001001110000000010101001011
0110111001010000100000010011010011010100000111101001100
0110111001010101110001101100011010010011011111111110001
0110111001100100111000010000100100000111010101011000001
0110111001100101110101100001101110000110100011111111101
0110111001101010110000111111000100001010111011011111011
0110111001110111111010010110011111010111000100101110000
0110111001111000101011111101111100101001101010000110110
0110111001111111101100101010010011110000110011111010100
0110111010000010000110100000100101001110010100001110110
0110111010100001000111111000011010101100111011011011111
0110111010100100100000111100011000010001000001011110100
0110111011000000011001000001010010110011100001010100011
0110111011000000111100010110011110111101111011001010101
0110111011010101010011011110111101111001101000111100000
0110111011011000101010000111001101001010000010011000000
0110111100011100000010110101010000010100100000101100110
0110111101000001111000110001011110111011111010100011011
0110111101111000110110011000100101111100101010100011111
0110111101111011110011010001111000000110111011010101010
0110111110000111001111011101111101000010111001000101011
0110111110001010101001111101001000110011011000111101111
0110111110100110011001000011100011111101001010101111101
0110111110100111101111101000100110010001111010110001101
0110111110101101001100011110101011100100100010011111110
0110111110110110111001101010110000111111000100001010111
0110111110110111010100001000111111000011010101100111011
0110111111010010001110101111001011001000111001010111110
0110111111011110101100010011100110100001111101010011010
0110111111101010111110010100100011110011101001001001110
0110111111110001010111011110010110101100011100000110110
0110111111110011101100010101111100110000111100100101010
0110111111111100010110111001010101110001101100011010010
0111000000000010011011010011100100111000101010110001001
0111000000000101001000110011010001010011110010001111001
0111000000001001100100111110001110010100101100001000101
0111000000001010100101101101110001110011010000000110010
0111000000101101010100000101001000001011001100110111100
0111000000111100101010011000100100100000100100010101111
0111000001001000010000111001001100111011010000011010101
0111000001101100110111111110001010111011110010110101100
0111000001101110011101111110100101100111110101110001001
0111000010000100100000111010101011000001011011100110010
0111000010011001100101111101101011111010101001011111100
0111000010100111001010010000010110000100000101110110011
0111000010101000110110111011000000011001000001010010110
0111000011000100110010011110101001101011000001000000101
0111000011000101101101100011001000000010101000001101011
0111000011010001111111110101101110011001011101011000011
0111000011010011010000101111010101111101001100111011111
0111000011111010000100100100111010100000100010000101110
0111000011111011011010100010011101000010111110111011110
0111000011111100100010010101010110010000100001000011001
0111000100100101101010111111110001101100111111101001100
0111000100101110000011011100111011111101001011001111101
0111000100101111110110011111010100111000100110100111101
0111000100110100111101011100010010111111011001111101010
0111000101000001100101101000000100011000100111110001011
0111000101000011010011011100011010100000110010000001011
0111000101010110001001011100000000001001101101001110010
0111000110010111111100110110001111111101010110100100100
0111000110101000001100100000010110111000101000011010011
0111000110101101001111011101010001111111101100110110000
0111000110110001101001001101111111111000101101110010101
0111000111001101000000011001001110000000010101001011011
0111000111011011010010101000000001110010011000000010110
0111000111101100110011010000010010100000101010110100000
0111000111110010011001000000001110101000100001101001010
0111000111111010010101011111010110111110100110011001000
0111001000101011011011111000011100111101110111110100001
0111001000110000000010011010101101100001111001100000101
0111001000110101111011111101100101100101011111000010110
0111001001000100111111100110111110101101001100011110101
0111001001001000010111110000111001110100001000100000101
0111001001001011100111100010010100111110101011111110110
0111001001100000001011001110001110110110100101010000000
0111001001100111011010000011010101011100000100100001000
0111001001110001010101100010010111000000000010011011010
0111001001110010110110010000000000111010010001101010100
0111001010000100000010011010011010100000111101001100011
0111001010000111011001101110100000100001101000001001010
0111001010010000010110000100000101110110011011100001010
0111001010010110000100010101110000000010011001001111100
0111001010011001010001010110000001101100000010000111101
0111001010101110001101100011010010011011111111110001011
0111001010111110011011111101001000111010111100101100100
0111001011011001000000000011101001000110101010001110010
0111001100100111000010000100100000111010101011000001011
0111001100101110101100001101110000110100011111111101011
0111001100101111101010111101000010110010110000111011111
0111001101000000011001001110000000010101001011011011100
0111001101000011111010100110100110111111011110101100010
0111001101001010000010011000000011011101101100010101000
0111001101010110000111111000100001010111011011111011011
0111001101111111010101111100101001000111100111010010010
0111001110000111110100001001001001110101000001000100001
0111001110100001000100000101011100100100100001011111000
0111001110110000011101001000111010111110011010010111111
0111001110111111010010110011111010111000100101110000011
0111001111000100101001111101010111111101100111001001001
0111001111000101011111101111100101001101010000110110011
0111001111011101111101000010111001000101011011011111000
0111001111111101100101010010011110000110011111010100011
0111010000010000110100000100101001110010100001110110011
0111010000100010000010101110010010010000101111100001110
0111010000101111101110111100111000011111011011010100010
0111010010001101010100011100100111001011011001000000000
0111010010001110101111100110100101111110111001110110000
0111010010010011100110111111101010111110010100100011110
0111010011000010000100001001101010101001000100111111000
0111010011001110110101111111110001011000011101100001101
0111010011110001001111001010001011001100010010100000000
0111010100000010000011010110010101111001001100100011000
0111010100000100010000101110011100001111101000010010010
0111010100000110011110000110110101011001000000001100010
0111010100001000111111000011010101100111011011011111011
0111010100010000110100101001110001111100100110010000000
0111010100011111111011001101100000111000110101101001111
0111010100100100000111100011000010001000001011110100011
0111010100111111001001111110111100001010001101011001101
0111010101001110110100011111111110110010010110001101100
0111010101011000001011011100110010011100001000010010000
0111010101111000110010110101111101100111111100100010010
0111010110000110111000011010001111111110101101110011001
0111010110011010110001010000111101111110010011111100101
0111010111100001000000110110000001101010001010011001010
0111010111100101100100011100101011111001101111110100100
0111010111110011010010111111011100111011000001110100100
0111011000000011001000001010010110011100001010100011011
0111011000000111100010110011110111101111011001010101011
0111011000001110100100011101011111001101001011111101110
0111011000011010111010011001110110101111111110001011000
0111011000101011111001100001111001001010100110111111110
0111011000101111010000010001000011000111100000100100101
0111011000110010111100000101011001011001000000100001010
0111011001011000010100011101101000000100110000010101100
0111011001101100001010110010100111110111111010100011110
0111011001101110000101001110010100100000101100001000001
0111011001101110100000100001101000001001010011100101000
0111011010000001001100000101011000111011001011000010100
0111011010000011010101011100000100100001000011100100110
0111011010001111100100011000100000010110100110000010100
0111011010001111111111011001001011000110110001110101010
0111011010101010011011110111101111001101000111100000011
0111011010110000010101000000010011000110110110100011000
0111011010111111111000101100001110110000110101110100110
0111011011000101010000111001101001010000010011000000011
0111011011010010101000000001110010011000000010110011100
0111011011011111011011101010000100011111100001101010110
0111011011111011011011100110101011000011111100010000101
0111011110010110101100011100000110110011011111111000101
0111011110011100001111101101101010001001110100001011111
0111011110100011000111100000101111011011011000101011111
0111011110101000100100000100100100011001010100111100000
0111011111010000101110010001010110110111110000111001111
0111011111010100011011011011110100000111100011000101111
0111011111011100001101001101000010111101010111110100110
0111011111011100110010111110101011110100001011001011000
0111011111101001011001111101011100010010111000001101110
0111100000011011101101010101001101111011110111100110100
0111100000011101111010100010010000010010010001100101010
0111100000100100101011101100010111101000001000100001100
0111100000101011001011001000000100001010011101100011001
0111100000101111011011011000101011111011101111010001100
0111100001000000110110000001101010001010011001010011101
0111100001010001101011001101011101010011111100100111111
0111100001100111110101000110111001111111101100101010010
0111100001101101010110010000000011000100111010100000110
0111100010000010001100110100000101010000101111010011010
0111100010010100111110101011111110110011100100100101110
0111100010011001000101111101111001011111011010110001101
0111100010011110010100010110011000100101000000000111010
0111100010101111110111110010100110101000011011001101110
0111100010110011110111101111011001010101011011101100000
0111100011000010001000001011110100011011101010010010000
0111100011000101111011101111101010001101101101111010000
0111100011001011010111110110011111110010001001001110101
0111100011011001100010010111110010101010001111101101111
0111100011100000010110101010000010100100000101100110011
0111100100011110010111000000000101001000110011010001010
0111100100101010011011111111001110110001010111110011000
0111100100110010001100001110101000000100000110101100101
0111100101000101100110001001010000000001110100111100010
0111100101010011000100100100000100100010101111011100000
0111100101100100011100101011111001101111110100100011101
0111100101100101111010000101010000010110011000100000100
0111100101101011000111000001101100110111111110001010111
0111100101110000000001010010001100110100010100111100100
0111100101111101101011000110101111000100110010001011111
0111100110000010101110010001100000000100110101011011000
0111100110100011110000001101110110101010100110111101111
0111100111000011111011011010100010011101000010111110111
0111100111010010010011100110111111101010111110010100100
0111100111011001101100001010110010100111110111111010100
0111101000001000100001100011110000010010010101110110001
0111101000001111000110001011110111011111010100011011011
0111101000010101000001011001100010000010001111001011001
0111101000010110010110000111011111011100110010111110101
0111101000110001111000001011110110110110001010111110111
0111101000110111010100100100000111100011000010001000001
0111101001100011011100101000010000001001101001101010000
0111101001101001111000100000100011001101000001010100001
0111101010001001000001001001000110010101001111000000111
0111101010011010110000010000001010111000011000100110010
0111101010111001001000100111111100110111110101101001100
0111101010111110100110011101111101110000110100110100001
0111101011000100111001101000011111010100110100110111111
0111101011000110101101111101001111011111010001001100100
0111101011100010010111111011001111101010011100010011010
0111101011100101001100101000101011000000110110000001000
0111101100101010101101110110000001111000101100111101111
0111101100110011010000010010100000101010110100000011100
0111101101101100010101111101110111101000110001111000001
0111101101111100010101010011111010010001100110110001111
0111101110000001111001010100110001001001000001001000101
0111101110101000111111110110011011000001110001101011010
0111101110111110100001011100100010101101101111100001110
0111101110111110101000110110110111101000001111000110001
0111101111000110110011000100101111100101010100011111011
0111101111001101000111100000011011101101010101001101111
0111101111011001010101011011101100000011110001011001111
0111101111011011111000101010100111110100100011001101100
0111101111011110011010001111000000110111011010101010011
0111101111011110110010101010110111011000000111100010110
0111101111101000100110010001111010110001101011011111010
0111101111110010011111100101011101011001101011000101000
0111101111110110010110010101111100001011001110010001101
0111110000101100111001000110101111011111101100101100101
0111110000111001110100001000100000101011100100100100001
0111110000111001111011101111101000010111001000101011011
0111110001010101001111101001000110011011000111101111011
0111110001011011100010100000110010110100000010001100010
0111110001110010100101100001000101011100000000100110010
0111110010001100010000001011010011000001010001110110100
0111110010011001000000001110101000100001101001010011100
0111110010100100011110011101001001001110011011111110101
0111110010100110101000011011001101110011110001010111111
0111110010101010001111101101111011110001101100110001001
0111110011000011110010010101001101111111100111011000101
0111110011010010111111011100111011000001110100100011101
0111110011011111101001000111010111100101100100011100101
0111110100001001001001110101000001000100001011100111000
0111110100001011100100010101101101111100001110011110111
0111110100010011001000111101011000110101101111101001111
0111110100100011001101100011110111101101111100010101010
0111110100110011001000011100011111101001010101111101011
0111110100110011101111101110000110100110100001011110101
0111110100111101111101000100110010001111010110001101011
0111110101000110110110111101000001111000110001011110111
0111110101000110111001111111101100101010010011110000110
0111110101001101001101111110111101011000100111001101000
0111110101001110001001101001111010111000100101111110110
0111110101010010111111000111000010011001100101111101101
0111110101011110100001011001011000011101111101110011001
0111110101011111110110011100100100101110011110001001010
0111110101101001100011110101011100100100010011111110011
0111110101101111101001100110010000111000111111010010101
0111110101110001001011100000110111001110111111010010110
0111110110011111110010001001001110101011110001100101101
0111110110101100011010111100010011001000101111101111001
0111110110101111101010100101111110001110000100110011001
0111110110110101000100111010000101111101110111100111000
0111110110110111001101010110000111111000100001010111011
0111110110111010100001000111111000011010101100111011011
0111110110111101111000110110011000100101111100101010100
0111110111000011010011010000101111010101111101001100111
0111110111001100101111101010111101000010110010110000111
0111110111011110011100001111101101101010001001110100001
0111110111011110100011000111100000101111011011011000101
0111110111100101111101101011000110101111000100110010001
0111110111111010100011110011101100110110000101011001010
0111111000011010101100111011011011111011011101010000100
0111111000011101001100001000010000100110101010100100010
0111111000100001010111011011111011011011100110101011000
0111111000111000010011001100101111101101011111010101001
0111111001000100101010101100100001000010000110010111000
0111111001001111110010101110101100110101100010100001111
0111111001001111110111100001010001101011001101011101010
0111111001010111010110011010110001010000111101111110010
0111111010010001110101111001011001000111001010111110011
0111111010010101011111010110111110100110011001000011100
0111111010010110011111010111000100101110000011011100111
0111111010100011110011101100110110000101011001010011111
0111111011001011001010111110000101100111001000110101111
0111111011001111101010011100010011010011110101110001001
0111111011100111011000001110100100011101011111001101001
0111111011110000101000110101100110101110101001111110010
0111111011110101100010011100110100001111101010011010011
0111111011111001010011010100001101100110111001111000101
0111111100100010010011101010111100011001011010111110110
0111111100110110001111111101010110100100100011100011001
0111111100110111110101101001100011110101011100100100010
0111111101001100011100010010010110101011111111000110110
0111111101010111110010100100011110011101001001001110011
0111111101100111001001001011100111100010010100111110101
0111111110001010111011110010110101100011100000110110011
0111111110001101100111111101001100011100010010010110101
0111111110011101100010101111100110000111100100101010011
0111111110101011010010010001110001100101111111001101100
0111111110110010101001001111000011001111101010001101110
0111111110110011011000001110001101011010011110111010100
0111111111000101100001110110000110101110100110011101101
0111111111010110111001100101110101100001101110000110100
0111111111100010110111001010101110001101100011010010011
0111111111101100100101100011011000111010101001110110100
1000000000010011011010011100100111000101010110001001011
1000000000011101001000110101010001110010011100101101100
1000000000101001000110011010001010011110010001111001011
1000000000111010011110001001111001010001011001100010010
1000000001001100100111110001110010100101100001000101011
1000000001001101010110110000111100110000010101110010001
1000000001010100101101101110001110011010000000110010011
1000000001100010011101010000011001111000011011010101100
1000000001110010011000000010110011100011101101101001010
1000000001110101000100001101001010011100011111001001100
1000000010011000110110110100011000011101101011000001010
1000000010101000001101011011100001100010110110110001100
1000000010110011100011101101101001010100000000111001001
1000000011001000001010010110011100001010100011011011101
1000000011001001110000000010101001011011011100011100110
1000000011011101101100010101000011100110100101000001001
1000000100000110101100101011110010011001000110000111010
1000000100001010011101100011001011110000010101100101100
1000000100001111010111001010011001010001010110000001101
1000000100011000100111110001011011100010100000110010110
1000000100110000010101100011101100101100001010001110110
1000000100110100110101000001111010011000110111001010000
1000000101011100001100010011001001111010100110101100000
1000000101101001100000101000111011010001111100100011000
1000000101101010100000101001000001011001100110111100011
1000000101101110001010000110100110111000110101000001100
1000000110101000101001100101001110101111000010000001101
1000000110110000001000011110101110010100110010100010101
1000000110110000001101010001010011001010011101011110000
1000000110111011010101010011011110111101111001101000111
1000000111000111101100110011010000010010100000101010110
1000000111011110101000100100000100100100011001010100111
1000000111100010110011110111101111011001010101011011101
1000000111100101010011000100100100000100100010101111011
1000001000000101011100001100010011001001111010100110101
1000001000011010000010010100111001010000111011001101110
1000001000100001011100111000011111010000100100100111010
1000001000100001100011110000010010010101110110001011110
1000001000110011010000010101000010111101001101001111000
1000001000111100101100101111010000101010000010110011000
1000001001000010000111001001100111011010000011010101011
1000001001000101011110111000000111100101010011000100100
1000001001001000110010101001111000000111011110101000100
1000001001001010111011000101111010000010001000011000111
1000001001010000010101011010000001110001111011001100110
1000001001010011100101000011101100110111010000010000110
1000001001100000001101110110110001010100001110011010010
1000001010001110110100011111001000110001000000101101001
1000001010010000010110011001101111000111000000101101010
1000001010010110011100001010100011011011101100000001100
1000001010100000001001100011011011010001100001110110101
1000001010100001011110100110100111100010000010001100110
1000001010101101000000111000111101100110011010000010010
1000001010110001110110010110000101000111011010000001001
1000001010110010110010000001000010100111011000110010111
1000001010111001000110000000010011010101101100001111001
1000001010111001001001000010111110000111001110100001000
1000001011000010000010111011001101110000101001110010100
1000001011001100010000010001111001011001011110100001010
1000001011001100110111100011100000010110101010000010100
1000001011011100110010011100001000010010000011101010101
1000001011101100110111000010100111001010010000010110000
1000001011110100011011101010010010000011110001100001000
1000001011110110110110001010111110111011110100011000111
1000001100100000010110111000101000011010011011100011010
1000001100101101000000100011000100111110001011011100010
1000001100111100001101101010110010000000011000100111010
1000001101010101110000010010000100001110010011001110110
1000001101011001010111100100110010001100001110101000000
1000001101011011100001100010110110110001100100000001010
1000001101100110111111110001010111011110010110101100011
1000001101110011101111110100101100111110101110001001011
1000001110001101011010011110111010100011111111011001101
1000001110100100011101011111001101001011111101110011101
1000001110101010110000010110111001100100111000010000100
1000001111000110000100010000010111101000110111010100100
1000001111000110001011110111011111010100011011011011110
1000001111010011000110111001010000100000010011010011010
1000010000001001101001101010000011110100110001101110010
1000010000001101100000011010100010100110010100111010111
1000010000010111011001101110000101001110010100100000101
1000010000100001001101010101001000100111111000011101001
1000010000100001100101110000111111001000100101010101100
1000010000100100000111010101011000001011011100110010011
1000010000100110101010100100010011111100001110100110000
1000010000110010111000011111100100010010101010110010000
1000010000111001001100111011010000011010101011100000100
1000010001000001010111001001001000010111110000111001110
1000010001000001011110100011011101010010010000011110001
1000010001010111000000001001100100111110001110010100101
1000010001111110000110101011001110110110111110110111010
1000010010000011101010101100000101101110011001001110000
1000010010010011101010000010001000010111001110000111110
1000010011001100101111101101011111010101001011111100011
1000010011010101010010001001111110000111010011000010000
1000010100011010110011010111010100111111001001111110111
1000010100011101101000000100110000010101100011101100101
1000010100111001010010000010110000100000101110110011011
1000010100111011000110010111100000101011001011001000000
1000010101000001011001100010000010001111001011001011110
1000010101000110110111011000000011001000001010010110011
1000010101100101001111101111110101000111100111011001101
1000010101110110111110110110111001101010110000111111000
1000010110010110000111011111011100110010111110101011110
1000010110011100100011010111101111110110010110010101111
1000010111001000101011011011111000011100111101110111110
1000010111001110000111110100001001001001110101000001000
1000010111101001101001111000100000100011001101000001010
1000010111101010111110100110011101111101110000110100110
1000010111110000111001110100001000100000101011100100100
1000010111110111011110011100001111101101101010001001110
1000011000100110010011110101001101011000001000000101011
1000011000101101101100011001000000010101000001101011011
1000011000111100000100100101011101100010111101000001000
1000011001011100001111110010001001010101011001000010000
1000011001111101010001101110011111111011001010100100111
1000011010000010010100111001010000111011001101110100000
1000011010001111111110101101110011001011101011000011011
1000011010010100111000111110010011001000000001110101000
1000011010011010000101111010101111101001100111011111011
1000011010011011100011010100000110010000001011011100010
1000011010101100111011011011111011011101010000100011111
1000011010111010011001110110101111111110001011000011101
1000011011001101110011110001010111111011111001010011010
1000011011010101100100000000110001001110101000001100111
1000011011100001101000111111111010110111001100101110101
1000011100011111101001010101111101011011111010011001100
1000011100100110011101101000001101010101110000010010000
1000011100110100101000001001100000001101110110110001010
1000011100111010000100010000010101110010010010000101111
1000011100111101110111110100001011100100010101101101111
1000011101001100001000010000100110101010100100010011111
1000011101010000001000001101011001010111100100110010001
1000011101100001101011101001100111011010111111111000101
1000011101100110111010000010000110100000100101001110010
1000011101101011000001010100000001001100011011011010001
1000011101111101110011001011111010101111010000101100101
1000011110010010101001101111111100111011000101011111001
1000011110011000001010111001000110000000010011010101101
1000011110101110010100110010100010101100000011011000000
1000011110111111001001111110010101110101100110101100010
1000011111010000100100100111010100000100010000101110011
1000011111010100110100110111111011110101100010011100110
1000011111011011010100010011101000010111110111011110011
1000011111100010000101011101101111101101101110011010101
1000011111100100010010101010110010000100001000011001011
1000100000010110100110000010100011101101000111110010001
1000100000100011001101000001010100001011110100110100111
1000100000100011110010110010111101000010101000001011001
1000100000101011100100100100001011111000011100111010000
1000100000101111010001101110101001001000001111000110000
1000100001010111011011111011011011100110101011000011111
1000100001011100111000011111010000100100100111010100000
1000100001100011110000010010010101110110001011110100000
1000100001101001010011100011111001001100100000000111010
1000100100000100100100011001010100111100000011101111010
1000100100100000100100010101111011100000011110010101001
1000100100101101010111111110001101100111111101001100011
1000100100111010101111000110010110101111101100111111100
1000100101000000000111010011110001001111001010001011001
1000100101001111101010111111101100111001001001011100111
1000100101010101100100001000010000110010111000011111100
1000100101110000000000100110110100111001001110001010101
1000100101110000011011100111011111101001011001111101011
1000100101111100101010100011111011011110111100011011001
1000100101111110110011111010100111000100110100111101011
1000100110010001011111011110010111110110101100011010111
1000100110010001111010110001101011011111010011110111110
1000100110010011110101001101011000001000000101011100001
1000100110100111101011100010010111111011001111101010011
1000100111001101000011111010100110100110111111011110101
1000100111010000101111101110111100111000011111011011010
1000100111010100000110011110000110110101011001000000001
1000100111100101000101100110001001010000000001110100111
1000100111110001011011100010100000110010110100000010001
1000100111111000011101001100001000010000100110101010100
1000100111111100110111110101101001100011110101011100100
1000101000001100101101000000100011000100111110001011011
1000101000011010011011100011010100000110010000001011011
1000101000011110111111001001111110010101110101100110101
1000101001100101001110101111000010000001101100000011010
1000101001111001000111100101110000000001010010001100110
1000101010000111001101001010000010011000000011011101101
1000101010100111110100100011001101100011110111101101111
1000101010110001001011100000000001001101101001110010011
1000101011000000110110000001000011110101110010100110010
1000101011011011111000011100111101110111110100001011100
1000101011100000000100110010011111000111001010010110000
1000101011101111001011010110001110000011011001101111111
1000101011110111000000111100101010011000100100100000100
1000101011111001100001111001001010100110111111110011101
1000101011111011101111010001100011110000010111101101101
1000101011111101111100101001101010000110110011011100111
1000101100001110110000110101110100110011101101011111111
1000101100110001001010000000001110100111100010011110010
1000101100111101111011110110010101010110111011000000111
1000101101101100011001000000010101000001101011011100001
1000101101110001010000011001011010000001000110001001111
1000101101110010101011100011011000110100100110111111111
1000101111010000010001000011000111100000100100101011101
1000101111011101111101010001101101101111010000011110001
1000101111101111001011111011010110001101011110001001100
1000110000000010011010101101100001111001100000101011100
1000110000100010000010111101000110111010100100100000111
1000110000111010100000010000011010110010101111001001100
1000110000111011010110000010101000000010011000110110110
1000110001000000101101001100000101000111011010001111100
1000110001001111100010110111000101000001100101101000000
1000110001011110111011111010100011011011011110100000111
1000110001111000001011110110110110001010111110111011110
1000110010000000101010000011010110111000011000101101101
1000110010101001111000000111011110101000100100000100100
1000110010110101111101100111111100100010010011101010111
1000110010111100000101011001011001000000100001010011101
1000110010111111100110110001111111101010110100100100011
1000110011010000010101000010111101001101001111000100000
1000110011010001010011110010001111001011100000000010100
1000110011011000111101111011011111000101010100111110100
1000110100100110111111111100010110111001010101110001101
1000110101000001100100000010110111000101000011010011011
1000110101010001110010011100101101100100000000001110100
1000110101100110101110101001111110010011111101111000010
1000110101101001111011101010001111111101100110110000011
1000110101101111101001111011111010001001100100011110101
1000110101111000100110010001011111011110010111110110101
1000110101111011111101100101100101011111000010110011100
1000110110001101001001101111111111000101101110010101011
1000110110001110101010011101101000111111111101100100101
1000110110011000100101111100101010100011111011011110111
1000110110011111110100110001110001001001011010101111111
1000110110110100011000011101101011000001010100000001001
1000110110110111101000001111000110001011110111011111010
1000110110111011000000011001000001010010110011100001010
1000110111001010000100000010011010011010100000111101001
1000110111001111111101100101010010011110000110011111010
1000110111010100100100000111100011000010001000001011110
1000111000000101101010100000101001000001011001100110111
1000111000001101100110111111110001010111011110010110101
1000111000010011001100101111101101011111010101001011111
1000111000100100101101010111111110001101100111111101001
1000111000110010111111100110110001111111101010110100100
1000111001001110010110110010000000000111010010001101010
1000111001010010110000100010101110000000010011001001111
1000111001010111110011011111101001000111010111100101100
1000111001101000000011001001110000000010101001011011011
1000111010101001110110100011111111110110010010110001101
1000111010111100101100100011100101011111001101111110100
1000111010111110011010010111111011100111011000001110100
1000111011001011000010100011101101000000100110000010101
1000111011010000001001100000101011000111011001011000010
1000111011010001111100100011000100000010110100110000010
1000111011011010010101000000001110010011000000010110011
1000111100000011011101101010101001101111011110111100110
1000111100000100100101011101100010111101000001000100001
1000111100000101111011011011000101011111011101111010001
1000111100101100101111010000101010000010110011000100000
1000111100101110000000001010010001100110100010100111100
1000111100111010010010011100110111111101010111110010100
1000111100111011001101100001010110010100111110111111010
1000111101010111001001000100111111100110111110101101001
1000111101011000110101101111101001111011111010001001100
1000111101100110011010000010010100000101010110100000011
1000111101111011011111000101010100111110100100011001101
1000111110010001100010000001011010011000001010001110110
1000111110010011001000000001110101000100001101001010011
1000111110110111101111000110110011000100101111100101010
1000111111000011010101100111011011011111011011101010000
1000111111010010101011111010110111110100110011001000011
1000111111110101011010010010001110001100101111111001101
1000111111110110011011000001110001101011010011110111010
1000111111111010110111001100101110101100001101110000110
1000111111111101100100101100011011000111010101001110110
1001000000000011101001000110101010001110010011100101101
1001000000001100010011101010000011001111000011011010101
1001000000001110101000100001101001010011100011111001001
1001000000010101000001101011011100001100010110110110001
1001000000100001010011101100011001011110000010101100101
1001000000101101110001010000110100110111000110101000001
1001000001001000101011110111000000111100101010011000100
1001000001001001000110010101001111000000111011110101000
1001000001010010110011100001010100011011011101100000001
1001000001011000010000010111011001101110000101001110010
1001000001011001100110111100011100000010110101010000010
1001000001110101010110000010110111001100100111000010000
1001000001111000110000100010000010111101000110111010100
1001000010000100001100101110000111111001000100101010101
1001000010000111001001100111011010000011010101011100000
1001000010111110000111001110100001000100000101011100100
1001000011100011111101001010101111101011011111010011001
1001000100100111010101111000110010110101111101100111111
1001000100101010101100100001000010000110010111000011111
1001000100111111000011101001100001000010000100110101010
1001000100111111100110111110101101001100011110101011100
1001000101011011011111000011100111101110111110100001011
1001000101011110111000000111100101010011000100100100000
1001000101111101111001011111011010110001101011110001001
1001000110000000010011010101101100001111001100000101011
1001000110000111010100000010000011010110010101111001001
1001000110001000000101101001100000101000111011010001111
1001000110010101001111000000111011110101000100100000100
1001000110011010001010011110010001111001011100000000010
1001000110011011000111101111011011111000101010100111110
1001000110101010001110010011100101101100100000000001110
1001000110101111011111101100101100101011111000010110011
1001000111000110010111111100110110001111111101010110100
1001000111001010111110011011111101001000111010111100101
1001000111010111100101100100011100101011111001101111110
1001000111010111110011010010111111011100111011000001110
1001000111100101110000000001010010001100110100010100111
1001000111100111010010010011100110111111101010111110010
1001000111101011000110101101111101001111011111010001001
1001001000001001000101011110111000000111100101010011000
1001001000001111000110000100010000010111101000110111010
1001001000010111110000111001110100001000100000101011100
1001001000100111111100110111110101101001100011110101011
1001001000110010101001111000000111011110101000100100000
1001001000111000110010111111100110110001111111101010110
1001001001000010111110000111001110100001000100000101011
1001001001011100111100010010100111110101011111110110011
1001001001110011011111110101011111001010010001111001110
1001001001110101000001000100001011100111000011111010000
1001001010100110111111110011101100010101111100110000111
1001001010111011000101111010000010001000011000111100000
1001001011000110110001110101010011101101000111111111101
1001001011010101111111100011011001111111010011000111000
1001001011100111100010010100111110101011111110110011100
1001001100000001011001110001110110110100101010000000011
1001001100100000000111010100010000110100101001110001111
1001001100100011000011101010000001000001101011001010111
1001001100111011010000011010101011100000100100001000011
1001001101111111111000101101110010101011100011011000110
1001001110000000010101001011011011100011100110100000001
1001001110000100001001000001110101010110000010110111001
1001001110001010101100010010111000000000010011011010011
1001001110010110110010000000000111010010001101010100011
1001001110011011111110101011111001010010001111001110100
1001001110101000001000100001011100111000011111010000100
1001001110101011110001100101101011111011001111111001000
1001001111000011001111101010001101110011111111011001010
1001001111010100110101100000100000010101110000110001001
1001001111100011100101001011000010001010111000000001001
1001001111110010101110101100110101100010100001111011111
1001001111110111100001010001101011001101011101010011111
1001010000000001110100111100010011110010100010110011000
1001010000010011000000011011101101100010101000011100110
1001010000010101011010000001110001111011001100110100000
1001010000100000010011010011010100000111101001100011011
1001010000111011001101110100000100001101000001001010011
1001010001010110000001101100000010000111101011100101001
1001010001011001100010010100000000011101001111000100111
1001010010000010110000100000101110110011011100001010011
1001010010001111001110100100100111001101111111010101111
1001010010110000100010101110000000010011001001111100011
1001010011001010001010110000001101100000010000111101011
1001010011010100001101100110111001111000101011111101111
1001010011100011111001001100100000000111010100010000110
1001010011100101000011101100110111010000010000110100000
1001010011101011110000100000011011000000110101000101001
1001010011111010101111111011001110010010010111001111000
1001010011111011111101010001111001110110011011000010101
1001010100000000111001001100000001011001110001110110110
1001010100100111100001100111110101000110111001111111101
1001010100110001001001000001001000101011110111000000111
1001010100110111111110011101100010101111100110000111100
1001010100111100000011101111010100010010000010010010001
1001010101000111110110111101111000110110011000100101111
1001010101011001000010000100001100101110000111111001000
1001010101011011101100000011110001011001111011110111101
1001010101110001101100011010010011011111111110001011011
1001010101111101011011111010011001100100001110001111110
1001010111010110011010110001010000111101111110010011111
1001010111011000101111010000010001000011000111100000100
1001010111100100110010001100001110101000000100000110101
1001010111110000101100111001000110101111011111101100101
1001010111110011011111101001000111010111100101100100011
1001011000010001010111000000001001100100111110001110010
1001011000010100011101101000000100110000010101100011101
1001011000011101111101110011001011111010101111010000101
1001011000110110001110101010011101101000111111111101100
1001011001000000100001010011101100011001011110000010101
1001011001000111001010111110011011111101001000111010111
1001011001010111110000101100111001000110101111011111101
1001011001011110100001010100000101100110001000001000111
1001011001110000101010001101101110110000000110010000010
1001011001111101011100010010111000001101110011101111110
1001011010000001000110001001111100010110111000101000001
1001011010101111111100011011001111111010011000111000100
1001011010110001110000011011001101111111100010101110111
1001011010111110110011111110010001001001110101011110001
1001011011001000000000011101001000110101010001110010011
1001011011011100011100110100000001100100111000000001010
1001011100000000001001101101001110010011100010101011000
1001011100000000010100100011001101000101001111001000111
1001011100000110111001110111111010010110011111010111000
1001011100001111110010001001010101011001000010000100001
1001011100111100010010100111110101011111110110011100100
1001011101011000011011100001101000111111111010110111001
1001011110000010101100101100100000010000101001110110001
1001011110100001010100000101100110001000001000111100101
1001011111001010101000111110110111101111000110110011000
1001011111010101111010000101100101100001110111110111001
1001011111011010110001101011110001001100100010111110111
1001011111011010111110101010010111111000111000010011001
1001011111100011100001001100110010111110110101111101010
1001011111101100111110101001110001001101001111010111000
1001011111101110011101100000111010010001110101111100110
1001011111110011011000111111110101011010010010001110001
1001100000001011001110001110110110100101010000000011100
1001100000001101110110110001010100001110011010010100000
1001100000101000111011010001111100100011000100000010110
1001100000101011000111011001011000010100011101101000000
1001100000101011100100011000000001001101010110110000111
1001100001000010000100110101010100100010011111100001110
1001100001111001001010100110111111110011101100010101111
1001100010000010001111001011001011110100001010100000101
1001100010010010000010010001010111101110000001111001010
1001100010010100000000011101001111000100111100101000101
1001100010010111110010101010001111101101111011110001101
1001100011011011010001100001110110101100000101010000000
1001100011011100101000010000001001101001101010000011110
1001100011100010010010110101011111111000110110011111110
1001100011110101011100100100010011111110011011111010110
1001100100000000111010100010000110100101001110001111100
1001100100001110001111110100101010111110101101111101001
1001100100010111110111100101111101101011000110101111000
1001100100011000011101010000001000001101011001010111100
1001100100011110101100011010110111110100111101111101000
1001100100111000010000100100000111010101011000001011011
1001100100111101010011010110000010000001010111000011000
1001100100111110001110010100101100001000101011100000000
1001100101000101011000000110110000001000011110101110010
1001100101001110101111000010000001101100000011010100010
1001100101110101100001101110000110100011111111101011011
1001100101111101010111101000010110010110000111011111011
1001100101111101101011111010101001011111100011100001001
1001100110010000111000111111010010101011111010110111110
1001100110010111110110101111101010100101111110001110000
1001100110100000100101000001010101101000000111000111101
1001100110111100011100000010110101010000010100100000101
1001100111011010000011010101011100000100100001000011100
1001100111011010111111111000101100001110110000110101110
1001100111011111011100001101001101000010111101010111110
1001101000000011001001110000000010101001011011011100011
1001101000001001010000010101011010000001110001111011001
1001101000001010100001011110100110100111100010000010001
1001101000010111101010111110100110011101111101110000110
1001101000011111010100110100110111111011110101100010011
1001101000101001111001000111100101110000000001010010001
1001101000111100000011011101101010101001101111011110111
1001101001010000010011000000011011101101100010101000011
1001101001011111101110011101100000111010010001110101111
1001101001101010000011110100110001101110010100001000000
1001101001101111110111101011000100111001101000011111010
1001101001111000100000100011001101000001010100001011110
1001101001111010111000100101111110110011111010100111000
1001101010000011110100110001101110010100001000000100110
1001101010000110110011011100111100010101111110111110010
1001101010101001000100111111000011101001100001000010000
1001101010110000111111000100001010111011011111011011011
1001101010110110000111100110000010101110010001100000000
1001101011000001000000101011100001100010011001001111010
1001101011000101000011110111111001001111110010101110101
1001101011101010011111100100111111011110000101000110101
1001101100000111000110101101001111011101010001111111101
1001101100001010110010100111110111111010100011110011101
1001101100011110111101101111100010101010011111010010001
1001101100011111111010101101001001000111000110010111111
1001101101001110010011100010101011000100101110000000000
1001101110000101001110010100100000101100001000001011101
1001101110001101010000011001000000101101110001010000110
1001101110011110001010111111011111001010011010100001101
1001101110100000100001101000001001010011100101000011101
1001101111000111000000101101010100000101001000001011001
1001101111011110111100110100011110000001101110110101010
1001101111101011010011000111101010111001001000100111111
1001101111110100100011101011110010110010001110010101111
1001101111110111101011000100111001101000011111010100110
1001101111111010101111100101001000111100111010010010011
1001101111111100010101110111100101101011000111000001101
1001101111111100111011000101011111001100001111001001010
1001101111111111000101101110010101011100011011000110100
1001110000000010101001011011011100011100110100000001100
1001110000100001001000001110101010110000010110111001100
1001110000101010001101101110110000000110010000010100101
1001110000111110100001001001001110101000001000100001011
1001110000111110110110101000100111010000101111101110111
1001110001001101001111010111000100101111110110011111010
1001110001010101100010010111000000000010011011010011100
1001110001110110110100101010000000011100100110000000101
1001110001111100100110010000000011101010001000011010010
1001110010001101011110111111011001011001010111110000101
1001110010010010111001111000100101001111101010111111101
1001110010011100010101011000100101110000000000100110110
1001110010100001110110011011101000001000011010000010010
1001110010100100000101100001000001011101100110111000010
1001110010110110010000000000111010010001101010100011100
1001110011010000111110101001101001101111110111101011000
1001110011011111110101011111001010010001111001110100100
1001110100001000100000101011100100100100001011111000011
1001110100001011111011101111001110000111110110110101000
1001110100100100111001101111111010101111100101001000111
1001110101000001000100001011100111000011111010000100100
1001110101000001100111100001101101010110010000000011000
1001110101011110001100101101011111011001111111001000100
1001110101111000010000001101100000011010100010100110010
1001110110000011101001000111010111110011010010111111011
1001110110001010111110011000011110010010101001101111111
1001110110001100101111000001010110010110010000001000010
1001110110011011000010101100101001111101111110101000111
1001110110100000110101010111000001001000010000111001001
1001110110100011111111110110010010110001101100011101010
1001110110101111111110001011000011101100001101011101001
1001110110110111110110111010100001000111111000011010101
1001110111110111000011010011010000101111010101111101001
1001110111111010010110011111010111000100101110000011011
1001111000000111011110101000100100000100100100011001010
1001111000011001111101010001101110011111111011001010100
1001111000011011010101100100000000110001001110101000001
1001111000100000100011001101000001010100001011110100110
1001111000100101001111101010111111101100111001001001011
1001111000100111100101000101100110001001010000000001110
1001111000101011111101111100101001101010000110110011011
1001111001000111100101110000000001010010001100110100010
1001111001010001011001100010010100000000011101001111000
1001111010100110101100000100000010101110000110001001100
1001111010111000100101111110110011111010100111000100110
1001111011101010001111111101100110110000011100011010110
1001111011101111101000010111001000101011011011111000011
1001111011110111101100101010101101110110000001111000101
1001111011111010001001100100011110101100011010110111110
1001111100010110111000101000001100101101000000100011000
1001111100011100101001011000010001010111000000001001100
1001111101001000110011011000111101111011011111000101010
1001111101010001101110011111111011001010100100111100001
1001111101010011100010011010011110101110001001011111101
1001111101010111111101100111001001001011100111100010010
1001111101011100010010111000001101110011101111110100101
1001111101111110101000111100111011001101100001010110010
1001111110000111010011000010000100001001101010101001000
1001111110010011111101111000010100011010110011010111010
1001111110010101110101100110101100010100001111011111100
1001111110111100001010001101011001101011101010011111100
1001111111001000100100111010101111000110010110101111101
1001111111001101111101011010011000111101010111001001000
1001111111010011000111000100100101101010111111110001101
1001111111101100101010010011110000110011111010100011011
1010000000001110100111100010011110010100010110011000100
1010000000011100100110000000101100111000111011011010010
1010000000100110001101101101000110000111011010110000010
1010000000110010011100000000101010010110110111000111001
1010000001000001101011001010111100100110010001100001110
1010000001000110001001111100010110111000101000001100101
1010000001001100000101011000111011001011000010100011101
1010000001110001111011001100110100000100101000001010101
1010000010000110100000100101001110010100001110110011011
1010000010001000010111001110000111110100001001001001110
1010000010001000011000111100000100100101011101100010111
1010000010010100000101010110100000011100011110110011001
1010000010010100111001010000111011001101110100000100001
1010000010011000000011011101101100010101000011100110100
1010000010100100000101100110011011110001110000001011010
1010000010101000010111101001101001111000100000100011001
1010000010101011010000001110001111011001100110100000100
1010000010110011000100000100011110010110010111101000010
1010000011001000000101101110001010000110100110111000110
1010000011001011010000001000110001001111100010110111000
1010000011001111000011011010101100100000000110001001110
1010000011010101011100000100100001000011100100110011101
1010000011010110111000011000101101101100011001000000010
1010000011110001100010111101110111110101000110110110111
1010000011110100110001101110010100001000000100110100110
1010000100000010011010011010100000111101001100011011100
1010000100010000010101110010010010000101111100001110011
1010000100011111100001101010110011101101101111101101110
1010000100100100111010100000100010000101110011100001111
1010000101010000010110011000100000100011110010110010111
1010000101100101100001110111110111001100101111101010111
1010000101110010001010110110111110000111001111011101111
1010000101111010011010011110001000001000110011010000010
1010000101111010101111101001100111011111011100001101001
1010000101111101110111100111000011111011011010100010011
1010000110100110111000110101000001100100000010110111000
1010000110110011011100111100010101111110111110010100110
1010000111001101001010000010011000000011011101101100010
1010000111011001101110100000100001101000001001010011100
1010000111101111110010011111100101011101011001101011000
1010000111110101001101001101111110111101011000100111001
1010001000011010010100111000111110010011001000000001110
1010001001000001001001000110010101001111000000111011110
1010001001100100011110101100011010110111110100111101111
1010001001110100001011111011101111001110000111110110110
1010001010011001010011101011110000100000011011000000110
1010001010011110010001111001011100000000010100100011001
1010001010110000001101100000010000111101011100101001100
1010001011001100010010100000000011101001111000100111100
1010001100001110110101100000101010000000100110001101101
1010001100011110000010111101101101100010101111101110111
1010001101011001101011101010011111100100111111011110000
1010001101101101111010000011110001100010111101110111110
1010001101101110110000000110010000010100101100111000010
1010001101110011111111011001010100100111100001100111110
1010001101110101001001000001111000110000100010000010111
1010001110010011100101101100100000000001110100100011010
1010001110110100000010011000001010110001110110010110000
1010001110110100011111001000110001000000101101001100000
1010001111000000110111011010101010011011110111101111001
1010001111001110110011011000010101100101001111101111110
1010001111100100011000100000010110100110000010100011101
1010001111101101111011110001101100110001001011111001010
1010001111111101100110110000011100011010110100111101110
1010001111111110101101110011001011101011000011011100001
1010001111111111011001001011000110110001110101010011101
1010010000010110000100000101110110011011100001010011100
1010010000010110011001101111000111000000101101010100000
1010010001001111110000111010011000010000100001001101010
1010010001100110100010100111100100011110010111000000000
1010010001100110110001111011110110111110001010101001111
1010010001101010100011100100111001011011001000000000011
1010010001110101111001011001000111001010111110011011111
1010010001110101111100110100101111110111001110110000011
1010010001111001110100100100111001101111111010101111100
1010010010000011110001100001000100000101111010001101110
1010010010001110001100101111111001101100011111111010101
1010010010011100110111111101010111110010100100011110011
1010010011011111111110001011011100101010111000110110001
1010010011110000110011111010100011011100111111110110010
1010010100000100110000000110111011011000101010000111001
1010010100111000111110010011001000000001110101000100001
1010010101000000001110010011000000010110011100011101101
1010010101011111010110111110100110011001000011100011111
1010010110000100010101110000000010011001001111100011100
1010010110011100001010100011011011101100000001100100000
1010010110011111010111000100101110000011011100111011111
1010010110110111000111001101000000011001001110000000010
1010010111111000111000010011001100101111101101011111010
1010010111111011100111011000001110100100011101011111001
1010011000001010001110110100011111001000110001000000101
1010011000010000100001001101010101001000100111111000011
1010011000100100100000100100010101111011100000011110010
1010011000110111001010000100000010011010011010100000111
1010011000111000100100101101010111111110001101100111111
1010011000111101010111001001000100111111100110111110101
1010011001010001010110000001101100000010000111101011100
1010011001010011101011110000100000011011000000110101000
1010011001100100001110001111110100101010111110101101111
1010011001110110101111111110001011000011101100001101011
1010011001110111110111000011010011010000101111010101111
1010011010000101111010101111101001100111011111011100001
1010011010011011111101111010110001001110011010000111110
1010011010011110001000001000110011010000010101000010111
1010011010100000111101001100011011100101000010000001001
1010011010100001101100110111001111000101011111101111100
1010011010110000010000001010111000011000100110010011110
1010011011100011010100000110010000001011011100010100001
1010011011110111101111001101000111100000011011101101010
1010011011111101111010110001001110011010000111110101001
1010011011111111001110110001010111110011000011110010010
1010011100010011010011110101110001001011111101100111110
1010011100011111001001100100000000111010100010000110100
1010011100100111000101010110001001011100000000001001101
1010011100101000011101100110111010000010000110100000100
1010011100101001000001011000010000010111011001101110000
1010011101011110000100000011011000000110101000101001100
1010011101100011001011110000010101100101100100000010000
1010011101101000111111111101100100101100011011000111010
1010011110000001110111101010001001000001001001000110010
1010011110001000001000110011010000010101000010111101001
1010011110001001111001010001011001100010010100000000011
1010011110010001111001011100000000010100100011001101000
1010011110101110001001011111101100111110101001110001001
1010011110111010100011111111011001101100000111000110101
1010011110111110100010011001000111101011000110101101111
1010011111010010001100110110001111011110110111110001010
1010011111010101111111011001110010010010111001111000100
1010011111011111101010001111001110110011011000010101100
1010011111100100111111011110000101000110101100110101110
1010100000000111001001100000001011001110001110110110100
1010100000001001100011011011010001100001110110101100000
1010100000010000011010110010101111001001100100011000011
1010100000100010000101110011100001111101000010010010011
1010100000101001000001011001100110111100011100000010110
1010100000101100110001000001000111100101100101111010000
1010100000110010000001011011100010100001101001101110001
1010100000110011110000110110101011001000000001100010011
1010100000110101101110000110001011011011000110010000000
1010100000111101001100011011100101000010000001001101001
1010100001000111111000011010101100111011011011111011011
1010100001011110100110100111100010000010001100110100000
1010100001101100110111001111000101011111101111100101001
1010100001110011010010100000100110000000110111011011000
1010100010000110100101001110001111100100110010000000011
1010100010010000010010010001100101010011110000001110111
1010100010011101000010111110111011110011100001111101101
1010100010100110010100111010111100001000000110110000001
1010100011011011011110100000111100011000101111011101111
1010100011011011101100000001100100000101001011001110000
1010100011011100111111110110010101001001111000011001111
1010100011100100111001011011001000000000011101001000110
1010100011110011101100110110000101011001010011111011111
1010100011111011011110111100011011001100010010111110010
1010100011111111011001101100000111000110101101001111011
1010100100010011111100001110100110000100001000010011010
1010100100100000111100011000010001000001011110100011011
1010100100111100001100111110101000110111001111111101100
1010100101101101110001110011010000000110010011100000000
1010100101111110001110000100110011001011111011010111110
1010100110001001001000001001000101011110111000000111100
1010100110100110111111011110101100010011100110100001111
1010100110101100000100000010101110000110001001100100111
1010100110111101111011110011010001111000000110111011010
1010100110111111110011101100010101111100110000111100100
1010100111000100110100111101011100010010111111011001111
1010100111011010001111111111011001001011000110110001110
1010100111100000011101111010100010010000010010010001100
1010100111110100100011001101100011110111101101111100010
1010100111111001001111110111100001010001101011001101011
1010101000001010010000010110011001101111000111000000101
1010101000111001001110010110110010000000000111010010001
1010101000111110110111101111000110110011000100101111100
1010101001000100111111000011101001100001000010000100110
1010101001011111100011100001001100110010111110110101111
1010101001101111011110111100110100011110000001101110110
1010101001110110100011111111110110010010110001101100011
1010101001111101001000110011011000111101111011011111000
1010101010010001001111110000111010011000010000100001001
1010101010011011110111101111001101000111100000011011101
1010101011000001011011100110010011100001000010010000011
1010101011001000010000100001100101110000111111001000100
1010101011011101100000011110001011001111011110111101100
1010101011100000100100001000011100100110011101101000001
1010101100000101101110011001001110000100001001000001110
1010101100001111110001000010101110110111110110110111001
1010101100010010111000000000010011011010011100100111000
1010101100100000000110001001110101000001100111100001101
1010101100100001000010000110010111000011111100100010010
1010101100111011011011111011011101010000100011111100001
1010101101000000111000111101100110011010000010010100000
1010101101001001000111000110010111111100110110001111111
1010101101100001111001100000101011100100011000000001001
1010101101110110000001111000101100111101111011110110010
1010101110000010010000100001110010011001110110100000110
1010101110001101100011010010011011111111110001011011100
1010101110010010001001111111001101111101011010011000111
1010101111000110010110101111101100111111100100010010011
1010101111010000101100101100001110111110111001100101111
1010101111100101001000111100111010010010011100110111111
1010101111101001100111011111011100001101001101000010111
1010101111101011011111010011001100100001110001111110100
1010101111111011001110010010010111001111000100101001111
1010101111111100011011001111111010011000111000100100101
1010110000001101100000010000111101011100101001100101000
1010110000010000001010111000011000100110010011110101001
1010110000010101000000010011000110110110100011000011101
1010110000010110111001100100111000010000100100000111010
1010110000110111000011010001111111110101101110011001011
1010110000111111000100001010111011011111011011011100110
1010110001001011100000000001001101101001110010011100010
1010110001001110011010000111110101001101001101111110111
1010110001010000111101111110010011111100101011101011001
1010110001101011011111010011110111110100010011001000111
1010110001101011110001001100100010111110111100101111101
1010110001110000011011001101111111100010101110111100101
1010110001110110010110000101000111011010000001001100000
1010110010000000011000100111010100000110011110000110110
1010110010000100001000011001011100001111110010001001010
1010110010100111110111111010100011110011101100110110000
1010110010101111001001100100011000011101010000001000001
1010110010110010000001000010100111011000110010111100000
1010110011010110001010000111101111110010011111100101011
1010110011010111010100111111001001111110111100001010001
1010110011101101101111101101110101000010001111110000110
1010110100000011100011110110011001101000001001010000010
1010110100100100011100011001011111110011011000111111110
1010110100110001111010101110010010001001111111001101111
1010110100111101110101000111111110110011011000001110001
1010110110000111100110000010101110010001100000000100110
1010110110111110000111001111011101111101000010111001000
1010110111000011000101101101100011001000000010101000001
1010110111001100101110101100001101110000110100011111111
1010110111011000000111100010110011110111101111011001010
1010110111110100110011001000011100011111101001010101111
1010110111110100111101111101000100110010001111010110001
1010111000000001001100100111110001110010100101100001000
1010111000001001000010000111001001100111011010000011010
1010111000011000100110010011110101001101011000001000000
1010111000100101110000011011100111011111101001011001111
1010111000100101111110110011111010100111000100110100111
1010111000110110001101001001101111111111000101101110010
1010111001000110000000010011010101101100001111001100000
1010111001001000100111111100110111110101101001100011110
1010111001001001000010111110000111001110100001000100000
1010111001010011001010001010110000001101100000010000111
1010111010011001110110101111111110001011000011101100001
1010111010100111111001001111110111100001010001101011001
1010111010110011010110001010000111101111110010011111100
1010111011000101111010000010001000011000111100000100100
1010111011011111011011011100110101011000011111100010000
1010111011110010110101100011100000110110011011111111000
1010111100001000000110110000001101010001010011001010011
1010111100010011001000101111101111001011111011010110001
1010111100011001011010111110110011111110010001001001110
1010111100100110010001100001110101000000100000110101100
1010111100101100100011100101011111001101111110100100011
1010111101000010110010110000111011111011100110010111110
1010111101110000001111001010100110001001001000001001000
1010111101111110110010110010101111100001011001110010001
1010111110000101100111001000110101111011111101100101100
1010111110010100100011110011101001001001110011011111110
1010111110011000011110010010101001101111111100111011000
1010111110011010010111111011100111011000001110100100011
1010111110011011111101001000111010111100101100100011100
1010111110100110011101111101110000110100110100001011110
1010111110101010010111111000111000010011001100101111101
1010111110101101111101001100110010000111000111111010010
1010111110110011111110010001001001110101011110001100101
1010111110111011110100011000111100000101111011011011000
1010111111011111001010011010100001101100110111001111000
1010111111101100111001001001011100111100010010100111110
1010111111110001101100111111101001100011100010010010110
1010111111111000101100001110110000110101110100110011101
1011000000011001000001010010110011100001010100011011011
1011000000100001111010111001010011001010001010110000001
1011000000110101000101001100101001110101111000010000001
1011000000110110000001000011110101110010100110010100010
1011000000111100010110011110111101111011001010101011011
1011000001000000101011100001100010011001001111010100110
1011000001010100000001001100011011011010001100001110110
1011000001011011100110010011100001000010010000011101010
1011000001110001101011010011110111010100011111111011001
1011000001110100100011101011111001101001011111101110011
1011000010000010111011001101110000101001110010100100000
1011000010001010111000000001001100100111110001110010100
1011000010100011101101000000100110000010101100011101100
1011000010101100101001111101111110101000111100111011001
1011000011010111010011001110110101111111110001011000011
1011000011011100001101000111111111010110111001100101110
1011000011101100001101011101001100111011010111111111000
1011000011101111101110011001011111010101111010000101100
1011000011110011000001010111001000110000000010011010101
1011000011111100010000101011101101111101101101110011010
1011000100101110000000000100110110100111001001110001010
1011000100111001101000011111010100110100110111111011110
1011000101000011110111111001001111110010101110101100110
1011000101010000111001101001010000010011000000011011101
1011000101011111001100001111001001010100110111111110011
1011000101011111011101111010001100011110000010111101101
1011000101111010000010001000011000111100000100100101011
1011000110010000000101010000011010110111000011000101101
1011000110010111100000101011001011001000000100001010011
1011000110100100110111111111100010110111001010101110001
1011000110101101111101001111011111010001001100100011110
1011000110101111000100110010001011111011110010111110110
1011000110110001110101010011101101000111111111101100100
1011000111000001101100110111111110001010111011110010110
1011000111010101001110110100011111111110110010010110001
1011000111011001011000010100011101101000000100110000010
1011000111101111011011111000101010100111110100100011001
1011000111111110101011010010010001110001100101111111001
1011001000000000011101001000110101010001110010011100101
1011001000000001100010011101010000011001111000011011010
1011001000000100001010011101100011001011110000010101100
1011001000010000100001100101110000111111001000100101010
1011001000111001010111110011011111101001000111010111100
1011001001011000110110001110101010011101101000111111111
1011001010011111011111101010001111001110110011011000010
1011001010100100111100001100111110101000110111001111111
1011001010101011011101100000011110001011001111011110111
1011001010111100100110010001100001110101000000100000110
1011001010111110000101100111001000110101111011111101100
1011001011000010100011101101000000100110000010101100011
1011001011000011101111101110011001011111010101111010000
1011001011001000000100001010011101100011001011110000010
1011001011001010111110000101100111001000110101111011111
1011001011110100001010100000101100110001000001000111100
1011001100010000010001111001011001011110100001010100000
1011001100010010100000000011101001111000100111100101000
1011001100010010111110010101010001111101101111011110001
1011001100110100000100101000001010101101000000111000111
1011001100110111100011100000010110101010000010100100000
1011001101011000101000011110111111001001111110010101110
1011001101011101010011111100100111111011110000101000110
1011001101100000111000110101101001111011101010001111111
1011001101100001010110010100111110111111010100011110011
1011001101110000101001110010100100000101100001000001011
1011001101110011110001010111111011111001010011010100001
1011001101110100000100001101000001001010011100101000011
1011001101111111100010101110111100101101011000111000001
1011001110000101010001101101110110000000110010000010100
1011001110001110110110100101010000000011100100110000000
1011001110010001101011110111111011001011001010111110000
1011001110010010010111001111000100101001111101010111111
1011001110110110111110110111010100001000111111000011010
1011001111011110111101100101010101101110110000001111000
1011001111101010011100010011010011110101110001001011111
1011001111101011100010010111000001101110011101111110100
1011001111111001000100100111010101111000110010110101111
1011001111111010011000111000100100101101010111111110001
1011010000001000110001001111100010110111000101000001100
1011010000001001100000101011000111011001011000010100011
1011010000001110001111011001100110100000100101000001010
1011010000011010101011100000100100001000011100100110011
1011010001100001110110101100000101010000000100110001101
1011010001111100100011000100000010110100110000010100011
1011010001111111111011001001011000110110001110101010011
1011010010010001110001100101111111001101100011111111010
1011010010101000000001110010011000000010110011100011101
1011010011000001010001110110100011111001000110001000000
1011010011000111101010111001001000100111111100110111110
1011010011100100111000101010110001001011100000000001001
1011010011110111010100011111111011001101100000111000110
1011010100010011101000010111110111011110011100001111101
1011010101000001010010000010110011001101111000111000000
1011010101010011011110111101111001101000111100000011011
1011010101100100000000110001001110101000001100111100001
1011010101111111100011011001111111010011000111000100100
1011010110000010101000000010011000110110110100011000011
1011010110001101011110001001100100010111110111100101111
1011010110001110000011011001101111111100010101110111100
1011010111110101010010111111000111000010011001100101111
1011010111110110011111110010001001001110101011110001100
1011010111111111000101100001110110000110101110100110011
1011011000011110011000001010111001000110000000010011010
1011011000101010000111001101001010000010011000000011011
1011011000101011111011101111010001100011110000010111101
1011011000110010000000101010000011010110111000011000101
1011011001000000000011101001000110101010001110010011100
1011011010001100001110110101100000101010000000100110001
1011011010010101000000001110010011000000010110011100011
1011011010100010011101000010111110111011110011100001111
1011011011000101011111011101111010001100011110000010111
1011011011000110010000000101010000011010110111000011000
1011011011100011100110100000001100100111000000001010100
1011011011100110101011000011111100010000101011101101111
1011011011110100000111100011000101111011101111101010001
1011011011111000011100111101110111110100001011100100010
1011011011111011011101010000100011111100001101010110011
1011011100001100010110110110001100100000001010100000110
1011011100010100000110010110100000010001100010011111000
1011011100010100001101001101110001101010000011001000000
1011011100011100110100000001100100111000000001010100101
1011011100101010111000110110001101001001101111111111000
1011011100110010011100001000010010000011101010101100000
1011011100110010111010110000110111000011010001111111110
1011011100110101011000011111100010000101011101101111101
1011011101010000100011111100001101010110011101101101111
1011011101100000001100100000101001011001110000101010001
1011011101100000011110001011001111011110111101100101010
1011011110100000111100011000101111011101111101010001101
1011011110111100011011001100010010111110010101010001111
1011011111000011100111101110111110100001011100100010101
1011011111000101010100111110100100011001101100011110111
1011011111010011001100100001110001111110100101010111110
1011011111010011110111110100010011001000111101011000110
1011011111011011011100110101011000011111100010000101011
1011011111011011101010000100011111100001101010110011101
1011100000000001001101101001110010011100010101011000100
1011100000000010100100011001101000101001111001000111100
1011100000000100110010011111000111001010010110000100010
1011100000011110010101001100010010010000010010001010111
1011100000100100001000011100100110011101101000001101010
1011100000110111001110111111010010110011111010111000100
1011100001010011100101001000001011000010000010111011001
1011100001100010011001001111010100110101100000100000010
1011100001100010110110110001100100000001010100000110101
1011100001101000111111111010110111001100101110101100001
1011100001101001101000010111101010111110100110011101111
1011100001111110010001001010101011001000010000100001100
1011100010010111000001101110011101111110100101100111110
1011100010010111111011001111101010011100010011010011110
1011100010100000110010110100000010001100010011111000101
1011100010100001101001101110001101010000011001000000101
1011100011010100000110010000001011011100010100001101001
1011100011011000110100100110111111111100010110111001010
1011100011100110100000001100100111000000001010100101101
1011100100010101101101111100001110011110111011111010000
1011100100011000000001001101010110110000111100110000010
1011100100100010011111110011011111010110100110001111010
1011100100100100001011111000011100111010000100010000010
1011100101000010000001001101001101010000011110100110001
1011100101001100101000101011000000110110000001000011110
1011100101010111000110110001101001001101111111111000101
1011100110010011100001000010010000011101010101100000101
1011100110010111010110000110111000011010001111111110101
1011100110010111110101011110100001011001011000011101111
1011100110101011000011111100010000101011101101111101101
1011100111000011111010000100100100111010100000100010000
1011100111011000001110100100011101011111001101001011111
1011100111011111101001011001111101011100010010111000001
1011100111100010010100111110101011111110110011100100100
1011100111100010101111110111110010100110101000011011001
1011100111111110110010101001001111000011001111101010001
1011101000001000011010000010010100111001010000111011001
1011101001100111011010111111111000101100001110110000110
1011101010000100011111100001101010110011101101101111101
1011101010001111111101100110110000011100011010110100111
1011101010010010000011110001100001000100000101111010001
1011101010011111100100111111011110000101000110101100110
1011101011000011011100001101000111111111010110111001100
1011101011001101011000101000011110111111001001111110010
1011101100000001100100000101001011001110000101010001101
1011101100000011110001011001111011110111101100101010101
1011101100010111101000001000100001100011110000010010010
1011101100110111000010100111001010010000010110000100000
1011101101010101001101111011110111100110100011110000001
1011101101100010101000011100110100101000001001100000001
1011101101111101101101110011010101100001111110001000010
1011101111001011010110001110000011011001101111111100010
1011101111001110000111110110110101000100111010000101111
1011101111010001100011110000010111101101101100010101111
1011101111101000010111001000101011011011111000011100111
1011101111101010001101101101111010000011110001100010111
1011110000010101100101100100000010000101001110110001100
1011110000100000011011000000110101000101001100101001110
1011110000101000110101100110101110101001111110010011111
1011110001001100100010111110111100101111101101011000110
1011110001100101101011111011001111111001000100100111010
1011110001101100110001001011111001010101000111110110111
1011110001110000001011010101000001010010000010110011001
1011110010011001000110000111010100000010000011010110010
1011110010110010001110010101111100110111111010010001110
1011110010110101100011100000110110011011111111000101011
1011110010111110110101100011010111100010011001000101111
1011110011010001111000000110111011010101010011011110111
1011110011100001111101101101010001001110100001011111011
1011110100000100010000110001111000001001001010111011000
1011110100000111100011000101111011101111101010001101101
1011110100001010100000101100110001000001000111100101100
1011110100001011001011000011101111101110011001011111010
1011110100011000111100000101111011011011000101011111011
1011110100011011101010010010000011110001100001000100000
1011110100110100111100010000010001100110100000101010000
1011110101000100100000100100100011001010100111100000011
1011110101011111010011001110111110111000011010011010000
1011110101100010011100110100001111101010011010011011111
1011110110010101010110111011000000111100010110011110111
1011110110110110001010111110111011110100011000111100000
1011110110111110001010101001111101001000110011011000111
1011110111000000111100101010011000100100100000100100010
1011110111011111010100011011011011110100000111100011000
1011110111100011011001100010010111110010101010001111101
1011110111100110100011110000001101110110101010100110111
1011110111101100101010101101110110000001111000101100111
1011110111101111001101000111100000011011101101010101001
1011110111111011001011001010111110000101100111001000110
1011111000010110011100100011010111101111110110010110010
1011111000011100111010000100010000010101110010010010000
1011111000011100111101110111110100001011100100010101101
1011111000101010100111110100100011001101100011110111101
1011111001010010001111001110100100100111001101111111010
1011111001010011010100001101100110111001111000101011111
1011111001010101000111110110111101111000110110011000100
1011111001100001111001001010100110111111110011101100010
1011111001101001011111101110011101100000111010010001110
1011111001101111110100100011101011110010110010001110010
1011111010000101110010001010110110111110000111001111011
1011111010001001100100011110101100011010110111110100111
1011111010011001100100001110001111110100101010111110101
1011111010011001110111110111000011010011010000101111010
1011111010011110111110100010011001000111101011000110101
1011111010100011011011011110100000111100011000101111011
1011111010101001011111100011100001001100110010111110110
1011111010101111010000101100101100001110111110111001100
1011111010110100110001111010101110010010001001111111001
1011111010110111110100110011001000011100011111101001010
1011111011001111111001000100100111010101111000110010110
1011111011010110001101011110001001100100010111110111100
1011111011010111110101010010111111000111000010011001100
1011111011011011100110101011000011111100010000101011101
1011111011011101010000100011111100001101010110011101101
1011111011100001101001101000010111101010111110100110011
1011111011100110010111110101011110100001011001011000011
1011111011101111001110000111110110110101000100111010000
1011111011101111010001100011110000010111101101101100010
1011111011110010111110110101100011010111100010011001000
1011111100011100001001100110010111110110101111101010100
1011111100100111111001010111010110011010110001010000111
1011111101001000111010111100101100100011100101011111001
1011111101001011001111101011100010010111000001101110011
1011111101010001111001110110011011000010101100101001111
1011111101100101100101011111000010110011100100011010111
1011111101100111110101001110001001101001111010111000100
1011111101110011101100000111010010001110101111100110100
1011111101111010110001001110011010000111110101001101001
1011111101111100101001101010000110110011011100111100010
1011111110011011000111111110101011010010010001110001100
1011111110101011111001010010001111001110100100100111001
1011111110110011100100100101110011110001001010011111010
1011111111000101011101111001011010110001110000011011001
1011111111000110110011111110100110001110001001001011010
1011111111001110110001010111110011000011110010010101001
1011111111100010110000111011000011010111010011001110110
1011111111110001011011100101010111000110110001101001001
1100000000001001101101001110010011100010101011000100101
1100000000010100100011001101000101001111001000111100101
1100000000100110010011111000111001010010110000100010101
1100000000100110101011011000011110011000001010111001000
1100000000101010010110110111000111001101000000011001001
1100000001011001110001110110110100101010000000011100100
1100000001100100000101001011001110000101010001101101110
1100000001101110110110001010100001110011010010100000100
1100000010000111101011100101001100101000101011000000110
1100000010110101010000010100100000101100110011011110001
1100000011010100010100110010100111010111100001000000110
1100000011011000000100001111010111001010011001010001010
1100000011011101101010101001101111011110111100110100011
1100000011101111010100010010000010010010001100101010011
1100000011110001011001111011110111101100101010101101110
1100000011110010101001100010010010000010010001010111101
1100000100000010101110000110001001100100111101010011010
1100000100100001000011100100110011101101000001101010101
1100000100100101011101100010111101000001000100001100011
1100000101000111011010001111100100011000100000010110100
1100000101010000000100110001101101101000110000111011010
1100000101011000111011001011000010100011101101000000100
1100000101011001011001000000100001010011101100011001011
1100000101011100100011000000001001101010110110000111100
1100000101101110011001001110000100001001000001110101010
1100000101111011011011000101011111011101111010001100011
1100000110110011011111111000101011101111001011010110001
1100000110111001110111111010010110011111010111000100101
1100000111000110101101001111011101010001111111101100110
1100000111010010001110101111100110100101111110111001110
1100001000000110110000001101010001010011001010011101011
1100001000001011101100110111000010100111001010010000010
1100001000010000100110101010100100010011111100001110100
1100001000010010000011101010101100000101101110011001001
1100001000100000101111010001101110101001001000001111000
1100001000101011100000000100110010011111000111001010010
1100001001100110010111110110101111101010100101111110001
1100001010001101011001101011101010011111100100111111011
1100001010001110110100000010011000001010110001110110010
1100001010011100101001000001011000010000010111011001101
1100001010100011011011101100000001100100000101001011001
1100001010110010100111110111111010100011110011101100110
1100001011001110010001101011110111111011001011001010111
1100001100010011001001111010100110101100000100000010101
1100001100010110110110001100100000001010100000110101101
1100001100111110101000110111001111111101100101010010011
1100001101000111111111010110111001100101110101100001101
1100001101001101000010111101010111110100110011101111101
1100001101010110011101101101111101101110101000010001111
1100001101011101001100111011010111111111000101100001110
1100001101101010110010000000011000100111010100000110011
1100001101110000110100011111111101011011100110010111010
1100001110011101000010001000001010111001001001000010111
1100001110011110111011111010000101110010001010110110111
1100001110100110000100001000010011010101010010001001111
1100001110101000000100000110101100101011110010011001000
1100001110110000110101110100110011101101011111111100010
1100001110110101100000101010000000100110001101101101000
1100001110111110111001100101111101010111101000010110010
1100001111001001010100110111111110011101100010101111100
1100001111001100000101011100100011000000001001101010110
1100001111101000010010010011101010000010001000010111001
1100001111101101101010001001110100001011111011101111001
1100001111110001000010101110110111110110110111001101010
1100001111110010001001010101011001000010000100001100101
1100010000001011010011000001010001110110100011111001000
1100010000010001100110100000101010000101111010011010011
1100010000010001111001011001011110100001010100000101100
1100010000101011101101111101101101110011010101100001111
1100010010010000010010001010111101110000001111001010100
1100010010010110101011111111000110110011111110100110001
1100010010100000000011101001111000100111100101000101100
1100010010100111110101011111110110011100100100101110011
1100010010111000000000010011011010011100100111000101010
1100010010111000001101110011101111110100101100111110101
1100010010111110010101010001111101101111011110001101100
1100010010111111011001111101010011100010011010011110101
1100010011001000101111101111001011111011010110001101011
1100010011001001111010100110101100000100000010101110000
1100010011010011110101110001001011111101100111110101001
1100010011100110100001111101010011010011011111101111010
1100010011101010000011001111000011011010101100100000000
1100010011110010100010110011000100101000000000111010011
1100010011111000101101110001010000011001011010000001000
1100010100000110010110100000010001100010011111000101101
1100010100001101001101110001101010000011001000000101101
1100010100001111011111100100111111001010111010110011010
1100010101000011100110100101000001001100000001101110110
1100010101010011111010010001100110110001111011110110111
1100010101011000100101110000000000100110110100111001001
1100010101110111100101101011000111000001101100110111111
1100010101111100110000111100100101010011011111111001110
1100010101111101110111101000110001111000001011110110110
1100010101111110111110010100110101000011011001101110011
1100010110000111011000011010111010011001110110101111111
1100010110011110111101111011001010101011011101100000011
1100010110110110001100100000001010100000110101101110000
1100010110111000101000001100101101000000100011000100111
1100010110111001010101110001101100011010010011011111111
1100010111101000001000100001100011110000010010010101110
1100010111101110111110101000110110110111101000001111000
1100011000010001000001011110100011011101010010010000011
1100011000101111011101111101010001101101101111010000011
1100011001000000010101000001101011011100001100010110110
1100011001011010111110110011111110010001001001110101011
1100011001011110000010101100101100100000010000101001110
1100011001011111110011011000111111110101011010010010001
1100011010010011011111111110001011011100101010111000110
1100011010100000110010000001011011100010100001101001101
1100011010110100111101110101000111111110110011011000001
1100011010110111110100111101111101000100110010001111010
1100011010111100010011001000101111101111001011111011010
1100011011000110100100110111111111100010110111001010101
1100011011000111010101001110110100011111111110110010010
1100011011001100010010111110010101010001111101101111011
1100011011001111111010011000111000100100101101010111111
1100011011011010001100001110110101100000101010000000100
1100011011100101000010000001001101001101010000011110100
1100011100000010110101010000010100100000101100110011011
1100011100000110110011011111111000101011101111001011010
1100011100001001100110010111110110101111101010100101111
1100011100010010010110101011111111000110110011111110100
1100011100101001011000010001010111000000001001100100111
1100011100110100000001100100111000000001010100101101101
1100011101010100111011010001111111111011001001011000110
1100011101100101100001010001110110100000010011000001010
1100011101101101001010100000000111001001100000001011001
1100011110000010010010101110110001011110100000100010000
1100011110000010111101101101100010101111101110111101000
1100011110101011100100100010011111110011011111010110100
1100011110110011001101000001001010000010101011010000001
1100011110111101101111100010101010011111010010001100110
1100011111001001100100000000111010100010000110100101001
1100011111101001010101111101011011111010011001100100001
1100011111111010101101001001000111000110010111111100110
1100100000000001110100100011010101000111001001110010110
1100100000000110001001110101000001100111100001101101010
1100100000000111010100010000110100101001110001111100100
1100100000001010100000110101101110000110001011011011000
1100100000010000101001110110001100101111000001010110010
1100100000010110111000101000011010011011100011010100000
1100100000101001011001110000101010001101101110110000000
1100100001000010000110010111000011111100100010010101010
1100100001110001111110100101010111110101101111101001100
1100100010010011101010111100011001011010111110110011111
1100100010010101010110010000100001000011001011100001111
1100100010101101101111100001110011110111011111010000101
1100100010111110111100101111101101011000110101111000100
1100100011000000001001101010110110000111100110000010101
1100100011000011101010000001000001101011001010111100100
1100100011000100000010110100110000010100011101101000111
1100100011010111101111110110010110010101111100001011001
1100100011100101011111001101111110100100011101011110010
1100100011110010111000000000101001000110011010001010011
1100100011110101100011010110111110100111101111101000100
1100100100010011111110011011111010110100110001111010101
1100100100100001011111000011100111010000100010000010101
1100100100101110011110001001010011111010101111111011001
1100100101010011011111111001110110001010111110011000011
1100100101100011011000111010101001110110100011111111110
1100100110000000101100111000111011011010010101000000001
1100100110010000000011101010001000011010010100111000111
1100100110010001100001110101000000100000110101100101011
1100100110011101101000001101010101110000010010000100001
1100100111000000001010100101101101110001110011010000000
1100100111000010000100100000111010101011000001011011100
1100100111000101010110001001011100000000001001101101001
1100100111001011011001000000000011101001000110101010001
1100100111101010011010110000010000001010111000011000100
1100100111110001110010100101100001000101011100000000100
1100100111111001010111010110011010110001010000111101111
1100100111111011110000101000110101100110101110101001111
1100101000010000001001101001101010000011110100110001101
1100101000011101100110111010000010000110100000100101001
1100101000101011000000110110000001000011110101110010100
1100101000101100110001001010000000001110100111100010011
1100101001000001011000010000010111011001101110000101001
1100101001000111100111010010010011100110111111101010111
1100101001011000010001010111000000001001100100111110001
1100101001100101000101011000000110110000001000011110101
1100101001101010000110110011011100111100010101111110111
1100101001110101111000010000001101100000011010100010100
1100101001111101111110101000111100111011001101100001010
1100101010010011110000110011111010100011011100111111110
1100101010011000100100100000100100010101111011100000011
1100101010011110000001110111101010001001000001001001000
1100101010100011111011011110111100011011001100010010111
1100101010101101110110000001111000101100111101111011110
1100101010111000110110001101001001101111111111000101101
1100101011101011001101011000101000011110111111001001111
1100101011110010011001000110000111010100000010000011010
1100101011111000010110011100100011010111101111110110010
1100101011111001101111110100100011101011110010110010001
1100101100001010001110110100000010011000001010110001110
1100101100001110111110111001100101111101010111101000010
1100101100100000010000101001110110001100101111000001010
1100101100100011100101011111001101111110100100011101011
1100101100101011111000010110011100100011010111101111110
1100101100101111010000101010000010110011000100000100011
1100101101000000100011000100111110001011011100010100000
1100101101011000111000001101100110111111110001010111011
1100101101011111011001111111001000100100111010101111000
1100101101100100000000001110100100011010101000111001001
1100101110000000001010010001100110100010100111100100011
1100101110000111111001000100101010101100100001000010000
1100101110101100001101110000110100011111111101011011100
1100101111000001010110010110010000001000010100111011000
1100101111010000101010000010110011000100000100011110010
1100101111101010111101000010110010110000111011111011100
1100101111101101011000110101111000100110010001011111011
1100101111101101011111010101001011111100011100001001100
1100101111111001101100011111111010101101001001000111000
1100110000010101110010001100000000100110101011011000011
1100110000111100100101010011011111111001110110001010111
1100110001000001000111100101100101111010000101010000010
1100110001001010000000001110100111100010011110010100010
1100110001001011111001010101000111110110111101111000110
1100110010000111000111111010010101011111010110111110100
1100110010011100001000010010000011101010101100000101101
1100110010111010110000110111000011010001111111110101101
1100110010111110101011110100001011001011000011101111101
1100110010111110110101111101010100101111110001110000100
1100110011010000010010100000101010110100000011100011110
1100110011011110001110000001011010101000001010010000010
1100110100000001100100111000000001010100101101101110001
1100110100000100101000001010101101000000111000111101100
1100110100000101010000101111010011010011110001000001000
1100110100001111101010011010011011111101111010110001001
1100110100010100111100100011110010111000000000101001000
1100110100011110000001101110110101010100110111101111011
1100110100101000001001100000001101110110110001010100001
1100110100101111110111001110110000011101001000111010111
1100110101011000011111100010000101011101101111101101101
1100110101100010100001111011111100100111111001010111010
1100110101110101001111110010011111101111000010100011010
1100110110000011100011010110100111101110101000111111110
1100110110000101011001010011111011111101010001111001110
1100110110001111011110110111110001010101001111101001000
1100110110001111111101010110100100100011100011001011111
1100110111000010100111001010010000010110000100000101110
1100110111001111000101011111101111100101001101010000110
1100110111010000010000110100000100101001110010100001110
1100110111100011100000010110101010000010100100000101100
1100110111110101101001100011110101011100100100010011111
1100110111111010010001110101111001011001000111001010111
1100110111111101010111110010100100011110011101001001001
1100110111111110001010111011110010110101100011100000110
1100111000010101000110110111011000000011001000001010010
1100111000011111010000100100100111010100000100010000101
1100111000011111011011010100010011101000010111110111011
1100111000111011011010010101000000001110010011000000010
1100111001000110101111011111101100101100101011111000010
1100111001001001011100111100010010100111110101011111110
1100111010000100010000010101110010010010000101111100001
1100111010010010011100110111111101010111110010100100011
1100111011000001110100100011101011111001101001011111101
1100111011000101011111001100001111001001010100110111111
1100111011001101100001010110010100111110111111010100011
1100111011010000011010101011100000100100001000011100100
1100111011010111111111000101100001110110000110101110100
1100111011011011111011011101010000100011111100001101010
1100111011111011100001101001101000010111101010111110100
1100111011111101001011001111101011100010010111000001101
1100111100001101101010110010000000011000100111010100000
1100111100010010100111110101011111110110011100100100101
1100111100010101111110111110010100110101000011011001101
1100111101110111110100001011100100010101101101111100001
1100111101111011110110010101010110111011000000111100010
1100111110101000110111001111111101100101010010011110000
1100111110101001110001001101001111010111000100101111110
1100111110101110001001011100000110111001110111111010010
1100111111100100010010011101010111100011001011010111110
1100111111101001100011100010010010110101011111111000110
1100111111110110010101001001111000011001111101010001101
1101000000011001001110000000010101001011011011100011100
1101000000100011000100111110001011011100010100000110010
1101000000100110000010101100011101100101100001010001110
1101000000111000111101100110011010000010010100000101010
1101000001000011010000010010100111001010000111011001101
1101000001000100001100011110000010010010101110110001011
1101000001001010000010101011010000001110001111011001100
1101000001001010011100101000011101100110111010000010000
1101000001010100001011110100110100111100010000010001100
1101000001101010101110000010010000100001110010011001110
1101000001111000110001011110111011111010100011011011011
1101000010001000001010111001001001000010111110000111001
1101000010010010011101010000010001000010111001110000111
1101000010101000001011001100010000010001111001011001011
1101000010110010110000111011111011100110010111110101011
1101000010111001000101011011011111000011100111101110111
1101000010111101010111110100110011101111101110000110100
1101000010111110111011110011100001111101101101010001001
1101000011111010100110100110111111011110101100010011100
1101000100110010001111010110001101011011111010011110111
1101000101001111001000111100101110000000001010010001100
1101000110000111011010110000010101000000010011000110110
1101000110001111000001011110110110110001010111110111011
1101000110111010100100100000111100011000010001000001011
1101000111100000011011101101010101001101111011110111100
1101000111110010001100010000001011010011000001010001110
1101000111111111010110111001100101110101100001101110000
1101000111111111101100100101100011011000111010101001110
1101001000110011011000111101111011011111000101010100111
1101001000110101010001110010011100101101100100000000001
1101001000111010111100101100100011100101011111001101111
1101001000111010111110011010010111111011100111011000001
1101001001000111000110010111111100110110001111111101010
1101001001001110011011111110101011111001010010001111001
1101001001101111111111000101101110010101011100011011000
1101001010000010011000000011011101101100010101000011100
1101001010011100011111001001100100000000111010100010000
1101001010100000000111001001100000001011001110001110110
1101001010101111101011011111010011001100100001110001111
1101001011001111101011100010010111000001101110011101111
1101001011111101110011101100000111010010001110101111100
1101001100000101000111011010001111100100011000100000010
1101001100001000010000100110101010100100010011111100001
1101001100011011100101000010000001001101001101010000011
1101001100011100010010010110101011111111000110110011111
1101001100011110101011100100100010011111110011011111010
1101001100110010000111000111111010010101011111010110111
1101001100111011010111111111000101100001110110000110101
1101001100111011111011100001101001101000010111101010111
1101001101000010111101010111110100110011101111101110000
1101001101001111000100000100011001101000001010100001011
1101001101010000011110100110001101110010100001000000100
1101001101110001101010000011001000000101101110001010000
1101001101111110111101011000100111001101000011111010100
1101001110010011100010101011000100101110000000000100110
1101001111000100000100011001101000001010100001011110100
1101001111000100111100101000101100110001001010000000001
1101001111010111000100101111110110011111010100111000100
1101001111011101010001111111101100110110000011100011010
1101001111011111010001001100100011110101100011010110111
1101010000001000001101011001010111100100110010001100001
1101010000010001000010111001110000111110100001001001001
1101010000011001000000101101110001010000110100110111000
1101010000011001111000011011010101100100000000110001001
1101010000011110100110001101110010100001000000100110100
1101010000100011111100001101010110011101101101111101101
1101010000110110011011100111100010101111110111110010100
1101010001000011010010100111000111110010011001000000001
1101010001001000001001001000110010101001111000000111011
1101010001001110100001011111011101111001110000111110110
1101010001010011001010011101011110000100000011011000000
1101010001101101101111010000011110001100010111101110111
1101010001101110011111111011001010100100111100001100111
1101010001111001110110011011000010101100101001111101111
1101010001111111101100110110000011100011010110100111101
1101010010010000011110001100001000100000101111010001101
1101010011010011011111101111010110001001110011010000111
1101010011010110000010000001010111000011000100110010011
1101010011100010011010011110101110001001011111101100111
1101010011111100100111111011110000101000110101100110101
1101010100000101001000001011001100110111100011100000010
1101010100011100100111001011011001000000000011101001000
1101010100101111110001110000100110011001011111011010111
1101010100111011010001111111111011001001011000110110001
1101010101001000100111111000011101001100001000010000100
1101010101001101111011110111100110100011110000001101110
1101010101100000101101110011001001110000100001001000001
1101010101110000010010000100001110010011001110110100000
1101010110000111111000100001010111011011111011011011100
1101010110010000000011000100111010100000110011110000110
1101010110011101101101111101101110101000010001111110000
1101010110100100100011100011001011111110011011000111111
1101010110110000111100110000010101110010001100000000100
1101010111001001000100111111100110111110101101001100011
1101010111100011001011010111110110011111110010001001001
1101010111101000010110010110000111011111011100110010111
1101010111110010100100011110011101001001001110011011111
1101010111110100110011101111101110000110100110100001011
1101010111111101100111001001001011100111100010010100111
1101010111111110001101100111111101001100011100010010010
1101011000001000000101011100001100010011001001111010100
1101011000001010100000001001100011011011010001100001110
1101011000011011100001101000111111111010110111001100101
1101011000100111001101000011111010100110100110111111011
1101011000101000011110111111001001111110010101110101100
1101011000110101101111101001111011111010001001100100011
1101011000110101111000100110010001011111011110010111110
1101011000111000001101100110111111110001010111011110010
1101011001010111100100110010001100001110101000000100000
1101011001101011000101000011110111111001001111110010101
1101011001101011101010011111100100111111011110000101000
1101011010011000111101010111001001000100111111100110111
1101011010011110111010100011111111011001101100000111000
1101011011100001100010110110110001100100000001010100000
1101011011100110010111010110000110111000011010001111111
1101011011111010011001100100001110001111110100101010111
1101011011111010011110111110100010011001000111101011000
1101011100010010111000001101110011101111110100101100111
1101011100010010111111011001111101010011100010011010011
1101011100101001100101000101011000000110110000001000011
1101011101001100111011010111111111000101100001110110000
1101011101010011111100100111111011110000101000110101100
1101011110000100000011011000000110101000101001100101001
1101011110001001100100010111110111100101111101101011000
1101011110010110010001110010101111100110111111010010001
1101011110111111011001011001010111110000101100111001000
1101011111001101001011111101110011101100000111010010001
1101011111010101001011111100011100001001100110010111110
1101011111011001111111001000100100111010101111000110010
1101011111111100010110000111011000011010111010011001110
1101100000001100100000101001011001110000101010001101101
1101100000010000111101011100101001100101000101011000000
1101100000011010100010100110010100111010111100001000000
1101100000011110001011001111011110111101100101010101101
1101100000111000110101101001111011101010001111111101100
1101100000111010010001110101111100110100101111110111001
1101100001010110010100111110111111010100011110011101100
1101100001101011101001100111011010111111111000101100001
1101100001111001100000101011100100011000000001001101010
1101100010101000011100110100101000001001100000001101110
1101100010101111100110000111100100101010011011111111001
1101100010101111101110111101000110001111000001011110110
1101100010111101000001000100001100011110000010010010101
1101100011001000000010101000001101011011100001100010110
1101100011001011110000010101100101100100000010000101001
1101100011010010011011111111110001011011100101010111000
1101100011101010100111011010001111111111011001001011000
1101100011110111101101111100010101010011111010010001100
1101100011111111010101101001001000111000110010111111100
1101100100000000001110100100011010101000111001001110010
1101100100101100011011000111010101001110110100011111111
1101100101010010011110000110011111010100011011100111111
1101100101010101101110110000001111000101100111101111011
1101100101100001010001110110100000010011000001010110001
1101100101100101011111000010110011100100011010111101111
1101100110001001011111001010101000111110110111101111000
1101100110011010000010010100000101010110100000011100011
1101100110110000011100011010110100111101110101000111111
1101100110110000101011001010011111011111101010001111001
1101100110111000010100111001010010000010110000100000101
1101100110111001111000101011111101111100101001101010000
1101100110111010000010000110100000100101001110010100001
1101100110111111110001010111011110010110101100011100000
1101100111001001001011100111100010010100111110101011111
1101100111110101001110001001101001111010111000100101111
1101100111111100100010010011101010111100011001011010111
1101100111111101001100011100010010010110101011111111000
1101101000000100110000010101100011101100101100001010001
1101101000001101010101110000010010000100001110010011001
1101101000110000111011010110000010101000000010011000110
1101101000111110010001100010000001011010011000001010001
1101101000111111111101100100101100011011000111010101001
1101101001010100000000111001001100000001011001110001110
1101101001110010011100010101011000100101110000000000100
1101101010001001110100001011111011101111001110000111110
1101101010101001101111011110111100110100011110000001101
1101101010110010000000011000100111010100000110011110000
1101101011000001010100000001001100011011011010001100001
1101101011000110101111000100110010001011111011110010111
1101101011111010101001011111100011100001001100110010111
1101101011111111100010110000111011000011010111010011001
1101101100010101000011100110100101000001001100000001101
1101101100010101111101110111101000110001111000001011110
1101101100011001000000010101000001101011011100001100010
1101101101000110000111011010110000010101000000010011000
1101101101001010100000000111001001100000001011001110001
1101101101010001001110100001011111011101111001110000111
1101101101100010101111101110111101000110001111000001011
1101101101110011010101100001111110001000010101110110111
1101101101111010000011110001100010111101110111110101000
1101101101111101101110101000010001111110000110101011001
1101101110001110011010000000110010011100000000101010010
1101101110011010101100001111110001000010101110110111110
1101101110101000010001111110000110101011001110110110111
1101101110110000000110010000010100101100111000010101000
1101101111010000011110001100010111101110111110101000110
1101101111011110001101100110001001011111001010101000111
1101101111100001110011110111011111010000101110010001010
1101101111100010101010011111010010001100110110001111011
1101101111101101101110011010101100001111110001000010101
1101101111101101110101000010001111110000110101011001110
1101110000001111001010100110001001001000001001000101011
1101110000101001110010100100000101100001000001011101100
1101110000110001011011011000110010000000101010000011010
1101110000110100011111111101011011100110010111010110000
1101110000110100110100001011110101011111010011001110111
1101110001010000011001011010000001000110001001111100010
1101110001010000110100110111000110101000001100100000010
1101110001101010000011001000000101101110001010000110100
1101110001110011010000000110010011100000000101010010110
1101110010100001000000100110100110101000001111010011000
1101110010101011100011011000110100100110111111111100010
1101110011001001110000100001001000001110101010110000010
1101110011001011101011000011011100001101000111111111010
1101110011001011111010101111010000101100101100001110111
1101110011010101100001111110001000010101110110111110110
1101110011101100000111010010001110101111100110100101111
1101110011101111110100101100111110101110001001011100000
1101110011110001010111111011111001010011010100001101100
1101110011111111011001010100100111100001100111110101000
1101110100000100001101000001001010011100101000011101100
1101110101000010001111110000110101011001110110110111110
1101110101000111111110110011011000001110001101011010011
1101110101001001000001111000110000100010000010111101000
1101110110000000110010000010100101100111000010101000110
1101110110000001111000101100111101111011110110010101010
1101110110101010100110111101111011110011010001111000000
1101110110110001010100001110011010010100000100110000000
1101110111100111000011111011011010100010011101000010111
1101110111101000110001111000001011110110110110001010111
1101110111110100001011100100010101101101111100001110011
1101110111110101000110110110111101000001111000110001011
1101111000010100011010110011010111010100111111001001111
1101111000110110011000100101111100101010100011111011011
1101111000111000000101101010100000101001000001011001100
1101111001011010110001110000011011001101111111100010101
1101111001011111011010110001101011110001001100100010111
1101111001101000111100000011011101101010101001101111011
1101111001110000111110110110101000100111010000101111101
1101111010000011110001100010111101110111110101000110110
1101111010001100011110000010111101101101100010101111101
1101111010100010010000010010010001100101010011110000001
1101111010110001001110011010000111110101001101001101111
1101111011001010101011011101100000011110001011001111011
1101111011011111000101010100111110100100011001101100011
1101111011110001101100110001001011111001010101000111110
1101111011110011010001111000000110111011010101010011011
1101111011110110010101010110111011000000111100010110011
1101111011110111100110100011110000001101110110101010100
1101111100001110011110111011111010000101110010001010110
1101111100010101010011111010010001100110110001111011110
1101111100101001101010000110110011011100111100010101111
1101111101000010111001000101011011011111000011100111101
1101111101000100110010001111010110001101011011111010011
1101111101001100110010000111000111111010010101011111010
1101111101001111011111010001001100100011110101100011010
1101111101010001101101101111010000011110001100010111101
1101111101011010011000111101010111001001000100111111100
1101111101101101110011010101100001111110001000010101110
1101111101101110101000010001111110000110101011001110110
1101111101110000110100110100001011110101011111010011001
1101111101110011001011111010101111010000101100101100001
1101111110010011111100101011101011001101011000101000011
1101111110100100011101011110010110010001110010101111100
1101111110100101100111110101110001001011100000110111001
1101111110101000111100111011001101100001010110010100111
1101111110110010110010101111100001011001110010001101011
1101111110111101011000100111001101000011111010100110100
1101111111010101111100101001000111100111010010010011100
1101111111100010101110111100101101011000111000001101100
1101111111100111011000101011111001100001111001001010100
1101111111111000101101110010101011100011011000110100100
1110000000000100110110100111001001110001010101100010010
1110000000001010010001100110100010100111100100011110010
1110000000010011001001111100011100101001011000010001010
1110000000010101001011011011100011100110100000001100100
1110000001011010101000001010010000010110011001101111000
1110000001101110110101010100110111101111011110011010001
1110000001110111101010001001000001001001000110010101001
1110000001111001010100110001001001000001001000101011110
1110000010010000100001110010011001110110100000110101010
1110000010010010101110110001011110100000100010000110001
1110000010101100101100100000010000101001110110001100101
1110000010111101101101100010101111101110111101000110001
1110000011011001101111111100010101110111100101101011000
1110000011011100111011111101001011001111101011100010010
1110000100000011011000000110101000101001100101001110101
1110000100001001000001110101010110000010110111001100100
1110000100110011001011111011010111110101010010111111000
1110000101000110101100110101110101001111110010011111101
1110000101001110010100100000101100001000001011101100110
1110000101010001101101110110000000110010000010100101100
1110000101100111001000110101111011111101100101100101011
1110000110001001100100111101010011010110000010000001010
1110000110001011011011000110010000000101010000011010110
1110000110011111010100011011100111111110110010101001001
1110000110100011111111101011011100110010111010110000110
1110000110100110100001011110101011111010011001110111110
1110000110101011001110110110111110110111010100001000111
1110000110110101011001000000001100010011101010000011001
1110000111001110100001000100000101011100100100100001011
1110000111001111011101111101000010111001000101011011011
1110000111010011000010000100001001101010101001000100111
1110000111110100001001001001110101000001000100001011100
1110000111110110110101000100111010000101111101110111100
1110000111111001000100101010101100100001000010000110010
1110001000001000110011010000010101000010111101001101001
1110001000010101110110111110110110111001101010110000111
1110001001001011010101111111100011011001111111010011000
1110001001010011111010101111111011001110010010010111001
1110001001011100000110111001110111111010010110011111010
1110001001011111101100111110101001110001001101001111010
1110001001100100010111110111100101111101101011000110101
1110001001101001111010111000100101111110110011111010100
1110001001111001010001011001100010010100000000011101001
1110001010000011001011010000001000110001001111100010110
1110001010000110100110111000110101000001100100000010110
1110001010101001111101001000110011011000111101111011011
1110001010101100010010111000000000010011011010011100100
1110001010111011110010110101100011100000110110011011111
1110001010111111011111001010011010100001101100110111001
1110001011000011101100001101011101001100111011010111111
1110001011001111011110111101100101010101101110110000001
1110001011011100010100000110010110100000010001100010011
1110001011011100101010111000110110001101001001101111111
1110001100001000100000101111010001101110101001001000001
1110001100010111101110111110101000110110110111101000001
1110001100101101011111011001111111001000100100111010101
1110001100101111111001101100011111111010101101001001000
1110001101010000011001000000101101110001010000110100110
1110001101011010011110111010100011111111011001101100000
1110001101100011010010011011111111110001011011100101010
1110001101100110001001011111001010101000111110110111101
1110001101100111111101001100011100010010010110101011111
1110001110000001011010101000001010010000010110011001101
1110001110000100110011001011111011010111110101010010111
1110001110010100101100001000101011100000000100110010011
1110001110011010000000110010011100000000101010010110110
1110001110110110100101010000000011100100110000000101100
1110001111011001100110100000100101000001010101101000000
1110001111100100110010000000011101010001000011010010100
1110001111110100101010111110101101111101001100110010000
1110010001001001110101011110001100101101011111011001111
1110010001001010101011001000010000100001100101110000111
1110010001010110110111110000111001111011101111101000010
1110010001100000000100110101011011000011110011000001010
1110010001100010000001011010011000001010001110110100011
1110010001101011110111111011001011001010111110000101100
1110010001111001011100000000010100100011001101000101001
1110010010001001111111001101111101011010011000111101010
1110010010010000101111100001110011101000010001000001010
1110010010010111001111000100101001111101010111111101100
1110010010101001101111111100111011000101011111001100001
1110010011000000010110011100011101101101001010100000000
1110010011001000000001110101000100001101001010011100011
1110010011001000110000111010100000010000011010110010101
1110010011001110110100000110101010111000001001000010000
1110010011100010101011000100101110000000000100110110100
1110010011100101101100100000000001110100100011010101000
1110010011111100101011101011001101011000101000011110111
1110010011111101111000010100011010110011010111010100111
1110010100001000000100110100110101000001111010011000110
1110010100001110110011011101000001000011010000010010100
1110010100010110011000100101000000000111010011110001001
1110010100100000101100001000001011101100110111000010100
1110010100100011110011101001001001110011011111110101011
1110010100101100001000101011100000000100110010011111000
1110010100110010100010101100000011011000000100001111010
1110010100110101000011011001101110011110001010111111011
1110010101001100010010010000010010001010111101110000001
1110010101010001111101101111011110001101100110001001011
1110010101011100011011000110100100110111111111100010110
1110010101110101100110101100010100001111011111100100111
1110010101111100110111111010010001110101111001011001000
1110010110010001110010101111100110111111010010001110101
1110010110010111101000010101000001011001100010000010001
1110010110101100011100000110110011011111111000101011101
1110010110110010000000000111010010001101010100011100100
1110010111000000000101001000110011010001010011110010001
1110010111110110101100011010111100010011001000101111101
1110011000001010111001000110000000010011010101101100001
1110011000011110010010101001101111111100111011000101011
1110011001001110000100001001000001110101010110000010110
1110011001011101011000011011100001101000111111111010110
1110011001011111010101111010000101100101100001110111110
1110011010000000110010011100000000101010010110110111000
1110011010000111110101001101001101111110111101011000100
1110011010001111000000110111011010101010011011110111101
1110011010010100000100110000000110111011011000101010000
1110011010010111111011100111011000001110100100011101011
1110011010101100001111110001000010101110110111110110110
1110011011000111111110101011010010010001110001100101111
1110011011111010110100110001111010101110010010001001111
1110011011111101001000111010111100101100100011100101011
1110011011111110101011111001010010001111001110100100100
1110011100001111101000010010010011101010000010001000010
1110011100001111101101101010001001110100001011111011101
1110011101000010001000001010111001001001000010111110000
1110011101001001001110011011111110101011111001010010001
1110011101100000111010010001110101111100110100101111110
1110011101100010101111100110000111100100101010011011111
1110011101100110110000101011001010011111011111101010001
1110011101111110100101100111110101110001001011100000110
1110011110001001010011111010101111111011001110010010010
1110011110001010111111011111001010011010100001101100110
1110011110111011111010000101110010001010110110111110000
1110011111111011001010100100111100001100111110101000110
1110100000100001101000001001010011100101000011101100110
1110100000100010000110001111000001001001010111011000101
1110100000111100011000101111011101111101010001101101101
1110100001000100000101011100100100100001011111000011100
1110100001001001001110101000001000100001011100111000011
1110100001010100000101100110001000001000111100101100101
1110100001011001011000011101111101110011001011111010101
1110100001011100100010101101101111100001110011110111011
1110100001011111011101111001110000111110110110101000100
1110100010011001000111101011000110101101111101001111011
1110100011000111100000101111011011011000101011111011101
1110100011011101010010010000011110001100001000100000101
1110100100011001101100011110111101101111100010101010011
1110100100011010101000111001001110010110110010000000000
1110100100011101011110010110010001110010101111100110111
1110100100011101011111001101001011111101110011101100000
1110100100100111001101111111010101111100101001000111100
1110100101010111110101101111101001100110010000111000111
1110100101100111110101110001001011100000110111001110111
1110100110000100001000010011010101010010001001111110000
1110100110001101110010100001000000100110100110101000001
1110100110001110001001001011010101111111100011011001111
1110100110011001000011100011111101001010101111101011011
1110100110011101101011111111100010110000111011000011010
1110100110011101111101110000110100110100001011110101011
1110100110100111100010000010001100110100000101010000101
1110100111100010011110010100010110011000100101000000000
1110100111101111101000100110010001111010110001101011011
1110101000000100000110101100101011110010011001000110000
1110101000001000100001011100111000011111010000100100100
1110101000001100111100001101101010110010000000011000100
1110101000010001111110000110101011001110110110111110110
1110101000100001101001010011100011111001001100100000000
1110101000100100000100100100011001010100111100000011101
1110101000110110110111101000001111000110001011110111011
1110101000110111001111111101100101010010011110000110011
1110101000111100111011001101100001010110010100111110111
1110101000111111110110011011000001110001101011010011110
1110101001001000001111000110000100010000010111101000110
1110101001101001101111110111101011000100111001101000011
1110101001101011000001000000101011100001100010011001001
1110101001110001001101001111010111000100101111110110011
1110101001111110010011111101111000010100011010110011010
1110101010010111111000111000010011001100101111101101011
1110101010011101101000111111111101100100101100011011000
1110101010110000010110111001100100111000010000100100000
1110101011010010010001110001100101111111001101100011111
1110101011100100100010011111110011011111010110100110001
1110101011110001100101101011111011001111111001000100100
1110101011110100001011001011000011101111101110011001011
1110101011111001010010001111001110100100100111001101111
1110101011111010011001110111110111000011010011010000101
1110101011111110110011100100100101110011110001001010011
1110101100001101110000110100011111111101011011100110010
1110101100010011100110100001111101010011010011011111101
1110101100011010110111110100111101111101000100110010001
1110101100110101100010100001111011111100100111111001010
1110101101001100011110101011100100100010011111110011011
1110101101110011001011101011000011011100001101000111111
1110101101111101001100110010000111000111111010010101011
1110101110001001011100000110111001110111111010010110011
1110101110001001011111101100111110101001110001001101001
1110101110010100110010100010101100000011011000000100001
1110101111000010000001101100000011010100010100110010100
1110101111001011001000111001010111110011011111101001000
1110101111100110100101111110111001110110000011101001000
1110110000000110010000010100101100111000010101000110110
1110110000001111000101100111101111011110110010101010110
1110110000011101001000111010111110011010010111111011100
1110110000110101110100110011101101011111111100010110000
1110110001010111110011000011110010010101001101111111100
1110110001011110100000100010000110001111000001001001010
1110110001100101111000001010110010110010000001000010100
1110110010010110001101100011101010100111011010001111111
1110110010101001001111000011001111101010001101110011111
1110110010101010110111011000000111100010110011110111101
1110110010110000101000111011010000001001100000101011000
1110110010110010101111100001011001110010001101011110111
1110110011001101000001001010000010101011010000001110001
1110110011011000001110001101011010011110111010100011111
1110110011011000010101100101001111101111110101000111100
1110110011011100001010011100101001000001011000010000010
1110110011011101000001000011010000010010100111001010000
1110110011100100100101110011110001001010011111010101111
1110110011111010100111000100110100111101011100010010111
1110110011111110010001001001110101011110001100101101011
1110110100000010011000001010110001110110010110000101000
1110110100000110101010111000001001000010000111001001100
1110110100011111001000110001000000101101001100000101000
1110110100011111111110110010010110001101100011101010100
1110110101010100110111101111011110011010001111000000110
1110110101100000101010000000100110001101101101000110000
1110110101100011010111100010011001000101111101111001011
1110110101111101010100101111110001110000100110011001011
1110110101111111110001011000011101100001101011101001100
1110110110001010100001110011010010100000100110000000110
1110110110100101010000000011100100110000000101100111000
1110110110101000100111010000101111101110111100111000011
1110110110110001010111110111011110100011000111100000101
1110110110111001101010110000111111000100001010111011011
1110110110111110110111010100001000111111000011010101100
1110110111010100001000111111000011010101100111011011011
1110110111101111000110110011000100101111100101010100011
1110110111110001010101001111101001000110011011000111101
1110110111110110110111001101010110000111111000100001010
1110111000000111100101010011000100100100000100100010101
1110111000011010011010000101111010101111101001100111011
1110111001100101111101010111101000010110010110000111011
1110111001110110000011101001000111010111110011010010111
1110111010100011111111011001101100000111000110101101001
1110111011110011100001111101101101010001001110100001011
1110111011110100011000111100000101111011011011000101011
1110111011111010000101110010001010110110111110000111001
1110111011111010100011011011011110100000111100011000101
1110111100001010001101011001101011101010011111100100111
1110111100011011001100010010111110010101010001111101101
1110111100101101011000111000001101100110111111110001010
1110111100101111101101011000110101111000100110010001011
1110111100110100011110000001101110110101010100110111101
1110111100111000011111011011010100010011101000010111110
1110111101000110001111000001011110110110110001010111110
1110111101010001001000001001001000110010101001111000000
1110111101011000100111001101000011111010100110100110111
1110111101100101010101101110110000001111000101100111101
1110111101101111100010101010011111010010001100110110001
1110111101111001101000111100000011011101101010101001101
1110111101111011001010101011011101100000011110001011001
1110111110010100110101000011011001101110011110001010111
1110111110100001011100100010101101101111100001110011110
1110111110100010011001000111101011000110101101111101001
1110111110101000110110110111101000001111000110001011110
1110111110111000011010011010000101111010101111101001100
1110111110111001100101111101010111101000010110010110000
1110111111001001111110010101110101100110101100010100001
1110111111010010110011111010111000100101110000011011100
1110111111010100011110011101100110110000101011001010011
1110111111011001011001010111110000101100111001000110101
1111000000110111011010101010011011110111101111001101000
1111000000111011110101000100100000100100100011001010100
1111000001001001010111011000101111010000010001000011000
1111000001010110010110010000001000010100111011000110010
1111000001011110110110110001010111110111011110100011000
1111000010000001101100000011010100010100110010100111010
1111000010100011010110011010111010100111111001001111110
1111000010110011100100011010111101111110110010110010101
1111000011001111101010001101110011111111011001010100100
1111000011010101100111011011011111011011101010000100011
1111000011011010101100100000000110001001110101000001100
1111000011100111010000100010000010101110010010010000101
1111000011100111101110111110100001011100100010101101101
1111000011101001100001000010000100110101010100100010011
1111000100000100011001101000001010100001011110100110100
1111000100001010111011011111011011011100110101011000011
1111000100101001111101010111111101100111001001001011100
1111000100110010001011111011110010111110110101100011010
1111000100111100101000101100110001001010000000001110100
1111000101010100111110100100011001101100011110111101101
1111000101011101111001011010110001110000011011001101111
1111000101011111101111100101001101010000110110011011100
1111000101100001110110000110101110100110011101101011111
1111000101100111101111011110110010101010110111011000000
1111000101101110001010000011001011010000001000110001001
1111000101101110010101011100011011000110100100110111111
1111000110000100010000010111101000110111010100100100000
1111000110001011110111011111010100011011011011110100000
1111000110010110101111101100111111100100010010011101010
1111000110110011000100101111100101010100011111011011110
1111000110110011111110100110001110001001001011010101111
1111000111000000101101010100000101001000001011001100110
1111000111000010011001100101111101101011111010101001011
1111000111001010010110000100010101110000000010011001001
1111001000100100111010101111000110010110101111101100111
1111001000100101010101100100001000010000110010111000011
1111001000110001000000101101001100000101000111011010001
1111001000111100101110000000001010010001100110100010100
1111001001010100110111111110011101100010101111100110000
1111001001100100000000111010100010000110100101001110001
1111001001100100011000011101010000001000001101011001010
1111001001111110010101110101100110101100010100001111011
1111001001111110111100001010001101011001101011101010011
1111001010001011001100010010100000000011101001111000100
1111001010010001111001110100100100111001101111111010101
1111001010011010100001101100110111001111000101011111101
1111001010100110001001001000001001000101011110111000000
1111001010101000111110110111101111000110110011000100101
1111001010111010110011010110001010000111101111110010011
1111001011001000111001010111110011011111101001000111010
1111001011001011110100001010100000101100110001000001000
1111001011010110001110000011011001101111111100010101110
1111001011100000000010100100011001101000101001111001000
1111001011111011010110001101011110001001100100010111110
1111001100000101011100100011000000001001101010110110000
1111001100001111001001010100110111111110011101100010101
1111001101000111100000011011101101010101001101111011110
1111001101001011111101110011101100000111010010001110101
1111001101100011111111010101101001001000111000110010111
1111001101111101011010011000111101010111001001000100111
1111001101111110100100011101011110010110010001110010101
1111001110000111110110110101000100111010000101111101110
1111001110100100100111001101111111010101111100101001000
1111001110110001010111110011000011110010010101001101111
1111001110110011011000010101100101001111101111110101000
1111010000010001000011000111100000100100101011101100010
1111010000011110001100010111101110111110101000110110110
1111010000100100100111010100000100010000101110011100001
1111010000101010000010110011000100000100011110010110010
1111010000101100101100001110111110111001100101111101010
1111010000101110010001010110110111110000111001111011101
1111010001001100100011110101100011010110111110100111101
1111010001100011110000010111101101101100010101111101110
1111010001101110101001001000001111000110000100010000010
1111010010001100110110001111011110110111110001010101001
1111010010001110101111001011001000111001010111110011011
1111010010101011111010110111110100110011001000011100011
1111010010110011111010111000100101110000011011100111011
1111010011000110111001010000100000010011010011010100000
1111010011000111000100100101101010111111110001101100111
1111010011001100100001110001111110100101010111110101101
1111010011001110111110111000011010011010000101111010101
1111010011010011110001000001000110011010000010101000010
1111010011110111110100010011001000111101011000110101101
1111010100010010000010010010001100101010011110000001110
1111010100011011011011110100000111100011000101111011101
1111010100011011100111111110110010101001001111000011001
1111010100011110011101100110110000101011001010011111011
1111010100110100110111111011110101100010011100110100001
1111010100110101100000100000010101110000110001001100100
1111010100111000100110100111101011100010010111111011001
1111010101001011111100011100001001100110010111110110101
1111010101101001001000111000110010111111100110110001111
1111010101110010010001001111111001101111101011010011000
1111010101111010000101100101100001110111110111001100101
1111010101111100101001000111100111010010010011100110111
1111010101111101001100111011111011100001101001101000010
1111010101111111011001110010010010111001111000100101001
1111010110001001110011010000111110101001101001101111110
1111010110001101011011111010011110111110100010011001000
1111010110100110001111010101110010010001001111111001101
1111010110111001100101110101100001101110000110100011111
1111010110111110100110011001000011100011111101001010101
1111010111000100101110000011011100111011111101001011001
1111010111000100101111110110011111010100111000100110100
1111010111001010011001010001010110000001101100000010000
1111011001001011000110110001110101010011101101000111111
1111011001010100100111100001100111110101000110111001111
1111011001010101011011101100000011110001011001111011110
1111011001011001010111110000101100111001000110101111011
1111011001100110100000100101000001010101101000000111000
1111011001101100000111000110101101001111011101010001111
1111011001110010010010111001111000100101001111101010111
1111011001111101010011100010011010011110101110001001011
1111011001111111001000100100111010101111000110010110101
1111011010110001101011110001001100100010111110111100101
1111011010111110101010010111111000111000010011001100101
1111011011010100010011101000010111110111011110011100001
1111011011011000101011111011101111010001100011110000010
1111011011011100110101011000011111100010000101011101101
1111011011101010000100011111100001101010110011101101101
1111011011110111100011011001100010010111110010101010001
1111011011111000101010100111110100100011001101100011110
1111011100000011110010101001100010010010000010010001010
1111011100001101001101000010111101010111110100110011101
1111011100110010111110101011110100001011001011000011101
1111011100111011000001110100100011101011111001101001011
1111011101010001111111101100110110000011100011010110100
1111011101111001110000111110110110101000100111010000101
1111011101111010001100011110000010111101101101100010101
1111011101111101000010111001000101011011011111000011100
1111011101111101010001101101101111010000011110001100010
1111011110000101000110101100110101110101001111110010011
1111011110001101100110001001011111001010101000111110110
1111011110010111110110101100011010111100010011001000101
1111011110011010001111000000110111011010101010011011110
1111011110101100010011100110100001111101010011010011011
1111011110110010101010110111011000000111100010110011110
1111011110110111110001010101001111101001000110011011000
1111011110111100110100011110000001101110110101010100110
1111011110111101100101010101101110110000001111000101100
1111011111001010011010100001101100110111001111000101011
1111011111010001001100100011110101100011010110111110100
1111011111100100111111001010111010110011010110001010000
1111011111101010001111001110110011011000010101100101001
1111011111101100101100101011111000010110011100100011010
1111100001011001110010001101011110111111011001011001010
1111100001101010110011101101101111101101110101000010001
1111100001110011101000010001000001010111001001001000010
1111100001110011110111011111010000101110010001010110110
1111100001110100110000100001000010011010101010010001001
1111100010000101011101101111101101101110011010101100001
1111100010101010011111010010001100110110001111011110110
1111100010101110111100101101011000111000001101100110111
1111100010110000111011000011010111010011001110110101111
1111100010110111000101000001100101101000000100011000100
1111100010110111001010101110001101100011010010011011111
1111100011011001111111010011000111000100100101101010111
1111100011100001001100110010111110110101111101010100101
1111100011100101001011000010001010111000000001001100100
1111100100010010011101010111100011001011010111110110011
1111100100010010101010110010000100001000011001011100001
1111100100011000100000010110100110000010100011101101000
1111100100110010000000011101010001000011010010100111000
1111100100111111001010111010110011010110001010000111101
1111100100111111011110000101000110101100110101110101001
1111100101001000111100111010010010011100110111111101010
1111100101001101010000110110011011100111100010101111110
1111100101010100011111011011110111100011011001100010010
1111100101011101011001101011000101000011110111111001001
1111100110000111100100101010011011111111001110110001010
1111100110100101111110111001110110000011101001000111010
1111100110110001111111101010110100100100011100011001011
1111100110111110101101001100011110101011100100100010011
1111100110111111010010001110101111001011001000111001010
1111100111011000101011111001100001111001001010100110111
1111101000010010010011101010000010001000010111001110000
1111101000010111001000101011011011111000011100111101110
1111101000100110010001111010110001101011011111010011110
1111101001000110011011000111101111011011111000101010100
1111101001000111010111100101100100011100101011111001101
1111101001010101111101011011111010011001100100001110001
1111101001011001111101011100010010111000001101110011101
1111101001100011100010010010110101011111111000110110011
1111101001100110010000111000111111010010101011111010110
1111101001100111011111011100001101001101000010111101010
1111101001111011111010001001100100011110101100011010110
1111101010001101101101111010000011110001100010111101110
1111101010001101110011111111011001010100100111100001100
1111101010001111001110110011011000010101100101001111101
1111101010011010011011111101111010110001001110011010000
1111101010011100010011010011110101110001001011111101100
1111101010100101111110001110000100110011001011111011010
1111101010110100100100011100011001011111110011011000111
1111101010111101000010110010110000111011111011100110010
1111101010111110010100100011110011101001001001110011011
1111101010111111101100111001001001011100111100010010100
1111101011010011000111101010111001001000100111111100110
1111101011011100110010111010110000110111000011010001111
1111101011011111010011001100100001110001111110100101010
1111101011100010010111000001101110011101111110100101100
1111101100100101100011011000111010101001110110100011111
1111101100101010010011110000110011111010100011011100111
1111101100101100101011111000010110011100100011010111101
1111101100110110000011100011010110100111101110101000111
1111101100111001001001011100111100010010100111110101011
1111101100111110101001110001001101001111010111000100101
1111101100111111100100010010011101010111100011001011010
1111101101011000110101111000100110010001011111011110010
1111101101011111010101001011111100011100001001100110010
1111101101101010001001110100001011111011101111001110000
1111101101101110011010101100001111110001000010101110110
1111101101110101000010001111110000110101011001110110110
1111101101111011110001101100110001001011111001010101000
1111101110000110100110100001011110101011111010011001110
1111101110011001011111010101111010000101100101100001110
1111101110011101100000111010010001110101111100110100101
1111101110111100111000011111011011010100010011101000010
1111101110111101000110001111000001011110110110110001010
1111101111000010100011010110011010111010100111111001001
1111101111001011111011010110001101011110001001100100010
1111101111010110001001110011010000111110101001101001101
1111101111100101001101010000110110011011100111100010101
1111101111110101000111100111011001101100001010110010100
1111110000110101011001110110110111110110111010100001000
1111110000111010011000010000100001001101010101001000100
1111110001000010101110110111110110110111001101010110000
1111110001010111011110010110101100011100000110110011011
1111110001011000011101100001101011101001100111011010111
1111110001011011100101010111000110110001101001001101111
1111110001101100111111101001100011100010010010110101011
1111110001110000100110011001011111011010111110101010010
1111110010001001001110101011110001100101101011111011001
1111110010001001010101011001000010000100001100101110000
1111110010011111100101011101011001101011000101000011110
1111110010011111101111000010100011010110011010111010100
1111110010101110101100110101100010100001111011111100100
1111110011011000111111110101011010010010001110001100101
1111110011011111010110100110001111010101110010010001001
1111110011101100010101111100110000111100100101010011011
1111110100100011101011110010110010001110010101111100110
1111110100101010111110101101111101001100110010000111000
1111110100101100111110101110001001011100000110111001110
1111110100110001110001001001011010101111111100011011001
1111110101000111100111011001101100001010110010100111110
1111110101011010010010001110001100101111111001101100011
1111110101011111001010010001111001110100100100111001101
1111110101101110011001011101011000011011100001101000111
1111110110010010110001101100011101010100111011010001111
1111110110010101001001111000011001111101010001101110011
1111110110010110010101111100001011001110010001101011110
1111110110011011000001110001101011010011110111010100011
1111110110011100100100101110011110001001010011111010101
1111110110011111010100111000100110100111101011100010010
1111110111001110110000011101001000111010111110011010010
1111110111100001010001101011001101011101010011111100100
1111110111101011000100111001101000011111010100110100110
1111110111110010100110101000011011001101110011110001010
1111111000101011101111001011010110001110000011011001101
1111111000101100001110110000110101110100110011101101011
1111111000101101110010101011100011011000110100100110111
1111111000110110011111110100110001110001001001011010101
1111111001000100100111010101111000110010110101111101100
1111111001101100011111111010101101001001000111000110010
1111111001101111101011010011000111101010111001001000100
1111111001110110001010111110011000011110010010101001101
1111111010011000111000100100101101010111111110001101100
1111111010101101001001000111000110010111111100110110001
1111111010101111100101001000111100111010010010011100110
1111111010110111001100101110101100001101110000110100011
1111111011001001011000110110001110101010011101101000111
1111111011001010100100111100001100111110101000110111001
1111111011001101100000111000110101101001111011101010001
1111111011001110010010010111001111000100101001111101010
1111111100010101110111100101101011000111000001101100110
1111111100010110000111011000011010111010011001110110101
1111111100010110111001010101110001101100011010010011011
1111111100011011001111111010011000111000100100101101010
1111111100111011000101011111001100001111001001010100110
1111111101010110100100100011100011001011111110011011000
1111111101011011100110010111010110000110111000011010001
1111111101100100101100011011000111010101001110110100011
1111111101100101010010011110000110011111010100011011100
1111111101100110110000011100011010110100111101110101000
1111111110001011000011101100001101011101001100111011010
1111111110001011011100101010111000110110001101001001101
1111111110101101110011001011101011000011011100001101000
1111111110110010010110001101100011101010100111011010001
1111111111000101101110010101011100011011000110100100110
1111111111011001001011000110110001110101010011101101000
