2_0_1 4 4 6 5 8 0 3 3 3 3 4 1 3 2 3 2 27 12 14 13 13 13 13 13 13 13 13 13 13 13 13 13 13 13 13 13 13 13 13 13 13 13 13 13 13 13 13 13 13 13 13 13 13 13 13 13 13 13 13 13 13 13 13 13 13 13 13 13 13 14 12
4_0_1 4 4 6 5 8 1 1 3 3 5 1 3 3 2 2 3 27 12 13 13 13 13 13 13 13 13 13 13 13 13 13 13 13 13 13 13 13 13 14 13 13 13 13 13 13 13 13 13 13 14 13 13 13 13 13 13 13 13 13 13 13 13 13 13 13 13 13 13 13 13 12
6_0_1 3 5 5 6 8 0 3 3 3 4 2 3 1 2 3 3 27 12 13 13 13 14 13 13 13 13 13 13 13 13 13 13 13 13 13 13 13 13 13 13 13 13 13 13 13 13 13 13 13 13 13 13 13 13 13 13 13 13 13 13 13 13 13 13 13 13 14 13 13 13 12
7_0_1 3 6 5 7 6 0 3 3 4 3 3 2 2 1 3 3 27 13 13 13 13 12 13 13 13 13 13 13 13 13 13 13 13 13 13 13 13 13 13 14 13 13 13 13 13 13 13 13 14 13 13 13 13 13 13 13 13 13 13 13 13 13 13 13 13 13 12 13 13 13 13
8_1_1 4 4 8 5 6 0 3 3 3 4 2 3 1 2 3 3 27 12 13 13 13 13 13 13 13 13 13 13 13 13 13 13 13 14 13 13 13 13 13 13 13 13 13 13 13 13 13 13 13 13 13 13 13 13 14 13 13 13 13 13 13 13 13 13 13 13 13 13 13 13 12
10_0_1 3 5 6 6 7 0 3 4 3 2 3 3 3 2 1 3 27 13 13 13 13 12 13 13 13 13 13 13 13 13 13 13 13 13 13 14 13 13 13 13 13 13 13 13 13 13 13 13 13 13 13 13 14 13 13 13 13 13 13 13 13 13 13 13 13 13 12 13 13 13 13
11_0_1 3 5 5 6 8 0 3 3 3 3 4 1 3 2 3 2 27 12 13 13 13 13 13 13 13 13 13 13 13 13 13 13 13 13 13 13 14 13 13 13 13 13 13 13 13 13 13 13 13 13 13 14 13 13 13 13 13 13 13 13 13 13 13 13 13 13 13 13 13 13 12
13_0_1 3 5 5 6 8 1 1 4 1 3 3 2 3 3 4 2 27 12 13 13 13 13 13 13 13 13 13 13 13 13 13 14 13 13 13 13 13 13 13 13 13 13 13 13 13 13 13 13 13 13 13 13 13 13 13 13 14 13 13 13 13 13 13 13 13 13 13 13 13 13 12
15_0_1 3 5 5 6 8 1 1 4 3 3 2 3 3 3 1 3 27 13 13 13 13 13 13 13 13 13 13 12 13 13 13 13 13 13 13 13 13 13 13 13 13 14 13 13 13 13 14 13 13 13 13 13 13 13 13 13 13 13 13 13 12 13 13 13 13 13 13 13 13 13 13
15_1_3 3 8 6 5 5 1 2 3 2 2 2 2 2 3 3 5 27 13 13 13 13 13 13 13 13 13 13 12 13 13 13 13 13 13 13 13 13 13 13 13 13 14 13 13 13 13 14 13 13 13 13 13 13 13 13 13 13 13 13 13 12 13 13 13 13 13 13 13 13 13 13
16_0_5 4 4 6 5 8 1 3 1 3 4 3 3 1 3 3 2 27 13 13 13 13 13 13 13 13 13 13 12 13 13 13 13 13 13 13 13 13 13 13 13 13 13 13 14 14 13 13 13 13 13 13 13 13 13 13 13 13 13 13 13 12 13 13 13 13 13 13 13 13 13 13
17_0_1 4 4 6 5 8 0 3 3 3 4 2 3 1 2 3 3 27 12 13 13 13 13 13 13 13 13 13 13 13 13 13 13 13 13 13 13 13 13 13 13 13 13 13 14 14 13 13 13 13 13 13 13 13 13 13 13 13 13 13 13 13 13 13 13 13 13 13 13 13 13 12
18_0_1 2 6 6 6 6 0 3 2 4 3 3 3 1 2 3 2 26 12 12 12 12 11 12 12 12 12 13 12 12 12 12 12 12 12 12 12 13 12 12 12 12 12 12 12 12 12 12 12 12 12 12 13 12 12 12 12 12 12 12 12 12 13 12 12 12 12 11 12 12 12 12
20_0_1 3 5 5 6 7 0 4 1 2 2 2 2 3 4 4 2 26 12 12 12 12 11 12 12 12 12 12 13 12 12 12 12 12 12 12 12 12 12 13 12 12 12 12 12 12 12 12 12 12 13 12 12 12 12 12 12 12 12 12 12 13 12 12 12 12 12 11 12 12 12 12
21_0_1 4 5 4 5 8 0 3 3 1 2 2 4 3 3 2 3 26 11 13 12 13 12 12 12 12 12 12 12 12 12 12 12 12 12 12 12 12 12 12 12 12 12 12 12 12 12 12 12 12 12 12 12 12 12 12 12 12 12 12 12 12 12 12 12 12 12 12 13 12 13 11
22_0_1 3 5 5 6 7 0 3 2 4 3 3 3 1 2 3 2 26 12 12 12 12 11 12 12 12 12 12 12 12 13 12 12 12 12 12 12 12 13 12 12 12 12 12 12 12 12 12 12 12 12 13 12 12 12 12 12 12 12 13 12 12 12 12 12 12 12 11 12 12 12 12
22_2_1 3 6 5 7 5 0 3 2 4 3 3 3 1 2 3 2 26 12 12 12 12 11 12 12 12 12 12 12 12 13 12 12 12 12 12 12 12 13 12 12 12 12 12 12 12 12 12 12 12 12 13 12 12 12 12 12 12 12 13 12 12 12 12 12 12 12 11 12 12 12 12
23_0_1 3 4 7 5 7 1 2 1 4 1 2 3 2 3 4 3 26 11 13 12 12 13 12 12 12 12 12 12 12 12 12 12 12 12 12 12 12 12 12 12 12 12 12 12 12 12 12 12 12 12 12 12 12 12 12 12 12 12 12 12 12 12 12 12 12 12 13 12 12 13 11
24_1_1 4 5 4 8 5 0 3 3 1 2 2 4 3 3 2 3 26 11 13 12 12 12 12 12 12 12 12 12 12 12 12 12 12 12 12 12 12 12 12 12 12 12 13 12 12 13 12 12 12 12 12 12 12 12 12 12 12 12 12 12 12 12 12 12 12 12 12 12 12 13 11
26_0_1 4 5 4 5 8 0 3 3 1 2 2 4 3 3 2 3 26 11 12 12 12 12 12 12 12 13 12 12 12 12 12 12 12 12 13 12 12 12 12 12 12 12 12 12 12 12 12 12 12 12 12 12 12 13 12 12 12 12 12 12 12 12 13 12 12 12 12 12 12 12 11
27_0_1 3 5 5 6 7 0 3 3 2 2 3 4 3 2 1 3 26 12 12 12 12 11 12 12 12 12 12 12 12 13 12 12 12 12 12 12 12 12 12 12 12 12 13 12 12 13 12 12 12 12 12 12 12 12 12 12 12 12 13 12 12 12 12 12 12 12 11 12 12 12 12
28_0_1 4 5 4 5 8 0 4 3 3 3 2 2 1 2 3 3 26 11 12 12 13 12 12 12 13 12 12 12 12 12 12 12 12 12 12 12 12 12 12 12 12 12 12 12 12 12 12 12 12 12 12 12 12 12 12 12 12 12 12 12 12 12 12 13 12 12 12 13 12 12 11
29_2_1 3 6 5 7 5 0 2 4 2 4 2 3 2 2 3 2 26 12 12 12 12 11 12 12 12 12 12 12 12 12 12 12 12 13 12 13 12 12 12 12 12 12 12 12 12 12 12 12 12 12 12 12 13 12 13 12 12 12 12 12 12 12 12 12 12 12 11 12 12 12 12
31_0_1 4 4 5 5 8 0 3 3 3 3 4 1 2 3 2 2 26 12 12 12 12 11 12 12 12 12 13 12 12 12 12 12 12 12 12 12 12 12 12 12 12 12 13 12 12 13 12 12 12 12 12 12 12 12 12 12 12 12 12 12 12 13 12 12 12 12 11 12 12 12 12
33_0_1 4 5 4 5 8 0 2 3 3 2 4 2 2 4 2 2 26 12 12 12 12 11 12 12 12 12 13 12 12 12 12 12 12 12 12 12 12 12 12 12 12 12 12 13 13 12 12 12 12 12 12 12 12 12 12 12 12 12 12 12 12 13 12 12 12 12 11 12 12 12 12
35_0_1 3 5 5 6 7 0 2 3 3 2 4 2 2 4 2 2 26 12 12 12 12 11 12 12 12 12 12 12 12 12 12 12 12 13 12 12 12 13 12 12 12 12 12 12 12 12 12 12 12 12 13 12 12 12 13 12 12 12 12 12 12 12 12 12 12 12 11 12 12 12 12
36_0_1 4 5 4 5 8 0 4 2 2 2 3 4 3 2 2 2 26 11 13 12 12 12 12 12 12 12 12 12 12 12 12 12 12 12 12 12 12 13 12 12 12 12 12 12 12 12 12 12 12 12 13 12 12 12 12 12 12 12 12 12 12 12 12 12 12 12 12 12 12 13 11
38_0_1 2 6 5 7 6 0 3 2 2 4 2 2 3 4 2 2 26 11 12 12 12 13 12 12 12 12 13 12 12 12 12 12 12 12 12 12 12 12 12 12 12 12 12 12 12 12 12 12 12 12 12 12 12 12 12 12 12 12 12 12 12 13 12 12 12 12 13 12 12 12 11
39_0_1 4 5 4 5 8 0 4 2 2 2 3 4 3 2 2 2 26 11 12 12 12 12 12 12 12 13 12 12 12 12 12 12 12 12 12 12 12 12 12 13 12 12 12 12 12 12 12 12 13 12 12 12 12 12 12 12 12 12 12 12 12 12 13 12 12 12 12 12 12 12 11
41_0_1 4 4 5 5 8 0 3 2 4 3 3 3 1 2 3 2 26 12 12 12 12 11 12 12 12 12 13 12 12 12 12 12 12 12 12 12 12 12 12 12 13 12 12 12 12 12 12 13 12 12 12 12 12 12 12 12 12 12 12 12 12 13 12 12 12 12 11 12 12 12 12
42_0_1 2 6 5 7 6 0 4 2 2 2 3 4 3 2 2 2 26 11 12 12 12 12 12 12 12 12 13 12 12 12 12 12 12 12 12 12 13 12 12 12 12 12 12 12 12 12 12 12 12 12 12 13 12 12 12 12 12 12 12 12 12 13 12 12 12 12 12 12 12 12 11
43_0_1 3 4 7 5 7 0 3 3 1 2 2 4 3 3 2 3 26 11 13 12 12 12 12 12 12 12 12 12 12 12 12 13 12 12 12 12 12 12 12 12 12 12 12 12 12 12 12 12 12 12 12 12 12 12 12 12 13 12 12 12 12 12 12 12 12 12 12 12 12 13 11
44_0_1 2 6 5 7 6 0 4 3 3 3 2 2 1 2 3 3 26 11 12 12 12 12 12 12 12 12 12 12 12 12 12 13 12 12 12 12 12 12 12 12 12 13 12 12 12 12 13 12 12 12 12 12 12 12 12 12 13 12 12 12 12 12 12 12 12 12 12 12 12 12 11
45_0_1 4 5 4 5 8 0 3 3 1 2 2 4 3 3 2 3 26 11 12 12 12 12 12 13 12 12 12 12 12 12 12 12 12 12 12 12 12 12 12 12 13 12 12 12 12 12 12 13 12 12 12 12 12 12 12 12 12 12 12 12 12 12 12 12 13 12 12 12 12 12 11
46_0_1 4 5 4 5 8 1 2 1 4 1 2 3 2 3 4 3 26 11 13 12 12 12 12 12 12 12 12 12 12 12 12 12 13 12 12 12 12 12 12 12 12 12 12 12 12 12 12 12 12 12 12 12 12 12 12 13 12 12 12 12 12 12 12 12 12 12 12 12 12 13 11
47_1_1 2 6 7 5 6 0 3 3 1 2 2 4 3 3 2 3 26 11 12 12 12 12 12 12 12 12 12 12 12 12 12 13 12 12 12 12 13 12 12 12 12 12 12 12 12 12 12 12 12 12 12 13 12 12 12 12 13 12 12 12 12 12 12 12 12 12 12 12 12 12 11
47_3_1 3 8 6 4 5 0 3 3 1 2 2 4 3 3 2 3 26 11 12 12 12 12 12 12 12 12 12 12 12 12 12 13 12 12 12 12 13 12 12 12 12 12 12 12 12 12 12 12 12 12 12 13 12 12 12 12 13 12 12 12 12 12 12 12 12 12 12 12 12 12 11
49_0_1 4 5 4 5 8 0 4 3 3 3 2 2 1 2 3 3 26 11 12 12 12 12 12 13 12 12 12 12 12 12 13 12 12 12 12 12 12 12 12 12 12 12 12 12 12 12 12 12 12 12 12 12 12 12 12 12 12 13 12 12 12 12 12 12 13 12 12 12 12 12 11
51_0_1 4 5 4 5 8 0 4 2 3 2 3 3 3 2 3 1 26 11 13 12 12 12 12 12 12 12 12 12 12 12 13 12 12 12 12 12 12 12 12 12 12 12 12 12 12 12 12 12 12 12 12 12 12 12 12 12 12 13 12 12 12 12 12 12 12 12 12 12 12 13 11
52_1_1 4 5 4 8 5 0 3 3 1 2 2 4 3 3 2 3 26 11 12 12 12 12 12 12 12 12 12 12 12 13 12 12 12 12 12 12 12 12 12 12 12 12 13 12 12 13 12 12 12 12 12 12 12 12 12 12 12 12 13 12 12 12 12 12 12 12 12 12 12 12 11
54_0_1 4 5 4 5 8 1 2 1 4 1 2 3 2 3 4 3 26 11 13 12 12 12 13 12 12 12 12 12 12 12 12 12 12 12 12 12 12 12 12 12 12 12 12 12 12 12 12 12 12 12 12 12 12 12 12 12 12 12 12 12 12 12 12 12 12 13 12 12 12 13 11
56_0_1 2 6 6 6 6 1 1 1 4 2 2 4 2 3 3 3 26 12 12 12 12 11 12 12 12 12 13 12 12 12 12 12 12 12 12 12 12 12 12 12 12 13 12 12 12 12 13 12 12 12 12 12 12 12 12 12 12 12 12 12 12 13 12 12 12 12 11 12 12 12 12
57_3_1 3 7 6 5 5 1 1 1 4 2 2 4 2 3 3 3 26 12 12 12 12 11 12 12 12 12 12 12 12 12 13 12 12 12 12 12 12 12 12 13 12 12 12 12 12 12 12 12 13 12 12 12 12 12 12 12 12 13 12 12 12 12 12 12 12 12 11 12 12 12 12
60_0_1 3 4 7 5 7 1 2 1 4 1 2 3 2 3 4 3 26 11 12 12 12 12 12 12 12 12 12 12 12 12 12 12 12 13 12 12 13 12 12 12 12 12 12 12 12 12 12 12 12 12 12 13 12 12 13 12 12 12 12 12 12 12 12 12 12 12 12 12 12 12 11
62_0_1 4 4 5 5 8 1 2 1 4 1 2 3 2 3 4 3 26 11 12 12 12 12 13 12 12 12 12 12 12 12 12 12 12 12 12 12 12 12 12 12 13 12 12 12 12 12 12 13 12 12 12 12 12 12 12 12 12 12 12 12 12 12 12 12 12 13 12 12 12 12 11
63_1_1 4 4 8 5 5 0 3 3 1 2 2 4 3 3 2 3 26 11 12 12 13 12 12 12 12 13 12 12 12 12 12 12 12 12 12 12 12 12 12 12 12 12 12 12 12 12 12 12 12 12 12 12 12 12 12 12 12 12 12 12 12 12 13 12 12 12 12 13 12 12 11
66_0_1 2 6 6 6 6 0 2 4 2 4 3 2 1 3 2 3 26 11 12 12 12 13 12 12 12 12 12 13 12 12 12 12 12 12 12 12 12 12 12 12 12 12 12 12 12 12 12 12 12 12 12 12 12 12 12 12 12 12 12 12 13 12 12 12 12 12 13 12 12 12 11
67_1_1 4 5 4 8 5 0 2 4 2 4 3 2 1 3 2 3 26 11 12 12 12 12 12 12 12 12 12 12 12 12 12 12 13 12 12 12 12 12 13 12 12 12 12 12 12 12 12 12 12 13 12 12 12 12 12 13 12 12 12 12 12 12 12 12 12 12 12 12 12 12 11
68_1_1 3 5 7 5 6 0 2 1 3 2 2 3 3 2 4 4 26 12 12 12 12 11 12 12 12 12 12 12 12 12 12 12 12 12 12 13 12 12 13 12 12 12 12 12 12 12 12 12 12 13 12 12 13 12 12 12 12 12 12 12 12 12 12 12 12 12 11 12 12 12 12
68_3_1 3 7 6 5 5 0 2 1 3 2 2 3 3 2 4 4 26 12 12 12 12 11 12 12 12 12 12 12 12 12 12 12 12 12 12 13 12 12 13 12 12 12 12 12 12 12 12 12 12 13 12 12 13 12 12 12 12 12 12 12 12 12 12 12 12 12 11 12 12 12 12
69_1_1 4 4 8 5 5 0 2 4 2 4 3 2 1 3 2 3 26 11 12 12 12 12 13 12 12 12 12 13 12 12 12 12 12 12 12 12 12 12 12 12 12 12 12 12 12 12 12 12 12 12 12 12 12 12 12 12 12 12 12 12 13 12 12 12 12 13 12 12 12 12 11
70_2_1 3 6 5 7 5 0 3 3 3 3 4 1 2 3 2 2 26 12 12 12 12 11 12 12 12 12 12 12 12 12 12 12 12 12 13 12 12 13 12 12 12 12 12 12 12 12 12 12 12 12 13 12 12 13 12 12 12 12 12 12 12 12 12 12 12 12 11 12 12 12 12
72_0_1 3 5 5 6 7 0 3 2 4 2 2 4 3 2 2 2 26 12 12 12 12 11 12 12 12 12 12 12 12 13 12 12 12 12 12 12 12 12 12 12 13 12 12 12 12 12 12 13 12 12 12 12 12 12 12 12 12 12 13 12 12 12 12 12 12 12 11 12 12 12 12
73_0_1 3 5 5 6 7 0 3 2 2 4 2 2 3 4 2 2 26 12 12 12 12 11 12 12 12 12 12 12 12 12 12 12 13 12 12 12 12 12 12 12 12 12 12 13 13 12 12 12 12 12 12 12 12 12 12 13 12 12 12 12 12 12 12 12 12 12 11 12 12 12 12
74_0_1 2 6 6 6 6 0 2 3 3 2 4 2 2 4 2 2 26 11 12 12 12 12 12 12 12 12 13 12 12 12 12 12 12 12 12 12 12 13 12 12 12 12 12 12 12 12 12 12 12 12 13 12 12 12 12 12 12 12 12 12 12 13 12 12 12 12 12 12 12 12 11
76_1_1 4 5 4 8 5 0 2 3 3 2 4 2 2 4 2 2 26 11 12 12 12 12 12 12 12 12 12 12 13 12 12 12 12 12 12 12 12 13 12 12 12 12 12 12 12 12 12 12 12 12 13 12 12 12 12 12 12 12 12 13 12 12 12 12 12 12 12 12 12 12 11
78_1_1 3 7 5 7 4 0 2 4 2 4 2 3 2 2 3 2 26 11 12 12 12 12 12 12 12 12 12 12 13 12 12 12 12 12 12 12 12 12 12 12 12 13 12 12 12 12 13 12 12 12 12 12 12 12 12 12 12 12 12 13 12 12 12 12 12 12 12 12 12 12 11
79_3_1 3 7 6 5 5 0 4 4 3 2 2 2 2 2 2 3 26 12 12 12 12 11 12 12 12 12 12 12 12 12 12 12 12 13 12 12 12 12 12 12 12 12 13 12 12 13 12 12 12 12 12 12 12 12 13 12 12 12 12 12 12 12 12 12 12 12 11 12 12 12 12
81_1_1 3 5 7 5 6 0 3 3 2 2 3 4 3 2 1 3 26 12 12 12 12 11 12 12 12 12 12 12 12 12 12 12 12 12 13 12 12 12 12 12 13 12 12 12 12 12 12 13 12 12 12 12 12 13 12 12 12 12 12 12 12 12 12 12 12 12 11 12 12 12 12
82_1_1 4 5 4 8 5 1 2 1 4 1 2 3 2 3 4 3 26 11 12 12 12 12 12 12 12 13 12 12 12 12 12 12 12 13 12 12 12 12 12 12 12 12 12 12 12 12 12 12 12 12 12 12 12 12 13 12 12 12 12 12 12 12 13 12 12 12 12 12 12 12 11
85_0_1 2 6 6 6 6 0 3 3 1 2 2 4 3 3 2 3 26 11 12 12 12 12 12 12 12 12 12 12 12 12 12 13 12 12 12 12 12 12 12 12 13 12 12 12 12 12 12 13 12 12 12 12 12 12 12 12 13 12 12 12 12 12 12 12 12 12 12 12 12 12 11
87_1_1 4 4 8 5 5 0 4 3 3 2 2 4 2 2 2 2 26 11 12 12 13 12 12 12 12 12 12 12 12 12 12 12 12 12 12 12 12 12 12 12 12 12 13 12 12 13 12 12 12 12 12 12 12 12 12 12 12 12 12 12 12 12 12 12 12 12 12 13 12 12 11
90_0_1 4 4 5 5 8 0 4 2 3 2 3 3 3 2 3 1 26 11 12 12 12 12 12 12 12 13 12 12 12 12 12 12 12 12 12 13 12 12 12 12 12 12 12 12 12 12 12 12 12 12 12 12 13 12 12 12 12 12 12 12 12 12 13 12 12 12 12 12 12 12 11
92_0_1 3 4 7 5 7 0 2 4 2 4 2 3 2 2 3 2 26 12 12 12 12 12 12 12 12 12 12 11 12 12 12 12 12 12 12 12 12 12 13 12 12 13 12 12 12 12 13 12 12 13 12 12 12 12 12 12 12 12 12 12 11 12 12 12 12 12 12 12 12 12 12
94_0_1 4 5 4 5 8 0 4 2 3 2 3 3 3 2 3 1 26 11 12 12 12 12 12 12 13 12 12 12 12 12 12 12 12 12 12 12 12 12 12 12 13 12 12 12 12 12 12 13 12 12 12 12 12 12 12 12 12 12 12 12 12 12 12 13 12 12 12 12 12 12 11
96_0_1 4 5 4 5 8 0 3 3 1 1 3 3 3 4 2 3 26 12 12 12 12 11 12 12 12 12 12 12 12 12 12 13 12 12 12 12 12 12 13 12 12 12 12 12 12 12 12 12 12 13 12 12 12 12 12 12 13 12 12 12 12 12 12 12 12 12 11 12 12 12 12
97_0_1 4 5 4 5 8 0 3 3 3 3 4 1 2 3 2 2 26 12 12 12 12 11 12 12 12 12 12 12 12 12 12 13 12 12 12 12 12 12 12 13 12 12 12 12 12 12 12 12 13 12 12 12 12 12 12 12 13 12 12 12 12 12 12 12 12 12 11 12 12 12 12
99_0_1 4 5 4 5 8 0 4 4 3 2 2 2 2 2 2 3 26 12 12 12 12 11 12 12 12 12 12 12 12 12 12 13 12 12 12 12 12 12 12 12 12 12 12 13 13 12 12 12 12 12 12 12 12 12 12 12 13 12 12 12 12 12 12 12 12 12 11 12 12 12 12
101_0_1 3 4 7 5 7 0 3 3 1 2 2 4 3 3 2 3 26 11 12 12 12 12 12 12 12 12 12 12 12 12 12 12 12 12 13 12 13 12 12 12 12 12 12 12 12 12 12 12 12 12 12 13 12 13 12 12 12 12 12 12 12 12 12 12 12 12 12 12 12 12 11
102_0_1 4 5 4 5 8 1 1 4 3 4 1 3 3 1 3 2 26 11 12 12 12 12 12 12 12 12 12 13 12 12 12 12 12 12 13 12 12 12 12 12 12 12 12 12 12 12 12 12 12 12 12 12 12 13 12 12 12 12 12 12 13 12 12 12 12 12 12 12 12 12 11
103_0_1 3 4 7 5 7 0 4 4 3 2 2 2 2 2 2 3 26 11 12 12 12 12 12 12 12 12 13 12 12 12 12 12 12 12 13 12 12 12 12 12 12 12 12 12 12 12 12 12 12 12 12 12 12 13 12 12 12 12 12 12 12 13 12 12 12 12 12 12 12 12 11
105_0_1 3 4 7 5 7 0 4 3 3 3 2 2 1 2 3 3 26 11 12 12 12 12 12 12 12 12 12 12 12 12 12 12 12 12 13 12 12 12 12 12 12 13 12 12 12 12 13 12 12 12 12 12 12 13 12 12 12 12 12 12 12 12 12 12 12 12 12 12 12 12 11
107_0_1 3 4 7 5 7 0 3 4 3 3 1 3 2 2 2 3 26 11 12 12 12 13 12 12 12 12 12 12 12 12 12 12 12 12 13 12 12 12 12 12 12 12 12 12 12 12 12 12 12 12 12 12 12 13 12 12 12 12 12 12 12 12 12 12 12 12 13 12 12 12 11
107_1_3 3 7 5 7 4 1 1 2 3 4 1 4 2 2 3 3 26 11 12 12 12 13 12 12 12 12 12 12 12 12 12 12 12 12 13 12 12 12 12 12 12 12 12 12 12 12 12 12 12 12 12 12 12 13 12 12 12 12 12 12 12 12 12 12 12 12 13 12 12 12 11
108_1_1 4 5 4 8 5 0 3 3 3 3 4 1 2 1 3 3 26 11 12 13 12 12 12 12 12 12 12 13 12 12 12 12 12 12 12 12 12 12 12 12 12 12 12 12 12 12 12 12 12 12 12 12 12 12 12 12 12 12 12 12 13 12 12 12 12 12 12 12 13 12 11
110_0_1 4 5 4 5 8 1 1 2 5 1 3 3 3 3 2 2 26 12 12 12 12 11 12 12 12 12 12 12 12 12 12 12 12 12 12 12 13 12 13 12 12 12 12 12 12 12 12 12 12 13 12 13 12 12 12 12 12 12 12 12 12 12 12 12 12 12 11 12 12 12 12
111_0_1 4 5 4 5 8 0 3 2 4 3 3 3 1 2 3 2 26 12 12 12 12 11 12 12 12 12 12 12 12 12 12 12 12 12 12 12 13 12 12 13 12 12 12 12 12 12 12 12 13 12 12 13 12 12 12 12 12 12 12 12 12 12 12 12 12 12 11 12 12 12 12
112_0_1 4 4 5 5 8 0 3 2 4 2 2 4 3 2 2 2 26 12 12 12 12 11 12 12 12 12 12 12 12 12 12 12 12 12 12 12 13 12 12 12 13 12 12 12 12 12 12 13 12 12 12 13 12 12 12 12 12 12 12 12 12 12 12 12 12 12 11 12 12 12 12
113_0_5 4 4 5 5 8 1 3 1 3 2 4 4 2 1 3 2 26 12 12 12 12 11 12 12 12 12 12 12 12 12 12 12 12 12 12 13 13 12 12 12 12 12 12 12 12 12 12 12 12 12 12 13 13 12 12 12 12 12 12 12 12 12 12 12 12 12 11 12 12 12 12
114_0_1 4 5 4 5 8 0 4 2 2 2 3 4 3 2 2 2 26 12 12 12 12 11 12 12 12 12 12 12 12 12 12 12 12 12 12 12 13 12 12 12 12 12 12 13 13 12 12 12 12 12 12 13 12 12 12 12 12 12 12 12 12 12 12 12 12 12 11 12 12 12 12
116_0_1 4 5 4 5 8 0 4 3 3 3 2 2 1 2 3 3 26 11 12 12 12 12 12 12 12 12 12 12 12 12 13 12 12 12 13 12 12 12 12 12 12 12 12 12 12 12 12 12 12 12 12 12 12 13 12 12 12 13 12 12 12 12 12 12 12 12 12 12 12 12 11
118_0_1 4 5 4 5 8 0 3 3 1 2 2 4 3 3 2 3 26 11 12 12 12 12 12 12 12 12 12 12 12 12 12 12 12 12 13 12 12 12 12 12 13 12 12 12 12 12 12 13 12 12 12 12 12 13 12 12 12 12 12 12 12 12 12 12 12 12 12 12 12 12 11
119_0_1 3 4 7 5 7 0 2 4 2 4 2 3 2 2 3 2 26 11 12 13 12 12 12 12 12 12 13 12 12 12 12 12 12 12 12 12 12 12 12 12 12 12 12 12 12 12 12 12 12 12 12 12 12 12 12 12 12 12 12 12 12 13 12 12 12 12 12 12 13 12 11
121_0_1 4 5 4 5 8 0 4 2 3 2 3 3 3 2 3 1 26 11 12 13 12 12 12 12 12 12 12 12 12 12 12 12 12 12 12 12 12 12 12 12 13 12 12 12 12 12 12 13 12 12 12 12 12 12 12 12 12 12 12 12 12 12 12 12 12 12 12 12 13 12 11
123_1_1 4 4 8 5 5 0 3 2 2 4 2 2 3 4 2 2 26 11 12 12 12 12 12 12 12 12 12 12 12 12 12 12 13 12 12 12 12 13 12 12 12 12 12 12 12 12 12 12 12 12 13 12 12 12 12 13 12 12 12 12 12 12 12 12 12 12 12 12 12 12 11
126_0_1 3 4 7 5 7 0 3 2 2 4 2 2 3 4 2 2 26 11 12 12 12 13 12 12 12 12 12 12 13 12 12 12 12 12 12 12 12 12 12 12 12 12 12 12 12 12 12 12 12 12 12 12 12 12 12 12 12 12 12 13 12 12 12 12 12 12 13 12 12 12 11
128_0_1 2 6 6 6 6 0 4 4 3 2 2 2 2 2 2 3 26 11 12 12 12 12 12 12 12 12 12 12 12 12 12 13 12 12 12 12 12 13 12 12 12 12 12 12 12 12 12 12 12 12 13 12 12 12 12 12 13 12 12 12 12 12 12 12 12 12 12 12 12 12 11
130_0_5 3 5 5 6 7 1 3 1 3 2 4 4 2 1 3 2 26 12 12 12 12 11 12 12 12 12 12 12 12 13 12 12 12 12 12 13 12 12 12 12 12 12 12 12 12 12 12 12 12 12 12 12 13 12 12 12 12 12 13 12 12 12 12 12 12 12 11 12 12 12 12
130_2_1 3 6 5 7 5 0 4 3 3 2 3 3 3 1 2 2 26 12 12 12 12 11 12 12 12 12 12 12 12 13 12 12 12 12 12 13 12 12 12 12 12 12 12 12 12 12 12 12 12 12 12 12 13 12 12 12 12 12 13 12 12 12 12 12 12 12 11 12 12 12 12
130_3_3 3 7 6 5 5 1 2 1 3 2 4 3 1 4 3 2 26 12 12 12 12 11 12 12 12 12 12 12 12 13 12 12 12 12 12 13 12 12 12 12 12 12 12 12 12 12 12 12 12 12 12 12 13 12 12 12 12 12 13 12 12 12 12 12 12 12 11 12 12 12 12
132_1_1 3 5 7 5 6 0 2 4 2 4 2 3 2 2 3 2 26 12 12 12 12 11 12 12 12 12 12 12 12 12 12 12 12 12 12 13 12 12 12 12 12 12 12 13 13 12 12 12 12 12 12 12 13 12 12 12 12 12 12 12 12 12 12 12 12 12 11 12 12 12 12
133_1_1 4 5 4 8 5 0 4 4 3 2 2 2 2 2 2 3 26 11 12 12 12 12 12 12 12 12 12 12 13 12 12 12 12 12 12 12 12 12 12 12 12 12 13 12 12 13 12 12 12 12 12 12 12 12 12 12 12 12 12 13 12 12 12 12 12 12 12 12 12 12 11
135_0_1 4 4 5 5 8 0 4 4 3 2 2 2 2 2 2 3 26 11 12 12 13 12 12 12 12 12 12 12 12 12 12 12 12 12 12 12 12 13 12 12 12 12 12 12 12 12 12 12 12 12 13 12 12 12 12 12 12 12 12 12 12 12 12 12 12 12 12 13 12 12 11
137_0_1 4 4 5 5 8 0 3 3 3 3 4 1 2 1 3 3 26 11 12 12 12 12 12 12 12 12 12 13 12 12 12 12 12 12 12 13 12 12 12 12 12 12 12 12 12 12 12 12 12 12 12 12 13 12 12 12 12 12 12 12 13 12 12 12 12 12 12 12 12 12 11
138_0_1 4 5 4 5 8 0 4 2 3 2 3 3 3 2 3 1 26 11 12 12 12 12 12 12 12 12 12 12 12 13 12 12 12 12 12 13 12 12 12 12 12 12 12 12 12 12 12 12 12 12 12 12 13 12 12 12 12 12 13 12 12 12 12 12 12 12 12 12 12 12 11
139_2_1 3 6 5 7 5 1 1 1 4 2 2 4 2 3 3 3 26 12 12 12 12 11 12 12 12 12 12 12 12 12 12 12 12 12 12 13 12 12 12 13 12 12 12 12 12 12 12 12 13 12 12 12 13 12 12 12 12 12 12 12 12 12 12 12 12 12 11 12 12 12 12
140_0_5 4 4 5 5 8 1 1 4 3 3 2 2 4 1 3 2 26 11 12 12 13 12 12 12 12 12 12 12 12 12 12 12 13 12 12 12 12 12 12 12 12 12 12 12 12 12 12 12 12 12 12 12 12 12 12 13 12 12 12 12 12 12 12 12 12 12 12 13 12 12 11
141_0_1 3 4 7 5 7 0 4 4 3 2 2 2 2 2 2 3 26 11 12 12 12 12 12 12 12 12 12 12 12 12 12 13 12 12 12 12 12 12 12 13 12 12 12 12 12 12 12 12 13 12 12 12 12 12 12 12 13 12 12 12 12 12 12 12 12 12 12 12 12 12 11
143_0_1 4 5 4 5 8 0 2 4 2 4 2 3 2 2 3 2 26 11 12 12 12 12 12 12 12 12 12 12 12 12 12 12 12 12 12 13 12 12 12 13 12 12 12 12 12 12 12 12 13 12 12 12 13 12 12 12 12 12 12 12 12 12 12 12 12 12 12 12 12 12 11
145_1_1 4 4 8 5 5 0 4 2 3 2 3 3 3 2 3 1 26 11 12 12 12 12 12 12 12 13 12 12 12 12 13 12 12 12 12 12 12 12 12 12 12 12 12 12 12 12 12 12 12 12 12 12 12 12 12 12 12 13 12 12 12 12 13 12 12 12 12 12 12 12 11
146_1_3 4 5 4 8 5 1 2 5 3 2 3 1 3 1 3 2 26 11 12 12 13 12 12 12 12 12 12 12 12 12 12 12 12 12 12 12 12 12 13 12 12 12 12 12 12 12 12 12 12 13 12 12 12 12 12 12 12 12 12 12 12 12 12 12 12 12 12 13 12 12 11
147_1_3 3 7 5 7 4 1 2 5 3 2 3 1 3 1 3 2 26 11 12 12 12 12 12 12 12 12 12 12 12 12 12 13 12 12 12 12 12 12 13 12 12 12 12 12 12 12 12 12 12 13 12 12 12 12 12 12 13 12 12 12 12 12 12 12 12 12 12 12 12 12 11
149_0_3 4 5 4 5 8 1 2 5 3 2 3 1 3 1 3 2 26 11 12 12 12 12 12 13 12 12 12 13 12 12 12 12 12 12 12 12 12 12 12 12 12 12 12 12 12 12 12 12 12 12 12 12 12 12 12 12 12 12 12 12 13 12 12 12 13 12 12 12 12 12 11
150_1_1 4 5 4 8 5 0 4 3 3 3 2 2 1 2 3 3 26 11 12 12 12 12 12 13 12 12 12 12 12 12 12 12 12 12 12 13 12 12 12 12 12 12 12 12 12 12 12 12 12 12 12 12 13 12 12 12 12 12 12 12 12 12 12 12 13 12 12 12 12 12 11
152_0_3 4 4 5 5 8 1 2 2 1 4 2 3 2 3 4 2 26 12 12 12 12 12 12 12 12 12 12 11 12 12 12 12 12 12 12 13 12 12 12 12 13 12 12 12 12 12 12 13 12 12 12 12 13 12 12 12 12 12 12 12 11 12 12 12 12 12 12 12 12 12 12
153_0_3 2 6 6 6 6 1 1 2 3 4 1 4 2 2 3 3 26 11 12 12 12 12 13 12 12 12 12 12 12 12 12 13 12 12 12 12 12 12 12 12 12 12 12 12 12 12 12 12 12 12 12 12 12 12 12 12 13 12 12 12 12 12 12 12 12 13 12 12 12 12 11
154_0_5 4 5 4 5 8 1 1 4 3 3 2 2 4 1 3 2 26 11 12 12 12 12 13 12 12 12 12 12 12 12 12 12 12 12 13 12 12 12 12 12 12 12 12 12 12 12 12 12 12 12 12 12 12 13 12 12 12 12 12 12 12 12 12 12 12 13 12 12 12 12 11
155_0_1 4 5 4 5 8 0 4 2 3 2 3 3 3 2 3 1 26 11 12 13 12 12 12 12 12 13 12 12 12 12 12 12 12 12 12 12 12 12 12 12 12 12 12 12 12 12 12 12 12 12 12 12 12 12 12 12 12 12 12 12 12 12 13 12 12 12 12 12 13 12 11
157_0_1 2 6 6 6 6 0 3 2 2 4 2 2 3 4 2 2 26 11 12 12 12 12 12 12 12 12 13 12 12 12 12 12 13 12 12 12 12 12 12 12 12 12 12 12 12 12 12 12 12 12 12 12 12 12 12 13 12 12 12 12 12 13 12 12 12 12 12 12 12 12 11
158_1_1 4 4 8 5 5 0 3 4 3 3 1 3 2 2 2 3 26 11 12 12 12 12 12 12 12 12 12 12 12 12 12 12 13 12 12 12 12 12 12 12 12 12 13 12 12 13 12 12 12 12 12 12 12 12 12 13 12 12 12 12 12 12 12 12 12 12 12 12 12 12 11
159_1_1 4 4 8 5 5 0 4 3 3 3 2 2 1 2 3 3 26 11 12 12 12 12 12 12 12 12 12 12 12 12 12 12 12 12 12 13 12 12 12 12 12 12 13 12 12 13 12 12 12 12 12 12 13 12 12 12 12 12 12 12 12 12 12 12 12 12 12 12 12 12 11
161_1_1 3 5 7 5 6 0 3 3 1 1 3 3 3 4 2 3 26 12 12 12 12 11 12 12 12 12 12 12 12 12 12 12 12 12 12 12 12 12 13 12 12 12 13 12 12 13 12 12 12 13 12 12 12 12 12 12 12 12 12 12 12 12 12 12 12 12 11 12 12 12 12
161_3_1 3 7 6 5 5 0 3 3 1 1 3 3 3 4 2 3 26 12 12 12 12 11 12 12 12 12 12 12 12 12 12 12 12 12 12 12 12 12 13 12 12 12 13 12 12 13 12 12 12 13 12 12 12 12 12 12 12 12 12 12 12 12 12 12 12 12 11 12 12 12 12
163_0_1 4 5 4 5 8 1 1 3 2 3 1 3 4 3 2 3 26 12 12 12 12 12 12 12 12 12 12 11 12 12 12 12 12 12 12 13 12 12 12 13 12 12 12 12 12 12 12 12 13 12 12 12 13 12 12 12 12 12 12 12 11 12 12 12 12 12 12 12 12 12 12
164_0_1 3 5 5 6 7 0 3 2 4 3 3 3 1 2 3 2 26 12 12 12 12 11 12 12 12 12 12 12 12 12 12 12 12 12 12 12 12 12 12 13 13 12 12 12 12 12 12 13 13 12 12 12 12 12 12 12 12 12 12 12 12 12 12 12 12 12 11 12 12 12 12
164_2_1 3 6 5 7 5 0 3 2 4 3 3 3 1 2 3 2 26 12 12 12 12 11 12 12 12 12 12 12 12 12 12 12 12 12 12 12 12 12 12 13 13 12 12 12 12 12 12 13 13 12 12 12 12 12 12 12 12 12 12 12 12 12 12 12 12 12 11 12 12 12 12
165_0_1 4 5 4 5 8 0 3 3 3 3 4 1 2 1 3 3 26 11 12 12 12 12 12 12 12 12 12 12 12 12 13 12 12 12 12 12 12 12 13 12 12 12 12 12 12 12 12 12 12 13 12 12 12 12 12 12 12 13 12 12 12 12 12 12 12 12 12 12 12 12 11
166_0_1 4 4 5 5 8 0 3 4 3 3 1 3 2 2 2 3 26 11 12 12 12 12 13 12 12 12 12 12 12 12 12 12 12 12 12 12 12 12 12 12 12 12 13 12 12 13 12 12 12 12 12 12 12 12 12 12 12 12 12 12 12 12 12 12 12 13 12 12 12 12 11
166_1_3 4 4 8 5 5 1 1 2 3 4 1 4 2 2 3 3 26 11 12 12 12 12 13 12 12 12 12 12 12 12 12 12 12 12 12 12 12 12 12 12 12 12 13 12 12 13 12 12 12 12 12 12 12 12 12 12 12 12 12 12 12 12 12 12 12 13 12 12 12 12 11
167_1_1 3 7 5 7 4 1 1 3 3 2 2 3 3 4 1 3 26 12 12 12 12 12 12 12 12 12 12 11 12 12 12 12 12 12 12 12 13 12 12 12 12 12 12 13 13 12 12 12 12 12 12 13 12 12 12 12 12 12 12 12 11 12 12 12 12 12 12 12 12 12 12
169_0_3 2 6 6 6 6 1 1 3 4 2 4 2 2 2 2 3 26 12 12 12 12 12 12 12 12 12 12 11 12 12 12 12 12 12 12 12 12 13 12 12 12 13 12 12 12 12 13 12 12 12 13 12 12 12 12 12 12 12 12 12 11 12 12 12 12 12 12 12 12 12 12
172_0_1 4 4 5 5 8 1 2 1 4 1 2 3 2 3 4 3 26 11 12 12 12 12 13 12 12 13 12 12 12 12 12 12 12 12 12 12 12 12 12 12 12 12 12 12 12 12 12 12 12 12 12 12 12 12 12 12 12 12 12 12 12 12 13 12 12 13 12 12 12 12 11
173_1_1 4 4 8 5 5 1 1 4 3 4 1 3 3 1 3 2 26 11 12 12 12 12 12 12 12 12 12 13 12 12 12 12 12 12 12 12 12 12 12 12 12 12 13 12 12 13 12 12 12 12 12 12 12 12 12 12 12 12 12 12 13 12 12 12 12 12 12 12 12 12 11
174_0_5 4 5 4 5 8 1 1 4 3 3 2 2 4 1 3 2 26 11 12 12 12 12 12 12 12 12 12 12 12 12 12 12 12 13 12 12 12 12 12 12 12 12 13 12 12 13 12 12 12 12 12 12 12 12 13 12 12 12 12 12 12 12 12 12 12 12 12 12 12 12 11
175_0_1 4 5 4 5 8 0 4 3 3 2 2 4 2 2 2 2 26 11 12 12 12 12 12 13 12 12 12 12 12 12 12 12 12 12 12 12 12 12 12 12 12 12 13 12 12 13 12 12 12 12 12 12 12 12 12 12 12 12 12 12 12 12 12 12 13 12 12 12 12 12 11
176_1_1 4 5 4 8 5 0 3 3 3 3 4 1 2 1 3 3 26 11 12 12 12 12 12 12 12 12 12 12 12 12 12 12 12 12 12 13 12 12 13 12 12 12 12 12 12 12 12 12 12 13 12 12 13 12 12 12 12 12 12 12 12 12 12 12 12 12 12 12 12 12 11
178_0_1 4 4 5 5 8 0 4 4 3 2 2 2 2 2 2 3 26 11 12 12 12 12 12 12 12 12 12 12 12 12 12 12 12 12 12 12 12 13 12 12 12 12 13 12 12 13 12 12 12 12 13 12 12 12 12 12 12 12 12 12 12 12 12 12 12 12 12 12 12 12 11
179_1_1 4 4 8 5 5 1 1 4 3 4 1 3 3 1 3 2 26 11 12 12 13 12 12 12 12 12 12 13 12 12 12 12 12 12 12 12 12 12 12 12 12 12 12 12 12 12 12 12 12 12 12 12 12 12 12 12 12 12 12 12 13 12 12 12 12 12 12 13 12 12 11
180_2_1 3 6 5 7 5 0 4 2 2 2 3 4 3 2 2 2 26 12 12 12 12 11 12 12 12 12 12 12 12 12 12 12 12 13 12 12 12 12 12 12 13 12 12 12 12 12 12 13 12 12 12 12 12 12 13 12 12 12 12 12 12 12 12 12 12 12 11 12 12 12 12
181_1_1 4 4 8 5 5 1 2 2 4 1 2 4 3 3 2 2 26 12 12 12 12 12 12 12 12 12 12 11 12 12 12 12 12 12 12 12 12 13 12 12 12 12 13 12 12 13 12 12 12 12 13 12 12 12 12 12 12 12 12 12 11 12 12 12 12 12 12 12 12 12 12
182_1_1 4 5 4 8 5 0 3 3 1 2 2 4 3 3 2 3 26 11 12 12 13 12 12 12 12 12 12 12 12 13 12 12 12 12 12 12 12 12 12 12 12 12 12 12 12 12 12 12 12 12 12 12 12 12 12 12 12 12 13 12 12 12 12 12 12 12 12 13 12 12 11
184_0_1 3 5 5 6 7 1 1 2 5 1 3 3 3 3 2 2 26 12 12 12 12 11 12 12 12 12 12 12 12 12 12 12 12 12 12 12 12 12 13 12 13 12 12 12 12 12 12 13 12 13 12 12 12 12 12 12 12 12 12 12 12 12 12 12 12 12 11 12 12 12 12
184_2_1 3 6 5 7 5 1 1 2 5 1 3 3 3 3 2 2 26 12 12 12 12 11 12 12 12 12 12 12 12 12 12 12 12 12 12 12 12 12 13 12 13 12 12 12 12 12 12 13 12 13 12 12 12 12 12 12 12 12 12 12 12 12 12 12 12 12 11 12 12 12 12
185_0_1 2 6 6 6 6 0 3 3 1 2 2 4 3 3 2 3 26 11 12 12 13 12 12 12 12 12 12 12 12 12 12 12 12 12 12 12 13 12 12 12 12 12 12 12 12 12 12 12 12 12 12 13 12 12 12 12 12 12 12 12 12 12 12 12 12 12 12 13 12 12 11
186_2_1 3 6 5 7 5 0 2 3 3 2 4 2 2 4 2 2 26 12 12 12 12 11 12 12 12 12 12 12 12 12 12 12 12 12 12 12 12 13 12 12 12 12 12 13 13 12 12 12 12 12 13 12 12 12 12 12 12 12 12 12 12 12 12 12 12 12 11 12 12 12 12
188_0_1 4 4 5 5 8 0 4 2 2 2 3 4 3 2 2 2 26 11 12 12 12 12 12 12 12 13 12 12 12 12 12 12 12 12 12 12 12 13 12 12 12 12 12 12 12 12 12 12 12 12 13 12 12 12 12 12 12 12 12 12 12 12 13 12 12 12 12 12 12 12 11
190_0_1 4 5 4 5 8 0 4 2 2 2 3 4 3 2 2 2 26 11 12 12 12 12 12 12 12 13 12 12 13 12 12 12 12 12 12 12 12 12 12 12 12 12 12 12 12 12 12 12 12 12 12 12 12 12 12 12 12 12 12 13 12 12 13 12 12 12 12 12 12 12 11
192_1_1 3 7 5 7 4 0 4 4 3 2 2 2 2 2 2 3 26 11 12 12 12 12 12 13 12 12 13 12 12 12 12 12 12 12 12 12 12 12 12 12 12 12 12 12 12 12 12 12 12 12 12 12 12 12 12 12 12 12 12 12 12 13 12 12 13 12 12 12 12 12 11
194_1_1 4 4 8 5 5 0 4 2 2 2 3 4 3 2 2 2 26 11 12 12 12 12 12 12 12 12 12 12 12 12 12 12 12 12 12 12 12 13 12 12 13 12 12 12 12 12 12 13 12 12 13 12 12 12 12 12 12 12 12 12 12 12 12 12 12 12 12 12 12 12 11
196_0_3 3 4 7 5 7 1 1 3 4 2 4 2 2 2 2 3 26 12 12 12 12 12 12 12 12 12 12 11 12 12 12 12 12 12 12 12 12 12 12 13 12 13 12 12 12 12 13 12 13 12 12 12 12 12 12 12 12 12 12 12 11 12 12 12 12 12 12 12 12 12 12
197_0_3 2 6 6 6 6 1 2 2 1 4 2 3 2 3 4 2 26 12 12 12 12 12 12 12 12 12 12 11 12 12 12 12 12 12 12 12 12 12 12 12 13 13 12 12 12 12 13 13 12 12 12 12 12 12 12 12 12 12 12 12 11 12 12 12 12 12 12 12 12 12 12
198_1_3 4 5 4 8 5 1 1 3 4 3 3 1 4 1 2 3 26 11 12 12 12 12 12 12 13 12 12 13 12 12 12 12 12 12 12 12 12 12 12 12 12 12 12 12 12 12 12 12 12 12 12 12 12 12 12 12 12 12 12 12 13 12 12 13 12 12 12 12 12 12 11
199_1_3 4 5 4 8 5 1 2 1 4 3 2 2 4 2 3 2 26 12 12 12 12 12 12 12 12 12 12 11 12 12 12 12 12 12 12 12 12 12 12 12 13 12 12 13 13 12 12 13 12 12 12 12 12 12 12 12 12 12 12 12 11 12 12 12 12 12 12 12 12 12 12
201_1_1 4 4 8 5 5 0 3 3 1 2 2 4 3 3 2 3 26 11 12 12 13 12 12 12 12 12 12 12 12 12 12 12 12 12 12 12 12 12 12 12 13 12 12 12 12 12 12 13 12 12 12 12 12 12 12 12 12 12 12 12 12 12 12 12 12 12 12 13 12 12 11
203_0_1 3 4 7 5 7 0 3 3 3 3 4 1 2 1 3 3 26 11 12 12 12 12 12 12 12 12 12 12 12 12 12 12 12 12 12 12 12 12 13 12 12 13 12 12 12 12 13 12 12 13 12 12 12 12 12 12 12 12 12 12 12 12 12 12 12 12 12 12 12 12 11
204_0_1 3 4 7 5 7 0 3 3 3 2 2 3 4 2 1 3 26 11 12 12 12 13 12 12 12 12 12 12 12 12 12 12 12 13 12 12 12 12 12 12 12 12 12 12 12 12 12 12 12 12 12 12 12 12 13 12 12 12 12 12 12 12 12 12 12 12 13 12 12 12 11
205_0_1 2 6 6 6 6 0 3 3 3 2 2 3 4 2 1 3 26 11 12 12 12 13 12 12 12 12 12 12 12 12 12 12 13 12 12 12 12 12 12 12 12 12 12 12 12 12 12 12 12 12 12 12 12 12 12 13 12 12 12 12 12 12 12 12 12 12 13 12 12 12 11
206_2_1 3 6 5 7 5 0 4 2 2 2 3 4 3 2 2 2 26 12 12 12 12 11 12 12 12 12 12 12 12 12 12 12 12 12 12 12 12 12 12 12 13 12 12 13 13 12 12 13 12 12 12 12 12 12 12 12 12 12 12 12 12 12 12 12 12 12 11 12 12 12 12
207_1_1 4 4 8 5 5 0 3 3 3 2 2 3 4 2 1 3 26 11 12 12 12 12 13 12 12 12 12 12 12 12 12 12 13 12 12 12 12 12 12 12 12 12 12 12 12 12 12 12 12 12 12 12 12 12 12 13 12 12 12 12 12 12 12 12 12 13 12 12 12 12 11
208_1_1 3 5 7 5 6 0 3 2 3 2 3 3 3 2 4 1 26 12 12 12 12 11 12 12 13 12 12 12 12 12 12 12 12 12 12 13 12 12 12 12 12 12 12 12 12 12 12 12 12 12 12 12 13 12 12 12 12 12 12 12 12 12 12 13 12 12 11 12 12 12 12
208_3_1 3 7 6 5 5 0 3 2 3 2 3 3 3 2 4 1 26 12 12 12 12 11 12 12 13 12 12 12 12 12 12 12 12 12 12 13 12 12 12 12 12 12 12 12 12 12 12 12 12 12 12 12 13 12 12 12 12 12 12 12 12 12 12 13 12 12 11 12 12 12 12
209_1_1 4 5 4 8 5 0 3 3 3 2 2 3 4 2 1 3 26 11 12 12 12 12 13 12 12 12 12 12 12 12 12 12 12 13 12 12 12 12 12 12 12 12 12 12 12 12 12 12 12 12 12 12 12 12 13 12 12 12 12 12 12 12 12 12 12 13 12 12 12 12 11
210_1_1 3 7 5 7 4 0 2 4 2 4 3 2 1 3 2 3 26 11 12 12 12 13 12 12 12 12 12 12 12 12 12 12 12 12 12 12 12 12 13 12 12 12 12 12 12 12 12 12 12 13 12 12 12 12 12 12 12 12 12 12 12 12 12 12 12 12 13 12 12 12 11
211_1_1 4 5 4 8 5 0 2 4 2 4 3 2 1 3 2 3 26 11 12 12 12 12 12 12 12 12 12 13 12 12 12 12 12 13 12 12 12 12 12 12 12 12 12 12 12 12 12 12 12 12 12 12 12 12 13 12 12 12 12 12 13 12 12 12 12 12 12 12 12 12 11
212_1_1 4 5 4 8 5 0 2 4 2 4 3 2 1 3 2 3 26 11 12 12 12 12 13 12 12 12 12 12 12 12 12 12 12 12 12 12 12 12 13 12 12 12 12 12 12 12 12 12 12 13 12 12 12 12 12 12 12 12 12 12 12 12 12 12 12 13 12 12 12 12 11
214_0_1 2 6 6 6 6 1 2 1 4 1 2 3 2 3 4 3 26 11 12 12 12 12 13 12 12 12 12 12 12 12 12 12 12 12 12 12 13 12 12 12 12 12 12 12 12 12 12 12 12 12 12 13 12 12 12 12 12 12 12 12 12 12 12 12 12 13 12 12 12 12 11
215_1_3 4 4 8 5 5 0 3 4 2 3 3 2 2 4 1 2 26 11 12 12 12 12 12 12 12 12 12 13 12 12 12 12 13 12 12 12 12 12 12 12 12 12 12 12 12 12 12 12 12 12 12 12 12 12 12 13 12 12 12 12 13 12 12 12 12 12 12 12 12 12 11
217_0_3 4 4 5 5 8 1 1 3 4 3 3 1 4 1 2 3 26 11 12 12 12 12 12 12 12 12 12 13 12 12 13 12 12 12 12 12 12 12 12 12 12 12 12 12 12 12 12 12 12 12 12 12 12 12 12 12 12 13 12 12 13 12 12 12 12 12 12 12 12 12 11
218_1_1 3 7 5 7 4 0 4 2 3 2 3 3 3 2 3 1 26 11 12 12 12 12 12 12 13 12 12 12 12 12 12 12 12 12 12 12 13 12 12 12 12 12 12 12 12 12 12 12 12 12 12 13 12 12 12 12 12 12 12 12 12 12 12 13 12 12 12 12 12 12 11
221_0_1 4 5 4 5 8 1 1 4 3 4 1 3 3 1 3 2 26 11 12 12 12 12 12 12 12 12 12 12 12 12 12 12 12 12 12 12 12 12 13 12 12 12 13 12 12 13 12 12 12 13 12 12 12 12 12 12 12 12 12 12 12 12 12 12 12 12 12 12 12 12 11
222_0_1 4 5 4 5 8 0 3 2 2 4 2 2 3 4 2 2 26 11 12 12 12 12 12 12 12 12 12 12 13 12 12 12 13 12 12 12 12 12 12 12 12 12 12 12 12 12 12 12 12 12 12 12 12 12 12 13 12 12 12 13 12 12 12 12 12 12 12 12 12 12 11
224_0_1 4 4 5 5 8 0 3 3 1 2 2 4 3 3 2 3 26 11 12 12 12 12 12 12 12 13 12 12 12 12 12 12 12 12 12 12 12 12 12 12 12 12 13 12 12 13 12 12 12 12 12 12 12 12 12 12 12 12 12 12 12 12 13 12 12 12 12 12 12 12 11
225_0_1 4 5 4 5 8 0 3 4 3 3 1 3 2 2 2 3 26 11 12 12 12 12 12 13 12 12 12 12 12 12 12 12 13 12 12 12 12 12 12 12 12 12 12 12 12 12 12 12 12 12 12 12 12 12 12 13 12 12 12 12 12 12 12 12 13 12 12 12 12 12 11
225_1_3 4 5 4 8 5 1 1 2 3 4 1 4 2 2 3 3 26 11 12 12 12 12 12 13 12 12 12 12 12 12 12 12 13 12 12 12 12 12 12 12 12 12 12 12 12 12 12 12 12 12 12 12 12 12 12 13 12 12 12 12 12 12 12 12 13 12 12 12 12 12 11
226_0_5 2 6 5 7 6 1 1 4 3 3 2 2 4 1 3 2 26 11 12 12 12 13 12 12 12 12 12 12 12 12 12 13 12 12 12 12 12 12 12 12 12 12 12 12 12 12 12 12 12 12 12 12 12 12 12 12 13 12 12 12 12 12 12 12 12 12 13 12 12 12 11
226_2_1 3 5 4 6 8 0 3 4 3 3 1 3 2 2 2 3 26 11 12 12 12 13 12 12 12 12 12 12 12 12 12 13 12 12 12 12 12 12 12 12 12 12 12 12 12 12 12 12 12 12 12 12 12 12 12 12 13 12 12 12 12 12 12 12 12 12 13 12 12 12 11
226_3_3 3 8 6 4 5 1 1 2 3 4 1 4 2 2 3 3 26 11 12 12 12 13 12 12 12 12 12 12 12 12 12 13 12 12 12 12 12 12 12 12 12 12 12 12 12 12 12 12 12 12 12 12 12 12 12 12 13 12 12 12 12 12 12 12 12 12 13 12 12 12 11
227_2_1 3 5 4 6 8 1 2 1 4 1 2 3 2 3 4 3 26 11 12 12 12 13 12 12 12 12 12 12 12 12 12 12 12 12 12 12 13 12 12 12 12 12 12 12 12 12 12 12 12 12 12 13 12 12 12 12 12 12 12 12 12 12 12 12 12 12 13 12 12 12 11
228_2_1 3 5 4 6 8 0 2 4 2 4 2 3 2 2 3 2 26 11 12 12 12 12 12 12 12 12 13 12 12 12 12 12 12 12 12 12 12 12 12 12 12 13 12 12 12 12 13 12 12 12 12 12 12 12 12 12 12 12 12 12 12 13 12 12 12 12 12 12 12 12 11
229_2_1 3 5 4 6 8 0 4 4 3 2 2 2 2 2 2 3 26 11 12 12 12 12 12 12 12 12 13 12 12 12 12 13 12 12 12 12 12 12 12 12 12 12 12 12 12 12 12 12 12 12 12 12 12 12 12 12 13 12 12 12 12 13 12 12 12 12 12 12 12 12 11
230_2_1 3 5 4 6 8 0 4 2 3 2 3 3 3 2 3 1 26 11 12 12 12 12 12 12 12 12 12 12 12 12 12 12 12 12 12 12 13 12 12 12 12 13 12 12 12 12 13 12 12 12 12 13 12 12 12 12 12 12 12 12 12 12 12 12 12 12 12 12 12 12 11
232_0_1 3 4 7 5 7 0 3 3 1 2 2 4 3 3 2 3 26 11 12 12 12 12 12 13 12 12 12 12 12 12 12 12 12 12 12 12 13 12 12 12 12 12 12 12 12 12 12 12 12 12 12 13 12 12 12 12 12 12 12 12 12 12 12 12 13 12 12 12 12 12 11
233_0_1 2 6 5 7 6 1 1 3 3 1 4 2 3 3 3 2 26 12 12 12 12 12 12 12 12 12 12 11 12 12 12 12 12 12 12 12 13 12 12 12 12 13 12 12 12 12 13 12 12 12 12 13 12 12 12 12 12 12 12 12 11 12 12 12 12 12 12 12 12 12 12
233_2_1 3 5 4 6 8 1 1 3 3 1 4 2 3 3 3 2 26 12 12 12 12 12 12 12 12 12 12 11 12 12 12 12 12 12 12 12 13 12 12 12 12 13 12 12 12 12 13 12 12 12 12 13 12 12 12 12 12 12 12 12 11 12 12 12 12 12 12 12 12 12 12
234_0_1 4 5 4 5 8 0 2 4 2 4 2 3 2 2 3 2 26 11 12 12 12 12 12 12 12 12 12 12 13 12 12 12 12 12 12 13 12 12 12 12 12 12 12 12 12 12 12 12 12 12 12 12 13 12 12 12 12 12 12 13 12 12 12 12 12 12 12 12 12 12 11
235_0_5 3 5 5 6 7 1 3 1 3 2 4 4 2 1 3 2 26 12 12 12 12 11 12 12 12 12 12 12 12 13 13 12 12 12 12 12 12 12 12 12 12 12 12 12 12 12 12 12 12 12 12 12 12 12 12 12 12 13 13 12 12 12 12 12 12 12 11 12 12 12 12
235_2_1 3 6 5 7 5 0 4 3 3 2 3 3 3 1 2 2 26 12 12 12 12 11 12 12 12 12 12 12 12 13 13 12 12 12 12 12 12 12 12 12 12 12 12 12 12 12 12 12 12 12 12 12 12 12 12 12 12 13 13 12 12 12 12 12 12 12 11 12 12 12 12
235_3_3 3 7 6 5 5 1 2 1 3 2 4 3 1 4 3 2 26 12 12 12 12 11 12 12 12 12 12 12 12 13 13 12 12 12 12 12 12 12 12 12 12 12 12 12 12 12 12 12 12 12 12 12 12 12 12 12 12 13 13 12 12 12 12 12 12 12 11 12 12 12 12
236_0_5 4 5 4 5 8 1 1 4 3 3 2 2 4 1 3 2 26 11 12 12 13 12 12 12 12 12 12 12 12 12 12 12 12 13 12 12 12 12 12 12 12 12 12 12 12 12 12 12 12 12 12 12 12 12 13 12 12 12 12 12 12 12 12 12 12 12 12 13 12 12 11
237_0_1 4 5 4 5 8 0 4 4 3 2 2 2 2 2 2 3 26 11 12 12 13 12 12 12 12 12 12 12 13 12 12 12 12 12 12 12 12 12 12 12 12 12 12 12 12 12 12 12 12 12 12 12 12 12 12 12 12 12 12 13 12 12 12 12 12 12 12 13 12 12 11
238_1_1 4 5 4 8 5 1 2 2 4 1 2 4 3 3 2 2 26 12 12 12 12 12 12 12 12 12 12 11 12 12 12 12 12 12 12 12 12 12 12 13 12 12 13 12 12 13 12 12 13 12 12 12 12 12 12 12 12 12 12 12 11 12 12 12 12 12 12 12 12 12 12
240_0_1 3 5 5 6 7 0 3 3 3 3 4 1 2 3 2 2 26 12 12 12 12 11 12 12 12 12 12 12 12 12 12 12 12 12 12 12 12 12 12 13 12 12 13 12 12 13 12 12 13 12 12 12 12 12 12 12 12 12 12 12 12 12 12 12 12 12 11 12 12 12 12
241_0_1 4 5 4 5 8 1 2 1 4 2 1 3 3 3 3 3 26 12 12 12 12 12 12 12 12 12 12 11 12 12 12 12 12 12 12 12 12 12 12 12 12 12 13 13 13 13 12 12 12 12 12 12 12 12 12 12 12 12 12 12 11 12 12 12 12 12 12 12 12 12 12
242_0_1 4 5 4 5 8 0 2 4 2 4 2 3 2 2 3 2 26 11 12 12 12 12 12 12 13 12 12 12 12 12 12 12 12 12 12 12 12 13 12 12 12 12 12 12 12 12 12 12 12 12 13 12 12 12 12 12 12 12 12 12 12 12 12 13 12 12 12 12 12 12 11
244_0_1 3 5 5 6 7 0 4 4 3 2 2 2 2 2 2 3 26 12 12 12 12 11 12 12 12 12 12 12 12 12 12 12 12 12 12 12 12 12 12 12 12 12 13 13 13 13 12 12 12 12 12 12 12 12 12 12 12 12 12 12 12 12 12 12 12 12 11 12 12 12 12
245_0_1 4 5 4 5 8 1 2 1 4 1 2 3 2 3 4 3 26 11 12 12 12 12 12 12 12 12 12 12 12 13 12 12 13 12 12 12 12 12 12 12 12 12 12 12 12 12 12 12 12 12 12 12 12 12 12 13 12 12 13 12 12 12 12 12 12 12 12 12 12 12 11
247_0_1 4 5 4 5 8 0 4 4 3 2 2 2 2 2 2 3 26 11 12 12 12 12 12 13 12 12 12 12 12 12 12 12 12 12 12 12 12 13 12 12 12 12 12 12 12 12 12 12 12 12 13 12 12 12 12 12 12 12 12 12 12 12 12 12 13 12 12 12 12 12 11
248_0_5 4 5 4 5 8 1 1 4 3 3 2 2 4 1 3 2 26 11 12 12 12 12 12 12 12 12 12 12 12 12 12 12 13 12 13 12 12 12 12 12 12 12 12 12 12 12 12 12 12 12 12 12 12 13 12 13 12 12 12 12 12 12 12 12 12 12 12 12 12 12 11
249_0_1 4 4 5 5 8 0 3 4 3 3 1 3 2 2 2 3 26 11 12 12 13 12 13 12 12 12 12 12 12 12 12 12 12 12 12 12 12 12 12 12 12 12 12 12 12 12 12 12 12 12 12 12 12 12 12 12 12 12 12 12 12 12 12 12 12 13 12 13 12 12 11
249_1_3 4 4 8 5 5 1 1 2 3 4 1 4 2 2 3 3 26 11 12 12 13 12 13 12 12 12 12 12 12 12 12 12 12 12 12 12 12 12 12 12 12 12 12 12 12 12 12 12 12 12 12 12 12 12 12 12 12 12 12 12 12 12 12 12 12 13 12 13 12 12 11
251_0_1 3 4 7 5 7 0 3 4 3 3 1 3 2 2 2 3 26 11 12 12 12 13 12 13 12 12 12 12 12 12 12 12 12 12 12 12 12 12 12 12 12 12 12 12 12 12 12 12 12 12 12 12 12 12 12 12 12 12 12 12 12 12 12 12 13 12 13 12 12 12 11
251_1_3 3 7 5 7 4 1 1 2 3 4 1 4 2 2 3 3 26 11 12 12 12 13 12 13 12 12 12 12 12 12 12 12 12 12 12 12 12 12 12 12 12 12 12 12 12 12 12 12 12 12 12 12 12 12 12 12 12 12 12 12 12 12 12 12 13 12 13 12 12 12 11
253_0_1 4 5 4 5 8 0 2 3 3 2 4 2 2 4 2 2 26 11 12 12 12 12 12 12 12 12 12 12 12 12 12 12 12 12 12 12 12 13 12 13 12 12 12 12 12 12 12 12 13 12 13 12 12 12 12 12 12 12 12 12 12 12 12 12 12 12 12 12 12 12 11
254_0_5 3 4 7 5 7 1 1 4 3 3 2 2 4 1 3 2 26 11 12 12 12 12 12 12 12 12 12 12 12 12 12 13 12 13 12 12 12 12 12 12 12 12 12 12 12 12 12 12 12 12 12 12 12 12 13 12 13 12 12 12 12 12 12 12 12 12 12 12 12 12 11
255_0_1 4 5 4 5 8 0 3 3 1 2 2 4 3 3 2 3 26 11 12 12 12 12 12 13 12 13 12 12 12 12 12 12 12 12 12 12 12 12 12 12 12 12 12 12 12 12 12 12 12 12 12 12 12 12 12 12 12 12 12 12 12 12 13 12 13 12 12 12 12 12 11
256_0_1 3 4 7 5 7 0 2 4 2 4 2 3 2 2 3 2 26 11 12 12 12 12 12 12 13 12 13 12 12 12 12 12 12 12 12 12 12 12 12 12 12 12 12 12 12 12 12 12 12 12 12 12 12 12 12 12 12 12 12 12 12 13 12 13 12 12 12 12 12 12 11
258_0_1 4 5 4 5 8 0 2 4 2 4 2 3 2 2 3 2 26 11 12 12 12 12 12 12 12 12 12 12 13 12 13 12 12 12 12 12 12 12 12 12 12 12 12 12 12 12 12 12 12 12 12 12 12 12 12 12 12 13 12 13 12 12 12 12 12 12 12 12 12 12 11
259_1_1 4 4 8 5 5 0 3 3 1 2 2 4 3 3 2 3 26 11 12 12 12 12 12 12 12 12 12 12 12 12 12 12 12 12 12 12 12 12 12 12 13 12 13 12 12 13 12 13 12 12 12 12 12 12 12 12 12 12 12 12 12 12 12 12 12 12 12 12 12 12 11
260_1_1 3 7 5 7 4 0 3 3 1 2 2 4 3 3 2 3 26 11 12 12 12 12 12 12 12 12 12 12 12 13 12 13 12 12 12 12 12 12 12 12 12 12 12 12 12 12 12 12 12 12 12 12 12 12 12 12 13 12 13 12 12 12 12 12 12 12 12 12 12 12 11
262_1_1 4 5 4 8 5 0 4 3 3 3 2 2 1 2 3 3 26 11 12 12 12 12 12 12 12 12 12 12 12 12 12 12 12 12 13 13 12 12 12 12 12 12 12 12 12 12 12 12 12 12 12 12 13 13 12 12 12 12 12 12 12 12 12 12 12 12 12 12 12 12 11
264_0_5 3 4 7 5 7 1 1 4 3 3 2 2 4 1 3 2 26 11 12 12 12 12 12 12 12 12 12 12 12 12 12 13 12 12 12 12 12 12 12 12 12 12 12 13 13 12 12 12 12 12 12 12 12 12 12 12 13 12 12 12 12 12 12 12 12 12 12 12 12 12 11
265_0_1 4 5 4 5 8 0 3 4 3 3 1 3 2 2 2 3 26 11 12 12 13 12 12 12 12 12 12 12 12 12 12 12 12 12 12 12 12 12 12 12 12 12 12 13 13 12 12 12 12 12 12 12 12 12 12 12 12 12 12 12 12 12 12 12 12 12 12 13 12 12 11
265_1_3 4 5 4 8 5 1 1 2 3 4 1 4 2 2 3 3 26 11 12 12 13 12 12 12 12 12 12 12 12 12 12 12 12 12 12 12 12 12 12 12 12 12 12 13 13 12 12 12 12 12 12 12 12 12 12 12 12 12 12 12 12 12 12 12 12 12 12 13 12 12 11
267_0_1 4 5 4 5 8 0 2 1 3 2 2 3 3 2 4 4 26 12 12 12 12 11 12 12 12 12 12 12 12 12 12 12 12 12 12 12 12 12 13 12 12 13 12 12 12 12 13 12 12 13 12 12 12 12 12 12 12 12 12 12 12 12 12 12 12 12 11 12 12 12 12
268_0_1 4 5 4 5 8 0 2 4 2 4 3 2 1 3 2 3 26 11 12 12 12 12 12 12 12 12 12 13 12 12 12 12 12 12 12 12 12 12 12 12 12 12 12 13 13 12 12 12 12 12 12 12 12 12 12 12 12 12 12 12 13 12 12 12 12 12 12 12 12 12 11
269_0_1 4 5 4 5 8 1 1 1 4 2 2 4 2 3 3 3 26 12 12 12 12 11 12 12 12 12 12 12 12 12 12 12 12 12 12 12 12 12 12 13 12 13 12 12 12 12 13 12 13 12 12 12 12 12 12 12 12 12 12 12 12 12 12 12 12 12 11 12 12 12 12
270_1_1 3 7 5 7 4 0 3 3 3 2 2 3 4 2 1 3 26 11 12 12 12 13 12 12 12 12 12 12 12 12 12 12 12 12 12 12 12 12 12 12 12 12 12 13 13 12 12 12 12 12 12 12 12 12 12 12 12 12 12 12 12 12 12 12 12 12 13 12 12 12 11
271_0_5 4 4 5 5 8 1 3 1 3 2 4 4 2 1 3 2 26 12 12 12 12 11 12 12 12 12 12 12 12 12 12 12 12 12 12 12 12 12 12 12 13 13 12 12 12 12 13 13 12 12 12 12 12 12 12 12 12 12 12 12 12 12 12 12 12 12 11 12 12 12 12
272_0_1 3 4 7 5 7 1 2 1 4 1 2 3 2 3 4 3 26 11 12 12 12 12 12 12 12 12 12 12 12 12 12 12 12 12 12 12 13 12 12 12 12 12 12 13 13 12 12 12 12 12 12 13 12 12 12 12 12 12 12 12 12 12 12 12 12 12 12 12 12 12 11
273_1_1 4 4 8 5 5 0 3 2 3 2 3 3 3 2 4 1 26 12 12 12 12 11 12 12 12 12 12 12 12 12 12 12 12 12 12 13 12 12 12 12 12 13 12 12 12 12 13 12 12 12 12 12 13 12 12 12 12 12 12 12 12 12 12 12 12 12 11 12 12 12 12
274_1_1 4 5 4 8 5 0 3 3 3 2 2 3 4 2 1 3 26 11 12 12 12 12 12 12 12 12 12 12 12 12 12 12 13 12 12 12 12 12 12 12 12 12 12 13 13 12 12 12 12 12 12 12 12 12 12 13 12 12 12 12 12 12 12 12 12 12 12 12 12 12 11
275_1_1 4 5 4 8 5 0 3 3 3 2 2 3 4 2 1 3 26 11 12 12 12 12 13 12 12 12 12 12 12 12 12 12 12 12 12 12 12 12 12 12 12 12 12 13 13 12 12 12 12 12 12 12 12 12 12 12 12 12 12 12 12 12 12 12 12 13 12 12 12 12 11
277_0_1 3 4 7 5 7 0 3 2 2 4 2 2 3 4 2 2 26 11 12 12 12 12 12 12 12 12 13 12 12 12 12 12 12 12 12 12 12 12 12 12 12 12 12 13 13 12 12 12 12 12 12 12 12 12 12 12 12 12 12 12 12 13 12 12 12 12 12 12 12 12 11
279_0_1 4 5 4 5 8 1 2 1 4 1 2 3 2 3 4 3 26 11 12 12 12 12 12 12 12 13 12 12 12 12 12 12 12 12 12 12 12 12 12 12 12 12 12 13 13 12 12 12 12 12 12 12 12 12 12 12 12 12 12 12 12 12 13 12 12 12 12 12 12 12 11
280_1_1 3 5 4 6 7 0 2 3 3 1 4 2 3 3 2 2 25 11 11 11 11 11 11 11 11 11 11 11 11 12 11 11 11 11 12 11 11 11 11 11 12 11 11 11 11 11 11 12 11 11 11 11 11 12 11 11 11 11 12 11 11 11 11 11 11 11 11 11 11 11 11
280_3_1 3 7 6 4 5 0 2 3 3 1 4 2 3 3 2 2 25 11 11 11 11 11 11 11 11 11 11 11 11 12 11 11 11 11 12 11 11 11 11 11 12 11 11 11 11 11 11 12 11 11 11 11 11 12 11 11 11 11 12 11 11 11 11 11 11 11 11 11 11 11 11
281_1_1 3 5 4 6 7 0 3 3 2 2 4 1 4 3 2 1 25 11 11 11 11 11 11 11 11 11 11 12 11 11 11 11 11 11 11 11 11 11 12 11 11 11 11 12 12 11 11 11 11 12 11 11 11 11 11 11 11 11 11 11 12 11 11 11 11 11 11 11 11 11 11
281_3_1 3 7 6 4 5 0 3 3 2 2 4 1 4 3 2 1 25 11 11 11 11 11 11 11 11 11 11 12 11 11 11 11 11 11 11 11 11 11 12 11 11 11 11 12 12 11 11 11 11 12 11 11 11 11 11 11 11 11 11 11 12 11 11 11 11 11 11 11 11 11 11
282_2_1 3 6 5 7 4 1 1 3 3 1 2 4 2 4 2 2 25 11 11 11 11 11 11 11 11 11 11 11 11 11 11 11 11 12 11 12 11 12 11 11 11 11 11 11 11 11 11 11 11 11 12 11 12 11 12 11 11 11 11 11 11 11 11 11 11 11 11 11 11 11 11
284_0_1 3 5 6 6 7 1 2 1 3 4 3 1 4 3 2 3 27 12 13 13 13 13 13 13 13 13 13 13 13 13 13 13 13 13 13 14 12 14 13 13 13 13 13 13 13 13 13 13 13 13 14 12 14 13 13 13 13 13 13 13 13 13 13 13 13 13 13 13 13 13 12
286_0_1 3 5 6 6 7 0 4 2 2 2 2 4 3 3 3 2 27 12 13 13 13 13 13 13 13 13 13 13 13 13 14 12 14 13 13 13 13 13 13 13 13 13 13 13 13 13 13 13 13 13 13 13 13 13 13 14 12 14 13 13 13 13 13 13 13 13 13 13 13 13 12
287_0_1 4 5 4 5 8 0 4 3 3 3 2 2 1 2 3 3 26 11 12 13 13 12 12 12 12 12 12 12 12 12 12 12 12 12 12 12 12 12 12 12 12 12 12 12 12 12 12 12 12 12 12 12 12 12 12 12 12 12 12 12 12 12 12 12 12 12 12 13 13 12 11
288_1_1 3 7 6 6 5 0 3 2 2 4 2 3 2 4 3 2 27 12 13 13 13 13 13 13 13 13 13 13 13 13 13 13 13 13 13 13 13 13 13 13 14 12 14 13 13 14 12 14 13 13 13 13 13 13 13 13 13 13 13 13 13 13 13 13 13 13 13 13 13 13 12
289_0_5 3 6 5 7 6 1 3 1 3 4 3 3 1 3 3 2 27 13 13 13 13 12 13 13 13 13 13 13 13 13 13 13 13 14 13 13 13 13 12 13 13 13 13 14 14 13 13 13 13 12 13 13 13 13 14 13 13 13 13 13 13 13 13 13 13 13 12 13 13 13 13
290_0_1 3 3 7 5 7 1 1 4 1 2 2 3 4 2 3 2 25 11 11 11 11 11 11 11 11 11 11 11 11 11 11 12 11 11 11 11 12 11 11 11 11 12 11 11 11 11 12 11 11 11 11 12 11 11 11 11 12 11 11 11 11 11 11 11 11 11 11 11 11 11 11
292_0_3 2 6 6 6 6 1 1 2 3 4 1 4 2 2 3 3 26 11 12 12 13 13 12 12 12 12 12 12 12 12 12 12 12 12 12 12 12 12 12 12 12 12 12 12 12 12 12 12 12 12 12 12 12 12 12 12 12 12 12 12 12 12 12 12 12 12 13 13 12 12 11
294_0_1 4 5 4 5 8 0 3 3 3 2 2 3 4 2 1 3 26 11 12 12 12 12 12 12 12 12 12 12 12 12 12 12 13 13 12 12 12 12 12 12 12 12 12 12 12 12 12 12 12 12 12 12 12 12 13 13 12 12 12 12 12 12 12 12 12 12 12 12 12 12 11
295_0_1 4 5 4 5 8 0 4 2 2 2 3 4 3 2 2 2 26 11 12 12 12 12 12 12 12 12 12 12 12 12 12 12 12 12 12 12 12 12 12 13 13 12 12 12 12 12 12 13 13 12 12 12 12 12 12 12 12 12 12 12 12 12 12 12 12 12 12 12 12 12 11
296_0_5 2 6 6 6 6 1 1 4 3 3 2 2 4 1 3 2 26 11 12 12 12 12 12 12 12 12 12 12 12 12 12 13 13 12 12 12 12 12 12 12 12 12 12 12 12 12 12 12 12 12 12 12 12 12 12 13 13 12 12 12 12 12 12 12 12 12 12 12 12 12 11
297_1_1 4 5 4 8 5 0 3 4 3 3 1 3 2 2 2 3 26 11 12 12 12 12 13 13 12 12 12 12 12 12 12 12 12 12 12 12 12 12 12 12 12 12 12 12 12 12 12 12 12 12 12 12 12 12 12 12 12 12 12 12 12 12 12 12 13 13 12 12 12 12 11
299_0_1 4 5 4 5 8 0 4 2 3 2 3 3 3 2 3 1 26 11 12 12 12 12 12 12 13 13 12 12 12 12 12 12 12 12 12 12 12 12 12 12 12 12 12 12 12 12 12 12 12 12 12 12 12 12 12 12 12 12 12 12 12 12 13 13 12 12 12 12 12 12 11
302_0_1 2 6 6 6 6 0 4 3 3 3 2 2 1 2 3 3 26 11 12 12 12 12 12 12 12 12 12 12 12 12 13 13 12 12 12 12 12 12 12 12 12 12 12 12 12 12 12 12 12 12 12 12 12 12 12 12 13 13 12 12 12 12 12 12 12 12 12 12 12 12 11
305_0_1 3 6 5 7 6 1 2 2 3 2 5 3 1 3 2 3 27 12 14 13 14 12 13 13 13 13 13 13 13 13 13 13 13 13 13 13 13 13 13 13 13 13 13 13 13 13 13 13 13 13 13 13 13 13 13 13 13 13 13 13 13 13 13 13 13 13 12 14 13 14 12
306_0_1 4 5 4 6 8 0 4 2 2 2 2 4 3 3 3 2 27 12 13 13 13 13 13 13 13 13 13 13 13 13 13 13 14 13 12 14 13 13 13 13 13 13 13 13 13 13 13 13 13 13 13 13 14 12 13 14 13 13 13 13 13 13 13 13 13 13 13 13 13 13 12
307_0_1 3 4 6 5 7 1 1 3 3 1 2 4 2 4 2 2 25 11 11 11 11 11 11 11 11 11 11 11 11 11 11 11 11 12 11 12 11 11 11 12 11 11 11 11 11 11 11 11 12 11 11 11 12 11 12 11 11 11 11 11 11 11 11 11 11 11 11 11 11 11 11
308_0_1 3 4 7 5 6 1 1 4 1 2 2 3 4 2 3 2 25 11 11 11 11 11 11 11 11 11 11 11 11 11 11 11 11 11 12 12 11 11 11 11 12 11 11 11 11 11 11 12 11 11 11 11 12 12 11 11 11 11 11 11 11 11 11 11 11 11 11 11 11 11 11
309_0_1 3 4 6 5 7 0 3 2 4 2 3 3 1 3 3 1 25 11 11 11 11 11 11 11 11 11 11 11 11 11 11 11 11 11 12 12 11 11 12 11 11 11 11 11 11 11 11 11 11 12 11 11 12 12 11 11 11 11 11 11 11 11 11 11 11 11 11 11 11 11 11
310_0_1 3 4 6 5 7 0 3 3 1 2 3 4 3 2 1 3 25 11 11 11 11 11 11 11 11 11 11 11 11 11 11 11 11 12 11 12 11 11 12 11 11 11 11 11 11 11 11 11 11 12 11 11 12 11 12 11 11 11 11 11 11 11 11 11 11 11 11 11 11 11 11
311_0_1 2 5 5 6 7 0 3 2 4 2 3 3 1 3 3 1 25 11 11 11 11 11 11 11 11 11 11 11 11 11 11 12 11 11 11 11 11 11 12 11 11 12 11 11 11 11 12 11 11 12 11 11 11 11 11 11 12 11 11 11 11 11 11 11 11 11 11 11 11 11 11
312_0_1 3 4 7 5 6 1 3 1 4 4 2 1 3 2 2 2 25 11 11 11 11 11 11 11 11 11 11 11 11 11 11 11 11 12 11 12 11 11 11 11 11 11 12 11 11 12 11 11 11 11 11 11 12 11 12 11 11 11 11 11 11 11 11 11 11 11 11 11 11 11 11
313_0_1 3 4 7 5 6 0 4 2 1 2 3 3 3 3 2 2 25 11 11 11 11 11 11 11 11 11 11 11 11 11 11 11 11 11 12 12 11 11 11 11 11 11 12 11 11 12 11 11 11 11 11 11 12 12 11 11 11 11 11 11 11 11 11 11 11 11 11 11 11 11 11
313_2_1 3 6 5 7 4 0 4 2 1 2 3 3 3 3 2 2 25 11 11 11 11 11 11 11 11 11 11 11 11 11 11 11 11 11 12 12 11 11 11 11 11 11 12 11 11 12 11 11 11 11 11 11 12 12 11 11 11 11 11 11 11 11 11 11 11 11 11 11 11 11 11
314_0_1 3 4 6 5 7 0 3 3 2 2 3 2 4 2 3 1 25 11 11 11 11 11 11 11 11 11 11 11 11 11 11 11 11 12 11 11 11 12 11 11 11 11 11 12 12 11 11 11 11 11 12 11 11 11 12 11 11 11 11 11 11 11 11 11 11 11 11 11 11 11 11
314_2_1 3 7 5 6 4 0 3 3 2 2 3 2 4 2 3 1 25 11 11 11 11 11 11 11 11 11 11 11 11 11 11 11 11 12 11 11 11 12 11 11 11 11 11 12 12 11 11 11 11 11 12 11 11 11 12 11 11 11 11 11 11 11 11 11 11 11 11 11 11 11 11
315_0_1 3 4 6 5 7 0 3 3 2 2 3 2 4 2 3 1 25 11 11 11 11 11 11 11 11 11 11 11 11 11 11 11 12 11 11 11 11 11 11 12 11 11 11 12 12 11 11 11 12 11 11 11 11 11 11 12 11 11 11 11 11 11 11 11 11 11 11 11 11 11 11
315_2_1 3 7 5 6 4 0 3 3 2 2 3 2 4 2 3 1 25 11 11 11 11 11 11 11 11 11 11 11 11 11 11 11 12 11 11 11 11 11 11 12 11 11 11 12 12 11 11 11 12 11 11 11 11 11 11 12 11 11 11 11 11 11 11 11 11 11 11 11 11 11 11
316_0_1 2 5 7 5 6 1 1 4 1 2 2 3 4 2 3 2 25 11 11 11 11 11 11 11 11 11 11 11 11 11 11 12 11 11 11 11 11 11 11 11 12 12 11 11 11 11 12 12 11 11 11 11 11 11 11 11 12 11 11 11 11 11 11 11 11 11 11 11 11 11 11
317_0_1 2 5 7 5 6 0 4 2 1 2 3 3 3 3 2 2 25 11 11 11 11 11 11 11 11 11 11 11 11 11 11 12 11 11 11 11 11 11 11 11 11 12 12 11 11 12 12 11 11 11 11 11 11 11 11 11 12 11 11 11 11 11 11 11 11 11 11 11 11 11 11
317_2_1 3 5 4 8 5 0 4 2 1 2 3 3 3 3 2 2 25 11 11 11 11 11 11 11 11 11 11 11 11 11 11 12 11 11 11 11 11 11 11 11 11 12 12 11 11 12 12 11 11 11 11 11 11 11 11 11 12 11 11 11 11 11 11 11 11 11 11 11 11 11 11
318_0_1 2 5 7 5 6 1 1 4 1 2 1 3 3 3 3 3 25 11 11 11 11 11 11 11 11 11 11 11 11 11 11 12 11 11 11 11 12 11 11 11 11 11 12 11 11 12 11 11 11 11 11 12 11 11 11 11 12 11 11 11 11 11 11 11 11 11 11 11 11 11 11
318_2_1 3 5 4 8 5 1 1 4 1 2 1 3 3 3 3 3 25 11 11 11 11 11 11 11 11 11 11 11 11 11 11 12 11 11 11 11 12 11 11 11 11 11 12 11 11 12 11 11 11 11 11 12 11 11 11 11 12 11 11 11 11 11 11 11 11 11 11 11 11 11 11
319_0_1 2 5 5 6 7 1 3 1 4 4 2 1 3 2 2 2 25 11 11 11 11 11 11 11 11 11 11 11 11 11 11 12 11 11 11 11 11 11 11 11 11 12 11 12 12 11 12 11 11 11 11 11 11 11 11 11 12 11 11 11 11 11 11 11 11 11 11 11 11 11 11
320_0_1 3 4 7 5 6 1 1 3 4 3 3 1 3 1 2 3 25 11 11 11 11 11 11 11 11 11 11 11 11 11 11 11 12 11 11 11 11 12 11 12 11 11 11 11 11 11 11 11 12 11 12 11 11 11 11 12 11 11 11 11 11 11 11 11 11 11 11 11 11 11 11
320_2_1 3 6 5 7 4 1 1 3 4 3 3 1 3 1 2 3 25 11 11 11 11 11 11 11 11 11 11 11 11 11 11 11 12 11 11 11 11 12 11 12 11 11 11 11 11 11 11 11 12 11 12 11 11 11 11 12 11 11 11 11 11 11 11 11 11 11 11 11 11 11 11
321_0_1 3 4 6 5 7 1 1 3 3 1 2 3 3 4 1 3 25 11 11 11 11 11 11 11 11 11 11 11 11 11 11 11 11 12 11 12 11 11 11 11 11 11 11 12 12 11 11 11 11 11 11 11 12 11 12 11 11 11 11 11 11 11 11 11 11 11 11 11 11 11 11
321_2_1 3 7 5 6 4 1 1 3 3 1 2 3 3 4 1 3 25 11 11 11 11 11 11 11 11 11 11 11 11 11 11 11 11 12 11 12 11 11 11 11 11 11 11 12 12 11 11 11 11 11 11 11 12 11 12 11 11 11 11 11 11 11 11 11 11 11 11 11 11 11 11
322_0_1 3 4 6 5 7 1 1 3 4 3 3 1 3 1 2 3 25 11 11 11 11 11 11 11 11 11 11 11 11 11 11 11 11 12 11 11 11 12 11 12 11 11 11 11 11 11 11 11 12 11 12 11 11 11 12 11 11 11 11 11 11 11 11 11 11 11 11 11 11 11 11
322_2_1 3 7 5 6 4 1 1 3 4 3 3 1 3 1 2 3 25 11 11 11 11 11 11 11 11 11 11 11 11 11 11 11 11 12 11 11 11 12 11 12 11 11 11 11 11 11 11 11 12 11 12 11 11 11 12 11 11 11 11 11 11 11 11 11 11 11 11 11 11 11 11
323_0_1 3 4 7 5 6 1 3 1 4 4 2 1 3 2 2 2 25 11 11 11 11 11 11 11 11 11 11 11 11 11 12 11 11 11 11 11 11 11 11 11 11 11 12 12 12 12 11 11 11 11 11 11 11 11 11 11 11 12 11 11 11 11 11 11 11 11 11 11 11 11 11
324_0_1 3 6 5 7 6 0 3 2 2 4 2 3 2 4 3 2 27 12 14 13 13 13 13 13 13 13 13 13 13 13 13 13 13 13 13 13 13 13 13 13 13 12 14 13 13 14 12 13 13 13 13 13 13 13 13 13 13 13 13 13 13 13 13 13 13 13 13 13 13 14 12
325_0_1 3 4 7 5 6 1 2 2 1 4 1 2 3 4 3 2 25 11 11 11 11 11 11 11 11 11 11 11 11 11 11 11 11 12 11 11 11 12 11 11 12 11 11 11 11 11 11 12 11 11 12 11 11 11 12 11 11 11 11 11 11 11 11 11 11 11 11 11 11 11 11
326_0_1 3 6 5 7 6 0 4 2 2 2 2 4 3 3 3 2 27 12 13 13 13 13 13 13 14 13 13 13 13 13 13 12 14 13 13 13 13 13 13 13 13 13 13 13 13 13 13 13 13 13 13 13 13 13 13 14 12 13 13 13 13 13 13 14 13 13 13 13 13 13 12
327_0_1 3 5 8 5 6 0 3 1 3 3 3 3 2 3 4 2 27 12 13 13 13 13 13 13 13 13 14 13 13 13 13 13 13 13 12 14 13 13 13 13 13 13 13 13 13 13 13 13 13 13 13 13 14 12 13 13 13 13 13 13 13 14 13 13 13 13 13 13 13 13 12
328_1_1 3 6 7 5 6 1 3 1 3 4 1 3 3 4 2 2 27 12 13 13 13 13 13 13 13 14 12 13 13 13 13 13 13 13 14 13 13 13 13 13 13 13 13 13 13 13 13 13 13 13 13 13 13 14 13 13 13 13 13 13 13 12 14 13 13 13 13 13 13 13 12
329_1_1 4 4 8 5 6 0 3 2 2 4 2 3 2 4 3 2 27 12 13 13 13 13 13 13 13 13 13 13 13 14 12 13 13 13 13 13 13 13 13 13 13 13 14 13 13 14 13 13 13 13 13 13 13 13 13 13 13 12 14 13 13 13 13 13 13 13 13 13 13 13 12
330_1_1 4 5 4 8 6 1 2 3 1 5 3 2 2 3 3 2 27 12 13 13 13 13 13 13 13 13 13 13 13 12 14 13 13 13 13 13 13 13 13 13 13 13 14 13 13 14 13 13 13 13 13 13 13 13 13 13 13 14 12 13 13 13 13 13 13 13 13 13 13 13 12
331_2_1 3 7 5 6 4 1 3 1 4 4 2 1 3 2 2 2 25 11 11 11 11 11 11 11 11 11 11 11 11 11 11 11 11 11 12 12 11 11 11 11 11 11 11 12 12 11 11 11 11 11 11 11 12 12 11 11 11 11 11 11 11 11 11 11 11 11 11 11 11 11 11
333_0_1 3 5 6 6 7 1 1 4 3 3 2 3 3 3 1 3 27 13 13 13 13 12 13 13 13 13 13 13 13 13 13 13 13 14 13 14 13 13 12 13 13 13 13 13 13 13 13 13 13 12 13 13 14 13 14 13 13 13 13 13 13 13 13 13 13 13 12 13 13 13 13
333_1_3 3 7 6 6 5 1 2 3 2 2 2 2 2 3 3 5 27 13 13 13 13 12 13 13 13 13 13 13 13 13 13 13 13 14 13 14 13 13 12 13 13 13 13 13 13 13 13 13 13 12 13 13 14 13 14 13 13 13 13 13 13 13 13 13 13 13 12 13 13 13 13
334_0_5 4 4 6 5 8 1 3 1 3 4 3 3 1 3 3 2 27 12 13 13 13 13 14 13 13 13 13 12 14 13 13 13 13 13 13 13 13 13 13 13 13 13 13 13 13 13 13 13 13 13 13 13 13 13 13 13 13 13 13 14 12 13 13 13 13 14 13 13 13 13 12
335_0_1 4 4 6 5 8 1 2 2 3 2 5 3 1 3 2 3 27 12 13 13 13 13 12 14 13 13 13 13 13 13 13 13 13 13 13 13 13 13 13 13 14 13 13 13 13 13 13 14 13 13 13 13 13 13 13 13 13 13 13 13 13 13 13 13 14 12 13 13 13 13 12
336_0_1 3 6 5 7 6 0 3 2 2 4 2 3 2 4 3 2 27 12 13 13 13 13 13 13 13 13 13 13 13 14 13 13 13 13 13 13 13 13 13 13 13 12 14 13 13 14 12 13 13 13 13 13 13 13 13 13 13 13 14 13 13 13 13 13 13 13 13 13 13 13 12
337_0_1 4 5 4 6 8 0 4 2 2 2 2 4 3 3 3 2 27 12 13 13 13 13 14 13 13 13 13 13 13 13 13 13 13 13 12 14 13 13 13 13 13 13 13 13 13 13 13 13 13 13 13 13 14 12 13 13 13 13 13 13 13 13 13 13 13 14 13 13 13 13 12
338_0_1 3 6 5 7 6 1 2 1 3 2 4 3 2 2 5 2 27 13 13 13 13 12 13 13 13 13 13 13 13 13 13 14 13 13 13 13 12 13 14 13 13 13 13 13 13 13 13 13 13 14 13 12 13 13 13 13 14 13 13 13 13 13 13 13 13 13 12 13 13 13 13
339_1_1 3 6 7 5 6 1 2 1 4 2 1 3 4 3 3 3 27 13 13 13 13 12 13 13 13 13 13 13 13 13 13 14 13 13 13 13 12 13 13 14 13 13 13 13 13 13 13 13 14 13 13 12 13 13 13 13 14 13 13 13 13 13 13 13 13 13 12 13 13 13 13
341_0_1 3 5 6 6 7 0 3 3 2 4 3 2 2 4 2 2 27 13 13 13 13 12 13 13 13 13 13 13 13 13 13 14 13 13 13 13 12 13 13 13 13 13 14 13 13 14 13 13 13 13 13 12 13 13 13 13 14 13 13 13 13 13 13 13 13 13 12 13 13 13 13
342_0_1 3 5 6 6 7 0 3 3 2 2 4 2 3 4 2 2 27 13 13 13 13 12 13 13 13 13 13 13 13 13 13 14 13 13 13 14 12 13 13 13 13 13 13 13 13 13 13 13 13 13 13 12 14 13 13 13 14 13 13 13 13 13 13 13 13 13 12 13 13 13 13
343_0_1 4 5 4 6 8 1 1 3 2 4 1 3 4 3 2 3 27 12 13 13 13 13 13 13 13 13 13 13 13 13 13 13 13 13 12 14 13 13 13 13 14 13 13 13 13 13 13 14 13 13 13 13 14 12 13 13 13 13 13 13 13 13 13 13 13 13 13 13 13 13 12
344_0_1 4 5 4 6 8 1 2 3 5 2 2 4 1 3 2 2 27 12 13 13 13 13 13 13 13 13 13 14 13 13 13 13 13 13 12 14 13 13 13 13 13 13 13 13 13 13 13 13 13 13 13 13 14 12 13 13 13 13 13 13 14 13 13 13 13 13 13 13 13 13 12
345_1_1 3 6 5 8 5 0 4 2 2 2 2 4 3 3 3 2 27 12 13 13 13 14 13 13 13 13 13 13 13 13 13 13 13 13 12 14 13 13 13 13 13 13 13 13 13 13 13 13 13 13 13 13 14 12 13 13 13 13 13 13 13 13 13 13 13 13 14 13 13 13 12
346_1_1 4 5 4 8 6 0 3 2 4 2 2 4 3 2 3 2 27 12 13 13 13 13 13 13 13 13 13 13 13 13 14 13 13 13 12 14 13 13 13 13 13 13 13 13 13 13 13 13 13 13 13 13 14 12 13 13 13 14 13 13 13 13 13 13 13 13 13 13 13 13 12
347_1_1 3 6 5 8 5 0 3 2 4 2 2 4 3 2 3 2 27 12 13 13 13 13 13 13 13 13 13 13 13 13 13 13 13 13 12 14 13 13 13 13 13 14 13 13 13 13 14 13 13 13 13 13 14 12 13 13 13 13 13 13 13 13 13 13 13 13 13 13 13 13 12
348_1_1 3 7 5 7 5 1 2 3 1 5 3 2 2 3 3 2 27 12 13 13 13 13 13 13 14 12 13 13 13 13 13 13 13 13 14 13 13 13 13 13 13 13 13 13 13 13 13 13 13 13 13 13 13 14 13 13 13 13 13 13 13 13 12 14 13 13 13 13 13 13 12
350_0_1 3 5 7 5 7 0 3 2 4 2 2 4 3 2 3 2 27 12 13 14 12 13 13 13 14 13 13 13 13 13 13 13 13 13 13 13 13 13 13 13 13 13 13 13 13 13 13 13 13 13 13 13 13 13 13 13 13 13 13 13 13 13 13 14 13 13 13 12 14 13 12
351_0_1 4 5 4 6 8 1 1 3 4 1 4 2 3 3 3 2 27 12 13 13 13 13 13 13 12 14 13 13 13 13 13 13 14 13 13 13 13 13 13 13 13 13 13 13 13 13 13 13 13 13 13 13 13 13 13 14 13 13 13 13 13 13 14 12 13 13 13 13 13 13 12
352_0_1 3 6 5 7 6 1 1 3 3 3 2 3 4 1 4 2 27 12 13 13 14 12 13 13 14 13 13 13 13 13 13 13 13 13 13 13 13 13 13 13 13 13 13 13 13 13 13 13 13 13 13 13 13 13 13 13 13 13 13 13 13 13 13 14 13 13 12 14 13 13 12
353_0_5 4 4 6 5 8 1 2 3 2 2 3 3 2 5 2 2 27 12 13 13 13 13 13 13 13 13 13 12 14 13 13 13 13 13 13 13 13 13 13 13 14 13 13 13 13 13 13 14 13 13 13 13 13 13 13 13 13 13 13 14 12 13 13 13 13 13 13 13 13 13 12
354_0_1 3 5 7 5 7 1 1 4 2 3 2 3 4 2 3 2 27 12 14 13 13 13 13 13 13 13 13 12 14 13 13 13 13 13 13 13 13 13 13 13 13 13 13 13 13 13 13 13 13 13 13 13 13 13 13 13 13 13 13 14 12 13 13 13 13 13 13 13 13 14 12
354_1_3 3 7 5 7 5 1 2 1 4 3 3 3 3 1 3 3 27 12 14 13 13 13 13 13 13 13 13 12 14 13 13 13 13 13 13 13 13 13 13 13 13 13 13 13 13 13 13 13 13 13 13 13 13 13 13 13 13 13 13 14 12 13 13 13 13 13 13 13 13 14 12
355_0_5 3 6 5 7 6 1 3 2 3 5 2 2 2 3 2 2 27 13 13 13 13 12 13 13 13 13 13 12 13 13 13 13 14 13 13 13 13 13 13 14 13 13 13 13 13 13 13 13 14 13 13 13 13 13 13 14 13 13 13 13 12 13 13 13 13 13 12 13 13 13 13
356_0_1 4 4 6 5 8 1 1 4 2 3 2 3 4 2 3 2 27 12 14 13 13 13 13 13 13 13 13 13 13 13 13 13 13 13 13 13 13 13 12 14 13 13 13 13 13 13 13 13 14 12 13 13 13 13 13 13 13 13 13 13 13 13 13 13 13 13 13 13 13 14 12
356_1_3 4 4 8 5 6 1 2 1 4 3 3 3 3 1 3 3 27 12 14 13 13 13 13 13 13 13 13 13 13 13 13 13 13 13 13 13 13 13 12 14 13 13 13 13 13 13 13 13 14 12 13 13 13 13 13 13 13 13 13 13 13 13 13 13 13 13 13 13 13 14 12
357_1_1 3 6 7 5 6 0 3 2 2 4 2 3 2 4 3 2 27 12 13 13 13 13 13 14 13 13 13 13 13 13 13 13 13 13 13 13 13 13 13 13 14 12 13 13 13 13 12 14 13 13 13 13 13 13 13 13 13 13 13 13 13 13 13 13 14 13 13 13 13 13 12
359_0_1 3 5 7 5 7 1 1 5 3 3 2 3 2 3 1 3 27 12 13 13 13 13 13 13 13 13 13 13 13 14 13 13 13 13 13 13 13 12 14 13 13 13 13 13 13 13 13 13 13 14 12 13 13 13 13 13 13 13 14 13 13 13 13 13 13 13 13 13 13 13 12
361_0_1 4 5 4 6 8 1 1 5 3 3 2 3 2 3 1 3 27 12 13 13 13 13 13 13 13 13 13 14 12 13 13 13 13 13 13 13 13 13 13 13 14 13 13 13 13 13 13 14 13 13 13 13 13 13 13 13 13 13 13 12 14 13 13 13 13 13 13 13 13 13 12
363_0_1 4 5 4 6 8 0 3 1 3 3 3 3 2 3 4 2 27 12 13 13 13 13 13 13 13 13 13 13 13 13 13 13 13 13 12 14 13 14 13 13 13 13 13 13 13 13 13 13 13 13 14 13 14 12 13 13 13 13 13 13 13 13 13 13 13 13 13 13 13 13 12
364_1_1 3 6 7 5 6 1 1 3 2 4 1 3 4 3 2 3 27 12 14 13 13 13 13 13 13 13 13 13 13 13 14 12 13 13 13 13 13 13 13 13 13 13 13 13 13 13 13 13 13 13 13 13 13 13 13 13 12 14 13 13 13 13 13 13 13 13 13 13 13 14 12
366_0_1 4 5 4 6 8 0 4 2 2 2 2 4 3 3 3 2 27 12 13 13 13 13 14 12 13 13 13 13 13 13 14 13 13 13 13 13 13 13 13 13 13 13 13 13 13 13 13 13 13 13 13 13 13 13 13 13 13 14 13 13 13 13 13 13 12 14 13 13 13 13 12
367_0_1 3 6 5 7 6 0 3 4 2 4 2 3 2 3 2 2 27 12 14 13 13 13 13 13 13 13 13 13 13 13 13 13 13 13 13 13 13 13 13 13 14 12 13 13 13 13 12 14 13 13 13 13 13 13 13 13 13 13 13 13 13 13 13 13 13 13 13 13 13 14 12
368_0_1 3 6 5 7 6 0 3 3 3 3 4 1 3 2 3 2 27 12 14 13 13 12 14 13 13 13 13 13 13 13 13 13 13 13 13 13 13 13 13 13 13 13 13 13 13 13 13 13 13 13 13 13 13 13 13 13 13 13 13 13 13 13 13 13 13 14 12 13 13 14 12
370_0_1 3 6 5 7 6 1 3 2 1 3 2 3 1 3 4 4 27 12 13 13 14 12 13 14 13 13 13 13 13 13 13 13 13 13 13 13 13 13 13 13 13 13 13 13 13 13 13 13 13 13 13 13 13 13 13 13 13 13 13 13 13 13 13 13 14 13 12 14 13 13 12
372_0_1 4 4 6 5 8 0 3 1 3 3 3 3 2 3 4 2 27 12 13 13 13 13 13 12 14 13 13 13 13 13 13 13 13 13 13 13 13 13 13 14 13 13 13 13 13 13 13 13 14 13 13 13 13 13 13 13 13 13 13 13 13 13 13 14 12 13 13 13 13 13 12
373_0_5 2 6 6 6 6 1 3 1 3 2 4 4 2 1 3 2 26 12 12 12 12 11 12 12 12 12 12 12 12 12 12 12 12 12 12 12 13 12 12 12 12 13 12 12 12 12 13 12 12 12 12 13 12 12 12 12 12 12 12 12 12 12 12 12 12 12 11 12 12 12 12
375_1_1 3 6 7 5 6 0 4 2 3 3 3 2 3 3 3 1 27 12 13 13 13 13 13 14 13 13 13 13 13 13 13 13 13 13 13 13 12 14 13 13 13 13 13 13 13 13 13 13 13 13 14 12 13 13 13 13 13 13 13 13 13 13 13 13 14 13 13 13 13 13 12
376_1_3 3 6 7 5 6 1 3 1 3 4 4 1 3 2 3 2 27 12 13 13 13 13 13 13 13 13 13 13 13 13 13 13 13 13 14 13 13 13 13 13 14 12 13 13 13 13 12 14 13 13 13 13 13 14 13 13 13 13 13 13 13 13 13 13 13 13 13 13 13 13 12
377_1_3 4 4 8 5 6 1 3 1 3 3 4 3 2 1 4 2 27 12 13 13 13 13 13 13 13 13 13 13 13 13 14 13 13 13 13 13 13 13 13 13 13 13 12 14 14 12 13 13 13 13 13 13 13 13 13 13 13 14 13 13 13 13 13 13 13 13 13 13 13 13 12
379_1_1 3 6 7 5 6 0 3 3 3 3 4 1 3 2 3 2 27 12 13 14 13 13 13 13 13 13 13 13 13 13 13 13 13 13 13 13 13 13 13 13 14 12 13 13 13 13 12 14 13 13 13 13 13 13 13 13 13 13 13 13 13 13 13 13 13 13 13 13 14 13 12
380_1_3 4 4 8 5 6 1 2 5 2 4 2 2 2 2 3 2 27 12 13 13 13 13 14 13 13 13 13 13 13 14 12 13 13 13 13 13 13 13 13 13 13 13 13 13 13 13 13 13 13 13 13 13 13 13 13 13 13 12 14 13 13 13 13 13 13 14 13 13 13 13 12
382_1_1 4 5 4 8 6 1 1 3 3 4 2 3 3 1 4 2 27 12 13 13 13 13 14 12 13 13 13 13 13 13 13 13 13 13 13 13 13 14 13 13 13 13 13 13 13 13 13 13 13 13 14 13 13 13 13 13 13 13 13 13 13 13 13 13 12 14 13 13 13 13 12
383_1_3 4 4 8 5 6 1 2 5 2 4 2 2 2 2 3 2 27 12 14 13 13 14 13 13 13 13 13 13 13 13 13 13 13 13 13 13 13 13 13 13 13 12 13 13 13 13 12 13 13 13 13 13 13 13 13 13 13 13 13 13 13 13 13 13 13 13 14 13 13 14 12
384_1_3 3 8 6 5 5 1 2 2 5 2 2 4 2 3 2 2 27 12 13 13 13 13 13 12 14 13 13 13 13 13 13 13 13 13 13 13 14 13 13 13 13 13 13 13 13 13 13 13 13 13 13 14 13 13 13 13 13 13 13 13 13 13 13 14 12 13 13 13 13 13 12
386_1_1 3 6 7 5 6 1 2 4 3 4 1 3 2 1 3 3 27 12 13 14 13 13 13 13 13 13 13 13 13 13 13 13 13 13 13 14 12 13 13 13 13 13 13 13 13 13 13 13 13 13 13 12 14 13 13 13 13 13 13 13 13 13 13 13 13 13 13 13 14 13 12
388_1_1 3 6 7 5 6 1 2 4 3 4 1 3 2 1 3 3 27 12 13 13 13 13 13 13 14 13 13 13 13 13 13 13 13 13 13 14 12 13 13 13 13 13 13 13 13 13 13 13 13 13 13 12 14 13 13 13 13 13 13 13 13 13 13 14 13 13 13 13 13 13 12
390_1_1 3 7 6 6 5 1 1 3 5 2 3 2 3 3 1 3 27 12 13 13 13 13 13 13 13 13 13 14 13 13 13 13 13 13 13 13 12 14 13 13 13 13 13 13 13 13 13 13 13 13 14 12 13 13 13 13 13 13 13 13 14 13 13 13 13 13 13 13 13 13 12
392_1_1 4 4 8 5 6 1 1 3 5 2 3 2 3 3 1 3 27 12 13 13 13 13 13 13 13 13 13 13 14 12 13 13 13 13 13 13 13 13 14 13 13 13 13 13 13 13 13 13 13 14 13 13 13 13 13 13 13 13 12 14 13 13 13 13 13 13 13 13 13 13 12
393_1_1 3 6 7 5 6 1 1 3 3 3 4 2 3 1 3 3 27 13 13 13 13 12 13 13 13 13 13 12 14 13 13 13 14 13 13 13 13 13 13 13 13 13 13 13 13 13 13 13 13 13 13 13 13 13 13 14 13 13 13 14 12 13 13 13 13 13 12 13 13 13 13
394_0_3 4 5 4 6 8 1 2 1 4 3 3 3 3 1 3 3 27 12 13 13 13 13 13 13 13 14 13 13 13 13 13 13 13 13 13 13 13 14 12 13 13 13 13 13 13 13 13 13 13 12 14 13 13 13 13 13 13 13 13 13 13 13 14 13 13 13 13 13 13 13 12
394_1_5 4 5 4 8 6 1 2 3 2 2 3 3 2 5 2 2 27 12 13 13 13 13 13 13 13 14 13 13 13 13 13 13 13 13 13 13 13 14 12 13 13 13 13 13 13 13 13 13 13 12 14 13 13 13 13 13 13 13 13 13 13 13 14 13 13 13 13 13 13 13 12
395_1_1 3 6 7 5 6 1 1 3 3 3 4 2 3 1 3 3 27 13 13 13 13 12 13 13 13 13 13 13 13 13 13 13 13 14 13 13 13 13 12 14 13 13 13 13 13 13 13 13 14 12 13 13 13 13 14 13 13 13 13 13 13 13 13 13 13 13 12 13 13 13 13
396_0_3 4 4 6 5 8 1 2 1 4 3 3 3 3 1 3 3 27 12 13 13 13 13 13 13 13 14 13 12 14 13 13 13 13 13 13 13 13 13 13 13 13 13 13 13 13 13 13 13 13 13 13 13 13 13 13 13 13 13 13 14 12 13 14 13 13 13 13 13 13 13 12
396_1_5 4 4 8 5 6 1 2 3 2 2 3 3 2 5 2 2 27 12 13 13 13 13 13 13 13 14 13 12 14 13 13 13 13 13 13 13 13 13 13 13 13 13 13 13 13 13 13 13 13 13 13 13 13 13 13 13 13 13 13 14 12 13 14 13 13 13 13 13 13 13 12
397_1_1 3 8 6 5 5 1 1 4 2 3 2 3 4 2 3 2 27 12 13 13 13 13 13 13 13 13 13 13 13 13 13 13 13 13 13 13 14 13 12 14 13 13 13 13 13 13 13 13 14 12 13 14 13 13 13 13 13 13 13 13 13 13 13 13 13 13 13 13 13 13 12
398_0_3 4 4 6 5 8 1 2 1 4 3 3 3 3 1 3 3 27 12 13 13 13 13 13 13 13 13 13 13 13 14 13 13 13 13 13 13 13 13 12 14 13 13 13 13 13 13 13 13 14 12 13 13 13 13 13 13 13 13 14 13 13 13 13 13 13 13 13 13 13 13 12
398_1_5 4 4 8 5 6 1 2 3 2 2 3 3 2 5 2 2 27 12 13 13 13 13 13 13 13 13 13 13 13 14 13 13 13 13 13 13 13 13 12 14 13 13 13 13 13 13 13 13 14 12 13 13 13 13 13 13 13 13 14 13 13 13 13 13 13 13 13 13 13 13 12
399_1_1 3 8 6 5 5 1 1 4 2 3 2 3 4 2 3 2 27 12 13 13 13 13 13 13 13 13 14 12 13 13 13 13 13 13 13 13 13 13 13 13 14 13 13 13 13 13 13 14 13 13 13 13 13 13 13 13 13 13 13 13 12 14 13 13 13 13 13 13 13 13 12
400_0_3 4 5 4 6 8 1 2 1 4 3 3 3 3 1 3 3 27 12 13 13 13 13 13 13 13 13 13 13 13 13 13 13 13 13 13 13 13 14 12 13 14 13 13 13 13 13 13 14 13 12 14 13 13 13 13 13 13 13 13 13 13 13 13 13 13 13 13 13 13 13 12
400_1_5 4 5 4 8 6 1 2 3 2 2 3 3 2 5 2 2 27 12 13 13 13 13 13 13 13 13 13 13 13 13 13 13 13 13 13 13 13 14 12 13 14 13 13 13 13 13 13 14 13 12 14 13 13 13 13 13 13 13 13 13 13 13 13 13 13 13 13 13 13 13 12
401_1_3 4 4 8 5 6 1 3 1 3 3 2 1 5 3 3 2 27 12 13 13 13 13 13 13 13 13 13 13 13 13 13 13 14 13 13 13 13 12 14 13 13 13 13 13 13 13 13 13 13 14 12 13 13 13 13 14 13 13 13 13 13 13 13 13 13 13 13 13 13 13 12
402_1_3 3 6 7 5 6 1 3 1 3 3 2 1 5 3 3 2 27 12 13 13 13 13 13 13 13 13 12 14 13 13 13 13 13 14 13 13 13 13 13 13 13 13 13 13 13 13 13 13 13 13 13 13 13 13 14 13 13 13 13 13 14 12 13 13 13 13 13 13 13 13 12
403_1_3 3 7 6 6 5 1 3 1 3 3 2 1 5 3 3 2 27 12 13 13 13 13 14 13 13 13 12 14 13 13 13 13 13 13 13 13 13 13 13 13 13 13 13 13 13 13 13 13 13 13 13 13 13 13 13 13 13 13 13 13 14 12 13 13 13 14 13 13 13 13 12
405_0_3 3 5 6 6 7 1 3 2 2 2 3 1 3 5 2 3 27 12 13 13 14 13 13 13 13 14 12 13 13 13 13 13 13 13 13 13 13 13 13 13 13 13 13 13 13 13 13 13 13 13 13 13 13 13 13 13 13 13 13 13 13 12 14 13 13 13 13 14 13 13 12
406_0_3 4 4 6 5 8 1 3 1 3 3 2 1 5 3 3 2 27 12 13 13 13 13 13 13 13 13 13 13 13 13 13 13 13 14 13 13 13 13 14 12 13 13 13 13 13 13 13 13 12 14 13 13 13 13 14 13 13 13 13 13 13 13 13 13 13 13 13 13 13 13 12
407_0_3 4 4 6 5 8 1 3 2 2 2 3 1 3 5 2 3 27 12 13 13 13 13 13 14 13 13 13 13 12 14 13 13 13 13 13 13 13 13 13 13 13 13 13 13 13 13 13 13 13 13 13 13 13 13 13 13 13 13 14 12 13 13 13 13 14 13 13 13 13 13 12
408_0_3 3 5 5 6 8 1 3 1 3 3 2 1 5 3 3 2 27 12 13 13 13 14 13 13 13 13 13 13 13 13 13 13 13 13 13 13 13 13 14 12 13 13 13 13 13 13 13 13 12 14 13 13 13 13 13 13 13 13 13 13 13 13 13 13 13 13 14 13 13 13 12
409_1_1 4 4 8 5 6 0 3 3 3 3 4 1 3 2 3 2 27 12 13 13 13 13 13 13 13 14 13 13 13 13 13 13 12 14 13 13 13 13 13 13 13 13 13 13 13 13 13 13 13 13 13 13 13 13 14 12 13 13 13 13 13 13 14 13 13 13 13 13 13 13 12
410_1_3 4 4 8 5 6 1 2 5 2 4 2 2 2 2 3 2 27 12 13 13 13 13 13 13 13 13 13 13 13 14 12 13 14 13 13 13 13 13 13 13 13 13 13 13 13 13 13 13 13 13 13 13 13 13 13 14 13 12 14 13 13 13 13 13 13 13 13 13 13 13 12
412_1_1 3 7 6 6 5 0 3 1 3 3 3 3 2 3 4 2 27 12 13 13 13 13 13 13 13 13 13 13 13 13 14 12 13 13 13 13 13 14 13 13 13 13 13 13 13 13 13 13 13 13 14 13 13 13 13 13 12 14 13 13 13 13 13 13 13 13 13 13 13 13 12
413_1_3 3 8 6 5 5 1 2 5 3 3 2 2 3 1 3 2 27 12 13 13 13 13 13 13 13 12 14 13 13 13 13 13 13 13 13 13 13 14 13 13 13 13 13 13 13 13 13 13 13 13 14 13 13 13 13 13 13 13 13 13 13 14 12 13 13 13 13 13 13 13 12
414_1_3 4 4 8 5 6 1 2 5 3 3 2 2 3 1 3 2 27 12 13 13 13 13 13 13 13 13 13 13 14 12 13 13 13 13 13 13 13 13 13 14 13 13 13 13 13 13 13 13 14 13 13 13 13 13 13 13 13 13 12 14 13 13 13 13 13 13 13 13 13 13 12
415_1_3 3 6 7 5 6 1 2 5 3 3 2 2 3 1 3 2 27 12 13 13 13 13 13 13 13 13 13 13 14 13 13 13 13 13 13 13 12 14 13 13 13 13 13 13 13 13 13 13 13 13 14 12 13 13 13 13 13 13 13 14 13 13 13 13 13 13 13 13 13 13 12
416_1_1 3 6 7 5 6 1 2 3 1 4 2 2 3 4 3 2 27 13 13 13 13 12 13 13 13 13 13 12 13 13 13 13 14 14 13 13 13 13 13 13 13 13 13 13 13 13 13 13 13 13 13 13 13 13 14 14 13 13 13 13 12 13 13 13 13 13 12 13 13 13 13
417_0_3 3 5 8 5 6 1 2 2 3 3 4 1 3 4 2 2 27 12 13 13 13 13 13 13 13 13 14 13 13 13 13 13 13 13 13 13 13 14 12 13 13 13 13 13 13 13 13 13 13 12 14 13 13 13 13 13 13 13 13 13 13 14 13 13 13 13 13 13 13 13 12
417_1_5 3 6 5 8 5 1 3 2 3 5 2 2 2 3 2 2 27 12 13 13 13 13 13 13 13 13 14 13 13 13 13 13 13 13 13 13 13 14 12 13 13 13 13 13 13 13 13 13 13 12 14 13 13 13 13 13 13 13 13 13 13 14 13 13 13 13 13 13 13 13 12
418_1_1 4 4 8 5 6 1 1 3 3 3 4 2 3 1 3 3 27 12 13 13 13 13 13 13 13 13 13 13 14 13 13 13 13 13 13 13 13 13 12 14 13 13 13 13 13 13 13 13 14 12 13 13 13 13 13 13 13 13 13 14 13 13 13 13 13 13 13 13 13 13 12
419_0_3 4 4 6 5 8 1 2 2 3 3 4 1 3 4 2 2 27 12 13 13 13 13 13 13 13 13 13 12 14 13 13 13 13 13 13 13 13 14 13 13 13 13 13 13 13 13 13 13 13 13 14 13 13 13 13 13 13 13 13 14 12 13 13 13 13 13 13 13 13 13 12
419_1_5 4 4 8 5 6 1 3 2 3 5 2 2 2 3 2 2 27 12 13 13 13 13 13 13 13 13 13 12 14 13 13 13 13 13 13 13 13 14 13 13 13 13 13 13 13 13 13 13 13 13 14 13 13 13 13 13 13 13 13 14 12 13 13 13 13 13 13 13 13 13 12
420_1_3 3 6 7 5 6 1 2 3 5 1 3 3 2 3 2 2 27 12 13 13 13 12 14 13 13 13 13 13 13 13 13 13 13 14 13 13 13 13 13 13 13 13 13 13 13 13 13 13 13 13 13 13 13 13 14 13 13 13 13 13 13 13 13 13 13 14 12 13 13 13 12
421_1_1 3 7 6 6 5 1 1 4 3 3 2 3 3 3 1 3 27 13 13 13 13 12 13 13 13 13 13 12 13 13 14 13 14 13 13 13 13 13 13 13 13 13 13 13 13 13 13 13 13 13 13 13 13 13 13 14 13 14 13 13 12 13 13 13 13 13 12 13 13 13 13
422_1_1 3 7 6 6 5 1 3 2 1 3 2 3 1 3 4 4 27 12 13 13 14 12 13 13 13 13 13 13 13 13 13 13 13 13 13 13 13 13 13 13 13 13 14 13 13 14 13 13 13 13 13 13 13 13 13 13 13 13 13 13 13 13 13 13 13 13 12 14 13 13 12
423_1_1 3 8 6 5 5 1 2 3 1 4 2 2 3 4 3 2 27 12 13 13 13 14 13 13 13 13 13 13 13 13 13 13 13 13 13 13 13 13 12 14 13 13 13 13 13 13 13 13 14 12 13 13 13 13 13 13 13 13 13 13 13 13 13 13 13 13 14 13 13 13 12
424_0_3 4 4 6 5 8 1 2 3 4 3 2 2 4 1 3 2 27 12 13 13 13 13 13 13 13 13 13 12 14 13 13 13 14 13 13 13 13 13 13 13 13 13 13 13 13 13 13 13 13 13 13 13 13 13 13 14 13 13 13 14 12 13 13 13 13 13 13 13 13 13 12
424_1_5 4 4 8 5 6 1 3 1 3 4 3 3 1 3 3 2 27 12 13 13 13 13 13 13 13 13 13 12 14 13 13 13 14 13 13 13 13 13 13 13 13 13 13 13 13 13 13 13 13 13 13 13 13 13 13 14 13 13 13 14 12 13 13 13 13 13 13 13 13 13 12
425_1_1 4 5 4 8 6 1 2 3 1 4 2 2 3 4 3 2 27 12 13 13 13 13 14 13 13 13 13 13 13 13 13 13 13 13 13 13 13 14 12 13 13 13 13 13 13 13 13 13 13 12 14 13 13 13 13 13 13 13 13 13 13 13 13 13 13 14 13 13 13 13 12
426_0_3 4 5 4 5 8 1 1 2 3 4 1 4 2 2 3 3 26 11 12 12 12 12 12 12 12 12 12 12 12 12 12 12 12 12 12 12 12 12 12 12 12 12 13 13 13 13 12 12 12 12 12 12 12 12 12 12 12 12 12 12 12 12 12 12 12 12 12 12 12 12 11
426_1_5 4 5 4 8 5 1 1 4 3 3 2 2 4 1 3 2 26 11 12 12 12 12 12 12 12 12 12 12 12 12 12 12 12 12 12 12 12 12 12 12 12 12 13 13 13 13 12 12 12 12 12 12 12 12 12 12 12 12 12 12 12 12 12 12 12 12 12 12 12 12 11
427_1_3 3 7 6 6 5 1 3 1 3 3 4 3 2 1 4 2 27 12 13 13 13 13 13 13 13 13 13 13 13 13 13 12 14 13 13 14 13 13 13 13 13 13 13 13 13 13 13 13 13 13 13 13 14 13 13 14 12 13 13 13 13 13 13 13 13 13 13 13 13 13 12
428_1_3 3 7 6 6 5 1 2 5 2 4 2 2 2 2 3 2 27 12 13 13 13 13 13 13 13 13 13 13 13 13 13 13 14 13 13 13 13 13 13 13 14 12 13 13 13 13 12 14 13 13 13 13 13 13 13 14 13 13 13 13 13 13 13 13 13 13 13 13 13 13 12
429_1_3 4 5 4 8 6 1 2 1 3 5 1 3 3 3 2 3 27 12 13 13 13 13 13 13 13 13 13 14 12 13 14 13 13 13 13 13 13 13 13 13 13 13 13 13 13 13 13 13 13 13 13 13 13 13 13 13 13 14 13 12 14 13 13 13 13 13 13 13 13 13 12
430_0_7 3 5 5 6 8 1 3 1 4 2 1 4 4 3 2 2 27 12 13 13 12 14 13 13 13 13 13 14 13 13 13 13 13 13 13 13 13 13 13 13 13 13 13 13 13 13 13 13 13 13 13 13 13 13 13 13 13 13 13 13 14 13 13 13 13 13 14 12 13 13 12
430_1_7 3 8 6 5 5 1 3 1 4 2 1 4 4 3 2 2 27 12 13 13 12 14 13 13 13 13 13 14 13 13 13 13 13 13 13 13 13 13 13 13 13 13 13 13 13 13 13 13 13 13 13 13 13 13 13 13 13 13 13 13 14 13 13 13 13 13 14 12 13 13 12
432_0_3 4 4 6 5 8 1 2 2 5 2 2 4 2 3 2 2 27 12 13 13 13 13 13 12 14 13 13 13 13 14 13 13 13 13 13 13 13 13 13 13 13 13 13 13 13 13 13 13 13 13 13 13 13 13 13 13 13 13 14 13 13 13 13 14 12 13 13 13 13 13 12
433_0_3 4 4 6 5 8 1 3 1 3 4 4 1 3 2 3 2 27 12 13 13 13 13 13 14 12 13 13 13 13 14 13 13 13 13 13 13 13 13 13 13 13 13 13 13 13 13 13 13 13 13 13 13 13 13 13 13 13 13 14 13 13 13 13 12 14 13 13 13 13 13 12
434_0_3 3 5 5 6 8 1 2 3 2 2 2 2 2 3 3 5 27 12 13 13 13 13 13 13 13 13 14 12 13 13 13 13 13 13 13 14 13 13 13 13 13 13 13 13 13 13 13 13 13 13 13 13 14 13 13 13 13 13 13 13 12 14 13 13 13 13 13 13 13 13 12
434_1_5 3 8 6 5 5 1 5 3 3 2 2 2 2 2 3 2 27 12 13 13 13 13 13 13 13 13 14 12 13 13 13 13 13 13 13 14 13 13 13 13 13 13 13 13 13 13 13 13 13 13 13 13 14 13 13 13 13 13 13 13 12 14 13 13 13 13 13 13 13 13 12
435_1_3 3 6 7 5 6 1 3 2 3 1 3 5 2 3 2 2 27 12 13 13 14 12 13 13 13 13 13 13 13 14 13 13 13 13 13 13 13 13 13 13 13 13 13 13 13 13 13 13 13 13 13 13 13 13 13 13 13 13 14 13 13 13 13 13 13 13 12 14 13 13 12
436_0_7 3 6 5 7 6 1 2 3 3 1 2 5 2 4 2 2 27 12 13 13 13 13 13 13 13 13 13 13 13 13 13 13 13 13 13 13 13 13 14 13 13 12 14 13 13 14 12 13 13 14 13 13 13 13 13 13 13 13 13 13 13 13 13 13 13 13 13 13 13 13 12
436_1_7 3 6 7 5 6 1 2 3 3 1 2 5 2 4 2 2 27 12 13 13 13 13 13 13 13 13 13 13 13 13 13 13 13 13 13 13 13 13 14 13 13 12 14 13 13 14 12 13 13 14 13 13 13 13 13 13 13 13 13 13 13 13 13 13 13 13 13 13 13 13 12
437_1_3 3 7 6 6 5 1 2 1 3 5 1 3 3 3 2 3 27 12 13 13 13 13 13 13 13 13 12 14 13 13 13 13 13 13 13 14 13 13 13 13 13 13 13 13 13 13 13 13 13 13 13 13 14 13 13 13 13 13 13 13 14 12 13 13 13 13 13 13 13 13 12
438_1_3 3 6 5 8 5 1 3 1 3 4 4 1 3 2 3 2 27 12 13 13 13 13 13 13 12 14 13 13 13 13 13 14 13 13 13 13 13 13 13 13 13 13 13 13 13 13 13 13 13 13 13 13 13 13 13 13 14 13 13 13 13 13 14 12 13 13 13 13 13 13 12
439_1_3 3 7 6 6 5 1 2 2 5 2 2 4 2 3 2 2 27 12 13 13 13 13 13 13 13 13 13 13 13 13 14 12 13 13 13 13 13 13 13 13 14 13 13 13 13 13 13 14 13 13 13 13 13 13 13 13 12 14 13 13 13 13 13 13 13 13 13 13 13 13 12
440_1_3 3 8 6 5 5 1 3 1 3 4 4 1 3 2 3 2 27 12 13 13 13 13 13 14 12 13 13 13 13 13 13 13 13 13 13 13 14 13 13 13 13 13 13 13 13 13 13 13 13 13 13 14 13 13 13 13 13 13 13 13 13 13 13 12 14 13 13 13 13 13 12
441_1_3 3 8 6 5 5 1 1 3 2 3 2 3 3 2 5 2 27 12 13 13 13 13 13 14 12 13 14 13 13 13 13 13 13 13 13 13 13 13 13 13 13 13 13 13 13 13 13 13 13 13 13 13 13 13 13 13 13 13 13 13 13 14 13 12 14 13 13 13 13 13 12
443_0_3 3 6 5 7 6 1 3 1 4 4 2 2 3 3 2 2 27 13 13 13 13 12 13 13 13 13 13 12 13 13 13 13 14 13 14 13 13 13 13 13 13 13 13 13 13 13 13 13 13 13 13 13 13 14 13 14 13 13 13 13 12 13 13 13 13 13 12 13 13 13 13
443_1_5 3 6 7 5 6 1 3 2 2 3 5 2 2 2 2 3 27 13 13 13 13 12 13 13 13 13 13 12 13 13 13 13 14 13 14 13 13 13 13 13 13 13 13 13 13 13 13 13 13 13 13 13 13 14 13 14 13 13 13 13 12 13 13 13 13 13 12 13 13 13 13
445_0_3 3 5 6 6 7 1 2 3 5 1 3 3 2 3 2 2 27 12 13 13 13 13 13 13 13 13 13 13 13 13 13 12 14 13 13 13 13 13 13 13 13 13 14 13 13 14 13 13 13 13 13 13 13 13 13 14 12 13 13 13 13 13 13 13 13 13 13 13 13 13 12
446_0_3 4 4 6 5 8 0 3 2 4 2 2 4 2 3 3 2 27 12 13 13 13 13 13 13 13 13 13 13 12 14 13 13 13 14 13 13 13 13 13 13 13 13 13 13 13 13 13 13 13 13 13 13 13 13 14 13 13 13 14 12 13 13 13 13 13 13 13 13 13 13 12
446_1_3 4 4 8 5 6 0 3 2 4 2 2 4 2 3 3 2 27 12 13 13 13 13 13 13 13 13 13 13 12 14 13 13 13 14 13 13 13 13 13 13 13 13 13 13 13 13 13 13 13 13 13 13 13 13 14 13 13 13 14 12 13 13 13 13 13 13 13 13 13 13 12
447_0_3 3 6 5 7 6 1 2 2 3 4 4 1 2 4 1 3 27 12 13 13 13 13 13 13 13 13 13 13 13 13 13 12 14 13 13 13 13 13 14 13 13 13 13 13 13 13 13 13 13 14 13 13 13 13 13 14 12 13 13 13 13 13 13 13 13 13 13 13 13 13 12
447_1_3 3 6 7 5 6 1 2 2 3 4 4 1 2 4 1 3 27 12 13 13 13 13 13 13 13 13 13 13 13 13 13 12 14 13 13 13 13 13 14 13 13 13 13 13 13 13 13 13 13 14 13 13 13 13 13 14 12 13 13 13 13 13 13 13 13 13 13 13 13 13 12
448_0_3 4 5 4 6 8 1 2 3 2 2 2 2 2 3 3 5 27 12 13 13 13 13 13 13 13 13 13 13 13 13 14 13 13 13 13 13 13 14 12 13 13 13 13 13 13 13 13 13 13 12 14 13 13 13 13 13 13 14 13 13 13 13 13 13 13 13 13 13 13 13 12
448_1_5 4 5 4 8 6 1 5 3 3 2 2 2 2 2 3 2 27 12 13 13 13 13 13 13 13 13 13 13 13 13 14 13 13 13 13 13 13 14 12 13 13 13 13 13 13 13 13 13 13 12 14 13 13 13 13 13 13 14 13 13 13 13 13 13 13 13 13 13 13 13 12
449_1_3 4 4 8 5 6 1 2 1 3 5 1 3 3 3 2 3 27 12 13 13 13 13 13 13 13 13 13 13 13 13 13 13 13 13 13 14 13 12 14 13 13 13 13 13 13 13 13 13 13 14 12 13 14 13 13 13 13 13 13 13 13 13 13 13 13 13 13 13 13 13 12
450_0_7 3 6 5 7 6 1 2 4 3 1 4 2 4 2 2 2 27 12 13 13 13 13 13 13 13 14 12 13 13 13 13 13 13 14 13 13 13 13 13 13 13 13 13 13 13 13 13 13 13 13 13 13 13 13 14 13 13 13 13 13 13 12 14 13 13 13 13 13 13 13 12
450_1_7 3 6 7 5 6 1 2 4 3 1 4 2 4 2 2 2 27 12 13 13 13 13 13 13 13 14 12 13 13 13 13 13 13 14 13 13 13 13 13 13 13 13 13 13 13 13 13 13 13 13 13 13 13 13 14 13 13 13 13 13 13 12 14 13 13 13 13 13 13 13 12
451_0_7 4 4 6 5 8 1 2 3 3 1 2 5 2 4 2 2 27 12 13 13 13 13 13 14 12 13 13 13 13 13 13 13 13 13 13 13 13 13 14 13 13 13 13 13 13 13 13 13 13 14 13 13 13 13 13 13 13 13 13 13 13 13 13 12 14 13 13 13 13 13 12
451_1_7 4 4 8 5 6 1 2 3 3 1 2 5 2 4 2 2 27 12 13 13 13 13 13 14 12 13 13 13 13 13 13 13 13 13 13 13 13 13 14 13 13 13 13 13 13 13 13 13 13 14 13 13 13 13 13 13 13 13 13 13 13 13 13 12 14 13 13 13 13 13 12
453_0_3 3 5 5 6 8 1 2 1 3 5 1 3 3 3 2 3 27 12 13 13 13 13 13 13 13 13 13 13 13 13 13 13 13 13 13 13 13 13 14 12 13 14 13 13 13 13 14 13 12 14 13 13 13 13 13 13 13 13 13 13 13 13 13 13 13 13 13 13 13 13 12
454_0_3 3 6 5 7 6 1 2 1 3 5 1 3 3 3 2 3 27 12 13 13 13 13 13 13 14 13 12 14 13 13 13 13 13 13 13 13 13 13 13 13 13 13 13 13 13 13 13 13 13 13 13 13 13 13 13 13 13 13 13 13 14 12 13 14 13 13 13 13 13 13 12
455_0_3 3 6 5 7 6 1 3 1 3 3 4 3 2 1 4 2 27 12 13 13 13 13 13 13 13 13 13 13 13 13 14 12 13 14 13 13 13 13 13 13 13 13 13 13 13 13 13 13 13 13 13 13 13 13 14 13 12 14 13 13 13 13 13 13 13 13 13 13 13 13 12
456_0_3 4 4 6 5 8 1 3 1 3 3 4 3 2 1 4 2 27 12 13 13 13 13 13 12 14 13 13 13 13 13 13 13 13 14 13 13 13 13 13 13 13 13 13 13 13 13 13 13 13 13 13 13 13 13 14 13 13 13 13 13 13 13 13 14 12 13 13 13 13 13 12
457_0_3 3 5 5 6 8 1 3 1 3 3 4 3 2 1 4 2 27 12 13 13 13 13 14 13 13 13 13 13 13 13 13 13 13 13 13 13 13 13 13 13 13 14 12 13 13 12 14 13 13 13 13 13 13 13 13 13 13 13 13 13 13 13 13 13 13 14 13 13 13 13 12
458_0_3 3 5 5 6 8 1 3 1 3 3 4 3 2 1 4 2 27 12 13 13 12 14 13 13 13 13 13 13 13 13 14 13 13 13 13 13 13 13 13 13 13 13 13 13 13 13 13 13 13 13 13 13 13 13 13 13 13 14 13 13 13 13 13 13 13 13 14 12 13 13 12
459_1_1 3 7 6 6 5 0 3 3 3 3 4 1 3 2 3 2 27 12 13 13 13 12 14 13 13 14 13 13 13 13 13 13 13 13 13 13 13 13 13 13 13 13 13 13 13 13 13 13 13 13 13 13 13 13 13 13 13 13 13 13 13 13 14 13 13 14 12 13 13 13 12
460_1_1 4 4 8 5 6 1 1 4 3 3 2 3 3 3 1 3 27 12 13 13 13 13 13 13 14 13 13 13 13 13 13 13 13 13 13 13 13 13 12 14 13 13 13 13 13 13 13 13 14 12 13 13 13 13 13 13 13 13 13 13 13 13 13 14 13 13 13 13 13 13 12
461_1_1 3 8 6 5 5 0 3 1 3 3 3 3 2 3 4 2 27 12 13 13 13 13 13 13 13 13 13 13 13 13 13 13 13 13 13 13 13 14 13 13 13 14 12 13 13 12 14 13 13 13 14 13 13 13 13 13 13 13 13 13 13 13 13 13 13 13 13 13 13 13 12
463_1_1 3 8 6 5 5 0 3 3 3 3 4 1 3 2 3 2 27 12 13 13 13 13 13 13 13 13 14 13 12 14 13 13 13 13 13 13 13 13 13 13 13 13 13 13 13 13 13 13 13 13 13 13 13 13 13 13 13 13 14 12 13 14 13 13 13 13 13 13 13 13 12
465_1_1 4 4 8 5 6 0 3 3 3 3 4 1 3 2 3 2 27 12 13 13 13 13 13 13 13 13 13 13 12 14 13 13 13 13 13 13 13 13 13 14 13 13 13 13 13 13 13 13 14 13 13 13 13 13 13 13 13 13 14 12 13 13 13 13 13 13 13 13 13 13 12
467_1_1 3 6 7 5 6 1 1 3 3 5 1 3 3 2 2 3 27 12 13 13 13 13 13 13 13 13 12 14 13 13 13 13 13 13 13 13 13 13 13 14 13 13 13 13 13 13 13 13 14 13 13 13 13 13 13 13 13 13 13 13 14 12 13 13 13 13 13 13 13 13 12
468_1_3 4 5 4 8 6 1 3 1 3 4 4 1 3 2 3 2 27 12 13 12 14 13 13 13 13 14 13 13 13 13 13 13 13 13 13 13 13 13 13 13 13 13 13 13 13 13 13 13 13 13 13 13 13 13 13 13 13 13 13 13 13 13 14 13 13 13 13 14 12 13 12
469_1_3 3 8 6 5 5 1 3 2 3 1 3 5 2 3 2 2 27 12 13 13 13 13 13 13 13 14 13 13 13 13 13 14 12 13 13 13 13 13 13 13 13 13 13 13 13 13 13 13 13 13 13 13 13 13 13 12 14 13 13 13 13 13 14 13 13 13 13 13 13 13 12
470_1_3 3 7 6 6 5 1 3 1 3 4 4 1 3 2 3 2 27 12 13 13 14 13 13 13 13 13 13 13 13 13 13 13 13 13 13 13 13 13 13 13 14 12 13 13 13 13 12 14 13 13 13 13 13 13 13 13 13 13 13 13 13 13 13 13 13 13 13 14 13 13 12
471_0_7 3 5 5 6 8 1 2 4 3 1 4 2 4 2 2 2 27 12 13 13 13 13 13 13 13 13 13 13 13 13 13 13 14 13 13 13 14 12 13 13 13 13 13 13 13 13 13 13 13 13 12 14 13 13 13 14 13 13 13 13 13 13 13 13 13 13 13 13 13 13 12
471_1_7 3 8 6 5 5 1 2 4 3 1 4 2 4 2 2 2 27 12 13 13 13 13 13 13 13 13 13 13 13 13 13 13 14 13 13 13 14 12 13 13 13 13 13 13 13 13 13 13 13 13 12 14 13 13 13 14 13 13 13 13 13 13 13 13 13 13 13 13 13 13 12
472_1_3 4 5 4 8 6 1 3 1 3 4 4 1 3 2 3 2 27 12 13 12 14 13 13 13 13 13 13 13 13 13 13 13 13 13 13 13 13 13 13 13 14 13 13 13 13 13 13 14 13 13 13 13 13 13 13 13 13 13 13 13 13 13 13 13 13 13 13 14 12 13 12
473_1_3 3 6 7 5 6 1 1 3 2 3 2 3 3 2 5 2 27 12 13 13 13 13 13 13 13 13 13 13 13 13 13 13 13 13 13 13 13 13 13 14 13 12 14 13 13 14 12 13 14 13 13 13 13 13 13 13 13 13 13 13 13 13 13 13 13 13 13 13 13 13 12
474_1_3 4 5 4 8 6 1 2 2 5 2 2 4 2 3 2 2 27 12 13 13 13 13 13 13 13 14 13 13 13 13 13 13 13 13 12 14 13 13 13 13 13 13 13 13 13 13 13 13 13 13 13 13 14 12 13 13 13 13 13 13 13 13 14 13 13 13 13 13 13 13 12
475_0_7 4 5 4 6 8 1 2 3 3 1 2 5 2 4 2 2 27 12 13 12 14 13 13 13 13 13 13 14 13 13 13 13 13 13 13 13 13 13 13 13 13 13 13 13 13 13 13 13 13 13 13 13 13 13 13 13 13 13 13 13 14 13 13 13 13 13 13 14 12 13 12
475_1_7 4 5 4 8 6 1 2 3 3 1 2 5 2 4 2 2 27 12 13 12 14 13 13 13 13 13 13 14 13 13 13 13 13 13 13 13 13 13 13 13 13 13 13 13 13 13 13 13 13 13 13 13 13 13 13 13 13 13 13 13 14 13 13 13 13 13 13 14 12 13 12
477_1_1 3 6 5 8 5 1 1 4 1 3 3 2 3 3 4 2 27 12 13 12 14 13 13 13 13 13 13 13 13 13 13 13 13 13 13 13 13 13 13 13 13 14 13 13 13 13 14 13 13 13 13 13 13 13 13 13 13 13 13 13 13 13 13 13 13 13 13 14 12 13 12
478_1_3 3 7 5 7 5 1 3 1 3 4 4 1 3 2 3 2 27 12 13 13 13 13 13 13 13 13 13 13 13 14 12 13 13 13 14 13 13 13 13 13 13 13 13 13 13 13 13 13 13 13 13 13 13 14 13 13 13 12 14 13 13 13 13 13 13 13 13 13 13 13 12
480_1_1 4 4 8 5 6 0 3 3 3 3 4 1 3 2 3 2 27 12 13 13 13 13 13 13 13 13 13 13 13 13 13 13 12 14 13 13 13 13 13 13 14 13 13 13 13 13 13 14 13 13 13 13 13 13 14 12 13 13 13 13 13 13 13 13 13 13 13 13 13 13 12
482_0_3 4 4 6 5 8 1 3 1 3 2 4 4 2 1 3 3 27 12 13 13 13 13 13 14 12 13 13 13 13 13 13 13 13 13 14 13 13 13 13 13 13 13 13 13 13 13 13 13 13 13 13 13 13 14 13 13 13 13 13 13 13 13 13 12 14 13 13 13 13 13 12
483_1_1 3 7 5 7 5 0 3 1 3 3 3 3 2 3 4 2 27 12 13 14 12 13 13 13 13 13 13 13 14 13 13 13 13 13 13 13 13 13 13 13 13 13 13 13 13 13 13 13 13 13 13 13 13 13 13 13 13 13 13 14 13 13 13 13 13 13 13 12 14 13 12
485_1_1 4 4 8 5 6 1 1 4 1 3 3 2 3 3 4 2 27 12 14 13 13 13 13 13 13 13 13 13 13 13 13 14 13 13 13 13 12 13 13 13 13 13 13 13 13 13 13 13 13 13 13 12 13 13 13 13 14 13 13 13 13 13 13 13 13 13 13 13 13 14 12
487_0_3 4 4 6 5 8 1 2 1 4 2 4 3 2 2 4 2 27 12 13 13 13 13 13 13 13 13 13 13 13 14 12 13 13 13 13 13 13 13 13 13 14 13 13 13 13 13 13 14 13 13 13 13 13 13 13 13 13 12 14 13 13 13 13 13 13 13 13 13 13 13 12
488_1_1 3 7 5 7 5 1 1 3 3 4 1 4 3 2 3 2 27 12 14 13 13 13 12 13 13 13 13 13 14 13 13 13 13 13 13 13 13 13 13 13 13 13 13 13 13 13 13 13 13 13 13 13 13 13 13 13 13 13 13 14 13 13 13 13 13 12 13 13 13 14 12
489_1_3 4 4 8 5 6 1 3 2 3 1 3 5 2 3 2 2 27 12 13 13 13 13 13 13 13 13 13 13 13 14 13 13 13 12 14 13 13 13 13 13 13 13 13 13 13 13 13 13 13 13 13 13 13 14 12 13 13 13 14 13 13 13 13 13 13 13 13 13 13 13 12
491_1_1 3 6 5 8 5 1 2 1 3 4 3 1 4 3 2 3 27 12 13 13 13 13 13 13 13 13 14 13 13 12 14 13 13 13 13 13 13 13 13 13 13 13 13 13 13 13 13 13 13 13 13 13 13 13 13 13 13 14 12 13 13 14 13 13 13 13 13 13 13 13 12
492_1_1 4 4 8 5 6 1 1 4 3 3 3 3 1 3 2 3 27 12 13 13 13 13 13 13 13 13 13 13 13 13 13 13 13 13 14 13 13 13 12 14 13 13 13 13 13 13 13 13 14 12 13 13 13 14 13 13 13 13 13 13 13 13 13 13 13 13 13 13 13 13 12
493_1_1 3 6 7 5 6 1 2 2 1 5 3 2 2 4 2 3 27 12 13 13 13 13 13 13 13 13 12 14 13 13 13 13 13 13 14 13 13 13 13 13 13 13 13 13 13 13 13 13 13 13 13 13 13 14 13 13 13 13 13 13 14 12 13 13 13 13 13 13 13 13 12
495_1_1 4 5 4 8 6 1 2 4 3 4 1 3 2 1 3 3 27 12 13 13 13 13 13 13 13 13 13 13 13 12 14 13 13 13 13 14 13 13 13 13 13 13 13 13 13 13 13 13 13 13 13 13 14 13 13 13 13 14 12 13 13 13 13 13 13 13 13 13 13 13 12
497_0_3 3 6 5 7 6 1 3 1 3 2 4 4 2 1 3 3 27 12 13 13 13 13 13 13 13 13 13 13 13 13 13 13 13 13 14 13 13 13 13 13 13 12 14 13 13 14 12 13 13 13 13 13 13 14 13 13 13 13 13 13 13 13 13 13 13 13 13 13 13 13 12
498_0_3 3 5 7 5 7 1 2 5 2 4 2 2 2 2 3 2 27 12 13 13 13 13 13 13 13 13 13 13 13 14 12 13 13 14 13 13 13 13 13 13 13 13 13 13 13 13 13 13 13 13 13 13 13 13 14 13 13 12 14 13 13 13 13 13 13 13 13 13 13 13 12
499_1_1 3 7 5 7 5 1 2 2 1 5 3 2 2 4 2 3 27 12 13 13 13 13 13 13 13 13 13 13 13 13 13 13 13 13 14 13 13 12 14 13 13 13 13 13 13 13 13 13 13 14 12 13 13 14 13 13 13 13 13 13 13 13 13 13 13 13 13 13 13 13 12
500_1_1 3 7 5 7 5 1 1 4 3 3 3 3 1 3 2 3 27 12 13 13 13 13 13 13 13 13 13 12 14 13 13 13 13 13 14 13 13 13 13 13 13 13 13 13 13 13 13 13 13 13 13 13 13 14 13 13 13 13 13 14 12 13 13 13 13 13 13 13 13 13 12
501_1_1 3 6 7 5 6 1 2 1 3 4 3 1 4 3 2 3 27 12 13 14 13 13 13 13 13 13 13 13 13 13 13 13 13 13 13 13 12 14 13 13 13 13 13 13 13 13 13 13 13 13 14 12 13 13 13 13 13 13 13 13 13 13 13 13 13 13 13 13 14 13 12
502_1_3 3 8 6 5 5 1 3 1 3 3 4 3 2 1 4 2 27 12 13 13 13 14 13 13 13 13 13 13 13 13 13 12 13 13 13 13 13 13 13 13 13 14 13 13 13 13 14 13 13 13 13 13 13 13 13 13 12 13 13 13 13 13 13 13 13 13 14 13 13 13 12
504_0_3 3 5 5 6 8 1 2 4 2 4 3 2 2 1 4 2 27 12 13 13 13 13 13 13 13 13 13 13 13 13 13 14 13 13 13 13 12 13 13 13 13 14 13 13 13 13 14 13 13 13 13 12 13 13 13 13 14 13 13 13 13 13 13 13 13 13 13 13 13 13 12
505_0_3 3 5 5 6 8 1 3 2 2 2 3 1 3 5 2 3 27 12 13 13 13 13 13 13 13 13 12 13 13 13 13 14 13 13 13 13 14 13 13 13 13 13 13 13 13 13 13 13 13 13 13 14 13 13 13 13 14 13 13 13 13 12 13 13 13 13 13 13 13 13 12
506_1_1 3 8 6 5 5 1 1 3 3 4 1 4 3 2 3 2 27 12 13 13 13 12 13 13 13 13 14 13 13 13 13 13 13 13 13 13 14 13 13 13 13 13 13 13 13 13 13 13 13 13 13 14 13 13 13 13 13 13 13 13 13 14 13 13 13 13 12 13 13 13 12
507_1_3 3 6 7 5 6 1 2 1 3 5 1 3 3 3 2 3 27 12 13 14 13 13 13 13 13 13 12 14 13 13 13 13 13 13 13 13 13 13 13 13 13 13 13 13 13 13 13 13 13 13 13 13 13 13 13 13 13 13 13 13 14 12 13 13 13 13 13 13 14 13 12
508_1_3 3 6 7 5 6 1 4 2 1 4 3 4 2 2 2 2 27 12 13 14 13 13 13 13 13 13 13 13 13 13 14 12 13 13 13 13 13 13 13 13 13 13 13 13 13 13 13 13 13 13 13 13 13 13 13 13 12 14 13 13 13 13 13 13 13 13 13 13 14 13 12
510_1_1 3 6 7 5 6 1 2 1 3 4 3 1 4 3 2 3 27 12 13 13 13 13 13 13 13 13 13 13 13 13 13 13 13 13 13 14 12 13 13 14 13 13 13 13 13 13 13 13 14 13 13 12 14 13 13 13 13 13 13 13 13 13 13 13 13 13 13 13 13 13 12
511_3_1 3 6 7 4 5 1 2 1 4 4 1 3 2 3 2 2 25 11 11 11 11 11 11 11 11 11 11 11 11 11 11 11 12 11 11 11 11 11 11 11 12 11 11 12 12 11 11 12 11 11 11 11 11 11 11 12 11 11 11 11 11 11 11 11 11 11 11 11 11 11 11
512_1_1 4 4 8 5 6 1 1 4 3 3 3 3 1 3 2 3 27 12 13 13 13 13 13 14 13 13 13 13 13 13 13 13 13 13 13 13 13 13 12 14 13 13 13 13 13 13 13 13 14 12 13 13 13 13 13 13 13 13 13 13 13 13 13 13 14 13 13 13 13 13 12
513_1_1 3 5 4 6 7 1 1 3 2 2 1 3 4 2 4 2 25 11 11 11 11 11 11 11 11 11 11 11 11 11 11 11 11 11 12 11 11 12 11 12 11 11 11 11 11 11 11 11 12 11 12 11 11 12 11 11 11 11 11 11 11 11 11 11 11 11 11 11 11 11 11
514_0_3 3 5 5 6 8 1 3 1 4 4 2 2 3 3 2 2 27 12 13 13 14 13 13 13 13 13 14 12 13 13 13 13 13 13 13 13 13 13 13 13 13 13 13 13 13 13 13 13 13 13 13 13 13 13 13 13 13 13 13 13 12 14 13 13 13 13 13 14 13 13 12
514_1_5 3 8 6 5 5 1 3 2 2 3 5 2 2 2 2 3 27 12 13 13 14 13 13 13 13 13 14 12 13 13 13 13 13 13 13 13 13 13 13 13 13 13 13 13 13 13 13 13 13 13 13 13 13 13 13 13 13 13 13 13 12 14 13 13 13 13 13 14 13 13 12
516_0_3 4 4 6 5 8 1 2 1 4 2 4 3 2 2 4 2 27 12 13 13 13 13 13 13 13 14 13 13 13 14 12 13 13 13 13 13 13 13 13 13 13 13 13 13 13 13 13 13 13 13 13 13 13 13 13 13 13 12 14 13 13 13 14 13 13 13 13 13 13 13 12
517_1_1 3 5 4 7 6 0 4 3 4 2 2 2 2 1 3 2 25 11 11 11 11 11 11 11 11 11 11 11 11 11 11 11 11 11 11 12 11 11 12 11 12 11 11 11 11 11 11 12 11 12 11 11 12 11 11 11 11 11 11 11 11 11 11 11 11 11 11 11 11 11 11
518_1_1 3 6 7 5 6 1 1 4 1 3 3 2 3 3 4 2 27 12 13 13 13 13 13 13 14 13 13 13 13 13 13 13 13 13 13 13 13 13 13 13 13 12 14 13 13 14 12 13 13 13 13 13 13 13 13 13 13 13 13 13 13 13 13 14 13 13 13 13 13 13 12
519_1_3 3 5 4 7 6 1 2 1 3 2 4 3 2 1 4 2 25 11 11 11 11 11 11 11 11 11 11 11 11 11 11 11 11 11 12 11 11 11 11 11 12 11 12 11 11 12 11 12 11 11 11 11 11 12 11 11 11 11 11 11 11 11 11 11 11 11 11 11 11 11 11
519_3_3 3 6 7 4 5 1 2 1 3 2 4 3 2 1 4 2 25 11 11 11 11 11 11 11 11 11 11 11 11 11 11 11 11 11 12 11 11 11 11 11 12 11 12 11 11 12 11 12 11 11 11 11 11 12 11 11 11 11 11 11 11 11 11 11 11 11 11 11 11 11 11
520_1_3 4 5 4 8 6 1 2 1 3 5 1 3 3 3 2 3 27 12 13 13 13 13 13 13 13 13 13 14 12 13 13 13 13 13 13 14 13 13 13 13 13 13 13 13 13 13 13 13 13 13 13 13 14 13 13 13 13 13 13 12 14 13 13 13 13 13 13 13 13 13 12
522_1_1 3 5 4 6 7 0 3 3 1 2 3 4 3 2 1 3 25 11 11 11 11 11 11 11 11 11 11 11 11 11 11 11 11 11 11 12 11 11 12 11 11 11 11 12 12 11 11 11 11 12 11 11 12 11 11 11 11 11 11 11 11 11 11 11 11 11 11 11 11 11 11
523_1_1 3 5 4 7 6 0 2 3 3 3 3 2 3 1 4 1 25 11 11 11 11 11 11 11 11 11 11 11 11 11 11 11 11 11 11 11 11 12 12 11 12 11 11 11 11 11 11 12 11 12 12 11 11 11 11 11 11 11 11 11 11 11 11 11 11 11 11 11 11 11 11
524_0_3 4 4 6 5 8 1 3 1 3 4 4 1 3 2 3 2 27 12 13 13 14 13 13 13 13 13 13 13 13 14 12 13 13 13 13 13 13 13 13 13 13 13 13 13 13 13 13 13 13 13 13 13 13 13 13 13 13 12 14 13 13 13 13 13 13 13 13 14 13 13 12
525_0_3 3 5 7 5 7 1 2 3 2 2 2 2 2 3 3 5 27 12 13 14 13 13 13 13 13 13 13 12 14 13 13 13 13 13 13 13 13 13 13 13 13 13 13 13 13 13 13 13 13 13 13 13 13 13 13 13 13 13 13 14 12 13 13 13 13 13 13 13 14 13 12
525_1_5 3 7 5 7 5 1 5 3 3 2 2 2 2 2 3 2 27 12 13 14 13 13 13 13 13 13 13 12 14 13 13 13 13 13 13 13 13 13 13 13 13 13 13 13 13 13 13 13 13 13 13 13 13 13 13 13 13 13 13 14 12 13 13 13 13 13 13 13 14 13 12
526_1_1 4 4 8 5 6 1 1 4 3 3 2 3 3 3 1 3 27 12 13 14 13 13 13 13 13 13 13 13 13 13 13 13 13 13 13 13 13 13 12 14 13 13 13 13 13 13 13 13 14 12 13 13 13 13 13 13 13 13 13 13 13 13 13 13 13 13 13 13 14 13 12
527_1_1 3 7 5 7 5 0 3 3 3 3 4 1 3 2 3 2 27 12 13 13 13 13 13 13 14 13 13 13 13 14 12 13 13 13 13 13 13 13 13 13 13 13 13 13 13 13 13 13 13 13 13 13 13 13 13 13 13 12 14 13 13 13 13 14 13 13 13 13 13 13 12
528_1_3 3 6 7 5 6 1 3 1 3 3 4 3 2 1 4 2 27 12 13 14 13 13 13 13 13 13 13 13 13 13 13 12 14 13 13 13 13 13 13 13 13 13 13 13 13 13 13 13 13 13 13 13 13 13 13 14 12 13 13 13 13 13 13 13 13 13 13 13 14 13 12
529_1_3 3 7 5 7 5 1 2 1 3 5 1 3 3 3 2 3 27 12 13 13 13 13 13 13 14 13 13 13 13 13 13 13 13 13 13 13 13 12 14 13 13 13 13 13 13 13 13 13 13 14 12 13 13 13 13 13 13 13 13 13 13 13 13 14 13 13 13 13 13 13 12
530_3_1 3 6 7 4 5 1 1 3 3 1 2 4 2 4 2 2 25 11 11 11 11 11 11 11 11 11 11 11 11 11 11 11 11 11 11 12 11 12 11 11 11 11 11 12 12 11 11 11 11 11 12 11 12 11 11 11 11 11 11 11 11 11 11 11 11 11 11 11 11 11 11
531_1_3 4 4 8 5 6 1 1 3 2 3 2 3 3 2 5 2 27 12 13 13 13 13 13 14 12 13 13 13 14 13 13 13 13 13 13 13 13 13 13 13 13 13 13 13 13 13 13 13 13 13 13 13 13 13 13 13 13 13 13 14 13 13 13 12 14 13 13 13 13 13 12
533_1_1 3 5 4 6 7 0 4 2 3 4 2 2 2 3 2 1 25 11 11 11 11 11 11 11 11 11 11 11 11 11 11 11 11 11 11 12 11 11 12 12 11 11 11 11 11 11 11 11 12 12 11 11 12 11 11 11 11 11 11 11 11 11 11 11 11 11 11 11 11 11 11
534_1_1 3 8 6 5 5 1 1 3 3 4 2 3 3 1 4 2 27 12 13 13 12 14 13 13 13 13 13 13 13 13 13 13 13 13 13 13 13 14 13 13 13 13 13 13 13 13 13 13 13 13 14 13 13 13 13 13 13 13 13 13 13 13 13 13 13 13 14 12 13 13 12
535_1_1 3 7 5 7 5 1 1 4 3 3 3 3 1 3 2 3 27 12 13 13 13 13 13 14 13 13 13 12 14 13 13 13 13 13 13 13 13 13 13 13 13 13 13 13 13 13 13 13 13 13 13 13 13 13 13 13 13 13 13 14 12 13 13 13 14 13 13 13 13 13 12
536_1_1 3 6 7 5 6 1 2 3 5 2 2 4 1 3 2 2 27 12 13 13 13 13 13 13 13 13 13 13 13 13 14 12 13 13 13 13 13 13 14 13 13 13 13 13 13 13 13 13 13 14 13 13 13 13 13 13 12 14 13 13 13 13 13 13 13 13 13 13 13 13 12
537_1_1 3 6 5 8 5 1 1 4 3 3 3 3 1 3 2 3 27 12 13 13 13 13 13 13 13 13 13 13 13 13 13 14 13 13 13 13 13 14 12 13 13 13 13 13 13 13 13 13 13 12 14 13 13 13 13 13 14 13 13 13 13 13 13 13 13 13 13 13 13 13 12
538_1_1 4 4 8 5 6 0 3 1 3 3 3 3 2 3 4 2 27 12 13 13 13 13 13 12 14 13 13 13 14 13 13 13 13 13 13 13 13 13 13 13 13 13 13 13 13 13 13 13 13 13 13 13 13 13 13 13 13 13 13 14 13 13 13 14 12 13 13 13 13 13 12
540_1_1 3 7 6 6 5 1 1 4 1 3 3 2 3 3 4 2 27 12 13 13 14 12 13 13 13 13 13 13 13 13 13 13 14 13 13 13 13 13 13 13 13 13 13 13 13 13 13 13 13 13 13 13 13 13 13 14 13 13 13 13 13 13 13 13 13 13 12 14 13 13 12
542_0_3 3 4 7 5 6 1 1 1 3 3 3 1 4 3 2 3 25 11 11 11 11 11 11 11 11 11 11 11 11 11 11 11 11 11 11 11 11 12 11 12 12 11 11 11 11 11 11 12 12 11 12 11 11 11 11 11 11 11 11 11 11 11 11 11 11 11 11 11 11 11 11
542_2_3 3 6 5 7 4 1 1 1 3 3 3 1 4 3 2 3 25 11 11 11 11 11 11 11 11 11 11 11 11 11 11 11 11 11 11 11 11 12 11 12 12 11 11 11 11 11 11 12 12 11 12 11 11 11 11 11 11 11 11 11 11 11 11 11 11 11 11 11 11 11 11
543_1_1 3 7 6 6 5 0 4 2 3 3 3 2 3 3 3 1 27 12 13 13 14 13 13 13 13 13 13 13 13 13 13 13 13 13 13 13 12 14 13 13 13 13 13 13 13 13 13 13 13 13 14 12 13 13 13 13 13 13 13 13 13 13 13 13 13 13 13 14 13 13 12
545_0_3 4 5 4 6 8 1 3 1 4 4 2 2 3 3 2 2 27 12 13 13 13 13 13 13 13 13 13 13 13 13 13 13 13 13 13 13 13 14 12 13 13 13 14 13 13 14 13 13 13 12 14 13 13 13 13 13 13 13 13 13 13 13 13 13 13 13 13 13 13 13 12
545_1_5 4 5 4 8 6 1 3 2 2 3 5 2 2 2 2 3 27 12 13 13 13 13 13 13 13 13 13 13 13 13 13 13 13 13 13 13 13 14 12 13 13 13 14 13 13 14 13 13 13 12 14 13 13 13 13 13 13 13 13 13 13 13 13 13 13 13 13 13 13 13 12
546_1_3 3 7 6 6 5 1 2 2 5 2 2 4 2 3 2 2 27 12 13 13 13 13 13 13 13 14 13 13 13 13 14 12 13 13 13 13 13 13 13 13 13 13 13 13 13 13 13 13 13 13 13 13 13 13 13 13 12 14 13 13 13 13 14 13 13 13 13 13 13 13 12
548_1_1 3 7 6 6 5 1 2 2 1 5 3 2 2 4 2 3 27 12 13 13 13 13 13 13 13 13 12 14 13 13 13 13 13 13 13 13 13 13 13 13 13 13 14 13 13 14 13 13 13 13 13 13 13 13 13 13 13 13 13 13 14 12 13 13 13 13 13 13 13 13 12
550_1_1 3 7 6 6 5 1 1 4 1 3 3 2 3 3 4 2 27 12 13 13 13 13 13 13 13 13 13 13 13 13 13 13 13 13 13 14 13 13 13 13 13 12 14 13 13 14 12 13 13 13 13 13 14 13 13 13 13 13 13 13 13 13 13 13 13 13 13 13 13 13 12
551_1_3 3 8 6 5 5 1 3 1 3 4 4 1 3 2 3 2 27 12 13 13 13 13 13 13 13 13 13 13 13 13 13 13 13 13 13 12 14 13 13 13 13 13 14 13 13 14 13 13 13 13 13 14 12 13 13 13 13 13 13 13 13 13 13 13 13 13 13 13 13 13 12
552_1_3 4 4 8 5 6 1 2 2 5 2 2 4 2 3 2 2 27 12 14 13 13 13 13 13 13 13 13 13 13 13 13 12 13 13 13 13 13 13 13 13 13 14 13 13 13 13 14 13 13 13 13 13 13 13 13 13 12 13 13 13 13 13 13 13 13 13 13 13 13 14 12
553_0_7 3 5 6 6 7 1 2 4 3 1 4 2 4 2 2 2 27 12 13 13 13 13 13 13 13 14 12 13 13 13 13 13 14 13 13 13 13 13 13 13 13 13 13 13 13 13 13 13 13 13 13 13 13 13 13 14 13 13 13 13 13 12 14 13 13 13 13 13 13 13 12
553_1_7 3 7 6 6 5 1 2 4 3 1 4 2 4 2 2 2 27 12 13 13 13 13 13 13 13 14 12 13 13 13 13 13 14 13 13 13 13 13 13 13 13 13 13 13 13 13 13 13 13 13 13 13 13 13 13 14 13 13 13 13 13 12 14 13 13 13 13 13 13 13 12
555_1_1 3 7 6 6 5 1 1 5 2 4 3 2 2 2 3 2 27 12 13 13 13 13 13 13 13 13 13 14 13 13 13 13 13 13 13 13 13 13 13 13 14 12 13 13 13 13 12 14 13 13 13 13 13 13 13 13 13 13 13 13 14 13 13 13 13 13 13 13 13 13 12
556_1_3 3 8 6 5 5 1 3 2 2 2 3 1 3 5 2 3 27 12 13 13 13 13 13 13 13 13 13 13 12 14 13 14 13 13 13 13 13 13 13 13 13 13 13 13 13 13 13 13 13 13 13 13 13 13 13 13 14 13 14 12 13 13 13 13 13 13 13 13 13 13 12
558_0_3 3 4 6 5 7 1 1 4 2 3 1 3 4 2 2 2 25 11 11 11 11 11 11 11 11 11 11 11 11 11 11 11 12 11 12 11 11 11 11 11 11 11 11 12 12 11 11 11 11 11 11 11 11 12 11 12 11 11 11 11 11 11 11 11 11 11 11 11 11 11 11
558_2_3 3 7 5 6 4 1 1 4 2 3 1 3 4 2 2 2 25 11 11 11 11 11 11 11 11 11 11 11 11 11 11 11 12 11 12 11 11 11 11 11 11 11 11 12 12 11 11 11 11 11 11 11 11 12 11 12 11 11 11 11 11 11 11 11 11 11 11 11 11 11 11
559_1_1 4 4 8 5 6 1 1 4 1 3 3 2 3 3 4 2 27 12 13 13 13 13 13 13 13 13 13 13 13 13 13 13 12 14 13 13 13 13 13 13 13 13 14 13 13 14 13 13 13 13 13 13 13 13 14 12 13 13 13 13 13 13 13 13 13 13 13 13 13 13 12
560_1_1 3 7 5 7 5 1 1 4 3 3 2 3 3 3 1 3 27 12 13 13 13 13 13 13 14 13 13 12 14 13 13 13 13 13 13 13 13 13 13 13 13 13 13 13 13 13 13 13 13 13 13 13 13 13 13 13 13 13 13 14 12 13 13 14 13 13 13 13 13 13 12
561_0_3 3 6 5 7 6 1 3 1 4 4 2 2 3 3 2 2 27 13 13 13 13 12 13 13 13 13 13 13 13 13 13 13 13 14 14 13 13 13 12 13 13 13 13 13 13 13 13 13 13 12 13 13 13 14 14 13 13 13 13 13 13 13 13 13 13 13 12 13 13 13 13
561_1_5 3 6 7 5 6 1 3 2 2 3 5 2 2 2 2 3 27 13 13 13 13 12 13 13 13 13 13 13 13 13 13 13 13 14 14 13 13 13 12 13 13 13 13 13 13 13 13 13 13 12 13 13 13 14 14 13 13 13 13 13 13 13 13 13 13 13 12 13 13 13 13
563_0_3 3 5 6 6 7 1 2 1 4 3 3 3 3 1 3 3 27 13 13 13 13 12 13 13 13 13 13 13 13 13 13 13 13 13 13 13 13 13 12 13 14 13 13 14 14 13 13 14 13 12 13 13 13 13 13 13 13 13 13 13 13 13 13 13 13 13 12 13 13 13 13
563_1_5 3 7 6 6 5 1 2 3 2 2 3 3 2 5 2 2 27 13 13 13 13 12 13 13 13 13 13 13 13 13 13 13 13 13 13 13 13 13 12 13 14 13 13 14 14 13 13 14 13 12 13 13 13 13 13 13 13 13 13 13 13 13 13 13 13 13 12 13 13 13 13
564_3_1 3 6 7 4 5 0 3 2 2 4 4 2 1 2 2 3 25 11 11 11 11 11 11 11 11 11 11 11 11 11 11 11 11 11 11 11 11 12 12 11 11 11 12 11 11 12 11 11 11 12 12 11 11 11 11 11 11 11 11 11 11 11 11 11 11 11 11 11 11 11 11
565_1_3 3 6 7 5 6 1 2 4 2 4 3 2 2 1 4 2 27 12 13 13 13 13 13 14 13 13 13 13 13 13 13 13 13 13 13 14 12 13 13 13 13 13 13 13 13 13 13 13 13 13 13 12 14 13 13 13 13 13 13 13 13 13 13 13 14 13 13 13 13 13 12
567_0_3 3 5 6 6 7 1 2 1 4 2 4 3 2 2 4 2 27 12 13 13 13 13 13 13 13 14 13 13 13 13 13 13 13 13 13 13 13 13 13 13 14 12 13 13 13 13 12 14 13 13 13 13 13 13 13 13 13 13 13 13 13 13 14 13 13 13 13 13 13 13 12
568_0_3 4 4 6 5 8 1 3 1 4 4 2 2 3 3 2 2 27 12 13 13 13 13 13 13 13 13 13 12 14 13 13 13 13 13 13 13 13 13 13 13 13 13 14 13 13 14 13 13 13 13 13 13 13 13 13 13 13 13 13 14 12 13 13 13 13 13 13 13 13 13 12
568_1_5 4 4 8 5 6 1 3 2 2 3 5 2 2 2 2 3 27 12 13 13 13 13 13 13 13 13 13 12 14 13 13 13 13 13 13 13 13 13 13 13 13 13 14 13 13 14 13 13 13 13 13 13 13 13 13 13 13 13 13 14 12 13 13 13 13 13 13 13 13 13 12
570_0_3 3 5 5 6 8 1 2 3 4 3 2 2 4 1 3 2 27 12 13 13 13 13 13 13 13 13 14 12 13 13 13 13 14 13 13 13 13 13 13 13 13 13 13 13 13 13 13 13 13 13 13 13 13 13 13 14 13 13 13 13 12 14 13 13 13 13 13 13 13 13 12
570_1_5 3 8 6 5 5 1 3 1 3 4 3 3 1 3 3 2 27 12 13 13 13 13 13 13 13 13 14 12 13 13 13 13 14 13 13 13 13 13 13 13 13 13 13 13 13 13 13 13 13 13 13 13 13 13 13 14 13 13 13 13 12 14 13 13 13 13 13 13 13 13 12
571_1_1 3 6 5 8 5 1 2 3 1 4 2 2 3 4 3 2 27 12 13 13 13 14 13 13 13 13 13 13 13 13 13 13 13 13 13 13 13 14 12 13 13 13 13 13 13 13 13 13 13 12 14 13 13 13 13 13 13 13 13 13 13 13 13 13 13 13 14 13 13 13 12
572_0_3 3 6 5 7 6 1 3 1 3 2 4 4 2 1 3 3 27 12 13 13 13 13 13 14 13 13 13 13 13 13 13 13 13 13 13 13 13 13 13 13 13 12 14 13 13 14 12 13 13 13 13 13 13 13 13 13 13 13 13 13 13 13 13 13 14 13 13 13 13 13 12
573_1_1 4 5 4 8 6 1 2 2 1 5 3 2 2 4 2 3 27 12 13 13 13 13 13 13 13 13 13 14 12 13 13 13 13 13 13 13 13 13 13 13 13 13 14 13 13 14 13 13 13 13 13 13 13 13 13 13 13 13 13 12 14 13 13 13 13 13 13 13 13 13 12
575_0_3 3 5 6 6 7 1 2 3 2 2 2 2 2 3 3 5 27 13 13 13 13 12 13 13 13 13 13 12 13 13 13 13 14 13 13 14 13 13 13 13 13 13 13 13 13 13 13 13 13 13 13 13 14 13 13 14 13 13 13 13 12 13 13 13 13 13 12 13 13 13 13
575_1_5 3 7 6 6 5 1 5 3 3 2 2 2 2 2 3 2 27 13 13 13 13 12 13 13 13 13 13 12 13 13 13 13 14 13 13 14 13 13 13 13 13 13 13 13 13 13 13 13 13 13 13 13 14 13 13 14 13 13 13 13 12 13 13 13 13 13 12 13 13 13 13
576_1_3 3 8 6 5 5 1 2 2 5 2 2 4 2 3 2 2 27 12 13 13 13 13 13 13 13 14 13 13 13 13 13 13 13 13 13 13 13 13 13 13 13 14 12 13 13 12 14 13 13 13 13 13 13 13 13 13 13 13 13 13 13 13 14 13 13 13 13 13 13 13 12
577_1_1 3 7 5 7 5 1 2 3 1 4 2 2 3 4 3 2 27 12 13 13 13 13 13 13 13 13 13 12 14 13 13 13 13 14 13 13 13 13 13 13 13 13 13 13 13 13 13 13 13 13 13 13 13 13 14 13 13 13 13 14 12 13 13 13 13 13 13 13 13 13 12
578_0_3 3 5 5 6 8 1 2 3 2 2 2 2 2 3 3 5 27 12 13 13 13 13 13 13 13 13 14 12 13 13 14 13 13 13 13 13 13 13 13 13 13 13 13 13 13 13 13 13 13 13 13 13 13 13 13 13 13 14 13 13 12 14 13 13 13 13 13 13 13 13 12
578_1_5 3 8 6 5 5 1 5 3 3 2 2 2 2 2 3 2 27 12 13 13 13 13 13 13 13 13 14 12 13 13 14 13 13 13 13 13 13 13 13 13 13 13 13 13 13 13 13 13 13 13 13 13 13 13 13 13 13 14 13 13 12 14 13 13 13 13 13 13 13 13 12
580_0_3 3 5 6 6 7 1 3 1 3 3 4 3 2 1 4 2 27 12 13 13 13 13 14 13 13 13 13 13 13 13 14 12 13 13 13 13 13 13 13 13 13 13 13 13 13 13 13 13 13 13 13 13 13 13 13 13 12 14 13 13 13 13 13 13 13 14 13 13 13 13 12
581_0_3 3 5 5 6 8 0 3 2 4 2 2 4 2 3 3 2 27 12 13 13 13 14 13 13 13 13 13 13 12 14 13 13 13 13 13 13 13 13 13 13 13 13 13 13 13 13 13 13 13 13 13 13 13 13 13 13 13 13 14 12 13 13 13 13 13 13 14 13 13 13 12
581_1_3 3 8 6 5 5 0 3 2 4 2 2 4 2 3 3 2 27 12 13 13 13 14 13 13 13 13 13 13 12 14 13 13 13 13 13 13 13 13 13 13 13 13 13 13 13 13 13 13 13 13 13 13 13 13 13 13 13 13 14 12 13 13 13 13 13 13 14 13 13 13 12
582_0_3 3 4 6 5 7 1 2 1 2 4 4 1 3 2 3 2 25 11 11 11 11 11 11 11 11 11 11 11 11 11 11 11 11 11 11 11 11 12 11 12 11 11 11 12 12 11 11 11 12 11 12 11 11 11 11 11 11 11 11 11 11 11 11 11 11 11 11 11 11 11 11
582_2_3 3 7 5 6 4 1 2 1 2 4 4 1 3 2 3 2 25 11 11 11 11 11 11 11 11 11 11 11 11 11 11 11 11 11 11 11 11 12 11 12 11 11 11 12 12 11 11 11 12 11 12 11 11 11 11 11 11 11 11 11 11 11 11 11 11 11 11 11 11 11 11
583_0_3 3 5 5 6 8 1 3 1 3 3 4 3 2 1 4 2 27 12 13 13 12 14 13 13 13 13 13 13 13 13 13 13 13 13 13 14 13 13 13 13 13 13 13 13 13 13 13 13 13 13 13 13 14 13 13 13 13 13 13 13 13 13 13 13 13 13 14 12 13 13 12
584_0_3 3 5 6 6 7 1 2 2 3 4 4 1 2 4 1 3 27 12 13 13 13 13 13 13 13 13 13 14 13 13 13 12 14 13 13 13 13 13 13 13 13 13 13 13 13 13 13 13 13 13 13 13 13 13 13 14 12 13 13 13 14 13 13 13 13 13 13 13 13 13 12
584_1_3 3 7 6 6 5 1 2 2 3 4 4 1 2 4 1 3 27 12 13 13 13 13 13 13 13 13 13 14 13 13 13 12 14 13 13 13 13 13 13 13 13 13 13 13 13 13 13 13 13 13 13 13 13 13 13 14 12 13 13 13 14 13 13 13 13 13 13 13 13 13 12
585_1_1 3 7 6 6 5 1 1 3 3 3 2 3 4 1 4 2 27 12 13 13 14 12 13 13 13 13 13 13 13 13 13 13 13 13 13 14 13 13 13 13 13 13 13 13 13 13 13 13 13 13 13 13 14 13 13 13 13 13 13 13 13 13 13 13 13 13 12 14 13 13 12
586_1_1 3 8 6 5 5 1 1 4 3 3 3 3 1 3 2 3 27 12 13 13 13 13 13 13 13 13 13 13 13 13 13 14 13 13 13 13 13 13 12 14 13 13 13 13 13 13 13 13 14 12 13 13 13 13 13 13 14 13 13 13 13 13 13 13 13 13 13 13 13 13 12
587_1_1 3 5 4 6 7 0 2 4 2 2 3 3 2 4 1 2 25 11 11 11 11 11 11 11 11 11 11 11 11 11 11 11 11 11 11 11 11 11 12 11 12 11 11 12 12 11 11 12 11 12 11 11 11 11 11 11 11 11 11 11 11 11 11 11 11 11 11 11 11 11 11
588_0_3 3 5 6 6 7 1 2 1 4 3 3 3 3 1 3 3 27 13 13 13 13 12 13 13 13 13 13 12 13 13 13 13 14 13 13 13 13 13 13 13 14 13 13 13 13 13 13 14 13 13 13 13 13 13 13 14 13 13 13 13 12 13 13 13 13 13 12 13 13 13 13
588_1_5 3 7 6 6 5 1 2 3 2 2 3 3 2 5 2 2 27 13 13 13 13 12 13 13 13 13 13 12 13 13 13 13 14 13 13 13 13 13 13 13 14 13 13 13 13 13 13 14 13 13 13 13 13 13 13 14 13 13 13 13 12 13 13 13 13 13 12 13 13 13 13
589_1_3 3 8 6 5 5 1 4 2 1 4 3 4 2 2 2 2 27 12 13 13 13 13 13 12 14 13 13 13 13 13 13 13 13 13 13 13 13 13 13 13 13 14 13 13 13 13 14 13 13 13 13 13 13 13 13 13 13 13 13 13 13 13 13 14 12 13 13 13 13 13 12
590_1_3 3 8 6 5 5 1 2 1 4 2 4 3 2 2 4 2 27 12 13 13 13 13 13 13 13 13 13 13 13 13 13 13 13 13 13 12 14 13 13 13 14 13 13 13 13 13 13 14 13 13 13 14 12 13 13 13 13 13 13 13 13 13 13 13 13 13 13 13 13 13 12
591_1_3 3 8 6 5 5 1 3 2 2 2 3 1 3 5 2 3 27 12 13 13 13 13 13 13 13 13 13 13 13 13 13 13 13 13 13 13 14 12 13 13 13 13 14 13 13 14 13 13 13 13 12 14 13 13 13 13 13 13 13 13 13 13 13 13 13 13 13 13 13 13 12
592_1_3 3 8 6 5 5 1 4 2 2 2 2 1 4 3 4 2 27 12 13 13 12 14 13 13 13 13 13 13 13 13 13 13 14 13 13 13 13 13 13 13 13 13 13 13 13 13 13 13 13 13 13 13 13 13 13 14 13 13 13 13 13 13 13 13 13 13 14 12 13 13 12
593_1_1 4 5 4 8 6 1 1 4 3 3 3 3 1 3 2 3 27 12 13 13 14 13 13 13 13 13 13 13 13 13 13 13 13 13 13 13 13 14 12 13 13 13 13 13 13 13 13 13 13 12 14 13 13 13 13 13 13 13 13 13 13 13 13 13 13 13 13 14 13 13 12
594_0_3 3 5 5 6 8 1 3 1 4 4 2 2 3 3 2 2 27 12 13 13 13 13 13 13 13 13 14 12 13 13 13 13 13 13 13 13 13 13 13 13 13 13 14 13 13 14 13 13 13 13 13 13 13 13 13 13 13 13 13 13 12 14 13 13 13 13 13 13 13 13 12
594_1_5 3 8 6 5 5 1 3 2 2 3 5 2 2 2 2 3 27 12 13 13 13 13 13 13 13 13 14 12 13 13 13 13 13 13 13 13 13 13 13 13 13 13 14 13 13 14 13 13 13 13 13 13 13 13 13 13 13 13 13 13 12 14 13 13 13 13 13 13 13 13 12
595_1_3 3 7 6 6 5 1 2 3 5 1 3 3 2 3 2 2 27 12 13 13 14 13 13 13 13 13 13 13 13 13 13 12 14 13 13 13 13 13 13 13 13 13 13 13 13 13 13 13 13 13 13 13 13 13 13 14 12 13 13 13 13 13 13 13 13 13 13 14 13 13 12
596_1_3 3 7 6 6 5 1 2 4 2 4 3 2 2 1 4 2 27 12 13 13 13 13 13 13 13 13 13 13 13 13 13 13 13 13 13 14 12 13 13 13 13 13 14 13 13 14 13 13 13 13 13 12 14 13 13 13 13 13 13 13 13 13 13 13 13 13 13 13 13 13 12
597_1_1 3 6 5 8 5 1 1 4 3 3 2 3 3 3 1 3 27 12 13 13 13 13 13 13 13 13 13 13 13 13 13 13 13 13 13 13 13 14 12 13 13 14 13 13 13 13 14 13 13 12 14 13 13 13 13 13 13 13 13 13 13 13 13 13 13 13 13 13 13 13 12
598_0_3 3 6 5 7 6 1 3 2 2 2 3 1 3 5 2 3 27 12 14 13 14 13 13 13 13 13 12 13 13 13 13 13 13 13 13 13 13 13 13 13 13 13 13 13 13 13 13 13 13 13 13 13 13 13 13 13 13 13 13 13 13 12 13 13 13 13 13 14 13 14 12
599_1_1 3 7 6 6 5 0 4 2 3 3 3 2 3 3 3 1 27 12 13 13 13 13 13 13 13 13 13 13 13 13 13 13 13 13 13 13 12 14 13 13 13 13 14 13 13 14 13 13 13 13 14 12 13 13 13 13 13 13 13 13 13 13 13 13 13 13 13 13 13 13 12
600_1_1 3 6 7 5 6 1 1 4 2 3 2 3 4 2 3 2 27 13 13 13 13 12 13 13 13 13 13 12 13 14 13 13 14 13 13 13 13 13 13 13 13 13 13 13 13 13 13 13 13 13 13 13 13 13 13 14 13 13 14 13 12 13 13 13 13 13 12 13 13 13 13
601_0_3 4 4 6 5 8 1 2 3 2 2 2 2 2 3 3 5 27 12 13 13 13 13 13 13 13 13 13 12 14 13 13 13 13 13 13 14 13 13 13 13 13 13 13 13 13 13 13 13 13 13 13 13 14 13 13 13 13 13 13 14 12 13 13 13 13 13 13 13 13 13 12
601_1_5 4 4 8 5 6 1 5 3 3 2 2 2 2 2 3 2 27 12 13 13 13 13 13 13 13 13 13 12 14 13 13 13 13 13 13 14 13 13 13 13 13 13 13 13 13 13 13 13 13 13 13 13 14 13 13 13 13 13 13 14 12 13 13 13 13 13 13 13 13 13 12
602_1_3 3 7 6 6 5 1 4 2 1 4 3 4 2 2 2 2 27 12 13 13 13 13 13 13 13 13 13 13 13 13 14 12 13 13 13 14 13 13 13 13 13 13 13 13 13 13 13 13 13 13 13 13 14 13 13 13 12 14 13 13 13 13 13 13 13 13 13 13 13 13 12
604_1_1 4 4 8 5 6 1 2 2 1 5 3 2 2 4 2 3 27 12 13 13 13 13 13 13 13 13 13 13 13 13 13 13 13 13 13 13 13 12 14 13 13 13 14 13 13 14 13 13 13 14 12 13 13 13 13 13 13 13 13 13 13 13 13 13 13 13 13 13 13 13 12
605_3_1 3 7 6 4 5 1 2 1 4 4 1 3 2 3 2 2 25 11 11 11 11 11 11 11 11 11 11 11 11 11 11 11 11 12 11 11 11 11 11 11 12 11 11 12 12 11 11 12 11 11 11 11 11 11 12 11 11 11 11 11 11 11 11 11 11 11 11 11 11 11 11
606_1_3 3 6 7 5 6 1 2 5 2 4 2 2 2 2 3 2 27 12 13 13 13 13 13 13 13 13 13 13 13 13 13 13 13 14 13 13 13 13 13 13 14 12 13 13 13 13 12 14 13 13 13 13 13 13 14 13 13 13 13 13 13 13 13 13 13 13 13 13 13 13 12
608_1_1 4 5 4 8 6 1 1 4 1 3 3 2 3 3 4 2 27 12 13 12 14 13 13 13 13 13 13 13 13 13 13 13 13 13 13 14 13 13 13 13 13 13 13 13 13 13 13 13 13 13 13 13 14 13 13 13 13 13 13 13 13 13 13 13 13 13 13 14 12 13 12
609_0_7 3 5 6 6 7 1 2 3 3 1 2 5 2 4 2 2 27 12 13 13 13 13 13 13 13 13 13 14 13 13 13 13 13 13 13 13 13 13 13 13 13 12 14 13 13 14 12 13 13 13 13 13 13 13 13 13 13 13 13 13 14 13 13 13 13 13 13 13 13 13 12
609_1_7 3 7 6 6 5 1 2 3 3 1 2 5 2 4 2 2 27 12 13 13 13 13 13 13 13 13 13 14 13 13 13 13 13 13 13 13 13 13 13 13 13 12 14 13 13 14 12 13 13 13 13 13 13 13 13 13 13 13 13 13 14 13 13 13 13 13 13 13 13 13 12
611_0_3 3 5 6 6 7 1 4 2 2 2 2 1 4 3 4 2 27 12 13 13 13 13 14 13 13 13 13 13 13 13 13 12 14 13 13 13 13 13 13 13 13 13 13 13 13 13 13 13 13 13 13 13 13 13 13 14 12 13 13 13 13 13 13 13 13 14 13 13 13 13 12
612_1_1 3 7 6 6 5 0 3 3 3 3 4 1 3 2 3 2 27 12 13 13 13 13 13 13 13 13 13 13 13 13 14 13 13 13 13 13 13 13 13 13 14 12 13 13 13 13 12 14 13 13 13 13 13 13 13 13 13 14 13 13 13 13 13 13 13 13 13 13 13 13 12
613_0_7 3 5 6 6 7 1 2 4 3 1 4 2 4 2 2 2 27 12 13 13 13 13 14 13 13 14 12 13 13 13 13 13 13 13 13 13 13 13 13 13 13 13 13 13 13 13 13 13 13 13 13 13 13 13 13 13 13 13 13 13 13 12 14 13 13 14 13 13 13 13 12
613_1_7 3 7 6 6 5 1 2 4 3 1 4 2 4 2 2 2 27 12 13 13 13 13 14 13 13 14 12 13 13 13 13 13 13 13 13 13 13 13 13 13 13 13 13 13 13 13 13 13 13 13 13 13 13 13 13 13 13 13 13 13 13 12 14 13 13 14 13 13 13 13 12
614_1_3 3 7 6 6 5 1 2 1 3 5 1 3 3 3 2 3 27 12 13 13 13 13 13 13 13 13 12 14 13 13 14 13 13 13 13 13 13 13 13 13 13 13 13 13 13 13 13 13 13 13 13 13 13 13 13 13 13 14 13 13 14 12 13 13 13 13 13 13 13 13 12
616_1_1 4 5 4 8 6 1 1 4 1 3 3 2 3 3 4 2 27 12 13 12 14 13 13 13 13 13 13 13 13 13 14 13 13 13 13 13 13 13 13 13 13 13 13 13 13 13 13 13 13 13 13 13 13 13 13 13 13 14 13 13 13 13 13 13 13 13 13 14 12 13 12
617_1_3 3 6 7 5 6 1 3 1 3 4 4 1 3 2 3 2 27 12 14 13 14 13 13 13 13 13 13 13 13 13 13 13 13 13 13 13 13 13 13 13 13 12 13 13 13 13 12 13 13 13 13 13 13 13 13 13 13 13 13 13 13 13 13 13 13 13 13 14 13 14 12
619_0_3 3 6 5 7 6 1 2 1 4 3 3 3 3 1 3 3 27 13 13 13 13 12 13 13 13 13 13 13 13 14 13 13 13 14 13 13 13 13 12 13 13 13 13 13 13 13 13 13 13 12 13 13 13 13 14 13 13 13 14 13 13 13 13 13 13 13 12 13 13 13 13
619_1_5 3 6 7 5 6 1 2 3 2 2 3 3 2 5 2 2 27 13 13 13 13 12 13 13 13 13 13 13 13 14 13 13 13 14 13 13 13 13 12 13 13 13 13 13 13 13 13 13 13 12 13 13 13 13 14 13 13 13 14 13 13 13 13 13 13 13 12 13 13 13 13
620_1_3 4 5 4 8 6 1 1 3 2 3 2 3 3 2 5 2 27 12 13 12 14 13 13 13 13 13 13 13 13 13 13 13 13 13 13 13 13 14 13 13 13 13 13 13 13 13 13 13 13 13 14 13 13 13 13 13 13 13 13 13 13 13 13 13 13 13 13 14 12 13 12
621_1_3 3 7 6 6 5 1 3 1 3 4 4 1 3 2 3 2 27 12 13 13 13 13 13 13 13 14 13 13 13 13 13 13 13 13 13 13 13 13 13 13 13 12 14 13 13 14 12 13 13 13 13 13 13 13 13 13 13 13 13 13 13 13 14 13 13 13 13 13 13 13 12
622_1_1 3 7 6 6 5 1 1 4 3 3 3 3 1 3 2 3 27 13 13 13 13 12 13 13 13 13 13 13 13 13 13 13 13 13 13 13 13 13 12 13 13 13 14 14 14 14 13 13 13 12 13 13 13 13 13 13 13 13 13 13 13 13 13 13 13 13 12 13 13 13 13
623_1_1 3 7 6 6 5 1 2 2 1 5 3 2 2 4 2 3 27 12 13 13 14 13 13 13 13 13 12 14 13 13 13 13 13 13 13 13 13 13 13 13 13 13 13 13 13 13 13 13 13 13 13 13 13 13 13 13 13 13 13 13 14 12 13 13 13 13 13 14 13 13 12
624_1_3 3 7 6 6 5 1 3 2 3 1 3 5 2 3 2 2 27 12 13 13 14 12 13 13 13 13 13 13 13 13 13 13 13 13 13 13 13 13 13 13 14 13 13 13 13 13 13 14 13 13 13 13 13 13 13 13 13 13 13 13 13 13 13 13 13 13 12 14 13 13 12
625_1_3 3 7 6 6 5 1 3 1 3 3 2 1 5 3 3 2 27 12 13 13 13 13 13 13 13 13 12 14 13 13 13 13 14 13 13 13 13 13 13 13 13 13 13 13 13 13 13 13 13 13 13 13 13 13 13 14 13 13 13 13 14 12 13 13 13 13 13 13 13 13 12
626_3_1 3 7 6 4 5 1 2 1 3 2 4 2 1 4 3 2 25 11 11 11 11 11 11 11 11 11 11 11 11 11 11 11 11 11 12 11 11 11 11 11 11 11 12 12 12 12 11 11 11 11 11 11 11 12 11 11 11 11 11 11 11 11 11 11 11 11 11 11 11 11 11
628_1_1 3 6 7 5 6 1 2 1 3 4 3 1 4 3 2 3 27 12 13 13 13 13 13 13 14 13 13 13 13 13 13 13 13 13 13 13 12 14 13 13 13 13 13 13 13 13 13 13 13 13 14 12 13 13 13 13 13 13 13 13 13 13 13 14 13 13 13 13 13 13 12
630_1_1 3 5 4 7 6 1 3 1 4 4 2 1 3 2 2 2 25 11 11 11 11 11 11 11 11 11 11 11 11 11 11 11 11 11 11 12 11 11 11 11 11 11 12 12 12 12 11 11 11 11 11 11 12 11 11 11 11 11 11 11 11 11 11 11 11 11 11 11 11 11 11
631_0_3 3 6 5 7 6 1 3 1 3 3 4 3 2 1 4 2 27 12 13 13 13 13 13 13 13 13 13 13 13 13 14 12 13 13 13 13 13 13 13 13 13 13 13 14 14 13 13 13 13 13 13 13 13 13 13 13 12 14 13 13 13 13 13 13 13 13 13 13 13 13 12
632_0_3 3 5 8 5 6 1 3 1 3 4 4 1 3 2 3 2 27 12 13 12 14 13 13 13 13 13 13 13 13 13 13 13 13 13 13 13 14 13 13 13 13 13 13 13 13 13 13 13 13 13 13 14 13 13 13 13 13 13 13 13 13 13 13 13 13 13 13 14 12 13 12
633_1_1 2 7 6 5 5 0 4 3 4 2 2 2 2 1 3 2 25 11 11 11 11 11 11 11 11 11 11 11 11 11 11 11 11 11 11 11 12 11 12 11 11 12 11 11 11 11 12 11 11 12 11 12 11 11 11 11 11 11 11 11 11 11 11 11 11 11 11 11 11 11 11
634_0_3 4 4 6 5 8 1 3 1 4 4 2 2 3 3 2 2 27 12 13 13 14 13 13 13 13 13 13 12 14 13 13 13 13 13 13 13 13 13 13 13 13 13 13 13 13 13 13 13 13 13 13 13 13 13 13 13 13 13 13 14 12 13 13 13 13 13 13 14 13 13 12
634_1_5 4 4 8 5 6 1 3 2 2 3 5 2 2 2 2 3 27 12 13 13 14 13 13 13 13 13 13 12 14 13 13 13 13 13 13 13 13 13 13 13 13 13 13 13 13 13 13 13 13 13 13 13 13 13 13 13 13 13 13 14 12 13 13 13 13 13 13 14 13 13 12
635_1_3 3 6 5 8 5 1 3 1 3 2 4 4 2 1 3 3 27 12 13 12 14 13 13 13 13 13 13 13 13 13 13 14 13 13 13 13 13 13 13 13 13 13 13 13 13 13 13 13 13 13 13 13 13 13 13 13 14 13 13 13 13 13 13 13 13 13 13 14 12 13 12
636_3_1 3 5 8 4 5 1 1 3 1 4 3 2 2 4 2 2 25 11 11 11 11 11 11 11 11 11 11 11 11 11 11 11 11 11 11 11 12 11 11 11 12 12 11 11 11 11 12 12 11 11 11 12 11 11 11 11 11 11 11 11 11 11 11 11 11 11 11 11 11 11 11
637_1_3 2 6 5 7 5 1 2 1 4 2 1 4 3 3 2 2 25 11 11 11 11 11 11 11 11 11 11 11 11 11 11 11 11 11 11 12 12 11 11 11 11 12 11 11 11 11 12 11 11 11 11 12 12 11 11 11 11 11 11 11 11 11 11 11 11 11 11 11 11 11 11
637_3_3 3 5 8 4 5 1 2 1 4 2 1 4 3 3 2 2 25 11 11 11 11 11 11 11 11 11 11 11 11 11 11 11 11 11 11 12 12 11 11 11 11 12 11 11 11 11 12 11 11 11 11 12 12 11 11 11 11 11 11 11 11 11 11 11 11 11 11 11 11 11 11
638_3_1 3 5 8 4 5 1 1 4 1 2 2 3 4 2 3 2 25 11 11 11 11 11 11 11 11 11 11 11 11 11 11 11 11 11 11 11 12 11 11 11 11 12 12 11 11 12 12 11 11 11 11 12 11 11 11 11 11 11 11 11 11 11 11 11 11 11 11 11 11 11 11
639_1_3 3 5 4 7 6 1 1 4 2 3 1 3 4 2 2 2 25 11 11 11 11 11 11 11 11 11 11 11 11 11 11 11 12 11 11 11 11 11 11 11 11 11 12 12 12 12 11 11 11 11 11 11 11 11 11 12 11 11 11 11 11 11 11 11 11 11 11 11 11 11 11
639_3_3 3 6 7 4 5 1 1 4 2 3 1 3 4 2 2 2 25 11 11 11 11 11 11 11 11 11 11 11 11 11 11 11 12 11 11 11 11 11 11 11 11 11 12 12 12 12 11 11 11 11 11 11 11 11 11 12 11 11 11 11 11 11 11 11 11 11 11 11 11 11 11
641_1_1 3 5 4 7 6 1 1 3 2 2 1 3 4 2 4 2 25 11 11 11 11 11 11 11 11 11 11 11 11 11 11 11 11 11 11 11 11 12 11 12 11 11 12 11 11 12 11 11 12 11 12 11 11 11 11 11 11 11 11 11 11 11 11 11 11 11 11 11 11 11 11
642_0_3 3 4 6 5 7 1 1 2 4 3 2 2 4 1 3 2 25 11 11 11 11 11 11 11 11 11 11 11 11 11 11 11 11 11 12 11 11 11 11 12 11 11 12 11 11 12 11 11 12 11 11 11 11 12 11 11 11 11 11 11 11 11 11 11 11 11 11 11 11 11 11
642_2_3 3 7 5 6 4 1 1 2 4 3 2 2 4 1 3 2 25 11 11 11 11 11 11 11 11 11 11 11 11 11 11 11 11 11 12 11 11 11 11 12 11 11 12 11 11 12 11 11 12 11 11 11 11 12 11 11 11 11 11 11 11 11 11 11 11 11 11 11 11 11 11
643_1_1 3 5 4 6 7 0 3 2 2 4 4 2 1 2 2 3 25 11 11 11 11 11 11 11 11 11 11 11 11 11 11 11 11 11 11 11 11 11 12 12 11 11 12 11 11 12 11 11 12 12 11 11 11 11 11 11 11 11 11 11 11 11 11 11 11 11 11 11 11 11 11
644_0_3 3 4 6 5 7 1 1 4 2 3 1 3 4 2 2 2 25 11 11 11 11 11 11 11 11 11 11 11 11 11 11 11 11 12 11 11 11 11 11 11 11 11 12 12 12 12 11 11 11 11 11 11 11 11 12 11 11 11 11 11 11 11 11 11 11 11 11 11 11 11 11
644_2_3 3 7 5 6 4 1 1 4 2 3 1 3 4 2 2 2 25 11 11 11 11 11 11 11 11 11 11 11 11 11 11 11 11 12 11 11 11 11 11 11 11 11 12 12 12 12 11 11 11 11 11 11 11 11 12 11 11 11 11 11 11 11 11 11 11 11 11 11 11 11 11
645_1_1 3 5 4 7 6 1 1 2 4 3 1 4 2 3 2 2 25 11 11 11 11 11 11 11 11 11 11 11 11 11 11 11 11 11 11 11 11 11 11 12 12 11 12 11 11 12 11 12 12 11 11 11 11 11 11 11 11 11 11 11 11 11 11 11 11 11 11 11 11 11 11
646_1_1 3 5 4 6 7 0 2 4 2 3 1 4 3 2 2 2 25 11 11 11 11 11 11 11 11 11 11 11 11 11 11 11 11 11 11 11 11 11 12 11 11 11 12 12 12 12 11 11 11 12 11 11 11 11 11 11 11 11 11 11 11 11 11 11 11 11 11 11 11 11 11
647_1_1 4 5 4 8 6 1 3 1 4 3 1 3 4 3 2 2 27 12 13 13 13 13 13 13 13 13 13 13 13 12 14 13 14 13 13 13 13 13 13 13 13 13 13 13 13 13 13 13 13 13 13 13 13 13 13 14 13 14 12 13 13 13 13 13 13 13 13 13 13 13 12
648_1_3 3 6 7 5 6 1 2 3 5 1 3 3 2 3 2 2 27 12 13 13 13 13 13 13 13 13 13 13 13 13 13 12 14 13 14 13 13 13 13 13 13 13 13 13 13 13 13 13 13 13 13 13 13 14 13 14 12 13 13 13 13 13 13 13 13 13 13 13 13 13 12
650_1_1 3 6 7 5 6 0 2 4 3 4 1 4 2 2 3 2 27 12 13 13 13 13 13 13 13 13 13 14 13 13 13 13 13 13 13 13 13 13 14 13 13 12 13 13 13 13 12 13 13 14 13 13 13 13 13 13 13 13 13 13 14 13 13 13 13 13 13 13 13 13 12
651_1_3 4 4 8 5 6 1 3 2 2 2 3 1 3 5 2 3 27 12 13 13 13 13 13 13 13 13 13 13 12 14 13 13 13 13 14 13 13 13 13 13 13 13 13 13 13 13 13 13 13 13 13 13 13 14 13 13 13 13 14 12 13 13 13 13 13 13 13 13 13 13 12
653_1_1 4 4 8 5 6 0 3 4 3 2 4 2 2 4 1 2 27 12 13 13 12 13 13 13 13 13 13 14 13 13 13 13 13 13 13 13 13 13 14 13 13 13 13 13 13 13 13 13 13 14 13 13 13 13 13 13 13 13 13 13 14 13 13 13 13 13 13 12 13 13 12
655_1_1 4 4 8 5 6 0 2 4 3 4 1 4 2 2 3 2 27 12 13 13 13 13 13 13 13 13 13 14 13 13 13 13 13 13 13 12 13 13 14 13 13 13 13 13 13 13 13 13 13 14 13 13 12 13 13 13 13 13 13 13 14 13 13 13 13 13 13 13 13 13 12
656_1_3 3 7 5 7 5 1 3 1 3 3 4 3 2 1 4 2 27 12 13 14 13 13 13 13 13 13 13 13 13 13 13 13 13 13 13 13 13 13 13 13 13 13 12 14 14 12 13 13 13 13 13 13 13 13 13 13 13 13 13 13 13 13 13 13 13 13 13 13 14 13 12
658_1_1 3 6 7 5 6 1 1 5 3 3 2 3 2 3 1 3 27 12 13 13 13 13 13 13 13 14 12 13 13 13 13 13 13 13 13 13 13 13 14 13 13 13 13 13 13 13 13 13 13 14 13 13 13 13 13 13 13 13 13 13 13 12 14 13 13 13 13 13 13 13 12
660_1_1 4 4 8 5 6 1 1 5 3 3 2 3 2 3 1 3 27 12 13 13 13 13 13 13 13 13 13 13 12 14 13 13 13 13 13 13 13 13 14 13 13 13 13 13 13 13 13 13 13 14 13 13 13 13 13 13 13 13 14 12 13 13 13 13 13 13 13 13 13 13 12
662_1_1 3 6 7 5 6 1 1 5 3 3 2 3 2 3 1 3 27 12 13 13 13 13 13 13 13 13 12 14 13 14 13 13 13 13 13 13 13 13 13 13 13 13 13 13 13 13 13 13 13 13 13 13 13 13 13 13 13 13 14 13 14 12 13 13 13 13 13 13 13 13 12
664_1_1 4 4 8 5 6 1 1 5 3 3 2 3 2 3 1 3 27 12 13 13 13 13 13 13 13 13 13 13 13 13 13 13 13 13 13 13 13 12 14 13 14 13 13 13 13 13 13 14 13 14 12 13 13 13 13 13 13 13 13 13 13 13 13 13 13 13 13 13 13 13 12
666_0_3 4 4 6 5 8 1 3 1 3 3 4 3 2 1 4 2 27 12 13 14 13 13 14 13 13 13 13 13 13 13 13 13 13 13 13 13 13 13 13 13 13 13 12 13 13 12 13 13 13 13 13 13 13 13 13 13 13 13 13 13 13 13 13 13 13 14 13 13 14 13 12
667_0_3 4 5 4 6 8 1 2 3 2 2 2 2 2 3 3 5 27 12 13 13 13 13 13 13 13 13 13 13 13 13 13 13 13 13 13 14 13 14 12 13 13 13 13 13 13 13 13 13 13 12 14 13 14 13 13 13 13 13 13 13 13 13 13 13 13 13 13 13 13 13 12
667_1_5 4 5 4 8 6 1 5 3 3 2 2 2 2 2 3 2 27 12 13 13 13 13 13 13 13 13 13 13 13 13 13 13 13 13 13 14 13 14 12 13 13 13 13 13 13 13 13 13 13 12 14 13 14 13 13 13 13 13 13 13 13 13 13 13 13 13 13 13 13 13 12
668_1_3 3 7 6 6 5 1 2 4 2 4 3 2 2 1 4 2 27 12 13 13 14 13 13 13 13 13 13 13 13 13 13 13 13 13 13 14 12 13 13 13 13 13 13 13 13 13 13 13 13 13 13 12 14 13 13 13 13 13 13 13 13 13 13 13 13 13 13 14 13 13 12
670_1_1 3 6 7 5 6 1 1 5 2 4 3 2 2 2 3 2 27 12 13 13 13 13 13 13 13 13 13 13 13 13 13 13 13 13 13 13 13 13 14 13 14 12 13 13 13 13 12 14 13 14 13 13 13 13 13 13 13 13 13 13 13 13 13 13 13 13 13 13 13 13 12
671_1_3 3 6 7 5 6 1 3 2 2 2 3 1 3 5 2 3 27 12 13 13 13 13 13 14 13 14 12 13 13 13 13 13 13 13 13 13 13 13 13 13 13 13 13 13 13 13 13 13 13 13 13 13 13 13 13 13 13 13 13 13 13 12 14 13 14 13 13 13 13 13 12
672_1_1 3 8 6 5 5 1 1 4 3 3 2 3 3 3 1 3 27 12 13 13 13 13 13 13 13 13 13 13 13 13 13 13 13 13 13 13 13 13 12 14 13 14 13 13 13 13 14 13 14 12 13 13 13 13 13 13 13 13 13 13 13 13 13 13 13 13 13 13 13 13 12
673_0_3 3 5 6 6 7 1 3 1 4 4 2 2 3 3 2 2 27 13 13 13 13 12 13 13 13 13 13 12 13 13 13 13 14 13 13 13 13 13 13 13 13 13 14 13 13 14 13 13 13 13 13 13 13 13 13 14 13 13 13 13 12 13 13 13 13 13 12 13 13 13 13
673_1_5 3 7 6 6 5 1 3 2 2 3 5 2 2 2 2 3 27 13 13 13 13 12 13 13 13 13 13 12 13 13 13 13 14 13 13 13 13 13 13 13 13 13 14 13 13 14 13 13 13 13 13 13 13 13 13 14 13 13 13 13 12 13 13 13 13 13 12 13 13 13 13
675_1_1 4 4 8 5 6 1 1 3 3 3 2 3 4 1 4 2 27 12 13 13 13 13 12 14 13 13 13 13 13 13 13 13 13 13 13 14 13 13 13 13 13 13 13 13 13 13 13 13 13 13 13 13 14 13 13 13 13 13 13 13 13 13 13 13 14 12 13 13 13 13 12
677_1_1 3 8 6 5 5 0 3 1 3 3 3 3 2 3 4 2 27 12 13 13 13 13 13 12 14 13 14 13 13 13 13 13 13 13 13 13 13 13 13 13 13 13 13 13 13 13 13 13 13 13 13 13 13 13 13 13 13 13 13 13 13 14 13 14 12 13 13 13 13 13 12
678_1_3 4 4 8 5 6 1 3 2 3 1 3 5 2 3 2 2 27 12 13 13 13 13 12 14 13 14 13 13 13 13 13 13 13 13 13 13 13 13 13 13 13 13 13 13 13 13 13 13 13 13 13 13 13 13 13 13 13 13 13 13 13 13 14 13 14 12 13 13 13 13 12
680_0_3 3 5 6 6 7 1 1 3 2 3 2 3 3 2 5 2 27 12 13 13 13 13 13 13 13 13 13 13 13 13 13 13 13 13 13 13 13 14 13 13 13 12 14 13 13 14 12 13 13 13 14 13 13 13 13 13 13 13 13 13 13 13 13 13 13 13 13 13 13 13 12
681_0_3 4 5 4 6 8 1 2 1 4 2 4 3 2 2 4 2 27 12 13 13 13 13 13 13 12 14 13 13 13 13 13 13 13 13 13 13 13 13 13 13 14 13 13 13 13 13 13 14 13 13 13 13 13 13 13 13 13 13 13 13 13 13 14 12 13 13 13 13 13 13 12
682_1_1 3 7 6 6 5 1 2 3 5 2 2 4 1 3 2 2 27 12 13 13 13 13 13 13 13 13 13 14 13 13 14 12 13 13 13 13 13 13 13 13 13 13 13 13 13 13 13 13 13 13 13 13 13 13 13 13 12 14 13 13 14 13 13 13 13 13 13 13 13 13 12
683_1_3 3 7 6 6 5 1 3 2 2 2 3 1 3 5 2 3 27 12 13 13 13 13 13 13 13 14 12 13 13 13 13 13 13 13 13 13 13 13 13 13 13 13 14 13 13 14 13 13 13 13 13 13 13 13 13 13 13 13 13 13 13 12 14 13 13 13 13 13 13 13 12
684_1_1 4 5 4 8 6 1 2 3 1 4 2 2 3 4 3 2 27 12 13 13 13 13 13 13 13 13 13 13 13 13 13 13 14 13 13 13 13 14 12 13 13 13 13 13 13 13 13 13 13 12 14 13 13 13 13 14 13 13 13 13 13 13 13 13 13 13 13 13 13 13 12
685_0_3 3 6 5 7 6 1 2 5 3 3 2 2 3 1 3 2 27 12 13 13 13 13 13 13 13 13 13 13 13 13 13 13 13 13 13 13 12 14 13 14 13 13 13 13 13 13 13 13 14 13 14 12 13 13 13 13 13 13 13 13 13 13 13 13 13 13 13 13 13 13 12
686_0_3 3 5 6 6 7 1 2 3 5 1 3 3 2 3 2 2 27 12 13 13 13 12 14 13 13 13 13 13 13 13 13 13 14 13 13 13 13 13 13 13 13 13 13 13 13 13 13 13 13 13 13 13 13 13 13 14 13 13 13 13 13 13 13 13 13 14 12 13 13 13 12
687_0_3 4 4 6 5 8 1 2 5 3 3 2 2 3 1 3 2 27 12 13 13 13 13 13 13 13 13 13 13 13 13 13 13 13 13 13 13 13 14 13 14 12 13 13 13 13 13 13 12 14 13 14 13 13 13 13 13 13 13 13 13 13 13 13 13 13 13 13 13 13 13 12
688_0_3 3 5 5 6 8 1 2 5 3 3 2 2 3 1 3 2 27 12 13 13 13 13 13 13 13 13 14 13 14 12 13 13 13 13 13 13 13 13 13 13 13 13 13 13 13 13 13 13 13 13 13 13 13 13 13 13 13 13 12 14 13 14 13 13 13 13 13 13 13 13 12
689_0_3 3 6 5 7 6 1 4 2 1 4 3 4 2 2 2 2 27 12 13 13 13 13 13 13 14 13 13 13 13 13 14 12 13 13 13 13 13 13 13 13 13 13 13 13 13 13 13 13 13 13 13 13 13 13 13 13 12 14 13 13 13 13 13 14 13 13 13 13 13 13 12
690_0_3 4 4 6 5 8 1 2 3 4 3 2 2 4 1 3 2 27 12 13 13 13 13 13 13 13 13 13 13 13 13 13 13 13 14 13 13 13 13 12 14 13 13 13 13 13 13 13 13 14 12 13 13 13 13 14 13 13 13 13 13 13 13 13 13 13 13 13 13 13 13 12
690_1_5 4 4 8 5 6 1 3 1 3 4 3 3 1 3 3 2 27 12 13 13 13 13 13 13 13 13 13 13 13 13 13 13 13 14 13 13 13 13 12 14 13 13 13 13 13 13 13 13 14 12 13 13 13 13 14 13 13 13 13 13 13 13 13 13 13 13 13 13 13 13 12
691_1_1 3 8 6 5 5 1 2 3 1 4 2 2 3 4 3 2 27 12 13 13 13 13 14 13 13 13 14 12 13 13 13 13 13 13 13 13 13 13 13 13 13 13 13 13 13 13 13 13 13 13 13 13 13 13 13 13 13 13 13 13 12 14 13 13 13 14 13 13 13 13 12
692_0_3 3 5 6 6 7 1 2 3 2 2 2 2 2 3 3 5 27 13 13 13 13 12 13 13 13 13 13 13 13 13 13 13 13 13 13 14 13 13 12 13 13 13 13 14 14 13 13 13 13 12 13 13 14 13 13 13 13 13 13 13 13 13 13 13 13 13 12 13 13 13 13
692_1_5 3 7 6 6 5 1 5 3 3 2 2 2 2 2 3 2 27 13 13 13 13 12 13 13 13 13 13 13 13 13 13 13 13 13 13 14 13 13 12 13 13 13 13 14 14 13 13 13 13 12 13 13 14 13 13 13 13 13 13 13 13 13 13 13 13 13 12 13 13 13 13
694_1_1 4 5 4 8 6 0 3 3 3 3 4 1 3 2 3 2 27 12 13 13 13 13 13 13 13 14 13 13 13 13 13 13 14 12 13 13 13 13 13 13 13 13 13 13 13 13 13 13 13 13 13 13 13 13 12 14 13 13 13 13 13 13 14 13 13 13 13 13 13 13 12
695_1_1 4 4 8 5 6 1 1 4 3 3 2 3 3 3 1 3 27 12 13 13 13 13 13 13 13 13 13 12 14 13 14 13 13 13 13 13 13 13 13 13 13 13 13 13 13 13 13 13 13 13 13 13 13 13 13 13 13 14 13 14 12 13 13 13 13 13 13 13 13 13 12
696_0_3 3 5 5 6 8 1 2 3 5 1 3 3 2 3 2 2 27 12 13 13 12 14 13 13 13 13 13 13 13 13 13 13 13 13 13 13 13 13 13 13 13 13 14 13 13 14 13 13 13 13 13 13 13 13 13 13 13 13 13 13 13 13 13 13 13 13 14 12 13 13 12
697_0_3 3 6 5 7 6 1 2 3 5 1 3 3 2 3 2 2 27 12 13 13 13 13 13 14 13 13 13 13 13 13 13 12 14 13 13 13 13 13 13 13 13 13 13 13 13 13 13 13 13 13 13 13 13 13 13 14 12 13 13 13 13 13 13 13 14 13 13 13 13 13 12
698_1_1 3 6 7 5 6 1 1 4 1 3 3 2 3 3 4 2 27 12 14 13 14 13 13 13 13 13 13 13 13 13 13 13 13 13 13 13 12 13 13 13 13 13 13 13 13 13 13 13 13 13 13 12 13 13 13 13 13 13 13 13 13 13 13 13 13 13 13 14 13 14 12
699_1_3 3 6 7 5 6 1 1 3 2 3 2 3 3 2 5 2 27 12 13 13 13 13 13 13 13 13 13 13 14 13 13 13 13 13 13 13 13 13 13 13 13 12 14 13 13 14 12 13 13 13 13 13 13 13 13 13 13 13 13 14 13 13 13 13 13 13 13 13 13 13 12
700_1_3 3 6 5 8 5 1 1 3 2 3 2 3 3 2 5 2 27 12 13 12 14 13 13 13 13 13 14 13 13 13 13 13 13 13 13 13 13 13 13 13 13 13 13 13 13 13 13 13 13 13 13 13 13 13 13 13 13 13 13 13 13 14 13 13 13 13 13 14 12 13 12
701_1_3 3 6 7 5 6 1 2 1 4 2 4 3 2 2 4 2 27 12 13 13 13 13 13 13 13 13 13 13 13 14 13 13 13 13 13 13 13 13 13 13 14 12 13 13 13 13 12 14 13 13 13 13 13 13 13 13 13 13 14 13 13 13 13 13 13 13 13 13 13 13 12
702_1_3 3 5 4 7 6 1 1 3 1 4 4 2 2 2 3 2 25 11 11 11 11 11 11 11 11 11 11 11 11 11 11 11 11 11 11 12 11 12 11 12 11 11 11 11 11 11 11 11 12 11 12 11 12 11 11 11 11 11 11 11 11 11 11 11 11 11 11 11 11 11 11
702_3_3 3 6 7 4 5 1 1 3 1 4 4 2 2 2 3 2 25 11 11 11 11 11 11 11 11 11 11 11 11 11 11 11 11 11 11 12 11 12 11 12 11 11 11 11 11 11 11 11 12 11 12 11 12 11 11 11 11 11 11 11 11 11 11 11 11 11 11 11 11 11 11
704_0_3 4 4 6 5 8 1 3 2 2 2 3 1 3 5 2 3 27 12 13 13 13 13 13 13 13 13 13 13 13 14 13 13 13 13 13 13 13 12 13 13 13 13 14 13 13 14 13 13 13 13 12 13 13 13 13 13 13 13 14 13 13 13 13 13 13 13 13 13 13 13 12
705_0_3 4 4 6 5 8 1 2 4 2 4 3 2 2 1 4 2 27 12 13 13 13 13 13 14 13 13 13 13 13 13 14 13 13 13 13 13 13 13 13 13 12 13 13 13 13 13 13 12 13 13 13 13 13 13 13 13 13 14 13 13 13 13 13 13 14 13 13 13 13 13 12
706_0_3 3 5 5 6 8 1 4 2 1 4 3 4 2 2 2 2 27 12 13 13 13 13 13 13 13 13 13 13 13 13 14 13 13 13 13 13 13 13 13 13 13 14 12 13 13 12 14 13 13 13 13 13 13 13 13 13 13 14 13 13 13 13 13 13 13 13 13 13 13 13 12
707_0_3 4 4 6 5 8 1 3 1 3 3 4 3 2 1 4 2 27 12 13 13 12 13 13 13 14 13 13 13 13 13 13 13 14 13 13 13 13 13 13 13 13 13 13 13 13 13 13 13 13 13 13 13 13 13 13 14 13 13 13 13 13 13 13 14 13 13 13 12 13 13 12
709_0_1 3 4 6 5 7 0 2 3 3 3 3 2 3 1 4 1 25 11 11 11 11 11 11 11 11 11 11 11 11 11 11 11 11 11 11 11 11 11 12 12 12 11 11 11 11 11 11 12 12 12 11 11 11 11 11 11 11 11 11 11 11 11 11 11 11 11 11 11 11 11 11
710_0_1 3 4 7 5 6 0 3 1 3 4 3 1 3 3 2 2 25 11 11 11 11 11 11 11 11 11 11 11 11 11 11 11 11 11 11 11 11 11 12 11 12 11 12 11 11 12 11 12 11 12 11 11 11 11 11 11 11 11 11 11 11 11 11 11 11 11 11 11 11 11 11
711_0_1 3 4 7 5 6 1 2 2 1 4 1 2 3 4 3 2 25 11 11 11 11 11 11 11 11 11 11 11 11 11 11 11 11 11 11 11 11 12 11 11 12 11 11 12 12 11 11 12 11 11 12 11 11 11 11 11 11 11 11 11 11 11 11 11 11 11 11 11 11 11 11
712_0_1 3 4 6 5 7 1 2 2 1 4 1 2 3 4 3 2 25 11 11 11 11 11 11 11 11 11 11 11 11 11 11 11 11 11 11 11 11 11 11 12 12 11 11 12 12 11 11 12 12 11 11 11 11 11 11 11 11 11 11 11 11 11 11 11 11 11 11 11 11 11 11
713_0_1 4 4 6 5 8 1 1 3 3 4 1 4 3 2 3 2 27 12 13 13 13 13 13 13 13 14 13 13 13 13 13 13 12 13 13 13 13 13 13 14 13 13 13 13 13 13 13 13 14 13 13 13 13 13 13 12 13 13 13 13 13 13 14 13 13 13 13 13 13 13 12
715_0_1 4 4 6 5 8 0 4 2 3 2 3 3 3 3 3 1 27 12 13 13 13 13 13 14 12 13 13 13 13 13 13 13 13 13 13 13 13 13 13 14 13 13 13 13 13 13 13 13 14 13 13 13 13 13 13 13 13 13 13 13 13 13 13 12 14 13 13 13 13 13 12
716_0_1 3 5 5 6 8 1 2 4 3 4 1 3 2 1 3 3 27 12 12 14 13 13 13 13 13 13 13 13 13 13 13 13 13 13 13 13 13 13 13 13 13 14 13 13 13 13 14 13 13 13 13 13 13 13 13 13 13 13 13 13 13 13 13 13 13 13 13 13 14 12 12
717_1_1 3 6 7 5 6 1 2 3 1 5 3 2 2 3 3 2 27 12 13 13 13 13 13 13 13 13 13 13 13 13 13 13 13 13 14 14 12 13 13 13 13 13 13 13 13 13 13 13 13 13 13 12 14 14 13 13 13 13 13 13 13 13 13 13 13 13 13 13 13 13 12
719_0_1 4 4 6 5 8 0 4 2 3 2 3 3 3 3 3 1 27 12 13 13 13 13 13 13 13 13 13 13 13 13 13 13 13 13 14 12 13 14 13 13 13 13 13 13 13 13 13 13 13 13 14 13 12 14 13 13 13 13 13 13 13 13 13 13 13 13 13 13 13 13 12
720_0_1 3 6 5 7 6 0 3 3 3 4 2 3 1 2 3 3 27 12 14 13 13 13 13 13 13 13 13 13 13 13 13 13 14 13 13 13 12 13 13 13 13 13 13 13 13 13 13 13 13 13 13 12 13 13 13 14 13 13 13 13 13 13 13 13 13 13 13 13 13 14 12
721_0_1 3 5 7 5 7 1 1 3 2 4 1 3 4 3 2 3 27 12 14 13 12 13 13 13 14 13 13 13 13 13 13 13 13 13 13 13 13 13 13 13 13 13 13 13 13 13 13 13 13 13 13 13 13 13 13 13 13 13 13 13 13 13 13 14 13 13 13 12 13 14 12
722_0_1 3 6 5 7 6 1 1 3 3 4 1 4 3 2 3 2 27 12 13 13 13 12 13 13 13 14 13 13 13 13 13 13 13 13 13 13 13 13 13 14 13 13 13 13 13 13 13 13 14 13 13 13 13 13 13 13 13 13 13 13 13 13 14 13 13 13 12 13 13 13 12
724_0_1 3 6 5 7 6 0 3 3 2 1 3 3 4 3 2 3 27 12 13 13 13 13 13 13 13 13 13 13 13 13 13 13 14 13 13 13 13 13 13 14 13 12 13 13 13 13 12 13 14 13 13 13 13 13 13 14 13 13 13 13 13 13 13 13 13 13 13 13 13 13 12
725_1_1 4 4 8 5 6 1 1 3 2 4 1 3 4 3 2 3 27 12 13 13 13 13 13 13 13 13 13 13 13 14 13 12 13 13 13 13 13 13 13 13 13 14 13 13 13 13 14 13 13 13 13 13 13 13 13 13 12 13 14 13 13 13 13 13 13 13 13 13 13 13 12
726_1_1 3 7 5 7 5 0 3 3 3 4 2 3 1 2 3 3 27 12 13 13 13 13 13 13 14 13 13 13 13 13 13 13 13 14 13 12 13 13 13 13 13 13 13 13 13 13 13 13 13 13 13 13 12 13 14 13 13 13 13 13 13 13 13 14 13 13 13 13 13 13 12
727_0_5 4 4 6 5 8 1 3 2 3 5 2 2 2 3 2 2 27 13 13 13 13 12 13 13 13 13 14 12 13 13 13 13 13 13 13 13 13 13 13 13 13 13 13 14 14 13 13 13 13 13 13 13 13 13 13 13 13 13 13 13 12 14 13 13 13 13 12 13 13 13 13
728_0_1 3 5 8 5 6 0 2 3 3 4 2 3 2 2 2 4 27 12 13 13 13 14 13 13 13 14 13 13 13 13 13 13 13 13 13 13 13 13 13 12 13 13 13 13 13 13 13 13 12 13 13 13 13 13 13 13 13 13 13 13 13 13 14 13 13 13 14 13 13 13 12
728_1_1 3 6 5 8 5 0 2 3 3 4 2 3 2 2 2 4 27 12 13 13 13 14 13 13 13 14 13 13 13 13 13 13 13 13 13 13 13 13 13 12 13 13 13 13 13 13 13 13 12 13 13 13 13 13 13 13 13 13 13 13 13 13 14 13 13 13 14 13 13 13 12
729_0_1 4 4 6 5 8 1 1 4 2 3 2 3 4 2 3 2 27 12 14 13 13 13 13 13 13 13 13 12 13 13 13 13 13 13 13 13 13 14 13 13 13 13 13 13 13 13 13 13 13 13 14 13 13 13 13 13 13 13 13 13 12 13 13 13 13 13 13 13 13 14 12
729_1_3 4 4 8 5 6 1 2 1 4 3 3 3 3 1 3 3 27 12 14 13 13 13 13 13 13 13 13 12 13 13 13 13 13 13 13 13 13 14 13 13 13 13 13 13 13 13 13 13 13 13 14 13 13 13 13 13 13 13 13 13 12 13 13 13 13 13 13 13 13 14 12
730_0_5 4 4 6 5 8 1 2 3 2 2 3 3 2 5 2 2 27 12 13 13 13 13 13 13 13 14 13 12 13 13 13 13 13 13 13 13 13 13 13 14 13 13 13 13 13 13 13 13 14 13 13 13 13 13 13 13 13 13 13 13 12 13 14 13 13 13 13 13 13 13 12
731_0_1 3 6 5 7 6 1 1 3 3 3 4 2 3 1 3 3 27 13 13 13 13 12 13 13 13 13 13 12 13 13 13 13 13 14 13 13 13 14 13 13 13 13 13 13 13 13 13 13 13 13 14 13 13 13 14 13 13 13 13 13 12 13 13 13 13 13 12 13 13 13 13
731_1_3 3 6 7 5 6 1 2 2 3 3 4 1 3 4 2 2 27 13 13 13 13 12 13 13 13 13 13 12 13 13 13 13 13 14 13 13 13 14 13 13 13 13 13 13 13 13 13 13 13 13 14 13 13 13 14 13 13 13 13 13 12 13 13 13 13 13 12 13 13 13 13
732_0_5 3 5 5 6 8 1 2 3 2 2 3 3 2 5 2 2 27 12 14 13 13 13 13 13 13 13 14 13 13 13 13 13 13 13 13 13 13 13 12 13 13 13 13 13 13 13 13 13 13 12 13 13 13 13 13 13 13 13 13 13 13 14 13 13 13 13 13 13 13 14 12
733_0_1 4 4 6 5 8 1 1 4 2 3 2 3 4 2 3 2 27 12 14 13 13 13 13 13 13 13 13 13 14 13 13 13 13 13 13 13 13 13 12 13 13 13 13 13 13 13 13 13 13 12 13 13 13 13 13 13 13 13 13 14 13 13 13 13 13 13 13 13 13 14 12
733_1_3 4 4 8 5 6 1 2 1 4 3 3 3 3 1 3 3 27 12 14 13 13 13 13 13 13 13 13 13 14 13 13 13 13 13 13 13 13 13 12 13 13 13 13 13 13 13 13 13 13 12 13 13 13 13 13 13 13 13 13 14 13 13 13 13 13 13 13 13 13 14 12
734_0_5 4 4 6 5 8 1 2 3 2 2 3 3 2 5 2 2 27 12 13 13 13 13 13 13 13 13 13 12 13 14 13 13 13 13 13 13 13 14 13 13 13 13 13 13 13 13 13 13 13 13 14 13 13 13 13 13 13 13 14 13 12 13 13 13 13 13 13 13 13 13 12
735_0_1 3 5 7 5 7 1 1 4 2 3 2 3 4 2 3 2 27 12 14 13 13 13 13 13 13 13 13 12 13 13 13 13 13 13 13 13 13 13 13 14 13 13 13 13 13 13 13 13 14 13 13 13 13 13 13 13 13 13 13 13 12 13 13 13 13 13 13 13 13 14 12
735_1_3 3 7 5 7 5 1 2 1 4 3 3 3 3 1 3 3 27 12 14 13 13 13 13 13 13 13 13 12 13 13 13 13 13 13 13 13 13 13 13 14 13 13 13 13 13 13 13 13 14 13 13 13 13 13 13 13 13 13 13 13 12 13 13 13 13 13 13 13 13 14 12
736_1_1 3 6 7 5 6 1 1 3 4 1 4 2 3 3 3 2 27 12 13 13 13 13 13 13 13 13 13 13 13 13 13 13 13 13 13 13 13 13 13 13 14 12 13 14 14 13 12 14 13 13 13 13 13 13 13 13 13 13 13 13 13 13 13 13 13 13 13 13 13 13 12
738_0_1 4 4 6 5 8 0 2 3 3 4 2 3 2 2 2 4 27 12 13 13 13 13 13 13 13 13 13 13 12 14 13 13 13 13 13 13 13 13 13 13 13 13 13 14 14 13 13 13 13 13 13 13 13 13 13 13 13 13 14 12 13 13 13 13 13 13 13 13 13 13 12
738_1_1 4 4 8 5 6 0 2 3 3 4 2 3 2 2 2 4 27 12 13 13 13 13 13 13 13 13 13 13 12 14 13 13 13 13 13 13 13 13 13 13 13 13 13 14 14 13 13 13 13 13 13 13 13 13 13 13 13 13 14 12 13 13 13 13 13 13 13 13 13 13 12
739_0_1 4 4 6 5 8 1 2 3 1 5 3 2 2 3 3 2 27 12 12 14 13 13 13 13 13 13 13 13 13 13 13 13 13 13 14 13 13 13 13 13 13 13 13 13 13 13 13 13 13 13 13 13 13 14 13 13 13 13 13 13 13 13 13 13 13 13 13 13 14 12 12
740_0_1 3 6 5 7 6 0 2 3 3 4 2 3 2 2 2 4 27 12 14 13 13 13 14 13 13 13 12 13 13 13 13 13 13 13 13 13 13 13 13 13 13 13 13 13 13 13 13 13 13 13 13 13 13 13 13 13 13 13 13 13 13 12 13 13 13 14 13 13 13 14 12
740_1_1 3 6 7 5 6 0 2 3 3 4 2 3 2 2 2 4 27 12 14 13 13 13 14 13 13 13 12 13 13 13 13 13 13 13 13 13 13 13 13 13 13 13 13 13 13 13 13 13 13 13 13 13 13 13 13 13 13 13 13 13 13 12 13 13 13 14 13 13 13 14 12
741_0_1 3 5 7 5 7 0 3 3 3 4 2 3 1 2 3 3 27 12 13 13 13 13 13 13 13 13 13 13 13 13 13 13 13 13 14 13 13 13 13 13 13 13 12 14 14 12 13 13 13 13 13 13 13 14 13 13 13 13 13 13 13 13 13 13 13 13 13 13 13 13 12
742_0_1 3 6 5 7 6 0 2 3 3 4 2 3 2 2 2 4 27 12 13 13 13 13 13 13 13 14 12 13 13 13 13 13 13 13 13 13 13 13 13 13 13 13 13 14 14 13 13 13 13 13 13 13 13 13 13 13 13 13 13 13 13 12 14 13 13 13 13 13 13 13 12
742_1_1 3 6 7 5 6 0 2 3 3 4 2 3 2 2 2 4 27 12 13 13 13 13 13 13 13 14 12 13 13 13 13 13 13 13 13 13 13 13 13 13 13 13 13 14 14 13 13 13 13 13 13 13 13 13 13 13 13 13 13 13 13 12 14 13 13 13 13 13 13 13 12
743_0_1 3 5 6 6 7 1 2 2 3 2 5 3 1 3 2 3 27 13 13 13 13 12 13 13 13 13 12 13 13 13 13 14 13 13 13 13 13 13 13 13 14 13 13 13 13 13 13 14 13 13 13 13 13 13 13 13 14 13 13 13 13 12 13 13 13 13 12 13 13 13 13
744_0_1 3 5 6 6 7 1 3 2 1 3 2 3 1 3 4 4 27 13 13 13 13 12 13 13 13 13 12 13 13 13 13 14 13 13 13 13 13 13 13 13 13 13 14 13 13 14 13 13 13 13 13 13 13 13 13 13 14 13 13 13 13 12 13 13 13 13 12 13 13 13 13
746_0_1 3 5 6 6 7 1 1 3 3 3 2 3 4 1 4 2 27 13 13 13 13 12 13 13 13 13 12 13 13 13 13 14 13 13 13 14 13 13 13 13 13 13 13 13 13 13 13 13 13 13 13 13 14 13 13 13 14 13 13 13 13 12 13 13 13 13 12 13 13 13 13
747_1_1 3 6 7 5 6 1 1 3 2 4 1 3 4 3 2 3 27 12 14 13 13 13 13 13 13 13 13 13 13 13 13 12 13 13 13 14 13 13 13 13 13 13 13 13 13 13 13 13 13 13 13 13 14 13 13 13 12 13 13 13 13 13 13 13 13 13 13 13 13 14 12
748_1_1 3 6 5 8 5 1 1 3 2 4 1 3 4 3 2 3 27 12 13 13 13 13 13 13 13 13 13 13 13 13 13 13 13 13 12 14 14 13 13 13 13 13 13 13 13 13 13 13 13 13 13 14 14 12 13 13 13 13 13 13 13 13 13 13 13 13 13 13 13 13 12
750_0_1 4 4 6 5 8 1 2 3 1 5 3 2 2 3 3 2 27 12 13 13 13 13 13 13 13 12 13 13 13 13 14 13 13 13 14 13 13 13 13 13 13 13 13 13 13 13 13 13 13 13 13 13 13 14 13 13 13 14 13 13 13 13 12 13 13 13 13 13 13 13 12
751_0_1 3 6 5 7 6 0 3 3 3 4 2 3 1 2 3 3 27 12 13 14 13 13 14 13 13 13 13 13 13 13 13 13 13 13 13 13 13 13 13 13 13 12 13 13 13 13 12 13 13 13 13 13 13 13 13 13 13 13 13 13 13 13 13 13 13 14 13 13 14 13 12
752_0_1 4 4 6 5 8 0 3 3 3 4 2 3 1 2 3 3 27 12 14 13 13 14 13 13 13 13 13 13 13 13 13 13 13 13 13 13 12 13 13 13 13 13 13 13 13 13 13 13 13 13 13 12 13 13 13 13 13 13 13 13 13 13 13 13 13 13 14 13 13 14 12
753_0_1 3 5 7 5 7 1 1 5 2 3 2 3 4 2 2 2 27 12 13 13 13 13 13 13 13 13 13 13 13 13 13 13 13 13 13 13 13 13 14 13 13 13 12 14 14 12 13 13 13 14 13 13 13 13 13 13 13 13 13 13 13 13 13 13 13 13 13 13 13 13 12
753_1_1 3 7 5 7 5 1 1 5 2 3 2 3 4 2 2 2 27 12 13 13 13 13 13 13 13 13 13 13 13 13 13 13 13 13 13 13 13 13 14 13 13 13 12 14 14 12 13 13 13 14 13 13 13 13 13 13 13 13 13 13 13 13 13 13 13 13 13 13 13 13 12
754_0_1 4 4 6 5 8 1 2 2 5 1 2 4 3 3 2 2 27 12 13 13 13 13 13 13 13 12 13 14 13 13 13 13 13 13 14 13 13 13 13 13 13 13 13 13 13 13 13 13 13 13 13 13 13 14 13 13 13 13 13 13 14 13 12 13 13 13 13 13 13 13 12
756_0_1 3 5 7 5 7 0 4 2 3 2 3 3 3 3 3 1 27 12 13 13 13 13 13 13 13 13 13 13 13 13 13 13 13 13 14 12 13 13 13 14 13 13 13 13 13 13 13 13 14 13 13 13 12 14 13 13 13 13 13 13 13 13 13 13 13 13 13 13 13 13 12
757_0_1 3 5 7 5 7 0 3 2 2 4 2 3 2 4 3 2 27 12 13 13 13 13 13 14 13 13 13 13 13 14 12 13 13 13 13 13 13 13 13 13 13 13 13 13 13 13 13 13 13 13 13 13 13 13 13 13 13 12 14 13 13 13 13 13 14 13 13 13 13 13 12
758_0_1 3 5 7 5 7 1 2 3 1 5 3 2 2 3 3 2 27 12 13 14 13 13 13 14 13 13 13 13 13 13 13 13 13 13 13 13 13 13 13 13 12 13 13 13 13 13 13 12 13 13 13 13 13 13 13 13 13 13 13 13 13 13 13 13 14 13 13 13 14 13 12
759_0_1 4 4 6 5 8 1 2 1 3 4 3 1 4 3 2 3 27 12 12 14 13 13 13 13 13 13 13 13 13 13 13 13 13 13 13 13 13 13 13 14 13 13 13 13 13 13 13 13 14 13 13 13 13 13 13 13 13 13 13 13 13 13 13 13 13 13 13 13 14 12 12
760_1_1 3 7 5 7 5 1 1 4 1 3 2 2 3 3 4 3 27 12 13 13 13 13 13 13 13 13 13 13 13 13 13 13 13 14 13 13 13 13 13 13 13 13 12 14 14 12 13 13 13 13 13 13 13 13 14 13 13 13 13 13 13 13 13 13 13 13 13 13 13 13 12
761_1_1 4 4 8 5 6 1 1 4 1 3 2 2 3 3 4 3 27 12 13 13 13 13 14 13 13 13 13 13 13 13 13 13 13 13 13 13 13 13 13 13 13 13 12 14 14 12 13 13 13 13 13 13 13 13 13 13 13 13 13 13 13 13 13 13 13 14 13 13 13 13 12
763_0_1 3 5 5 6 8 1 2 3 1 5 3 2 2 3 3 2 27 12 12 14 13 13 13 13 13 13 13 13 13 13 13 14 13 13 13 13 13 13 13 13 13 13 13 13 13 13 13 13 13 13 13 13 13 13 13 13 14 13 13 13 13 13 13 13 13 13 13 13 14 12 12
764_0_1 4 4 6 5 8 1 1 3 3 4 2 3 3 1 4 2 27 12 13 13 12 13 14 13 13 13 13 13 14 13 13 13 13 13 13 13 13 13 13 13 13 13 13 13 13 13 13 13 13 13 13 13 13 13 13 13 13 13 13 14 13 13 13 13 13 14 13 12 13 13 12
765_1_1 3 6 7 5 6 1 2 3 1 5 3 2 2 3 3 2 27 12 13 14 13 13 13 13 13 13 13 13 13 13 13 13 13 13 13 13 12 13 13 13 13 13 14 13 13 14 13 13 13 13 13 12 13 13 13 13 13 13 13 13 13 13 13 13 13 13 13 13 14 13 12
766_1_1 3 7 5 7 5 0 3 2 2 4 2 3 2 4 3 2 27 12 13 13 13 13 13 13 13 13 13 13 13 14 13 13 13 13 14 12 13 13 13 13 13 13 13 13 13 13 13 13 13 13 13 13 12 14 13 13 13 13 14 13 13 13 13 13 13 13 13 13 13 13 12
768_0_1 4 4 6 5 8 1 2 3 1 5 3 2 2 3 3 2 27 12 12 14 13 13 13 14 13 13 13 13 13 13 13 13 13 13 13 13 13 13 13 13 13 13 13 13 13 13 13 13 13 13 13 13 13 13 13 13 13 13 13 13 13 13 13 13 14 13 13 13 14 12 12
769_0_1 4 4 6 5 8 1 1 5 2 3 2 3 4 2 2 2 27 12 13 13 13 13 13 13 13 13 13 14 13 13 13 13 13 13 13 13 13 13 13 13 13 13 12 14 14 12 13 13 13 13 13 13 13 13 13 13 13 13 13 13 14 13 13 13 13 13 13 13 13 13 12
769_1_1 4 4 8 5 6 1 1 5 2 3 2 3 4 2 2 2 27 12 13 13 13 13 13 13 13 13 13 14 13 13 13 13 13 13 13 13 13 13 13 13 13 13 12 14 14 12 13 13 13 13 13 13 13 13 13 13 13 13 13 13 14 13 13 13 13 13 13 13 13 13 12
770_0_1 4 4 6 5 8 0 4 2 2 2 2 4 3 3 3 2 27 12 13 14 13 13 13 13 13 13 13 13 13 13 13 13 14 13 13 13 13 13 13 13 13 13 12 13 13 12 13 13 13 13 13 13 13 13 13 14 13 13 13 13 13 13 13 13 13 13 13 13 14 13 12
771_0_1 4 4 6 5 8 1 1 3 3 4 2 3 3 1 4 2 27 12 13 13 13 13 13 13 13 13 13 13 13 13 13 13 13 13 13 13 13 14 13 13 13 13 12 14 14 12 13 13 13 13 14 13 13 13 13 13 13 13 13 13 13 13 13 13 13 13 13 13 13 13 12
772_1_1 4 4 8 5 6 1 2 2 3 2 5 3 1 3 2 3 27 12 13 13 13 13 13 13 13 14 13 13 13 13 13 13 12 13 14 13 13 13 13 13 13 13 13 13 13 13 13 13 13 13 13 13 13 14 13 12 13 13 13 13 13 13 14 13 13 13 13 13 13 13 12
773_1_1 4 4 8 5 6 1 2 4 2 4 3 2 1 4 2 2 27 12 13 13 13 13 13 13 13 13 13 13 13 13 13 13 13 13 14 12 13 13 13 13 13 13 14 13 13 14 13 13 13 13 13 13 12 14 13 13 13 13 13 13 13 13 13 13 13 13 13 13 13 13 12
775_0_1 4 4 6 5 8 1 1 3 3 3 2 3 4 1 4 2 27 12 13 13 13 13 13 14 13 13 13 13 13 13 14 13 12 13 13 13 13 13 13 13 13 13 13 13 13 13 13 13 13 13 13 13 13 13 13 12 13 14 13 13 13 13 13 13 14 13 13 13 13 13 12
776_1_1 3 6 7 5 6 1 2 2 3 2 5 3 1 3 2 3 27 12 13 13 13 12 13 13 13 14 13 13 13 13 13 13 13 13 14 13 13 13 13 13 13 13 13 13 13 13 13 13 13 13 13 13 13 14 13 13 13 13 13 13 13 13 14 13 13 13 12 13 13 13 12
777_1_1 4 4 8 5 6 0 4 2 2 2 2 4 3 3 3 2 27 12 13 13 13 13 13 13 13 13 13 13 13 13 13 13 13 13 13 14 13 13 13 13 13 13 12 14 14 12 13 13 13 13 13 13 14 13 13 13 13 13 13 13 13 13 13 13 13 13 13 13 13 13 12
779_0_1 4 5 4 6 8 1 2 1 3 4 3 1 4 3 2 3 27 12 13 13 13 13 13 13 13 13 13 13 13 12 14 13 13 13 13 13 13 14 13 13 13 13 13 13 13 13 13 13 13 13 14 13 13 13 13 13 13 14 12 13 13 13 13 13 13 13 13 13 13 13 12
780_1_1 3 6 7 5 6 0 4 2 2 2 2 4 3 3 3 2 27 12 13 14 13 13 14 13 13 13 13 13 13 13 13 12 13 13 13 13 13 13 13 13 13 13 13 13 13 13 13 13 13 13 13 13 13 13 13 13 12 13 13 13 13 13 13 13 13 14 13 13 14 13 12
781_1_1 4 5 4 8 6 1 3 1 3 4 1 3 3 4 2 2 27 12 13 13 14 13 13 13 13 14 13 13 13 13 13 13 13 13 13 13 13 13 13 12 13 13 13 13 13 13 13 13 12 13 13 13 13 13 13 13 13 13 13 13 13 13 14 13 13 13 13 14 13 13 12
782_1_1 4 4 8 5 6 1 3 1 3 4 1 3 3 4 2 2 27 12 13 13 14 13 13 13 13 13 13 13 13 14 13 13 13 13 13 13 13 12 13 13 13 13 13 13 13 13 13 13 13 13 12 13 13 13 13 13 13 13 14 13 13 13 13 13 13 13 13 14 13 13 12
784_0_1 4 4 6 5 8 0 3 3 3 3 4 1 3 3 2 2 27 12 13 13 12 13 13 13 13 14 13 13 13 13 13 13 13 13 13 13 13 13 13 14 13 13 13 13 13 13 13 13 14 13 13 13 13 13 13 13 13 13 13 13 13 13 14 13 13 13 13 12 13 13 12
785_0_1 3 6 5 7 6 1 3 1 3 4 1 3 3 4 2 2 27 12 13 13 13 13 13 14 13 13 12 13 13 13 13 13 13 13 13 13 13 13 13 13 14 13 13 13 13 13 13 14 13 13 13 13 13 13 13 13 13 13 13 13 13 12 13 13 14 13 13 13 13 13 12
786_0_1 3 6 5 7 6 1 2 2 3 2 5 3 1 3 2 3 27 12 13 13 13 12 13 14 13 13 13 13 13 13 13 13 13 13 13 13 13 13 13 13 14 13 13 13 13 13 13 14 13 13 13 13 13 13 13 13 13 13 13 13 13 13 13 13 14 13 12 13 13 13 12
787_0_1 3 5 8 5 6 0 3 4 3 2 3 3 3 2 1 3 27 12 13 13 13 13 13 13 13 13 13 13 13 13 13 13 13 12 13 13 13 14 13 13 13 14 13 13 13 13 14 13 13 13 14 13 13 13 12 13 13 13 13 13 13 13 13 13 13 13 13 13 13 13 12
788_0_1 3 6 5 7 6 0 3 3 3 3 4 1 3 2 3 2 27 12 14 13 13 13 13 13 13 13 13 13 13 13 14 13 13 13 13 13 13 13 13 13 13 12 13 13 13 13 12 13 13 13 13 13 13 13 13 13 13 14 13 13 13 13 13 13 13 13 13 13 13 14 12
789_1_1 3 6 7 5 6 1 1 4 1 3 2 2 3 3 4 3 27 12 13 13 13 13 13 13 13 13 13 13 13 13 13 12 14 13 13 13 13 13 13 13 13 13 13 14 14 13 13 13 13 13 13 13 13 13 13 14 12 13 13 13 13 13 13 13 13 13 13 13 13 13 12
790_1_1 3 6 7 5 6 0 3 3 3 3 4 1 3 3 2 2 27 12 13 13 13 13 13 13 13 13 13 13 14 13 13 12 13 13 13 13 13 13 13 13 14 13 13 13 13 13 13 14 13 13 13 13 13 13 13 13 12 13 13 14 13 13 13 13 13 13 13 13 13 13 12
791_1_1 4 4 8 5 6 0 3 3 3 4 2 3 1 2 3 3 27 12 13 13 13 13 13 13 13 13 13 13 13 13 14 13 13 14 13 12 13 13 13 13 13 13 13 13 13 13 13 13 13 13 13 13 12 13 14 13 13 14 13 13 13 13 13 13 13 13 13 13 13 13 12
792_1_1 3 6 5 8 5 1 3 1 3 4 1 3 3 4 2 2 27 12 13 13 13 13 13 13 13 13 13 13 12 13 13 14 13 13 13 13 13 13 13 13 14 13 13 13 13 13 13 14 13 13 13 13 13 13 13 13 14 13 13 12 13 13 13 13 13 13 13 13 13 13 12
793_1_1 4 4 8 5 6 1 1 3 4 1 4 2 3 3 3 2 27 12 13 13 13 13 13 13 13 14 13 13 13 13 13 13 13 14 13 12 13 13 13 13 13 13 13 13 13 13 13 13 13 13 13 13 12 13 14 13 13 13 13 13 13 13 14 13 13 13 13 13 13 13 12
794_1_1 3 6 7 5 6 1 3 1 3 4 1 3 3 4 2 2 27 12 13 13 13 13 13 13 13 13 12 13 13 14 13 13 13 13 13 13 13 13 13 13 13 13 14 13 13 14 13 13 13 13 13 13 13 13 13 13 13 13 14 13 13 12 13 13 13 13 13 13 13 13 12
795_1_1 3 7 5 7 5 0 4 2 2 2 2 4 3 3 3 2 27 12 13 13 12 13 13 13 14 13 13 13 13 13 13 13 13 14 13 13 13 13 13 13 13 13 13 13 13 13 13 13 13 13 13 13 13 13 14 13 13 13 13 13 13 13 13 14 13 13 13 12 13 13 12
797_0_1 3 5 7 5 7 1 1 4 3 4 1 3 3 2 2 3 27 12 13 13 13 13 13 14 13 12 13 13 13 13 13 13 13 13 14 13 13 13 13 13 13 13 13 13 13 13 13 13 13 13 13 13 13 14 13 13 13 13 13 13 13 13 12 13 14 13 13 13 13 13 12
798_0_1 3 6 5 7 6 0 3 3 3 3 4 1 3 3 2 2 27 12 14 13 13 13 13 13 13 13 13 13 13 13 13 12 13 13 13 13 13 14 13 13 13 13 13 13 13 13 13 13 13 13 14 13 13 13 13 13 12 13 13 13 13 13 13 13 13 13 13 13 13 14 12
799_0_1 4 4 6 5 8 0 3 3 3 3 4 1 3 2 3 2 27 12 13 13 12 13 13 14 13 13 13 13 13 13 13 13 13 13 13 13 13 13 13 13 14 13 13 13 13 13 13 14 13 13 13 13 13 13 13 13 13 13 13 13 13 13 13 13 14 13 13 12 13 13 12
801_0_1 4 5 4 6 8 0 3 3 3 4 2 3 1 2 3 3 27 12 13 13 13 13 13 13 12 13 13 13 13 13 13 13 14 13 13 14 13 13 13 13 13 13 13 13 13 13 13 13 13 13 13 13 14 13 13 14 13 13 13 13 13 13 13 12 13 13 13 13 13 13 12
802_0_1 3 6 5 7 6 1 3 1 4 3 1 3 4 3 2 2 27 12 13 13 13 13 13 13 14 13 13 13 13 13 13 13 14 13 13 13 12 13 13 13 13 13 13 13 13 13 13 13 13 13 13 12 13 13 13 14 13 13 13 13 13 13 13 14 13 13 13 13 13 13 12
804_0_1 3 6 5 7 6 0 3 3 3 3 4 1 3 2 3 2 27 12 14 13 13 13 13 13 13 14 13 13 13 13 13 13 13 13 13 13 12 13 13 13 13 13 13 13 13 13 13 13 13 13 13 12 13 13 13 13 13 13 13 13 13 13 14 13 13 13 13 13 13 14 12
806_0_1 3 6 5 7 6 1 3 1 3 4 1 3 3 4 2 2 27 12 14 13 13 13 13 13 13 13 12 13 13 13 13 13 13 13 13 13 13 13 13 13 13 13 14 13 13 14 13 13 13 13 13 13 13 13 13 13 13 13 13 13 13 12 13 13 13 13 13 13 13 14 12
807_0_1 4 4 6 5 8 1 3 1 3 2 1 3 5 3 2 3 27 12 13 13 13 12 13 13 13 13 14 13 13 13 13 13 13 13 13 13 13 13 14 13 13 13 13 13 13 13 13 13 13 14 13 13 13 13 13 13 13 13 13 13 13 14 13 13 13 13 12 13 13 13 12
809_0_1 3 5 7 5 7 0 3 3 3 3 4 1 3 2 3 2 27 12 13 13 13 13 13 13 13 13 13 13 13 14 13 13 13 13 13 13 13 12 13 14 13 13 13 13 13 13 13 13 14 13 12 13 13 13 13 13 13 13 14 13 13 13 13 13 13 13 13 13 13 13 12
810_0_5 4 4 6 5 8 0 4 2 2 2 3 2 4 3 3 2 27 12 13 13 13 13 13 13 13 13 12 13 13 13 13 13 13 14 13 13 14 13 13 13 13 13 13 13 13 13 13 13 13 13 13 14 13 13 14 13 13 13 13 13 13 12 13 13 13 13 13 13 13 13 12
810_1_5 4 4 8 5 6 0 4 2 2 2 3 2 4 3 3 2 27 12 13 13 13 13 13 13 13 13 12 13 13 13 13 13 13 14 13 13 14 13 13 13 13 13 13 13 13 13 13 13 13 13 13 14 13 13 14 13 13 13 13 13 13 12 13 13 13 13 13 13 13 13 12
812_0_1 3 6 5 7 6 1 3 1 4 3 1 3 4 3 2 2 27 12 13 13 13 13 13 13 13 13 13 13 13 13 13 13 13 13 13 14 12 13 13 13 13 13 13 14 14 13 13 13 13 13 13 12 14 13 13 13 13 13 13 13 13 13 13 13 13 13 13 13 13 13 12
814_0_1 4 4 6 5 8 0 3 3 4 3 3 2 2 1 3 3 27 12 13 13 13 12 13 13 13 13 14 13 13 13 13 13 13 13 13 13 13 13 13 14 13 13 13 13 13 13 13 13 14 13 13 13 13 13 13 13 13 13 13 13 13 14 13 13 13 13 12 13 13 13 12
816_0_1 4 4 6 5 8 1 2 3 1 5 3 2 2 3 3 2 27 12 13 13 13 13 13 13 14 13 13 13 13 13 13 14 13 13 13 13 12 13 13 13 13 13 13 13 13 13 13 13 13 13 13 12 13 13 13 13 14 13 13 13 13 13 13 14 13 13 13 13 13 13 12
817_0_1 3 5 8 5 6 0 3 3 3 3 4 1 3 2 3 2 27 12 13 13 13 13 13 13 13 13 14 13 12 13 13 13 13 13 13 13 13 13 13 13 14 13 13 13 13 13 13 14 13 13 13 13 13 13 13 13 13 13 13 12 13 14 13 13 13 13 13 13 13 13 12
819_0_1 3 6 5 7 6 1 1 2 4 3 4 2 3 2 1 4 27 13 13 13 13 12 13 13 13 13 13 13 13 13 13 12 13 13 13 13 14 13 14 13 13 13 13 13 13 13 13 13 13 14 13 14 13 13 13 13 12 13 13 13 13 13 13 13 13 13 12 13 13 13 13
819_1_1 3 6 7 5 6 1 1 2 4 3 4 2 3 2 1 4 27 13 13 13 13 12 13 13 13 13 13 13 13 13 13 12 13 13 13 13 14 13 14 13 13 13 13 13 13 13 13 13 13 14 13 14 13 13 13 13 12 13 13 13 13 13 13 13 13 13 12 13 13 13 13
820_0_1 3 6 5 7 6 0 4 2 2 2 2 4 3 3 3 2 27 12 13 13 13 13 13 13 13 13 13 13 13 13 13 12 13 14 13 14 13 13 13 13 13 13 13 13 13 13 13 13 13 13 13 13 14 13 14 13 12 13 13 13 13 13 13 13 13 13 13 13 13 13 12
821_0_1 3 6 5 7 6 0 3 2 2 2 3 2 4 3 4 2 27 13 13 13 13 12 13 13 13 13 13 13 13 13 13 12 13 13 13 13 14 13 13 14 13 13 13 13 13 13 13 13 14 13 13 14 13 13 13 13 12 13 13 13 13 13 13 13 13 13 12 13 13 13 13
822_0_1 3 5 6 6 7 1 1 3 2 4 3 3 3 1 4 2 27 13 13 13 13 12 13 13 13 13 13 13 13 13 13 12 13 13 13 13 14 13 13 13 14 13 13 13 13 13 13 14 13 13 13 14 13 13 13 13 12 13 13 13 13 13 13 13 13 13 12 13 13 13 13
823_0_1 3 6 5 7 6 0 3 3 3 3 4 1 3 3 2 2 27 13 13 13 13 12 13 13 13 13 13 13 13 13 13 12 13 13 13 13 14 13 13 13 13 13 13 14 14 13 13 13 13 13 13 14 13 13 13 13 12 13 13 13 13 13 13 13 13 13 12 13 13 13 13
824_0_1 3 5 6 6 7 1 1 3 3 4 1 4 3 2 3 2 27 13 13 13 13 12 13 13 13 13 13 13 13 13 13 12 13 13 13 13 14 13 13 13 13 13 14 13 13 14 13 13 13 13 13 14 13 13 13 13 12 13 13 13 13 13 13 13 13 13 12 13 13 13 13
825_0_5 4 4 6 5 8 0 4 2 2 2 3 2 4 3 3 2 27 12 13 13 13 13 14 13 13 13 13 13 13 14 13 13 13 13 13 13 13 12 13 13 13 13 13 13 13 13 13 13 13 13 12 13 13 13 13 13 13 13 14 13 13 13 13 13 13 14 13 13 13 13 12
825_1_5 4 4 8 5 6 0 4 2 2 2 3 2 4 3 3 2 27 12 13 13 13 13 14 13 13 13 13 13 13 14 13 13 13 13 13 13 13 12 13 13 13 13 13 13 13 13 13 13 13 13 12 13 13 13 13 13 13 13 14 13 13 13 13 13 13 14 13 13 13 13 12
827_0_1 4 4 6 5 8 1 1 4 1 3 3 2 3 3 4 2 27 12 13 13 13 13 13 13 13 13 13 13 13 14 13 13 13 13 13 13 13 13 13 13 12 13 14 13 13 14 13 12 13 13 13 13 13 13 13 13 13 13 14 13 13 13 13 13 13 13 13 13 13 13 12
829_0_1 4 4 6 5 8 0 3 3 4 3 3 2 2 1 3 3 27 12 13 13 13 13 12 13 13 13 13 13 14 13 13 13 13 13 13 13 13 14 13 13 13 13 13 13 13 13 13 13 13 13 14 13 13 13 13 13 13 13 13 14 13 13 13 13 13 12 13 13 13 13 12
830_0_5 3 6 5 7 6 1 5 3 3 2 2 2 2 2 3 2 27 13 13 13 13 12 13 13 13 13 13 12 13 13 13 13 13 14 13 14 13 13 13 13 13 13 13 13 13 13 13 13 13 13 13 13 14 13 14 13 13 13 13 13 12 13 13 13 13 13 12 13 13 13 13
831_0_1 3 6 5 7 6 1 2 2 3 2 5 3 1 3 2 3 27 12 14 13 13 12 13 13 13 13 13 13 13 13 13 13 13 13 13 13 13 13 13 13 13 13 14 13 13 14 13 13 13 13 13 13 13 13 13 13 13 13 13 13 13 13 13 13 13 13 12 13 13 14 12
832_0_1 3 5 7 5 7 0 3 3 2 1 3 3 4 3 2 3 27 12 13 13 13 13 13 13 13 13 13 13 13 13 13 13 13 14 13 12 13 13 13 14 13 13 13 13 13 13 13 13 14 13 13 13 12 13 14 13 13 13 13 13 13 13 13 13 13 13 13 13 13 13 12
834_0_1 3 5 7 5 7 1 2 3 1 4 2 2 3 4 3 2 27 12 13 13 13 13 13 13 13 13 13 12 14 13 13 13 13 13 13 13 13 13 13 13 13 13 13 14 14 13 13 13 13 13 13 13 13 13 13 13 13 13 13 14 12 13 13 13 13 13 13 13 13 13 12
834_1_3 3 7 5 7 5 1 2 3 4 3 2 2 4 1 3 2 27 12 13 13 13 13 13 13 13 13 13 12 14 13 13 13 13 13 13 13 13 13 13 13 13 13 13 14 14 13 13 13 13 13 13 13 13 13 13 13 13 13 13 14 12 13 13 13 13 13 13 13 13 13 12
835_1_1 3 6 7 5 6 0 3 3 3 4 2 3 1 2 3 3 27 12 13 13 13 13 13 13 13 13 12 13 13 13 13 13 13 14 13 13 13 14 13 13 13 13 13 13 13 13 13 13 13 13 14 13 13 13 14 13 13 13 13 13 13 12 13 13 13 13 13 13 13 13 12
836_1_1 3 6 7 5 6 0 4 2 3 4 3 2 1 2 3 3 27 12 13 13 13 13 13 13 13 13 12 14 13 13 13 13 13 13 13 13 13 13 13 13 13 13 13 14 14 13 13 13 13 13 13 13 13 13 13 13 13 13 13 13 14 12 13 13 13 13 13 13 13 13 12
838_0_1 3 6 5 7 6 0 3 3 3 4 2 3 1 2 3 3 27 12 13 13 13 13 14 13 13 13 12 13 14 13 13 13 13 13 13 13 13 13 13 13 13 13 13 13 13 13 13 13 13 13 13 13 13 13 13 13 13 13 13 14 13 12 13 13 13 14 13 13 13 13 12
839_0_1 4 4 6 5 8 0 4 2 3 4 3 2 1 2 3 3 27 12 13 13 13 13 13 13 13 13 13 13 13 13 13 13 13 13 13 13 13 13 14 12 13 13 13 14 14 13 13 13 12 14 13 13 13 13 13 13 13 13 13 13 13 13 13 13 13 13 13 13 13 13 12
840_0_1 3 5 7 5 7 0 4 2 3 4 3 2 1 2 3 3 27 12 13 13 13 13 13 13 13 13 13 13 13 13 13 13 13 13 13 13 13 12 14 13 13 13 13 14 14 13 13 13 13 14 12 13 13 13 13 13 13 13 13 13 13 13 13 13 13 13 13 13 13 13 12
841_0_1 3 6 5 7 6 0 3 2 4 2 3 3 3 2 4 1 27 12 14 13 13 13 13 13 13 13 13 14 13 13 13 12 13 13 13 13 13 13 13 13 13 13 13 13 13 13 13 13 13 13 13 13 13 13 13 13 12 13 13 13 14 13 13 13 13 13 13 13 13 14 12
842_1_1 3 7 5 7 5 0 3 3 3 4 2 3 1 2 3 3 27 12 13 13 13 13 13 13 13 13 13 13 13 13 13 13 12 14 13 13 13 13 13 13 13 13 13 14 14 13 13 13 13 13 13 13 13 13 14 12 13 13 13 13 13 13 13 13 13 13 13 13 13 13 12
843_1_1 4 4 8 5 6 0 4 2 2 2 2 4 3 3 3 2 27 12 13 13 13 13 13 12 14 13 13 13 13 13 13 13 13 13 13 13 13 13 13 13 13 13 13 14 14 13 13 13 13 13 13 13 13 13 13 13 13 13 13 13 13 13 13 14 12 13 13 13 13 13 12
844_1_1 3 6 7 5 6 0 3 3 3 4 2 3 1 2 3 3 27 12 13 13 13 12 14 13 13 13 13 13 13 13 13 13 13 13 13 13 13 13 13 13 13 13 13 14 14 13 13 13 13 13 13 13 13 13 13 13 13 13 13 13 13 13 13 13 13 14 12 13 13 13 12
845_1_1 4 4 8 5 6 0 3 3 3 4 2 3 1 2 3 3 27 12 13 13 13 13 13 13 13 13 13 13 13 13 13 13 14 13 13 13 13 12 13 14 13 13 13 13 13 13 13 13 14 13 12 13 13 13 13 14 13 13 13 13 13 13 13 13 13 13 13 13 13 13 12
846_0_5 4 4 6 5 8 1 3 1 3 4 3 3 1 3 3 2 27 12 13 13 13 13 13 13 13 13 13 13 13 13 13 13 13 13 13 13 13 13 12 14 13 13 13 14 14 13 13 13 14 12 13 13 13 13 13 13 13 13 13 13 13 13 13 13 13 13 13 13 13 13 12
847_0_1 4 4 6 5 8 1 2 3 1 4 2 2 3 4 3 2 27 12 13 13 13 13 13 13 13 13 13 12 13 13 13 13 13 14 13 13 13 14 13 13 13 13 13 13 13 13 13 13 13 13 14 13 13 13 14 13 13 13 13 13 12 13 13 13 13 13 13 13 13 13 12
847_1_3 4 4 8 5 6 1 2 3 4 3 2 2 4 1 3 2 27 12 13 13 13 13 13 13 13 13 13 12 13 13 13 13 13 14 13 13 13 14 13 13 13 13 13 13 13 13 13 13 13 13 14 13 13 13 14 13 13 13 13 13 12 13 13 13 13 13 13 13 13 13 12
848_1_1 3 6 5 8 5 1 1 3 4 1 4 2 3 3 3 2 27 12 13 13 13 13 13 13 12 13 13 13 13 13 13 13 14 13 13 13 14 13 13 13 13 13 13 13 13 13 13 13 13 13 13 14 13 13 13 14 13 13 13 13 13 13 13 12 13 13 13 13 13 13 12
849_1_1 4 4 8 5 6 0 3 3 3 3 4 1 3 3 2 2 27 12 13 13 13 13 13 13 13 13 13 13 14 13 13 13 13 13 13 13 13 13 13 13 14 13 12 13 13 12 13 14 13 13 13 13 13 13 13 13 13 13 13 14 13 13 13 13 13 13 13 13 13 13 12
850_0_5 4 4 6 5 8 1 3 1 3 4 3 3 1 3 3 2 27 12 13 13 13 13 13 13 13 13 13 12 13 13 13 13 14 13 13 13 13 13 13 14 13 13 13 13 13 13 13 13 14 13 13 13 13 13 13 14 13 13 13 13 12 13 13 13 13 13 13 13 13 13 12
851_0_1 3 5 8 5 6 0 2 3 3 4 2 3 2 2 2 4 27 12 13 13 13 14 13 13 13 13 13 13 12 13 13 13 13 13 13 13 13 13 13 13 14 13 13 13 13 13 13 14 13 13 13 13 13 13 13 13 13 13 13 12 13 13 13 13 13 13 14 13 13 13 12
851_1_1 3 6 5 8 5 0 2 3 3 4 2 3 2 2 2 4 27 12 13 13 13 14 13 13 13 13 13 13 12 13 13 13 13 13 13 13 13 13 13 13 14 13 13 13 13 13 13 14 13 13 13 13 13 13 13 13 13 13 13 12 13 13 13 13 13 13 14 13 13 13 12
852_0_1 4 5 4 6 8 0 2 3 3 4 2 3 2 2 2 4 27 12 13 13 13 13 13 13 13 13 13 13 12 13 13 13 14 13 13 13 13 13 13 13 14 13 13 13 13 13 13 14 13 13 13 13 13 13 13 14 13 13 13 12 13 13 13 13 13 13 13 13 13 13 12
852_1_1 4 5 4 8 6 0 2 3 3 4 2 3 2 2 2 4 27 12 13 13 13 13 13 13 13 13 13 13 12 13 13 13 14 13 13 13 13 13 13 13 14 13 13 13 13 13 13 14 13 13 13 13 13 13 13 14 13 13 13 12 13 13 13 13 13 13 13 13 13 13 12
853_0_1 3 6 5 7 6 1 1 4 1 3 3 2 3 3 4 2 27 12 13 13 14 13 13 13 14 13 13 13 13 13 13 13 13 13 13 13 13 13 13 13 13 12 13 13 13 13 12 13 13 13 13 13 13 13 13 13 13 13 13 13 13 13 13 14 13 13 13 14 13 13 12
855_0_1 3 6 5 7 6 1 1 3 3 4 1 4 3 2 3 2 27 12 13 13 13 12 13 13 13 13 13 13 14 13 13 13 13 13 13 13 13 13 13 13 14 13 13 13 13 13 13 14 13 13 13 13 13 13 13 13 13 13 13 14 13 13 13 13 13 13 12 13 13 13 12
856_1_1 3 6 7 5 6 0 3 3 3 3 4 1 3 3 2 2 27 12 13 13 13 13 13 13 13 13 13 13 13 14 13 12 13 13 13 13 13 14 13 13 13 13 13 13 13 13 13 13 13 13 14 13 13 13 13 13 12 13 14 13 13 13 13 13 13 13 13 13 13 13 12
858_0_1 4 5 4 6 8 0 3 4 3 2 3 3 3 2 1 3 27 12 13 13 13 13 13 13 13 13 13 13 13 13 14 13 13 12 13 13 13 14 13 13 13 13 13 13 13 13 13 13 13 13 14 13 13 13 12 13 13 14 13 13 13 13 13 13 13 13 13 13 13 13 12
859_0_1 4 4 6 5 8 1 1 3 3 4 1 4 3 2 3 2 27 12 13 13 13 13 12 13 13 14 13 13 14 13 13 13 13 13 13 13 13 13 13 13 13 13 13 13 13 13 13 13 13 13 13 13 13 13 13 13 13 13 13 14 13 13 14 13 13 12 13 13 13 13 12
860_1_1 3 6 7 5 6 1 2 3 1 5 3 2 2 3 3 2 27 12 13 13 14 13 13 13 14 13 13 13 13 13 13 13 13 13 13 13 12 13 13 13 13 13 13 13 13 13 13 13 13 13 13 12 13 13 13 13 13 13 13 13 13 13 13 14 13 13 13 14 13 13 12
861_1_1 3 7 5 7 5 0 3 4 3 2 3 3 3 2 1 3 27 12 13 13 13 13 12 13 14 13 13 13 14 13 13 13 13 13 13 13 13 13 13 13 13 13 13 13 13 13 13 13 13 13 13 13 13 13 13 13 13 13 13 14 13 13 13 14 13 12 13 13 13 13 12
863_0_1 4 4 6 5 8 0 4 3 3 3 3 1 3 3 2 2 27 12 13 13 13 13 14 13 13 13 13 13 13 13 13 13 13 14 13 12 13 13 13 13 13 13 13 13 13 13 13 13 13 13 13 13 12 13 14 13 13 13 13 13 13 13 13 13 13 14 13 13 13 13 12
864_1_1 4 5 4 8 6 1 1 4 3 4 1 3 3 2 2 3 27 12 13 13 14 13 13 13 13 13 13 13 13 12 13 13 13 13 13 13 13 13 13 13 13 13 14 13 13 14 13 13 13 13 13 13 13 13 13 13 13 13 12 13 13 13 13 13 13 13 13 14 13 13 12
865_1_1 3 7 5 7 5 1 2 3 1 5 3 2 2 3 3 2 27 12 13 14 13 13 13 13 13 12 13 13 13 13 13 13 13 13 14 13 13 13 13 13 13 13 13 13 13 13 13 13 13 13 13 13 13 14 13 13 13 13 13 13 13 13 12 13 13 13 13 13 14 13 12
867_0_1 4 4 6 5 8 1 3 1 4 3 1 3 4 3 2 2 27 12 13 13 13 13 13 13 13 12 13 13 13 13 13 13 13 14 13 14 13 13 13 13 13 13 13 13 13 13 13 13 13 13 13 13 14 13 14 13 13 13 13 13 13 13 12 13 13 13 13 13 13 13 12
868_1_1 3 7 5 7 5 1 1 3 4 1 4 2 3 3 3 2 27 12 13 13 13 13 13 13 13 13 13 13 13 14 13 13 13 14 13 12 13 13 13 13 13 13 13 13 13 13 13 13 13 13 13 13 12 13 14 13 13 13 14 13 13 13 13 13 13 13 13 13 13 13 12
870_0_1 4 4 6 5 8 1 1 4 3 4 1 3 3 2 2 3 27 12 13 13 14 13 13 14 13 13 13 13 13 13 13 13 13 13 13 13 13 13 13 13 12 13 13 13 13 13 13 12 13 13 13 13 13 13 13 13 13 13 13 13 13 13 13 13 14 13 13 14 13 13 12
871_0_1 3 6 5 7 6 1 1 3 3 3 2 3 4 1 4 2 27 12 13 13 13 12 13 14 13 13 13 13 13 13 14 13 13 13 13 13 13 13 13 13 13 13 13 13 13 13 13 13 13 13 13 13 13 13 13 13 13 14 13 13 13 13 13 13 14 13 12 13 13 13 12
873_0_1 4 4 6 5 8 1 1 4 3 4 1 3 3 2 2 3 27 12 13 13 13 13 13 14 13 13 13 13 13 13 13 13 13 13 13 13 13 13 13 13 12 13 14 13 13 14 13 12 13 13 13 13 13 13 13 13 13 13 13 13 13 13 13 13 14 13 13 13 13 13 12
874_0_1 4 5 4 6 8 1 1 3 2 4 1 3 4 3 2 3 27 12 13 13 13 13 13 12 13 14 13 13 13 13 14 13 13 13 13 13 13 13 13 13 13 13 13 13 13 13 13 13 13 13 13 13 13 13 13 13 13 14 13 13 13 13 14 13 12 13 13 13 13 13 12
875_0_1 3 5 7 5 7 0 3 3 4 3 3 2 2 1 3 3 27 12 13 13 13 13 12 13 13 13 13 13 14 13 13 13 13 13 13 13 13 13 13 14 13 13 13 13 13 13 13 13 14 13 13 13 13 13 13 13 13 13 13 14 13 13 13 13 13 12 13 13 13 13 12
876_1_1 3 6 7 5 6 1 1 3 4 1 4 2 3 3 3 2 27 12 14 13 13 13 13 13 13 13 13 13 13 13 13 13 14 13 13 13 13 13 13 13 13 12 13 13 13 13 12 13 13 13 13 13 13 13 13 14 13 13 13 13 13 13 13 13 13 13 13 13 13 14 12
878_0_1 4 5 4 6 8 0 4 3 3 3 3 1 3 3 2 2 27 12 13 13 13 13 14 13 12 13 13 13 13 13 13 13 14 13 13 13 13 13 13 13 13 13 13 13 13 13 13 13 13 13 13 13 13 13 13 14 13 13 13 13 13 13 13 12 13 14 13 13 13 13 12
880_0_1 4 4 6 5 8 0 3 3 2 1 3 3 4 3 2 3 27 12 13 13 13 13 13 13 13 13 13 13 13 13 13 13 14 13 13 12 13 13 13 14 13 13 13 13 13 13 13 13 14 13 13 13 12 13 13 14 13 13 13 13 13 13 13 13 13 13 13 13 13 13 12
882_0_1 4 4 6 5 8 1 2 2 5 1 2 4 3 3 2 2 27 12 13 13 13 13 13 13 13 13 13 13 13 13 13 14 13 13 13 13 12 13 14 13 13 13 13 13 13 13 13 13 13 14 13 12 13 13 13 13 14 13 13 13 13 13 13 13 13 13 13 13 13 13 12
883_1_1 4 4 8 5 6 1 1 4 3 4 1 3 3 2 2 3 27 12 13 13 13 13 13 14 13 13 13 13 13 13 13 14 13 13 13 13 12 13 13 13 13 13 13 13 13 13 13 13 13 13 13 12 13 13 13 13 14 13 13 13 13 13 13 13 14 13 13 13 13 13 12
885_0_1 3 6 5 7 6 0 3 3 3 3 4 1 3 2 3 2 27 12 14 13 13 13 13 13 13 13 13 13 13 13 13 13 13 13 13 13 12 13 13 13 14 13 13 13 13 13 13 14 13 13 13 12 13 13 13 13 13 13 13 13 13 13 13 13 13 13 13 13 13 14 12
886_1_1 4 4 8 5 6 0 4 2 2 2 2 4 3 3 3 2 27 12 13 13 13 13 13 13 13 13 13 13 13 13 13 12 13 14 13 13 13 13 13 13 13 14 13 13 13 13 14 13 13 13 13 13 13 13 14 13 12 13 13 13 13 13 13 13 13 13 13 13 13 13 12
888_0_1 4 4 6 5 8 0 3 3 4 3 3 2 2 1 3 3 27 13 13 13 13 12 13 13 13 13 14 12 13 13 13 13 13 13 13 13 13 13 14 13 13 13 13 13 13 13 13 13 13 14 13 13 13 13 13 13 13 13 13 13 12 14 13 13 13 13 12 13 13 13 13
890_0_1 3 6 5 7 6 0 3 3 2 1 3 3 4 3 2 3 27 12 13 13 13 13 13 13 13 13 13 13 13 13 13 13 13 14 13 13 13 14 13 13 13 12 13 13 13 13 12 13 13 13 14 13 13 13 14 13 13 13 13 13 13 13 13 13 13 13 13 13 13 13 12
891_1_1 4 4 8 5 6 1 2 2 3 2 5 3 1 3 2 3 27 12 13 13 13 13 12 13 13 13 13 13 13 14 13 13 13 13 13 13 13 13 13 13 13 13 14 13 13 14 13 13 13 13 13 13 13 13 13 13 13 13 14 13 13 13 13 13 13 12 13 13 13 13 12
892_1_1 4 4 8 5 6 0 4 2 2 2 2 4 3 3 3 2 27 12 13 13 12 13 14 13 14 13 13 13 13 13 13 13 13 13 13 13 13 13 13 13 13 13 13 13 13 13 13 13 13 13 13 13 13 13 13 13 13 13 13 13 13 13 13 14 13 14 13 12 13 13 12
893_1_1 4 5 4 8 6 1 1 3 4 1 4 2 3 3 3 2 27 12 13 12 13 13 14 13 13 13 13 13 13 13 13 13 13 13 13 13 13 13 13 13 14 13 13 13 13 13 13 14 13 13 13 13 13 13 13 13 13 13 13 13 13 13 13 13 13 14 13 13 12 13 12
894_1_1 3 6 7 5 6 1 1 4 3 3 3 2 4 1 3 2 27 12 14 13 13 12 13 13 13 14 13 13 13 13 13 13 13 13 13 13 13 13 13 13 13 13 13 13 13 13 13 13 13 13 13 13 13 13 13 13 13 13 13 13 13 13 14 13 13 13 12 13 13 14 12
896_0_1 4 4 6 5 8 1 1 3 2 4 1 3 4 3 2 3 27 12 13 13 12 13 13 13 14 13 13 13 13 13 13 13 13 13 13 13 13 13 13 13 14 13 13 13 13 13 13 14 13 13 13 13 13 13 13 13 13 13 13 13 13 13 13 14 13 13 13 12 13 13 12
897_0_1 3 5 7 5 7 1 2 2 5 1 2 4 3 3 2 2 27 12 13 13 13 13 13 14 13 13 13 13 13 13 13 13 13 13 13 13 13 13 14 13 12 13 13 13 13 13 13 12 13 14 13 13 13 13 13 13 13 13 13 13 13 13 13 13 14 13 13 13 13 13 12
898_1_1 4 5 4 8 6 1 2 4 2 4 3 2 1 4 2 2 27 12 13 12 14 13 13 13 13 13 13 13 13 13 13 13 13 13 13 13 13 13 13 13 13 13 14 13 13 14 13 13 13 13 13 13 13 13 13 13 13 13 13 13 13 13 13 13 13 13 13 14 12 13 12
899_1_1 4 4 8 5 6 1 2 3 1 5 3 2 2 3 3 2 27 12 13 13 13 13 13 14 13 13 13 13 13 13 13 13 13 13 13 14 13 13 13 13 12 13 13 13 13 13 13 12 13 13 13 13 14 13 13 13 13 13 13 13 13 13 13 13 14 13 13 13 13 13 12
900_1_1 3 6 7 5 6 0 4 3 3 3 3 1 2 2 3 3 27 12 13 13 13 13 13 13 14 13 12 13 13 13 13 13 14 13 13 13 13 13 13 13 13 13 13 13 13 13 13 13 13 13 13 13 13 13 13 14 13 13 13 13 13 12 13 14 13 13 13 13 13 13 12
902_0_1 4 4 6 5 8 0 3 3 2 1 3 3 4 3 2 3 27 12 13 13 13 14 13 13 13 13 13 13 13 13 13 13 13 13 13 13 13 13 13 14 13 12 13 13 13 13 12 13 14 13 13 13 13 13 13 13 13 13 13 13 13 13 13 13 13 13 14 13 13 13 12
903_1_1 3 6 5 8 5 0 4 2 2 2 2 4 3 3 3 2 27 12 13 13 13 14 13 12 13 13 13 13 13 13 14 13 13 13 13 13 13 13 13 13 13 13 13 13 13 13 13 13 13 13 13 13 13 13 13 13 13 14 13 13 13 13 13 13 12 13 14 13 13 13 12
904_1_1 3 7 5 7 5 0 3 4 3 2 3 3 3 2 1 3 27 12 13 14 13 13 13 13 13 13 13 13 13 13 13 13 12 13 13 13 13 13 13 14 13 13 13 13 13 13 13 13 14 13 13 13 13 13 13 12 13 13 13 13 13 13 13 13 13 13 13 13 14 13 12
905_1_1 4 4 8 5 6 1 2 2 3 2 5 3 1 3 2 3 27 12 13 13 13 13 12 13 13 14 13 13 13 13 13 13 13 13 14 13 13 13 13 13 13 13 13 13 13 13 13 13 13 13 13 13 13 14 13 13 13 13 13 13 13 13 14 13 13 12 13 13 13 13 12
906_1_1 4 4 8 5 6 1 3 1 3 4 1 3 3 4 2 2 27 12 14 13 13 13 13 13 13 13 12 13 13 13 13 14 13 13 13 13 13 13 13 13 13 13 13 13 13 13 13 13 13 13 13 13 13 13 13 13 14 13 13 13 13 12 13 13 13 13 13 13 13 14 12
908_0_1 4 4 6 5 8 0 3 3 3 3 4 1 3 2 3 2 27 12 13 13 13 13 13 13 13 13 13 13 14 13 13 13 13 13 13 13 13 12 13 13 14 13 13 13 13 13 13 14 13 13 12 13 13 13 13 13 13 13 13 14 13 13 13 13 13 13 13 13 13 13 12
910_0_1 4 4 6 5 8 0 3 3 3 3 4 1 3 3 2 2 27 12 14 13 13 13 13 13 13 13 14 13 13 13 13 12 13 13 13 13 13 13 13 13 13 13 13 13 13 13 13 13 13 13 13 13 13 13 13 13 12 13 13 13 13 14 13 13 13 13 13 13 13 14 12
911_0_1 4 4 6 5 8 1 1 3 3 4 2 3 3 1 4 2 27 12 13 13 13 13 13 13 13 13 13 13 13 13 13 13 14 13 13 13 13 13 13 14 13 13 12 13 13 12 13 13 14 13 13 13 13 13 13 14 13 13 13 13 13 13 13 13 13 13 13 13 13 13 12
912_1_1 4 4 8 5 6 1 1 3 4 1 4 2 3 3 3 2 27 12 13 13 13 13 13 13 13 13 13 13 13 13 13 13 13 14 13 12 13 13 13 13 14 13 13 13 13 13 13 14 13 13 13 13 12 13 14 13 13 13 13 13 13 13 13 13 13 13 13 13 13 13 12
913_1_1 3 6 5 8 5 0 3 3 3 4 2 3 1 2 3 3 27 12 13 12 13 13 14 13 13 13 13 13 13 13 13 13 13 13 13 13 13 13 13 13 13 14 13 13 13 13 14 13 13 13 13 13 13 13 13 13 13 13 13 13 13 13 13 13 13 14 13 13 12 13 12
914_1_1 4 4 8 5 6 0 3 2 4 2 2 4 3 2 3 2 27 12 13 14 13 13 13 13 13 13 13 13 13 13 13 13 13 13 13 14 13 13 13 13 13 13 12 13 13 12 13 13 13 13 13 13 14 13 13 13 13 13 13 13 13 13 13 13 13 13 13 13 14 13 12
915_1_1 4 4 8 5 6 0 3 4 2 4 2 3 2 3 2 2 27 12 14 13 13 13 13 13 13 13 13 13 13 13 13 13 13 13 13 13 14 13 13 13 13 12 13 13 13 13 12 13 13 13 13 14 13 13 13 13 13 13 13 13 13 13 13 13 13 13 13 13 13 14 12
917_0_1 4 4 6 5 8 0 3 4 3 2 3 3 3 2 1 3 27 12 13 13 13 13 13 13 13 13 13 13 13 13 14 13 12 13 13 13 13 13 13 14 13 13 13 13 13 13 13 13 14 13 13 13 13 13 13 12 13 14 13 13 13 13 13 13 13 13 13 13 13 13 12
918_0_1 3 5 7 5 7 1 1 4 1 3 3 2 3 3 4 2 27 12 13 13 13 13 13 13 13 12 13 13 13 14 13 13 13 13 14 13 13 13 13 13 13 13 13 13 13 13 13 13 13 13 13 13 13 14 13 13 13 13 14 13 13 13 12 13 13 13 13 13 13 13 12
920_0_1 3 6 6 6 6 0 3 3 2 2 4 2 3 4 2 2 27 13 13 13 13 12 13 13 13 13 13 13 13 13 13 13 13 13 14 14 12 13 13 13 13 13 13 13 13 13 13 13 13 13 13 12 14 14 13 13 13 13 13 13 13 13 13 13 13 13 12 13 13 13 13
922_0_1 3 5 7 5 7 0 3 1 3 3 3 3 2 3 4 2 27 12 13 14 13 13 13 13 13 13 13 13 14 13 13 13 13 13 13 13 13 13 13 13 13 13 12 13 13 12 13 13 13 13 13 13 13 13 13 13 13 13 13 14 13 13 13 13 13 13 13 13 14 13 12
924_1_1 4 5 4 8 6 1 1 3 3 4 1 4 3 2 3 2 27 12 13 13 13 13 13 13 13 13 13 13 13 13 13 13 13 12 13 13 13 14 13 13 14 13 13 13 13 13 13 14 13 13 14 13 13 13 12 13 13 13 13 13 13 13 13 13 13 13 13 13 13 13 12
925_1_3 4 5 4 8 6 1 3 2 2 2 3 1 3 5 2 3 27 12 13 13 14 13 13 13 13 13 13 13 12 13 13 13 13 13 13 13 13 13 13 13 14 13 13 13 13 13 13 14 13 13 13 13 13 13 13 13 13 13 13 12 13 13 13 13 13 13 13 14 13 13 12
927_0_3 3 6 5 7 6 1 2 5 2 4 2 2 2 2 3 2 27 12 14 13 13 13 14 13 13 13 13 13 13 13 13 13 13 13 13 13 13 13 13 13 13 12 13 13 13 13 12 13 13 13 13 13 13 13 13 13 13 13 13 13 13 13 13 13 13 14 13 13 13 14 12
928_1_1 4 4 8 5 6 1 1 3 3 4 1 4 3 2 3 2 27 12 13 13 13 13 13 13 13 13 13 13 13 14 13 13 12 13 13 13 13 14 13 13 13 13 13 13 13 13 13 13 13 13 14 13 13 13 13 12 13 13 14 13 13 13 13 13 13 13 13 13 13 13 12
929_1_3 4 4 8 5 6 1 2 3 5 1 3 3 2 3 2 2 27 12 13 14 13 14 13 13 13 13 13 13 13 13 13 13 13 13 13 13 13 13 13 13 13 12 13 13 13 13 12 13 13 13 13 13 13 13 13 13 13 13 13 13 13 13 13 13 13 13 14 13 14 13 12
930_1_3 4 4 8 5 6 1 3 2 2 2 3 1 3 5 2 3 27 12 13 13 13 13 13 13 13 13 12 13 13 13 13 13 13 13 14 13 14 13 13 13 13 13 13 13 13 13 13 13 13 13 13 14 13 14 13 13 13 13 13 13 13 12 13 13 13 13 13 13 13 13 12
932_0_3 4 4 6 5 8 1 2 4 2 4 3 2 2 1 4 2 27 12 13 14 13 13 13 13 13 13 13 13 13 13 13 14 13 13 13 13 12 13 13 13 13 13 13 13 13 13 13 13 13 13 13 12 13 13 13 13 14 13 13 13 13 13 13 13 13 13 13 13 14 13 12
933_0_3 3 5 7 5 7 1 4 2 1 4 3 4 2 2 2 2 27 12 13 14 13 13 13 13 14 13 13 13 13 13 13 13 13 13 13 13 13 13 13 13 13 13 12 13 13 12 13 13 13 13 13 13 13 13 13 13 13 13 13 13 13 13 13 14 13 13 13 13 14 13 12
934_0_3 4 4 6 5 8 1 2 2 3 5 1 3 3 3 2 2 27 12 13 13 12 13 13 13 13 13 13 13 14 13 13 13 13 13 13 13 13 13 13 13 14 13 13 13 13 13 13 14 13 13 13 13 13 13 13 13 13 13 13 14 13 13 13 13 13 13 13 12 13 13 12
935_0_3 4 4 6 5 8 1 2 2 3 5 1 3 3 3 2 2 27 12 13 13 13 13 13 13 13 14 13 13 13 13 13 13 13 13 13 13 13 13 13 14 13 13 12 13 13 12 13 13 14 13 13 13 13 13 13 13 13 13 13 13 13 13 14 13 13 13 13 13 13 13 12
936_1_1 3 6 7 5 6 0 3 3 3 3 4 1 3 2 3 2 27 12 13 13 13 13 13 13 13 14 13 13 13 13 13 12 13 13 14 13 13 13 13 13 13 13 13 13 13 13 13 13 13 13 13 13 13 14 13 13 12 13 13 13 13 13 14 13 13 13 13 13 13 13 12
937_1_3 4 4 8 5 6 1 4 2 1 4 3 4 2 2 2 2 27 12 13 14 13 13 13 13 13 13 13 13 13 13 13 12 13 13 13 13 13 13 13 13 13 14 13 13 13 13 14 13 13 13 13 13 13 13 13 13 12 13 13 13 13 13 13 13 13 13 13 13 14 13 12
939_1_1 4 4 8 5 6 0 3 1 3 3 3 3 2 3 4 2 27 12 13 14 13 13 13 13 13 13 13 13 13 13 13 13 13 13 13 13 13 14 13 13 13 13 12 13 13 12 13 13 13 13 14 13 13 13 13 13 13 13 13 13 13 13 13 13 13 13 13 13 14 13 12
941_0_3 4 4 6 5 8 1 2 1 4 4 1 3 3 3 2 3 27 12 13 13 13 13 13 13 13 13 13 13 13 13 13 14 13 13 14 13 12 13 13 13 13 13 13 13 13 13 13 13 13 13 13 12 13 14 13 13 14 13 13 13 13 13 13 13 13 13 13 13 13 13 12
942_0_3 4 4 6 5 8 1 3 1 3 3 2 2 5 3 2 2 27 12 13 14 13 12 13 13 13 13 14 13 13 13 13 13 13 13 13 13 13 13 13 13 13 13 13 13 13 13 13 13 13 13 13 13 13 13 13 13 13 13 13 13 13 14 13 13 13 13 12 13 14 13 12
943_1_1 4 5 4 8 6 0 3 4 1 3 2 4 3 3 2 2 27 12 13 12 13 13 14 13 13 13 13 14 13 13 13 13 13 13 13 13 13 13 13 13 13 13 13 13 13 13 13 13 13 13 13 13 13 13 13 13 13 13 13 13 14 13 13 13 13 14 13 13 12 13 12
944_1_3 4 4 8 5 6 1 3 2 2 2 3 1 3 5 2 3 27 12 13 13 13 13 13 13 13 14 13 13 13 13 13 13 13 13 14 13 13 12 13 13 13 13 13 13 13 13 13 13 13 13 12 13 13 14 13 13 13 13 13 13 13 13 14 13 13 13 13 13 13 13 12
946_1_1 3 7 5 7 5 1 1 3 3 4 1 4 3 2 3 2 27 12 13 13 13 13 13 13 13 13 13 13 13 14 13 13 12 13 13 13 13 13 13 14 13 13 13 13 13 13 13 13 14 13 13 13 13 13 13 12 13 13 14 13 13 13 13 13 13 13 13 13 13 13 12
948_0_3 3 5 7 5 7 1 3 2 2 2 3 1 3 5 2 3 27 12 13 13 13 13 13 13 13 13 13 13 13 14 13 13 13 13 14 13 13 12 13 13 13 13 13 13 13 13 13 13 13 13 12 13 13 14 13 13 13 13 14 13 13 13 13 13 13 13 13 13 13 13 12
949_1_1 3 6 7 5 6 0 3 3 3 2 3 3 4 2 1 3 27 12 14 13 13 13 13 13 13 14 13 13 13 13 13 12 13 13 13 13 13 13 13 13 13 13 13 13 13 13 13 13 13 13 13 13 13 13 13 13 12 13 13 13 13 13 14 13 13 13 13 13 13 14 12
950_0_7 4 5 4 6 8 1 2 4 3 1 4 2 4 2 2 2 27 12 13 13 13 13 14 13 13 14 13 13 13 13 13 13 13 13 13 13 13 13 13 12 13 13 13 13 13 13 13 13 12 13 13 13 13 13 13 13 13 13 13 13 13 13 14 13 13 14 13 13 13 13 12
950_1_7 4 5 4 8 6 1 2 4 3 1 4 2 4 2 2 2 27 12 13 13 13 13 14 13 13 14 13 13 13 13 13 13 13 13 13 13 13 13 13 12 13 13 13 13 13 13 13 13 12 13 13 13 13 13 13 13 13 13 13 13 13 13 14 13 13 14 13 13 13 13 12
951_1_3 4 5 4 8 6 1 3 2 2 2 3 1 3 5 2 3 27 12 13 13 13 13 13 13 13 14 13 13 13 13 13 13 13 13 13 13 13 13 13 12 13 13 14 13 13 14 13 13 12 13 13 13 13 13 13 13 13 13 13 13 13 13 14 13 13 13 13 13 13 13 12
952_1_3 4 4 8 5 6 1 4 2 1 4 3 4 2 2 2 2 27 12 13 13 12 13 13 13 14 13 13 13 13 13 13 13 13 13 13 14 13 13 13 13 13 13 13 13 13 13 13 13 13 13 13 13 14 13 13 13 13 13 13 13 13 13 13 14 13 13 13 12 13 13 12
953_1_3 4 4 8 5 6 1 2 2 5 2 2 4 2 3 2 2 27 12 13 14 13 13 13 13 13 14 13 13 13 13 13 13 13 13 13 13 13 13 13 13 13 13 12 13 13 12 13 13 13 13 13 13 13 13 13 13 13 13 13 13 13 13 14 13 13 13 13 13 14 13 12
955_1_1 4 4 8 5 6 1 2 2 5 1 2 4 3 3 2 2 27 12 13 13 13 13 13 14 13 13 13 14 13 13 13 13 13 13 13 13 13 13 13 13 12 13 13 13 13 13 13 12 13 13 13 13 13 13 13 13 13 13 13 13 14 13 13 13 14 13 13 13 13 13 12
957_0_3 4 5 4 6 8 1 2 4 2 4 3 2 2 1 4 2 27 12 13 13 13 13 13 13 13 13 13 13 13 12 13 13 13 13 13 14 13 13 13 13 13 13 14 13 13 14 13 13 13 13 13 13 14 13 13 13 13 13 12 13 13 13 13 13 13 13 13 13 13 13 12
958_1_1 4 4 8 5 6 0 4 3 3 3 3 1 3 3 2 2 27 12 13 13 13 14 13 13 13 13 13 13 13 13 13 13 13 14 13 13 13 13 13 13 13 12 13 13 13 13 12 13 13 13 13 13 13 13 14 13 13 13 13 13 13 13 13 13 13 13 14 13 13 13 12
960_0_3 3 5 7 5 7 1 3 1 3 3 4 3 2 1 4 2 27 12 13 14 13 13 13 13 13 13 13 13 13 13 13 13 13 14 13 13 13 13 13 13 13 13 12 13 13 12 13 13 13 13 13 13 13 13 14 13 13 13 13 13 13 13 13 13 13 13 13 13 14 13 12
961_1_1 4 4 8 5 6 0 3 1 3 3 3 3 2 3 4 2 27 12 13 13 12 13 13 13 14 13 13 13 13 13 13 13 13 13 13 13 13 14 13 13 13 13 13 13 13 13 13 13 13 13 14 13 13 13 13 13 13 13 13 13 13 13 13 14 13 13 13 12 13 13 12
963_0_3 3 5 8 5 6 1 2 2 5 2 2 4 2 3 2 2 27 12 13 13 13 13 13 12 13 13 13 13 13 13 14 13 13 13 13 13 14 13 13 13 13 13 13 13 13 13 13 13 13 13 13 14 13 13 13 13 13 14 13 13 13 13 13 13 12 13 13 13 13 13 12
964_0_3 3 6 5 7 6 1 2 4 2 4 3 2 2 1 4 2 27 12 13 13 13 13 13 14 13 13 13 13 13 13 14 13 13 13 13 13 12 13 13 13 13 13 13 13 13 13 13 13 13 13 13 12 13 13 13 13 13 14 13 13 13 13 13 13 14 13 13 13 13 13 12
965_1_1 3 6 7 5 6 1 1 3 3 4 2 3 3 1 4 2 27 12 13 13 13 13 14 13 13 13 13 13 14 13 13 12 13 13 13 13 13 13 13 13 13 13 13 13 13 13 13 13 13 13 13 13 13 13 13 13 12 13 13 14 13 13 13 13 13 14 13 13 13 13 12
967_1_1 4 4 8 5 6 1 1 3 3 4 2 3 3 1 4 2 27 12 13 13 13 13 14 13 13 13 13 13 14 13 13 13 13 13 13 13 13 13 13 13 13 13 12 13 13 12 13 13 13 13 13 13 13 13 13 13 13 13 13 14 13 13 13 13 13 14 13 13 13 13 12
969_0_3 3 6 5 7 6 1 3 1 3 2 1 4 4 3 2 3 27 12 14 13 13 12 13 13 13 13 13 13 13 13 13 13 13 13 13 13 13 13 13 13 14 13 13 13 13 13 13 14 13 13 13 13 13 13 13 13 13 13 13 13 13 13 13 13 13 13 12 13 13 14 12
970_1_1 3 6 7 5 6 1 1 5 2 4 3 2 2 2 3 2 27 12 14 13 13 13 13 13 13 13 13 14 13 13 13 13 13 13 13 13 13 13 13 13 13 12 13 13 13 13 12 13 13 13 13 13 13 13 13 13 13 13 13 13 14 13 13 13 13 13 13 13 13 14 12
972_0_3 3 6 5 7 6 0 3 2 4 2 2 4 2 3 3 2 27 12 14 13 13 13 13 13 13 13 12 13 13 13 13 13 14 13 13 13 13 13 13 13 13 13 13 13 13 13 13 13 13 13 13 13 13 13 13 14 13 13 13 13 13 12 13 13 13 13 13 13 13 14 12
972_1_3 3 6 7 5 6 0 3 2 4 2 2 4 2 3 3 2 27 12 14 13 13 13 13 13 13 13 12 13 13 13 13 13 14 13 13 13 13 13 13 13 13 13 13 13 13 13 13 13 13 13 13 13 13 13 13 14 13 13 13 13 13 12 13 13 13 13 13 13 13 14 12
973_1_1 3 6 5 8 5 1 1 4 1 3 3 2 3 3 4 2 27 12 13 13 13 13 13 13 13 13 13 13 13 12 13 13 13 13 13 13 14 13 13 13 13 13 14 13 13 14 13 13 13 13 13 14 13 13 13 13 13 13 12 13 13 13 13 13 13 13 13 13 13 13 12
974_1_3 4 5 4 8 6 1 2 3 5 1 3 3 2 3 2 2 27 12 13 12 13 13 14 13 13 13 13 13 13 13 14 13 13 13 13 13 13 13 13 13 13 13 13 13 13 13 13 13 13 13 13 13 13 13 13 13 13 14 13 13 13 13 13 13 13 14 13 13 12 13 12
975_1_3 4 5 4 8 6 1 4 2 1 4 3 4 2 2 2 2 27 12 13 13 13 13 13 12 13 13 13 13 13 13 14 13 13 13 13 14 13 13 13 13 13 13 13 13 13 13 13 13 13 13 13 13 14 13 13 13 13 14 13 13 13 13 13 13 12 13 13 13 13 13 12
976_1_3 4 4 8 5 6 1 1 5 2 3 3 2 3 2 3 2 27 12 13 13 13 13 13 13 14 13 13 13 13 13 13 13 14 13 13 13 13 12 13 13 13 13 13 13 13 13 13 13 13 13 12 13 13 13 13 14 13 13 13 13 13 13 13 14 13 13 13 13 13 13 12
977_1_3 4 4 8 5 6 1 2 3 5 1 3 3 2 3 2 2 27 12 13 13 13 14 13 13 14 13 13 13 13 13 13 13 13 13 13 13 13 13 13 13 13 12 13 13 13 13 12 13 13 13 13 13 13 13 13 13 13 13 13 13 13 13 13 14 13 13 14 13 13 13 12
979_0_3 4 4 7 5 7 1 3 1 3 4 4 1 3 2 3 2 27 12 14 13 13 13 13 13 13 13 13 13 13 13 13 13 13 13 14 13 13 13 13 13 13 12 13 13 13 13 12 13 13 13 13 13 13 14 13 13 13 13 13 13 13 13 13 13 13 13 13 13 13 14 12
979_2_3 4 8 5 5 5 1 3 1 3 4 4 1 3 2 3 2 27 12 14 13 13 13 13 13 13 13 13 13 13 13 13 13 13 13 14 13 13 13 13 13 13 12 13 13 13 13 12 13 13 13 13 13 13 14 13 13 13 13 13 13 13 13 13 13 13 13 13 13 13 14 12
981_0_3 3 5 8 5 6 1 4 2 1 4 3 4 2 2 2 2 27 12 13 13 13 13 13 12 13 13 13 13 13 13 14 13 13 13 13 13 13 13 13 13 13 14 13 13 13 13 14 13 13 13 13 13 13 13 13 13 13 14 13 13 13 13 13 13 12 13 13 13 13 13 12
982_1_1 3 6 7 5 6 0 3 3 3 3 4 1 3 2 3 2 27 12 13 13 13 13 13 13 13 13 13 13 13 14 13 12 13 13 13 13 13 13 13 13 13 13 14 13 13 14 13 13 13 13 13 13 13 13 13 13 12 13 14 13 13 13 13 13 13 13 13 13 13 13 12
983_1_3 3 6 5 8 5 1 2 1 4 4 1 3 3 3 2 3 27 12 13 13 13 13 13 13 13 13 13 13 13 12 13 14 13 13 13 13 13 13 13 13 13 13 14 13 13 14 13 13 13 13 13 13 13 13 13 13 14 13 12 13 13 13 13 13 13 13 13 13 13 13 12
984_1_3 3 6 7 5 6 1 3 2 3 1 3 5 2 3 2 2 27 12 13 13 13 12 13 13 13 13 13 13 13 14 13 13 13 13 13 13 13 13 13 13 13 13 14 13 13 14 13 13 13 13 13 13 13 13 13 13 13 13 14 13 13 13 13 13 13 13 12 13 13 13 12
986_0_3 3 6 5 7 6 1 3 1 3 4 4 1 3 2 3 2 27 12 13 13 13 13 13 13 13 14 13 13 13 13 13 13 13 13 14 13 13 13 13 13 13 12 13 13 13 13 12 13 13 13 13 13 13 14 13 13 13 13 13 13 13 13 14 13 13 13 13 13 13 13 12
987_0_3 4 4 6 5 8 0 4 3 4 2 2 3 2 2 3 2 27 12 13 13 13 13 14 13 13 12 13 13 13 13 13 13 13 13 14 13 13 13 13 13 13 13 13 13 13 13 13 13 13 13 13 13 13 14 13 13 13 13 13 13 13 13 12 13 13 14 13 13 13 13 12
987_1_3 4 4 8 5 6 0 4 3 4 2 2 3 2 2 3 2 27 12 13 13 13 13 14 13 13 12 13 13 13 13 13 13 13 13 14 13 13 13 13 13 13 13 13 13 13 13 13 13 13 13 13 13 13 14 13 13 13 13 13 13 13 13 12 13 13 14 13 13 13 13 12
988_1_1 3 6 7 5 6 1 1 4 1 3 3 2 3 3 4 2 27 12 13 13 13 13 13 14 13 13 13 13 13 13 14 13 13 13 13 13 13 13 13 13 13 12 13 13 13 13 12 13 13 13 13 13 13 13 13 13 13 14 13 13 13 13 13 13 14 13 13 13 13 13 12
991_0_1 3 5 8 5 6 0 3 3 2 2 1 4 3 3 3 3 27 12 13 13 13 14 13 13 13 13 13 13 13 12 13 13 13 13 13 13 13 13 13 13 13 13 14 13 13 14 13 13 13 13 13 13 13 13 13 13 13 13 12 13 13 13 13 13 13 13 14 13 13 13 12
991_1_1 3 6 5 8 5 0 3 3 2 2 1 4 3 3 3 3 27 12 13 13 13 14 13 13 13 13 13 13 13 12 13 13 13 13 13 13 13 13 13 13 13 13 14 13 13 14 13 13 13 13 13 13 13 13 13 13 13 13 12 13 13 13 13 13 13 13 14 13 13 13 12
992_0_1 3 5 7 5 7 1 2 4 2 4 3 2 1 3 2 3 27 12 14 13 13 13 13 13 13 13 13 12 13 13 13 13 13 14 13 13 13 13 13 13 13 13 13 13 13 13 13 13 13 13 13 13 13 13 14 13 13 13 13 13 12 13 13 13 13 13 13 13 13 14 12
994_0_1 4 4 6 5 8 1 3 1 3 4 1 3 3 4 2 2 27 12 13 13 13 13 13 14 13 13 12 13 13 13 13 13 13 13 13 13 14 13 13 13 13 13 13 13 13 13 13 13 13 13 13 14 13 13 13 13 13 13 13 13 13 12 13 13 14 13 13 13 13 13 12
995_0_1 3 6 5 7 6 1 1 4 1 3 3 2 3 3 4 2 27 12 13 13 13 13 13 14 13 13 13 13 13 13 13 13 13 13 13 13 12 13 13 13 14 13 13 13 13 13 13 14 13 13 13 12 13 13 13 13 13 13 13 13 13 13 13 13 14 13 13 13 13 13 12
996_1_1 3 6 7 5 6 0 3 4 2 4 2 3 2 3 2 2 27 12 14 13 13 13 13 13 13 14 13 13 13 13 13 13 13 13 13 13 13 13 13 13 13 12 13 13 13 13 12 13 13 13 13 13 13 13 13 13 13 13 13 13 13 13 14 13 13 13 13 13 13 14 12
998_0_1 3 6 5 7 6 1 2 1 4 3 2 2 5 2 3 2 27 12 14 13 13 12 13 13 13 13 13 14 13 13 13 13 13 13 13 13 13 13 13 13 13 13 13 13 13 13 13 13 13 13 13 13 13 13 13 13 13 13 13 13 14 13 13 13 13 13 12 13 13 14 12
1000_0_1 4 4 6 5 8 0 3 2 4 2 2 4 3 2 3 2 27 12 13 13 12 13 13 13 14 13 13 13 13 13 14 13 13 13 13 13 13 13 13 13 13 13 13 13 13 13 13 13 13 13 13 13 13 13 13 13 13 14 13 13 13 13 13 14 13 13 13 12 13 13 12
1001_0_1 4 4 6 5 8 0 3 3 2 4 2 3 2 3 3 2 27 12 13 13 13 13 13 13 14 13 13 12 13 13 13 13 14 13 13 13 13 13 13 13 13 13 13 13 13 13 13 13 13 13 13 13 13 13 13 14 13 13 13 13 12 13 13 14 13 13 13 13 13 13 12
1002_0_1 3 6 5 7 6 0 4 3 3 3 3 1 2 2 3 3 27 12 13 13 13 13 13 13 13 13 12 13 13 13 13 13 13 14 13 14 13 13 13 13 13 13 13 13 13 13 13 13 13 13 13 13 14 13 14 13 13 13 13 13 13 12 13 13 13 13 13 13 13 13 12
1003_0_1 4 5 4 6 8 0 3 3 3 4 2 3 1 2 3 3 27 12 13 12 13 13 14 13 13 13 13 13 13 13 13 13 13 13 13 14 13 13 13 13 13 13 13 13 13 13 13 13 13 13 13 13 14 13 13 13 13 13 13 13 13 13 13 13 13 14 13 13 12 13 12
1004_0_1 3 6 5 7 6 1 1 4 1 3 3 2 3 3 4 2 27 12 13 13 13 13 13 13 13 13 13 13 13 14 13 13 13 13 13 13 12 13 13 13 13 13 14 13 13 14 13 13 13 13 13 12 13 13 13 13 13 13 14 13 13 13 13 13 13 13 13 13 13 13 12
1005_2_1 4 8 5 5 5 1 1 4 1 3 3 2 3 3 4 2 27 12 14 13 13 13 13 14 13 13 13 13 13 13 13 13 13 13 13 13 12 13 13 13 13 13 13 13 13 13 13 13 13 13 13 12 13 13 13 13 13 13 13 13 13 13 13 13 14 13 13 13 13 14 12
1006_1_3 3 6 7 5 6 1 2 3 5 1 3 3 2 3 2 2 27 12 14 13 13 13 14 13 13 13 13 13 13 13 13 13 13 13 13 13 12 13 13 13 13 13 13 13 13 13 13 13 13 13 13 12 13 13 13 13 13 13 13 13 13 13 13 13 13 14 13 13 13 14 12
1007_1_3 4 5 5 5 8 1 2 5 2 4 2 2 2 2 3 2 27 12 14 13 13 13 13 13 13 13 13 13 13 13 13 13 13 14 13 13 13 13 13 13 13 12 13 13 13 13 12 13 13 13 13 13 13 13 14 13 13 13 13 13 13 13 13 13 13 13 13 13 13 14 12
1008_1_1 3 6 7 5 6 0 3 3 3 3 4 1 3 2 3 2 27 12 13 13 13 13 13 14 13 13 13 13 13 13 13 12 13 13 13 13 13 13 13 13 14 13 13 13 13 13 13 14 13 13 13 13 13 13 13 13 12 13 13 13 13 13 13 13 14 13 13 13 13 13 12
1010_1_1 4 5 5 5 8 0 3 3 3 3 4 1 3 2 3 2 27 12 14 13 13 13 13 13 14 13 13 13 13 13 13 13 13 13 13 13 13 13 13 13 13 12 13 13 13 13 12 13 13 13 13 13 13 13 13 13 13 13 13 13 13 13 13 14 13 13 13 13 13 14 12
1011_0_5 4 4 7 5 7 0 4 2 2 2 3 2 4 3 3 2 27 12 14 13 13 13 13 13 13 13 12 13 13 13 13 13 13 14 13 13 13 13 13 13 13 13 13 13 13 13 13 13 13 13 13 13 13 13 14 13 13 13 13 13 13 12 13 13 13 13 13 13 13 14 12
1011_1_5 4 5 5 5 8 0 4 2 2 2 3 2 4 3 3 2 27 12 14 13 13 13 13 13 13 13 12 13 13 13 13 13 13 14 13 13 13 13 13 13 13 13 13 13 13 13 13 13 13 13 13 13 13 13 14 13 13 13 13 13 13 12 13 13 13 13 13 13 13 14 12
1011_2_5 4 8 5 5 5 0 4 2 2 2 3 2 4 3 3 2 27 12 14 13 13 13 13 13 13 13 12 13 13 13 13 13 13 14 13 13 13 13 13 13 13 13 13 13 13 13 13 13 13 13 13 13 13 13 14 13 13 13 13 13 13 12 13 13 13 13 13 13 13 14 12
1013_0_1 4 4 6 5 8 1 3 3 2 5 2 2 2 3 2 2 27 12 14 13 13 13 13 13 14 13 13 13 13 13 13 13 13 13 13 13 13 13 12 13 13 13 13 13 13 13 13 13 13 12 13 13 13 13 13 13 13 13 13 13 13 13 13 14 13 13 13 13 13 14 12
1014_2_1 4 8 5 5 5 0 3 2 4 2 3 3 3 2 4 1 27 12 14 13 13 13 13 13 13 13 13 13 13 13 13 12 13 13 13 13 13 13 14 13 13 13 13 13 13 13 13 13 13 14 13 13 13 13 13 13 12 13 13 13 13 13 13 13 13 13 13 13 13 14 12
1015_1_3 3 6 7 5 6 1 1 4 3 2 4 2 3 2 3 2 27 13 13 13 13 12 13 13 13 13 13 12 13 13 13 13 13 13 14 14 13 13 13 13 13 13 13 13 13 13 13 13 13 13 13 13 14 14 13 13 13 13 13 13 12 13 13 13 13 13 12 13 13 13 13
1017_1_1 4 4 8 5 6 1 3 5 2 3 2 3 2 2 2 2 27 13 13 13 13 12 13 13 13 13 14 12 13 13 13 13 13 13 14 13 13 13 13 13 13 13 13 13 13 13 13 13 13 13 13 13 13 14 13 13 13 13 13 13 12 14 13 13 13 13 12 13 13 13 13
1019_1_1 4 4 8 5 6 1 1 4 1 3 3 2 3 3 4 2 27 12 13 13 13 13 13 14 13 14 13 13 13 13 13 13 13 13 13 13 13 13 13 13 12 13 13 13 13 13 13 12 13 13 13 13 13 13 13 13 13 13 13 13 13 13 14 13 14 13 13 13 13 13 12
1020_1_3 4 4 8 5 6 1 3 2 3 1 3 5 2 3 2 2 27 12 14 13 13 12 13 13 13 13 13 13 13 13 13 14 13 13 13 13 13 13 13 13 13 13 13 13 13 13 13 13 13 13 13 13 13 13 13 13 14 13 13 13 13 13 13 13 13 13 12 13 13 14 12
1022_0_3 3 5 7 5 7 1 3 2 2 2 3 1 3 5 2 3 27 12 13 13 13 13 13 14 13 13 13 13 13 14 13 13 13 13 13 13 13 12 13 13 13 13 13 13 13 13 13 13 13 13 12 13 13 13 13 13 13 13 14 13 13 13 13 13 14 13 13 13 13 13 12
1023_0_3 4 4 6 5 8 0 3 2 4 2 2 4 2 3 3 2 27 12 13 13 13 13 13 13 13 13 13 13 13 14 13 13 14 13 13 13 13 12 13 13 13 13 13 13 13 13 13 13 13 13 12 13 13 13 13 14 13 13 14 13 13 13 13 13 13 13 13 13 13 13 12
1023_1_3 4 4 8 5 6 0 3 2 4 2 2 4 2 3 3 2 27 12 13 13 13 13 13 13 13 13 13 13 13 14 13 13 14 13 13 13 13 12 13 13 13 13 13 13 13 13 13 13 13 13 12 13 13 13 13 14 13 13 14 13 13 13 13 13 13 13 13 13 13 13 12
1024_0_3 4 4 6 5 8 1 3 1 3 4 4 1 3 2 3 2 27 12 13 13 13 13 13 13 13 13 13 13 13 14 13 13 13 13 13 12 13 13 13 13 13 13 14 13 13 14 13 13 13 13 13 13 12 13 13 13 13 13 14 13 13 13 13 13 13 13 13 13 13 13 12
1025_1_1 4 4 8 5 6 1 2 4 2 4 3 2 1 3 2 3 27 12 14 13 13 13 13 13 13 13 13 13 13 13 13 13 13 14 13 13 13 13 12 13 13 13 13 13 13 13 13 13 13 12 13 13 13 13 14 13 13 13 13 13 13 13 13 13 13 13 13 13 13 14 12
1026_1_3 3 7 5 7 5 1 2 3 5 1 3 3 2 3 2 2 27 12 13 14 13 13 13 13 13 13 13 13 13 13 13 13 13 14 13 12 13 13 13 13 13 13 13 13 13 13 13 13 13 13 13 13 12 13 14 13 13 13 13 13 13 13 13 13 13 13 13 13 14 13 12
1027_1_3 4 4 8 5 6 1 2 1 4 4 1 3 3 3 2 3 27 12 13 13 14 13 13 13 13 12 13 13 13 13 13 13 13 13 14 13 13 13 13 13 13 13 13 13 13 13 13 13 13 13 13 13 13 14 13 13 13 13 13 13 13 13 12 13 13 13 13 14 13 13 12
1028_1_3 4 4 8 5 6 1 3 1 3 2 1 4 4 3 2 3 27 12 14 13 13 12 13 13 13 13 13 13 13 13 13 13 13 13 13 13 14 13 13 13 13 13 13 13 13 13 13 13 13 13 13 14 13 13 13 13 13 13 13 13 13 13 13 13 13 13 12 13 13 14 12
1029_1_3 3 6 5 8 5 1 2 5 2 4 2 2 2 2 3 2 27 12 13 12 13 13 14 13 13 13 13 13 13 13 13 13 13 13 13 13 14 13 13 13 13 13 13 13 13 13 13 13 13 13 13 14 13 13 13 13 13 13 13 13 13 13 13 13 13 14 13 13 12 13 12
1031_0_3 4 4 6 5 8 1 2 2 3 5 1 3 3 3 2 2 27 12 13 13 12 13 13 13 13 13 13 13 13 14 13 13 13 13 13 13 13 14 13 13 13 13 13 13 13 13 13 13 13 13 14 13 13 13 13 13 13 13 14 13 13 13 13 13 13 13 13 12 13 13 12
1032_1_1 4 4 8 5 6 1 3 1 4 3 1 3 4 3 2 2 27 12 13 13 13 13 13 13 13 13 13 13 13 13 13 13 13 14 13 14 13 13 13 13 12 13 13 13 13 13 13 12 13 13 13 13 14 13 14 13 13 13 13 13 13 13 13 13 13 13 13 13 13 13 12
1033_1_3 4 4 8 5 6 1 4 2 1 4 3 4 2 2 2 2 27 12 13 14 13 13 13 13 13 13 13 13 13 13 14 13 13 13 13 13 13 13 13 13 13 13 12 13 13 12 13 13 13 13 13 13 13 13 13 13 13 14 13 13 13 13 13 13 13 13 13 13 14 13 12
1035_0_3 4 4 6 5 8 1 3 1 3 3 2 2 5 3 2 2 27 12 13 13 13 12 13 13 14 13 14 13 13 13 13 13 13 13 13 13 13 13 13 13 13 13 13 13 13 13 13 13 13 13 13 13 13 13 13 13 13 13 13 13 13 14 13 14 13 13 12 13 13 13 12
1036_1_1 4 4 8 5 6 1 3 3 2 5 2 2 2 3 2 2 27 12 14 13 13 13 13 13 13 13 13 12 13 13 13 13 13 13 13 14 13 13 13 13 13 13 13 13 13 13 13 13 13 13 13 13 14 13 13 13 13 13 13 13 12 13 13 13 13 13 13 13 13 14 12
1037_1_3 4 5 4 8 6 1 2 3 5 1 3 3 2 3 2 2 27 12 13 13 13 13 13 13 12 13 13 13 13 13 14 13 14 13 13 13 13 13 13 13 13 13 13 13 13 13 13 13 13 13 13 13 13 13 13 14 13 14 13 13 13 13 13 12 13 13 13 13 13 13 12
1038_1_3 4 5 4 8 6 1 3 1 3 3 4 3 2 1 4 2 27 12 13 13 13 13 13 12 13 13 13 13 13 13 14 13 14 13 13 13 13 13 13 13 13 13 13 13 13 13 13 13 13 13 13 13 13 13 13 14 13 14 13 13 13 13 13 13 12 13 13 13 13 13 12
1039_1_3 4 4 8 5 6 1 3 1 3 3 2 2 5 3 2 2 27 12 13 13 13 13 13 13 13 13 13 13 13 13 13 13 12 13 13 14 13 13 13 14 13 13 13 13 13 13 13 13 14 13 13 13 14 13 13 12 13 13 13 13 13 13 13 13 13 13 13 13 13 13 12
1040_1_3 4 5 5 5 8 1 3 2 3 1 3 5 2 3 2 2 27 12 14 13 13 12 13 13 13 13 13 13 13 13 13 13 13 13 14 13 13 13 13 13 13 13 13 13 13 13 13 13 13 13 13 13 13 14 13 13 13 13 13 13 13 13 13 13 13 13 12 13 13 14 12
1041_1_1 4 4 8 5 6 0 3 3 2 1 3 3 4 3 2 3 27 12 13 13 13 14 13 13 13 13 13 13 14 13 13 13 13 13 13 13 13 13 13 13 13 12 13 13 13 13 12 13 13 13 13 13 13 13 13 13 13 13 13 14 13 13 13 13 13 13 14 13 13 13 12
1042_0_7 4 4 6 5 8 1 3 1 3 2 3 2 2 3 5 2 27 12 13 13 13 13 13 13 13 12 13 13 13 13 13 13 14 13 14 13 13 13 13 13 13 13 13 13 13 13 13 13 13 13 13 13 13 14 13 14 13 13 13 13 13 13 12 13 13 13 13 13 13 13 12
1042_1_7 4 4 8 5 6 1 3 1 3 2 3 2 2 3 5 2 27 12 13 13 13 13 13 13 13 12 13 13 13 13 13 13 14 13 14 13 13 13 13 13 13 13 13 13 13 13 13 13 13 13 13 13 13 14 13 14 13 13 13 13 13 13 12 13 13 13 13 13 13 13 12
1043_1_3 4 4 8 5 6 1 3 2 3 1 3 5 2 3 2 2 27 12 13 13 13 13 13 14 13 13 13 13 13 13 13 13 12 13 13 13 13 13 13 13 14 13 13 13 13 13 13 14 13 13 13 13 13 13 13 12 13 13 13 13 13 13 13 13 14 13 13 13 13 13 12
1044_1_3 4 4 8 5 6 1 2 2 5 2 2 4 2 3 2 2 27 12 13 14 13 13 13 13 13 13 13 13 13 13 13 13 13 13 13 13 13 13 13 13 14 13 12 13 13 12 13 14 13 13 13 13 13 13 13 13 13 13 13 13 13 13 13 13 13 13 13 13 14 13 12
1045_1_3 4 4 8 5 6 1 2 5 2 4 2 2 2 2 3 2 27 12 13 13 13 14 13 13 13 13 13 13 13 14 13 13 13 13 13 13 13 13 13 13 13 12 13 13 13 13 12 13 13 13 13 13 13 13 13 13 13 13 14 13 13 13 13 13 13 13 14 13 13 13 12
1046_0_7 3 6 5 7 6 1 2 4 3 4 1 3 3 2 1 3 27 12 14 13 13 12 13 13 13 13 13 13 13 13 14 13 13 13 13 13 13 13 13 13 13 13 13 13 13 13 13 13 13 13 13 13 13 13 13 13 13 14 13 13 13 13 13 13 13 13 12 13 13 14 12
1046_1_7 3 6 7 5 6 1 2 4 3 4 1 3 3 2 1 3 27 12 14 13 13 12 13 13 13 13 13 13 13 13 14 13 13 13 13 13 13 13 13 13 13 13 13 13 13 13 13 13 13 13 13 13 13 13 13 13 13 14 13 13 13 13 13 13 13 13 12 13 13 14 12
1048_1_1 4 4 8 5 6 1 2 4 2 4 3 2 1 3 2 3 27 12 14 13 13 13 14 13 13 13 13 12 13 13 13 13 13 13 13 13 13 13 13 13 13 13 13 13 13 13 13 13 13 13 13 13 13 13 13 13 13 13 13 13 12 13 13 13 13 14 13 13 13 14 12
1049_1_3 4 5 5 5 8 1 3 2 2 2 3 1 3 5 2 3 27 12 14 13 13 13 13 13 13 13 12 13 13 13 13 13 13 13 14 13 13 13 13 13 13 13 13 13 13 13 13 13 13 13 13 13 13 14 13 13 13 13 13 13 13 12 13 13 13 13 13 13 13 14 12
1050_0_3 3 6 5 7 6 1 2 3 5 1 3 3 2 3 2 2 27 12 13 13 13 13 13 13 13 13 12 13 13 13 13 13 14 13 13 13 13 13 13 14 13 13 13 13 13 13 13 13 14 13 13 13 13 13 13 14 13 13 13 13 13 12 13 13 13 13 13 13 13 13 12
1051_0_3 3 5 6 6 7 1 1 4 3 2 4 2 3 2 3 2 27 13 13 13 13 12 13 13 13 13 13 13 13 13 13 13 13 13 14 14 13 13 12 13 13 13 13 13 13 13 13 13 13 12 13 13 14 14 13 13 13 13 13 13 13 13 13 13 13 13 12 13 13 13 13
1052_0_3 4 4 6 5 8 1 2 1 4 2 2 3 3 2 4 3 27 12 13 14 13 13 14 13 13 13 13 12 13 13 13 13 13 13 13 13 13 13 13 13 13 13 13 13 13 13 13 13 13 13 13 13 13 13 13 13 13 13 13 13 12 13 13 13 13 14 13 13 14 13 12
1053_1_1 4 4 8 5 6 0 3 3 3 3 4 1 3 2 3 2 27 12 13 13 12 13 13 13 13 13 13 13 13 14 13 13 13 13 13 13 13 13 13 13 13 13 14 13 13 14 13 13 13 13 13 13 13 13 13 13 13 13 14 13 13 13 13 13 13 13 13 12 13 13 12
1054_0_7 4 5 4 6 8 1 3 1 3 2 3 2 2 3 5 2 27 12 13 13 13 13 14 13 13 13 13 13 13 12 13 13 13 13 13 13 13 13 13 13 13 13 14 13 13 14 13 13 13 13 13 13 13 13 13 13 13 13 12 13 13 13 13 13 13 14 13 13 13 13 12
1054_1_7 4 5 4 8 6 1 3 1 3 2 3 2 2 3 5 2 27 12 13 13 13 13 14 13 13 13 13 13 13 12 13 13 13 13 13 13 13 13 13 13 13 13 14 13 13 14 13 13 13 13 13 13 13 13 13 13 13 13 12 13 13 13 13 13 13 14 13 13 13 13 12
1055_1_3 3 6 7 5 6 1 2 3 5 1 3 3 2 3 2 2 27 12 13 13 13 13 13 13 13 13 13 13 13 13 13 13 13 14 13 14 13 13 13 13 13 12 13 13 13 13 12 13 13 13 13 13 14 13 14 13 13 13 13 13 13 13 13 13 13 13 13 13 13 13 12
1057_0_3 4 4 7 5 7 1 2 2 3 5 1 3 3 3 2 2 27 12 14 13 13 13 13 13 13 13 13 13 13 13 13 12 13 13 13 13 13 13 13 14 13 13 13 13 13 13 13 13 14 13 13 13 13 13 13 13 12 13 13 13 13 13 13 13 13 13 13 13 13 14 12
1057_2_3 4 8 5 5 5 1 2 2 3 5 1 3 3 3 2 2 27 12 14 13 13 13 13 13 13 13 13 13 13 13 13 12 13 13 13 13 13 13 13 14 13 13 13 13 13 13 13 13 14 13 13 13 13 13 13 13 12 13 13 13 13 13 13 13 13 13 13 13 13 14 12
1059_0_1 4 4 7 5 7 1 1 3 2 4 1 3 4 3 2 3 27 12 14 13 13 13 13 13 14 13 13 13 13 13 13 12 13 13 13 13 13 13 13 13 13 13 13 13 13 13 13 13 13 13 13 13 13 13 13 13 12 13 13 13 13 13 13 14 13 13 13 13 13 14 12
1059_2_1 4 8 5 5 5 1 1 3 2 4 1 3 4 3 2 3 27 12 14 13 13 13 13 13 14 13 13 13 13 13 13 12 13 13 13 13 13 13 13 13 13 13 13 13 13 13 13 13 13 13 13 13 13 13 13 13 12 13 13 13 13 13 13 14 13 13 13 13 13 14 12
1061_0_1 4 4 7 5 7 0 3 3 3 3 4 1 3 2 3 2 27 12 14 13 13 13 13 14 13 13 13 13 13 13 13 12 13 13 13 13 13 13 13 13 13 13 13 13 13 13 13 13 13 13 13 13 13 13 13 13 12 13 13 13 13 13 13 13 14 13 13 13 13 14 12
1062_0_3 4 4 6 5 8 1 3 1 3 3 4 3 2 1 4 2 27 12 13 13 12 13 13 13 13 13 13 13 13 13 13 13 13 14 13 14 13 13 13 13 13 13 13 13 13 13 13 13 13 13 13 13 14 13 14 13 13 13 13 13 13 13 13 13 13 13 13 12 13 13 12
1063_1_1 3 6 7 5 6 0 3 3 3 3 4 1 3 2 3 2 27 12 14 13 13 12 13 13 13 13 13 13 13 13 13 13 14 13 13 13 13 13 13 13 13 13 13 13 13 13 13 13 13 13 13 13 13 13 13 14 13 13 13 13 13 13 13 13 13 13 12 13 13 14 12
1065_1_1 4 5 5 5 8 0 3 3 3 3 4 1 3 2 3 2 27 12 14 13 13 13 13 13 13 13 13 13 13 14 13 13 13 13 13 13 12 13 13 13 13 13 13 13 13 13 13 13 13 13 13 12 13 13 13 13 13 13 14 13 13 13 13 13 13 13 13 13 13 14 12
1066_2_1 4 8 5 5 5 1 2 1 4 3 2 2 5 2 3 2 27 12 14 13 13 12 13 13 13 13 13 13 13 13 13 13 13 13 13 13 13 13 14 13 13 13 13 13 13 13 13 13 13 14 13 13 13 13 13 13 13 13 13 13 13 13 13 13 13 13 12 13 13 14 12
1068_0_3 4 4 6 5 8 1 2 1 4 2 2 3 3 2 4 3 27 12 13 13 13 13 13 13 13 13 13 12 13 13 13 13 13 14 13 14 13 13 13 13 13 13 13 13 13 13 13 13 13 13 13 13 14 13 14 13 13 13 13 13 12 13 13 13 13 13 13 13 13 13 12
1069_0_3 4 4 7 5 7 1 2 1 4 2 4 3 2 2 4 2 27 12 14 13 13 13 13 13 13 13 13 13 13 14 13 13 13 13 13 13 13 13 13 13 13 12 13 13 13 13 12 13 13 13 13 13 13 13 13 13 13 13 14 13 13 13 13 13 13 13 13 13 13 14 12
1069_2_3 4 8 5 5 5 1 2 1 4 2 4 3 2 2 4 2 27 12 14 13 13 13 13 13 13 13 13 13 13 14 13 13 13 13 13 13 13 13 13 13 13 12 13 13 13 13 12 13 13 13 13 13 13 13 13 13 13 13 14 13 13 13 13 13 13 13 13 13 13 14 12
1071_0_3 4 4 6 5 8 1 4 2 1 4 3 4 2 2 2 2 27 12 13 13 13 13 13 13 14 13 13 13 13 13 13 12 13 13 13 13 13 13 13 13 13 14 13 13 13 13 14 13 13 13 13 13 13 13 13 13 12 13 13 13 13 13 13 14 13 13 13 13 13 13 12
1072_1_1 4 4 8 5 6 0 3 3 3 3 4 1 3 2 3 2 27 12 13 13 13 13 13 13 13 13 12 13 13 13 13 13 13 13 13 13 14 13 13 14 13 13 13 13 13 13 13 13 14 13 13 14 13 13 13 13 13 13 13 13 13 12 13 13 13 13 13 13 13 13 12
1074_0_1 4 5 4 6 8 0 3 3 3 3 4 1 3 2 3 2 27 12 13 13 13 13 13 13 13 13 13 13 12 13 13 13 13 13 13 13 13 14 13 13 14 13 13 13 13 13 13 14 13 13 14 13 13 13 13 13 13 13 13 12 13 13 13 13 13 13 13 13 13 13 12
1075_2_1 4 8 5 5 5 0 3 3 3 3 4 1 3 2 3 2 27 12 14 13 13 13 13 13 13 13 12 13 13 13 13 13 13 13 13 13 13 13 13 14 13 13 13 13 13 13 13 13 14 13 13 13 13 13 13 13 13 13 13 13 13 12 13 13 13 13 13 13 13 14 12
1076_1_3 4 4 8 5 6 1 3 1 3 3 2 2 5 3 2 2 27 12 13 13 13 13 12 13 13 13 13 13 14 13 14 13 13 13 13 13 13 13 13 13 13 13 13 13 13 13 13 13 13 13 13 13 13 13 13 13 13 14 13 14 13 13 13 13 13 12 13 13 13 13 12
1077_1_3 4 5 5 5 8 1 3 1 3 4 4 1 3 2 3 2 27 12 14 13 13 13 13 14 13 13 13 13 13 13 13 13 13 13 13 13 13 13 13 13 13 12 13 13 13 13 12 13 13 13 13 13 13 13 13 13 13 13 13 13 13 13 13 13 14 13 13 13 13 14 12
1078_1_1 4 4 8 5 6 1 1 4 1 3 3 2 3 3 4 2 27 12 13 13 13 13 13 13 13 13 13 13 13 14 13 14 13 13 13 13 12 13 13 13 13 13 13 13 13 13 13 13 13 13 13 12 13 13 13 13 14 13 14 13 13 13 13 13 13 13 13 13 13 13 12
1079_1_3 4 4 8 5 6 1 3 1 3 3 4 3 2 1 4 2 27 12 13 13 13 13 13 13 13 13 13 13 13 13 13 13 13 14 13 14 13 13 13 13 13 13 12 13 13 12 13 13 13 13 13 13 14 13 14 13 13 13 13 13 13 13 13 13 13 13 13 13 13 13 12
1080_1_3 4 5 4 8 6 1 3 2 2 2 3 1 3 5 2 3 27 12 13 13 13 13 13 13 13 13 13 13 12 13 13 13 13 13 13 13 13 13 13 13 14 13 14 13 13 14 13 14 13 13 13 13 13 13 13 13 13 13 13 12 13 13 13 13 13 13 13 13 13 13 12
1081_0_7 3 6 5 7 6 1 2 4 3 4 1 3 3 2 1 3 27 12 14 13 13 12 13 13 13 13 13 13 13 13 13 13 13 13 13 14 13 13 13 13 13 13 13 13 13 13 13 13 13 13 13 13 14 13 13 13 13 13 13 13 13 13 13 13 13 13 12 13 13 14 12
1081_1_7 3 6 7 5 6 1 2 4 3 4 1 3 3 2 1 3 27 12 14 13 13 12 13 13 13 13 13 13 13 13 13 13 13 13 13 14 13 13 13 13 13 13 13 13 13 13 13 13 13 13 13 13 14 13 13 13 13 13 13 13 13 13 13 13 13 13 12 13 13 14 12
1082_1_3 4 5 5 5 8 1 3 1 3 2 1 4 4 3 2 3 27 12 14 13 13 12 13 13 13 13 13 13 13 14 13 13 13 13 13 13 13 13 13 13 13 13 13 13 13 13 13 13 13 13 13 13 13 13 13 13 13 13 14 13 13 13 13 13 13 13 12 13 13 14 12
1083_0_3 3 5 7 5 7 1 2 1 4 4 1 3 3 3 2 3 27 12 13 13 13 13 13 14 13 13 13 13 13 13 13 13 13 13 14 13 13 13 13 13 12 13 13 13 13 13 13 12 13 13 13 13 13 14 13 13 13 13 13 13 13 13 13 13 14 13 13 13 13 13 12
1084_1_1 3 7 5 7 5 1 2 3 5 2 2 4 1 3 2 2 27 12 13 14 13 13 13 13 13 13 13 13 13 13 13 13 13 13 13 13 13 13 14 13 13 13 12 13 13 12 13 13 13 14 13 13 13 13 13 13 13 13 13 13 13 13 13 13 13 13 13 13 14 13 12
1085_1_3 3 6 7 5 6 1 2 2 3 5 1 3 3 3 2 2 27 12 13 13 13 13 13 13 13 14 13 13 13 13 13 12 13 13 13 13 13 13 13 14 13 13 13 13 13 13 13 13 14 13 13 13 13 13 13 13 12 13 13 13 13 13 14 13 13 13 13 13 13 13 12
1086_1_3 3 6 5 8 5 1 2 3 5 1 3 3 2 3 2 2 27 12 13 13 13 13 13 13 12 13 13 13 13 13 13 13 14 13 13 13 13 13 13 13 13 14 13 13 13 13 14 13 13 13 13 13 13 13 13 14 13 13 13 13 13 13 13 12 13 13 13 13 13 13 12
1087_1_3 3 6 7 5 6 1 1 5 2 3 3 2 3 2 3 2 27 12 13 14 13 13 14 13 13 13 12 13 13 13 13 13 13 13 13 13 13 13 13 13 13 13 13 13 13 13 13 13 13 13 13 13 13 13 13 13 13 13 13 13 13 12 13 13 13 14 13 13 14 13 12
1089_0_1 4 4 6 5 8 0 3 4 3 2 3 3 3 2 1 3 27 12 13 13 13 13 12 13 13 13 13 13 14 13 13 13 13 13 13 14 13 13 13 13 13 13 13 13 13 13 13 13 13 13 13 13 14 13 13 13 13 13 13 14 13 13 13 13 13 12 13 13 13 13 12
1090_0_1 4 4 6 5 8 1 1 5 3 3 2 3 2 3 1 3 27 12 13 13 13 13 13 13 13 13 12 13 13 13 13 13 13 13 13 13 14 13 14 13 13 13 13 13 13 13 13 13 13 14 13 14 13 13 13 13 13 13 13 13 13 12 13 13 13 13 13 13 13 13 12
1092_0_1 4 4 7 5 7 1 1 5 3 3 2 3 2 3 1 3 27 12 14 13 13 13 13 13 13 13 12 13 13 13 13 13 13 13 13 13 13 13 14 13 13 13 13 13 13 13 13 13 13 14 13 13 13 13 13 13 13 13 13 13 13 12 13 13 13 13 13 13 13 14 12
1093_1_1 4 4 8 5 6 1 1 5 3 3 2 3 2 3 1 3 27 12 13 13 13 13 13 13 13 13 13 14 13 14 13 13 13 13 13 13 13 12 13 13 13 13 13 13 13 13 13 13 13 13 12 13 13 13 13 13 13 13 14 13 14 13 13 13 13 13 13 13 13 13 12
1094_0_7 4 4 6 5 8 1 3 1 3 2 3 2 2 3 5 2 27 12 13 13 13 13 13 13 13 13 13 13 13 13 13 14 13 14 13 13 12 13 13 13 13 13 13 13 13 13 13 13 13 13 13 12 13 13 14 13 14 13 13 13 13 13 13 13 13 13 13 13 13 13 12
1094_1_7 4 4 8 5 6 1 3 1 3 2 3 2 2 3 5 2 27 12 13 13 13 13 13 13 13 13 13 13 13 13 13 14 13 14 13 13 12 13 13 13 13 13 13 13 13 13 13 13 13 13 13 12 13 13 14 13 14 13 13 13 13 13 13 13 13 13 13 13 13 13 12
1095_1_3 3 7 5 7 5 1 2 2 5 2 2 4 2 3 2 2 27 12 13 13 12 13 13 13 14 13 13 13 13 14 13 13 13 13 13 13 13 13 13 13 13 13 13 13 13 13 13 13 13 13 13 13 13 13 13 13 13 13 14 13 13 13 13 14 13 13 13 12 13 13 12
1097_1_1 4 4 8 5 6 0 3 3 3 3 4 1 3 2 3 2 27 12 13 13 13 13 13 13 13 14 13 13 13 13 13 13 13 13 14 13 13 13 13 13 13 13 12 13 13 12 13 13 13 13 13 13 13 14 13 13 13 13 13 13 13 13 14 13 13 13 13 13 13 13 12
1098_1_3 4 4 8 5 6 1 2 1 4 4 1 3 3 3 2 3 27 12 13 13 13 13 13 13 13 12 13 13 13 13 13 13 13 13 14 13 13 13 13 13 13 13 14 13 13 14 13 13 13 13 13 13 13 14 13 13 13 13 13 13 13 13 12 13 13 13 13 13 13 13 12
1100_1_1 4 4 8 5 6 1 3 3 2 5 2 2 2 3 2 2 27 12 14 13 13 13 13 13 13 13 13 12 13 13 14 13 13 13 13 13 13 13 13 13 13 13 13 13 13 13 13 13 13 13 13 13 13 13 13 13 13 14 13 13 12 13 13 13 13 13 13 13 13 14 12
1102_0_1 3 5 8 5 6 0 3 3 2 1 3 3 4 3 2 3 27 12 13 12 13 13 14 13 13 13 14 13 13 13 13 13 13 13 13 13 13 13 13 13 13 13 13 13 13 13 13 13 13 13 13 13 13 13 13 13 13 13 13 13 13 14 13 13 13 14 13 13 12 13 12
1103_1_1 3 6 7 5 6 0 3 3 3 4 2 3 1 2 3 3 27 12 13 13 13 13 13 13 14 13 13 13 13 13 13 13 14 13 13 13 13 13 13 13 13 12 13 13 13 13 12 13 13 13 13 13 13 13 13 14 13 13 13 13 13 13 13 14 13 13 13 13 13 13 12
1104_1_1 4 5 5 5 8 1 3 1 3 4 1 3 3 4 2 2 27 12 14 13 13 13 13 14 13 13 12 13 13 13 13 13 13 13 13 13 13 13 13 13 13 13 13 13 13 13 13 13 13 13 13 13 13 13 13 13 13 13 13 13 13 12 13 13 14 13 13 13 13 14 12
1105_0_1 3 5 8 5 6 1 3 1 3 4 1 3 3 4 2 2 27 12 13 13 13 13 13 13 13 14 13 13 13 13 13 14 13 13 13 13 13 13 13 12 13 13 13 13 13 13 13 13 12 13 13 13 13 13 13 13 14 13 13 13 13 13 14 13 13 13 13 13 13 13 12
1106_0_1 4 4 7 5 7 0 3 3 3 3 4 1 3 3 2 2 27 12 14 13 13 13 13 13 13 13 13 13 14 13 13 12 13 13 13 13 13 13 13 13 13 13 13 13 13 13 13 13 13 13 13 13 13 13 13 13 12 13 13 14 13 13 13 13 13 13 13 13 13 14 12
1106_2_1 4 8 5 5 5 0 3 3 3 3 4 1 3 3 2 2 27 12 14 13 13 13 13 13 13 13 13 13 14 13 13 12 13 13 13 13 13 13 13 13 13 13 13 13 13 13 13 13 13 13 13 13 13 13 13 13 12 13 13 14 13 13 13 13 13 13 13 13 13 14 12
1107_2_1 4 8 5 5 5 1 1 5 2 4 3 2 2 2 3 2 27 12 14 13 13 13 13 13 13 13 13 13 13 13 13 13 13 13 13 13 13 13 14 13 13 12 13 13 13 13 12 13 13 14 13 13 13 13 13 13 13 13 13 13 13 13 13 13 13 13 13 13 13 14 12
1109_0_3 3 6 5 7 6 1 2 2 5 2 2 4 2 3 2 2 27 12 13 13 13 13 13 13 13 13 13 13 13 14 14 12 13 13 13 13 13 13 13 13 13 13 13 13 13 13 13 13 13 13 13 13 13 13 13 13 12 14 14 13 13 13 13 13 13 13 13 13 13 13 12
1110_0_3 3 5 5 6 8 1 2 5 2 4 2 2 2 2 3 2 27 12 13 12 13 14 13 13 13 13 13 13 13 14 13 13 13 13 13 13 13 13 13 13 13 13 13 13 13 13 13 13 13 13 13 13 13 13 13 13 13 13 14 13 13 13 13 13 13 13 14 13 12 13 12
1111_1_1 3 7 5 7 5 1 1 4 1 3 3 2 3 3 4 2 27 12 13 13 13 13 13 13 13 13 13 13 13 13 13 13 12 14 14 13 13 13 13 13 13 13 13 13 13 13 13 13 13 13 13 13 13 14 14 12 13 13 13 13 13 13 13 13 13 13 13 13 13 13 12
1113_0_3 3 5 7 5 7 1 2 5 2 4 2 2 2 2 3 2 27 12 14 13 13 13 13 13 13 13 13 13 13 13 13 13 13 14 13 12 13 13 13 13 13 13 13 13 13 13 13 13 13 13 13 13 12 13 14 13 13 13 13 13 13 13 13 13 13 13 13 13 13 14 12
1114_1_1 4 5 4 8 6 1 3 1 4 3 1 3 4 3 2 2 27 12 13 13 13 13 13 13 13 13 13 13 13 12 13 13 14 13 13 14 13 13 13 13 13 13 13 13 13 13 13 13 13 13 13 13 14 13 13 14 13 13 12 13 13 13 13 13 13 13 13 13 13 13 12
1116_1_1 4 4 8 5 6 1 3 2 1 3 2 3 1 3 4 4 27 12 13 13 13 12 13 14 13 13 13 13 13 13 13 14 13 13 13 13 13 13 13 13 13 13 13 13 13 13 13 13 13 13 13 13 13 13 13 13 14 13 13 13 13 13 13 13 14 13 12 13 13 13 12
1118_1_1 4 4 8 5 6 1 3 1 3 3 1 3 4 4 2 2 27 12 13 13 13 13 13 13 13 13 14 13 13 13 13 13 13 13 13 13 13 13 13 14 13 12 13 13 13 13 12 13 14 13 13 13 13 13 13 13 13 13 13 13 13 14 13 13 13 13 13 13 13 13 12
1119_1_3 4 4 8 5 6 1 3 2 3 1 3 5 2 3 2 2 27 12 13 13 13 13 13 13 13 13 13 13 13 13 13 13 12 13 14 13 13 13 13 13 14 13 13 13 13 13 13 14 13 13 13 13 13 14 13 12 13 13 13 13 13 13 13 13 13 13 13 13 13 13 12
1121_1_1 3 8 6 5 5 1 1 4 1 3 3 2 3 3 4 2 27 12 13 13 13 13 13 12 13 13 13 13 13 13 13 14 13 13 14 13 13 13 13 13 13 13 13 13 13 13 13 13 13 13 13 13 13 14 13 13 14 13 13 13 13 13 13 13 12 13 13 13 13 13 12
1122_1_3 3 6 5 8 5 1 2 4 2 4 3 2 2 1 4 2 27 12 12 13 14 13 13 13 13 13 13 13 13 13 13 13 13 13 13 13 13 13 13 13 13 14 13 13 13 13 14 13 13 13 13 13 13 13 13 13 13 13 13 13 13 13 13 13 13 13 13 14 13 12 12
1123_1_3 3 6 7 5 6 1 2 3 5 1 3 3 2 3 2 2 27 12 13 13 13 13 13 13 13 13 13 13 13 13 13 12 13 14 13 13 13 13 13 13 13 13 14 13 13 14 13 13 13 13 13 13 13 13 14 13 12 13 13 13 13 13 13 13 13 13 13 13 13 13 12
1125_1_1 3 6 5 8 5 1 3 2 1 3 2 3 1 3 4 4 27 12 13 13 13 13 13 13 13 13 13 13 13 13 13 14 13 12 13 13 13 13 13 13 13 13 14 13 13 14 13 13 13 13 13 13 13 13 12 13 14 13 13 13 13 13 13 13 13 13 13 13 13 13 12
1126_1_3 4 5 4 8 6 1 2 2 5 2 2 4 2 3 2 2 27 12 13 13 13 13 13 12 13 14 13 13 13 13 13 13 13 13 13 14 13 13 13 13 13 13 13 13 13 13 13 13 13 13 13 13 14 13 13 13 13 13 13 13 13 13 14 13 12 13 13 13 13 13 12
1127_1_3 3 7 5 7 5 1 3 1 3 3 2 2 5 3 2 2 27 12 13 13 13 13 12 13 14 13 13 13 13 13 13 13 13 13 13 13 13 13 13 14 13 13 13 13 13 13 13 13 14 13 13 13 13 13 13 13 13 13 13 13 13 13 13 14 13 12 13 13 13 13 12
1128_1_3 3 6 7 5 6 1 2 2 5 2 2 4 2 3 2 2 27 12 13 14 13 13 13 13 13 14 13 13 13 13 13 12 13 13 13 13 13 13 13 13 13 13 13 13 13 13 13 13 13 13 13 13 13 13 13 13 12 13 13 13 13 13 14 13 13 13 13 13 14 13 12
1129_1_3 4 4 8 5 6 1 2 4 2 4 3 2 2 1 4 2 27 12 13 13 13 13 13 14 13 12 13 13 13 13 13 13 13 13 13 14 13 13 13 13 13 13 13 13 13 13 13 13 13 13 13 13 14 13 13 13 13 13 13 13 13 13 12 13 14 13 13 13 13 13 12
1131_0_3 3 5 8 5 6 1 2 3 2 2 2 2 2 3 3 5 27 12 13 13 13 13 13 13 13 13 14 13 13 13 13 13 13 13 13 14 13 13 12 13 13 13 13 13 13 13 13 13 13 12 13 13 14 13 13 13 13 13 13 13 13 14 13 13 13 13 13 13 13 13 12
1131_1_5 3 6 5 8 5 1 5 3 3 2 2 2 2 2 3 2 27 12 13 13 13 13 13 13 13 13 14 13 13 13 13 13 13 13 13 14 13 13 12 13 13 13 13 13 13 13 13 13 13 12 13 13 14 13 13 13 13 13 13 13 13 14 13 13 13 13 13 13 13 13 12
1132_1_3 3 8 6 5 5 1 4 2 2 2 2 1 4 3 4 2 27 12 13 13 12 14 14 13 13 13 13 13 13 13 13 13 13 13 13 13 13 13 13 13 13 13 13 13 13 13 13 13 13 13 13 13 13 13 13 13 13 13 13 13 13 13 13 13 13 14 14 12 13 13 12
1133_1_3 3 8 6 5 5 1 2 4 2 4 3 2 2 1 4 2 27 12 13 13 13 13 13 13 13 13 13 13 13 13 13 13 13 13 13 13 13 13 13 13 12 14 14 13 13 14 14 12 13 13 13 13 13 13 13 13 13 13 13 13 13 13 13 13 13 13 13 13 13 13 12
1135_1_1 3 6 7 5 6 1 1 3 3 5 1 3 3 2 2 3 27 12 13 13 13 13 13 13 13 13 12 14 14 13 13 13 13 13 13 13 13 13 13 13 13 13 13 13 13 13 13 13 13 13 13 13 13 13 13 13 13 13 13 14 14 12 13 13 13 13 13 13 13 13 12
1137_1_1 3 8 6 5 5 1 1 3 3 5 1 3 3 2 2 3 27 12 13 13 13 13 13 13 13 13 14 13 13 13 13 13 13 13 13 13 13 13 14 12 13 13 13 13 13 13 13 13 12 14 13 13 13 13 13 13 13 13 13 13 13 14 13 13 13 13 13 13 13 13 12
1139_1_1 3 6 7 5 6 1 3 1 3 2 1 3 5 3 2 3 27 12 13 13 13 12 13 13 13 13 13 14 13 13 13 13 13 13 13 13 13 13 13 14 13 13 13 13 13 13 13 13 14 13 13 13 13 13 13 13 13 13 13 13 14 13 13 13 13 13 12 13 13 13 12
1140_1_3 3 7 6 6 5 1 2 5 2 4 2 2 2 2 3 2 27 12 13 13 13 13 14 13 13 13 13 13 13 13 13 13 13 13 13 13 13 13 13 13 14 12 13 13 13 13 12 14 13 13 13 13 13 13 13 13 13 13 13 13 13 13 13 13 13 14 13 13 13 13 12
1141_1_3 3 8 6 5 5 1 2 2 5 2 2 4 2 3 2 2 27 12 13 13 13 13 13 13 13 13 13 13 13 13 13 13 13 13 13 13 13 13 13 13 14 14 12 13 13 12 14 14 13 13 13 13 13 13 13 13 13 13 13 13 13 13 13 13 13 13 13 13 13 13 12
1143_0_3 3 5 5 6 8 1 2 2 5 2 2 4 2 3 2 2 27 12 13 13 13 13 13 12 13 13 13 13 13 14 13 13 13 13 13 13 13 13 13 13 13 14 13 13 13 13 14 13 13 13 13 13 13 13 13 13 13 13 14 13 13 13 13 13 12 13 13 13 13 13 12
1144_1_1 3 6 5 8 5 1 1 3 3 5 1 3 3 2 2 3 27 12 13 13 13 13 13 13 13 13 13 14 13 12 13 13 13 13 13 13 14 13 13 13 13 13 13 13 13 13 13 13 13 13 13 14 13 13 13 13 13 13 12 13 14 13 13 13 13 13 13 13 13 13 12
1145_1_1 3 8 6 5 5 1 1 4 3 3 2 3 3 3 1 3 27 12 13 13 13 13 13 13 13 13 13 13 14 13 13 13 13 13 13 13 13 13 12 13 13 14 13 13 13 13 14 13 13 12 13 13 13 13 13 13 13 13 13 14 13 13 13 13 13 13 13 13 13 13 12
1146_0_3 3 6 5 7 6 1 2 3 5 1 3 3 2 3 2 2 27 12 13 13 13 13 13 13 13 13 13 13 13 13 14 13 13 13 13 13 13 13 13 13 13 12 13 14 14 13 12 13 13 13 13 13 13 13 13 13 13 14 13 13 13 13 13 13 13 13 13 13 13 13 12
1147_1_1 3 8 6 5 5 1 1 3 5 2 3 2 3 3 1 3 27 12 13 13 13 13 13 13 13 12 14 14 13 13 13 13 13 13 13 13 13 13 13 13 13 13 13 13 13 13 13 13 13 13 13 13 13 13 13 13 13 13 13 13 14 14 12 13 13 13 13 13 13 13 12
1149_1_1 3 6 7 5 6 1 1 3 5 2 3 2 3 3 1 3 27 12 13 13 13 13 13 13 13 13 13 13 13 13 13 13 13 13 13 13 12 14 14 13 13 13 13 13 13 13 13 13 13 14 14 12 13 13 13 13 13 13 13 13 13 13 13 13 13 13 13 13 13 13 12
1151_1_1 3 7 6 6 5 1 2 1 3 4 3 1 4 3 2 3 27 12 13 13 13 13 13 13 13 13 13 13 13 13 14 13 13 13 13 13 12 14 13 13 13 13 13 13 13 13 13 13 13 13 14 12 13 13 13 13 13 14 13 13 13 13 13 13 13 13 13 13 13 13 12
1152_1_3 3 7 6 6 5 1 3 2 3 1 3 5 2 3 2 2 27 12 13 13 14 12 13 13 13 14 13 13 13 13 13 13 13 13 13 13 13 13 13 13 13 13 13 13 13 13 13 13 13 13 13 13 13 13 13 13 13 13 13 13 13 13 14 13 13 13 12 14 13 13 12
1153_1_1 3 6 7 5 6 1 1 4 3 3 3 3 1 3 2 3 27 13 13 13 13 12 13 13 13 13 13 12 13 13 13 13 13 14 13 13 13 13 13 13 13 13 14 13 13 14 13 13 13 13 13 13 13 13 14 13 13 13 13 13 12 13 13 13 13 13 12 13 13 13 13
1154_1_1 3 7 5 7 5 1 1 3 3 5 1 3 3 2 2 3 27 12 13 13 12 13 13 14 13 13 13 13 13 13 13 13 13 13 13 13 13 13 14 13 13 13 13 13 13 13 13 13 13 14 13 13 13 13 13 13 13 13 13 13 13 13 13 13 14 13 13 12 13 13 12
1156_0_3 4 4 6 5 8 0 4 3 4 2 2 3 2 2 3 2 27 12 13 13 13 13 13 14 13 13 13 13 13 13 13 13 14 13 13 13 13 13 13 13 12 13 13 13 13 13 13 12 13 13 13 13 13 13 13 14 13 13 13 13 13 13 13 13 14 13 13 13 13 13 12
1156_1_3 4 4 8 5 6 0 4 3 4 2 2 3 2 2 3 2 27 12 13 13 13 13 13 14 13 13 13 13 13 13 13 13 14 13 13 13 13 13 13 13 12 13 13 13 13 13 13 12 13 13 13 13 13 13 13 14 13 13 13 13 13 13 13 13 14 13 13 13 13 13 12
1157_0_3 3 5 6 6 7 1 2 2 3 3 4 1 3 4 2 2 27 13 13 13 13 12 13 13 13 13 13 12 13 13 13 13 14 13 13 13 13 14 13 13 13 13 13 13 13 13 13 13 13 13 14 13 13 13 13 14 13 13 13 13 12 13 13 13 13 13 12 13 13 13 13
1157_1_5 3 7 6 6 5 1 3 2 3 5 2 2 2 3 2 2 27 13 13 13 13 12 13 13 13 13 13 12 13 13 13 13 14 13 13 13 13 14 13 13 13 13 13 13 13 13 13 13 13 13 14 13 13 13 13 14 13 13 13 13 12 13 13 13 13 13 12 13 13 13 13
1158_1_3 3 6 7 5 6 1 1 3 2 3 2 3 3 2 5 2 27 12 13 13 14 13 13 13 13 13 13 13 13 13 13 13 13 13 13 13 13 13 13 14 13 12 13 13 13 13 12 13 14 13 13 13 13 13 13 13 13 13 13 13 13 13 13 13 13 13 13 14 13 13 12
1159_1_3 3 8 6 5 5 1 3 1 3 2 4 4 2 1 3 3 27 12 13 13 13 13 13 14 12 13 13 13 13 13 13 14 13 13 13 13 13 13 13 13 13 13 13 13 13 13 13 13 13 13 13 13 13 13 13 13 14 13 13 13 13 13 13 12 14 13 13 13 13 13 12
1160_1_1 3 7 5 7 5 1 1 4 2 3 2 3 4 2 3 2 27 12 13 13 13 13 13 13 13 13 13 12 14 14 13 13 13 13 13 13 13 13 13 13 13 13 13 13 13 13 13 13 13 13 13 13 13 13 13 13 13 13 14 14 12 13 13 13 13 13 13 13 13 13 12
1161_0_3 3 5 8 5 6 1 2 1 4 3 3 3 3 1 3 3 27 12 13 13 13 13 13 13 13 13 13 13 13 13 13 13 13 13 13 13 14 14 12 13 13 13 13 13 13 13 13 13 13 12 14 14 13 13 13 13 13 13 13 13 13 13 13 13 13 13 13 13 13 13 12
1161_1_5 3 6 5 8 5 1 2 3 2 2 3 3 2 5 2 2 27 12 13 13 13 13 13 13 13 13 13 13 13 13 13 13 13 13 13 13 14 14 12 13 13 13 13 13 13 13 13 13 13 12 14 14 13 13 13 13 13 13 13 13 13 13 13 13 13 13 13 13 13 13 12
1162_1_3 3 7 5 7 5 1 3 2 3 1 3 5 2 3 2 2 27 12 13 13 13 13 12 14 13 13 13 13 13 14 13 13 13 13 13 13 13 13 13 13 13 13 13 13 13 13 13 13 13 13 13 13 13 13 13 13 13 13 14 13 13 13 13 13 14 12 13 13 13 13 12
1164_1_1 3 6 7 5 6 1 1 4 1 3 3 2 3 3 4 2 27 12 13 13 13 12 14 14 13 13 13 13 13 13 13 13 13 13 13 13 13 13 13 13 13 13 13 13 13 13 13 13 13 13 13 13 13 13 13 13 13 13 13 13 13 13 13 13 14 14 12 13 13 13 12
1165_1_1 3 8 6 5 5 1 1 4 2 3 2 3 4 2 3 2 27 12 13 13 13 13 13 13 13 14 14 12 13 13 13 13 13 13 13 13 13 13 13 13 13 13 13 13 13 13 13 13 13 13 13 13 13 13 13 13 13 13 13 13 12 14 14 13 13 13 13 13 13 13 12
1166_1_1 3 7 5 7 5 1 1 3 3 3 2 3 4 1 4 2 27 12 13 13 13 13 12 14 14 13 13 13 13 13 13 13 13 13 13 13 13 13 13 13 13 13 13 13 13 13 13 13 13 13 13 13 13 13 13 13 13 13 13 13 13 13 13 14 14 12 13 13 13 13 12
1167_1_3 3 6 7 5 6 1 4 2 2 2 2 1 4 3 4 2 27 12 13 13 13 13 13 13 13 13 13 13 13 13 13 12 14 14 13 13 13 13 13 13 13 13 13 13 13 13 13 13 13 13 13 13 13 13 14 14 12 13 13 13 13 13 13 13 13 13 13 13 13 13 12
1169_0_3 4 5 4 6 8 0 3 2 4 2 2 4 2 3 3 2 27 12 13 13 13 13 14 13 13 13 13 13 12 13 13 13 13 13 13 13 13 13 13 13 14 13 13 13 13 13 13 14 13 13 13 13 13 13 13 13 13 13 13 12 13 13 13 13 13 14 13 13 13 13 12
1169_1_3 4 5 4 8 6 0 3 2 4 2 2 4 2 3 3 2 27 12 13 13 13 13 14 13 13 13 13 13 12 13 13 13 13 13 13 13 13 13 13 13 14 13 13 13 13 13 13 14 13 13 13 13 13 13 13 13 13 13 13 12 13 13 13 13 13 14 13 13 13 13 12
1170_1_1 4 5 4 8 6 1 1 4 1 3 3 2 3 3 4 2 27 12 12 13 14 13 13 13 13 14 13 13 13 13 13 13 13 13 13 13 13 13 13 13 13 13 13 13 13 13 13 13 13 13 13 13 13 13 13 13 13 13 13 13 13 13 14 13 13 13 13 14 13 12 12
1171_1_3 3 6 7 5 6 1 3 2 3 1 3 5 2 3 2 2 27 12 13 13 13 12 13 14 13 14 13 13 13 13 13 13 13 13 13 13 13 13 13 13 13 13 13 13 13 13 13 13 13 13 13 13 13 13 13 13 13 13 13 13 13 13 14 13 14 13 12 13 13 13 12
1172_0_7 3 5 8 5 6 1 2 4 3 1 4 2 4 2 2 2 27 12 13 13 13 13 13 13 13 13 13 13 12 13 13 13 14 13 13 13 14 13 13 13 13 13 13 13 13 13 13 13 13 13 13 14 13 13 13 14 13 13 13 12 13 13 13 13 13 13 13 13 13 13 12
1172_1_7 3 6 5 8 5 1 2 4 3 1 4 2 4 2 2 2 27 12 13 13 13 13 13 13 13 13 13 13 12 13 13 13 14 13 13 13 14 13 13 13 13 13 13 13 13 13 13 13 13 13 13 14 13 13 13 14 13 13 13 12 13 13 13 13 13 13 13 13 13 13 12
1174_1_1 3 6 7 5 6 0 3 3 3 2 3 3 4 2 1 3 27 12 13 13 13 13 13 13 13 13 13 13 13 14 13 12 13 13 13 13 13 13 13 13 14 13 13 13 13 13 13 14 13 13 13 13 13 13 13 13 12 13 14 13 13 13 13 13 13 13 13 13 13 13 12
1175_1_3 3 6 7 5 6 1 2 5 2 4 2 2 2 2 3 2 27 12 13 13 13 13 14 13 13 13 13 13 13 14 13 13 13 13 13 13 13 13 13 13 13 12 13 13 13 13 12 13 13 13 13 13 13 13 13 13 13 13 14 13 13 13 13 13 13 14 13 13 13 13 12
1177_0_3 3 5 5 6 8 1 2 2 3 5 1 3 3 3 2 2 27 12 13 13 13 13 13 12 13 13 14 13 13 14 13 13 13 13 13 13 13 13 13 13 13 13 13 13 13 13 13 13 13 13 13 13 13 13 13 13 13 13 14 13 13 14 13 13 12 13 13 13 13 13 12
1178_1_1 3 7 6 6 5 1 3 1 4 3 1 3 4 3 2 2 27 12 13 13 13 13 13 13 13 13 13 13 13 13 13 13 14 13 13 14 12 13 13 13 13 13 13 13 13 13 13 13 13 13 13 12 14 13 13 14 13 13 13 13 13 13 13 13 13 13 13 13 13 13 12
1180_0_3 3 5 6 6 7 1 3 1 3 2 4 4 2 1 3 3 27 12 13 13 14 13 13 13 13 13 13 13 13 13 13 13 13 13 13 13 13 13 13 13 13 12 14 13 13 14 12 13 13 13 13 13 13 13 13 13 13 13 13 13 13 13 13 13 13 13 13 14 13 13 12
1181_1_1 3 8 6 5 5 1 1 3 3 3 2 3 4 1 4 2 27 12 13 13 13 13 13 13 13 13 13 13 13 13 14 14 12 13 13 13 13 13 13 13 13 13 13 13 13 13 13 13 13 13 13 13 13 13 13 12 14 14 13 13 13 13 13 13 13 13 13 13 13 13 12
1183_0_3 3 6 5 7 6 1 3 1 3 2 4 4 2 1 3 3 27 12 13 13 14 13 13 14 13 13 13 13 13 13 13 13 13 13 13 13 13 13 13 13 13 12 13 13 13 13 12 13 13 13 13 13 13 13 13 13 13 13 13 13 13 13 13 13 14 13 13 14 13 13 12
1184_1_1 3 6 7 5 6 1 2 4 3 4 1 3 2 1 3 3 27 12 13 13 13 13 13 13 14 13 13 13 13 13 14 13 13 13 13 13 12 13 13 13 13 13 13 13 13 13 13 13 13 13 13 12 13 13 13 13 13 14 13 13 13 13 13 14 13 13 13 13 13 13 12
1185_1_1 3 7 5 7 5 1 1 4 3 3 2 3 3 3 1 3 27 12 13 13 13 13 13 13 14 13 13 12 13 13 13 13 13 13 13 13 13 13 13 14 13 13 13 13 13 13 13 13 14 13 13 13 13 13 13 13 13 13 13 13 12 13 13 14 13 13 13 13 13 13 12
1186_0_3 3 5 5 6 8 1 2 2 3 3 4 1 3 4 2 2 27 12 13 13 13 13 13 13 13 13 14 12 13 13 13 13 13 13 13 13 13 14 13 13 13 13 13 13 13 13 13 13 13 13 14 13 13 13 13 13 13 13 13 13 12 14 13 13 13 13 13 13 13 13 12
1186_1_5 3 8 6 5 5 1 3 2 3 5 2 2 2 3 2 2 27 12 13 13 13 13 13 13 13 13 14 12 13 13 13 13 13 13 13 13 13 14 13 13 13 13 13 13 13 13 13 13 13 13 14 13 13 13 13 13 13 13 13 13 12 14 13 13 13 13 13 13 13 13 12
1187_1_1 3 6 7 5 6 1 2 3 1 4 2 2 3 4 3 2 27 13 13 13 13 12 13 13 13 13 13 12 13 13 13 13 14 13 13 13 13 13 13 13 13 13 13 14 14 13 13 13 13 13 13 13 13 13 13 14 13 13 13 13 12 13 13 13 13 13 12 13 13 13 13
1188_0_3 3 5 5 6 8 1 2 2 3 3 4 1 3 4 2 2 27 12 13 13 13 13 13 13 13 13 14 13 13 13 13 13 13 13 13 13 13 13 12 14 13 13 13 13 13 13 13 13 14 12 13 13 13 13 13 13 13 13 13 13 13 14 13 13 13 13 13 13 13 13 12
1188_1_5 3 8 6 5 5 1 3 2 3 5 2 2 2 3 2 2 27 12 13 13 13 13 13 13 13 13 14 13 13 13 13 13 13 13 13 13 13 13 12 14 13 13 13 13 13 13 13 13 14 12 13 13 13 13 13 13 13 13 13 13 13 14 13 13 13 13 13 13 13 13 12
1189_1_1 3 7 5 7 5 1 1 3 3 3 4 2 3 1 3 3 27 12 13 13 13 13 13 13 13 13 13 12 14 13 13 13 13 13 13 13 13 13 13 14 13 13 13 13 13 13 13 13 14 13 13 13 13 13 13 13 13 13 13 14 12 13 13 13 13 13 13 13 13 13 12
1190_1_1 4 4 8 5 6 0 4 3 3 3 3 1 3 3 2 2 27 12 13 13 13 13 13 13 13 13 13 13 13 13 12 13 14 13 13 13 13 13 13 13 13 13 13 14 14 13 13 13 13 13 13 13 13 13 13 14 13 12 13 13 13 13 13 13 13 13 13 13 13 13 12
1191_1_1 3 7 5 7 5 1 2 3 1 4 2 2 3 4 3 2 27 12 13 13 13 13 13 13 13 13 13 12 13 13 13 13 13 14 13 13 13 13 13 14 13 13 13 13 13 13 13 13 14 13 13 13 13 13 14 13 13 13 13 13 12 13 13 13 13 13 13 13 13 13 12
1192_1_1 3 6 5 8 5 1 2 4 3 4 1 3 2 1 3 3 27 12 13 13 13 13 13 13 13 13 13 13 13 12 13 13 13 13 13 14 13 13 13 13 13 14 13 13 13 13 14 13 13 13 13 13 14 13 13 13 13 13 12 13 13 13 13 13 13 13 13 13 13 13 12
1194_1_1 3 6 7 5 6 1 1 2 5 1 3 3 3 3 3 2 27 12 13 13 13 13 13 13 13 13 13 14 13 13 13 13 13 13 13 13 13 13 13 14 13 12 13 13 13 13 12 13 14 13 13 13 13 13 13 13 13 13 13 13 14 13 13 13 13 13 13 13 13 13 12
1195_1_1 3 8 6 5 5 1 2 3 1 4 2 2 3 4 3 2 27 12 13 13 13 14 13 13 13 13 13 13 14 13 13 13 13 13 13 13 13 13 12 13 13 13 13 13 13 13 13 13 13 12 13 13 13 13 13 13 13 13 13 14 13 13 13 13 13 13 14 13 13 13 12
1196_1_1 4 4 8 5 6 0 3 2 4 2 3 3 3 2 4 1 27 12 13 13 13 13 13 12 13 13 13 13 13 14 13 13 13 13 13 13 13 13 14 13 13 13 13 13 13 13 13 13 13 14 13 13 13 13 13 13 13 13 14 13 13 13 13 13 12 13 13 13 13 13 12
1197_1_1 3 6 5 8 5 1 2 3 1 4 2 2 3 4 3 2 27 12 13 13 13 13 14 13 13 13 14 13 13 13 13 13 13 13 13 13 13 13 12 13 13 13 13 13 13 13 13 13 13 12 13 13 13 13 13 13 13 13 13 13 13 14 13 13 13 14 13 13 13 13 12
1198_1_1 3 6 5 8 5 1 1 3 3 5 1 3 3 2 2 3 27 12 13 13 13 13 13 12 13 13 13 14 13 13 13 14 13 13 13 13 13 13 13 13 13 13 13 13 13 13 13 13 13 13 13 13 13 13 13 13 14 13 13 13 14 13 13 13 12 13 13 13 13 13 12
1199_1_1 3 6 7 5 6 1 1 4 3 3 2 3 3 3 1 3 27 13 13 13 13 12 13 13 13 13 13 12 13 13 13 13 13 13 13 14 13 13 13 13 13 13 13 14 14 13 13 13 13 13 13 13 14 13 13 13 13 13 13 13 12 13 13 13 13 13 12 13 13 13 13
1200_1_1 3 6 7 5 6 1 1 3 3 5 1 3 3 2 2 3 27 12 13 13 13 13 13 13 13 13 13 13 13 13 13 12 13 13 13 13 13 13 14 13 13 13 14 13 13 14 13 13 13 14 13 13 13 13 13 13 12 13 13 13 13 13 13 13 13 13 13 13 13 13 12
1201_1_3 3 6 7 5 6 1 4 2 2 2 2 1 4 3 4 2 27 12 13 13 13 13 14 13 13 13 13 13 13 13 13 12 13 14 13 13 13 13 13 13 13 13 13 13 13 13 13 13 13 13 13 13 13 13 14 13 12 13 13 13 13 13 13 13 13 14 13 13 13 13 12
1203_0_3 3 5 8 5 6 1 3 2 3 1 3 5 2 3 2 2 27 12 13 13 13 13 13 13 13 13 13 13 13 13 13 13 13 12 13 13 14 13 13 13 13 13 14 13 13 14 13 13 13 13 13 14 13 13 12 13 13 13 13 13 13 13 13 13 13 13 13 13 13 13 12
1204_0_3 3 5 8 5 6 1 2 2 5 2 2 4 2 3 2 2 27 12 13 13 13 13 13 12 13 14 13 13 13 13 13 13 13 13 13 13 13 13 13 13 13 14 13 13 13 13 14 13 13 13 13 13 13 13 13 13 13 13 13 13 13 13 14 13 12 13 13 13 13 13 12
1205_0_3 3 6 5 7 6 1 3 1 3 3 2 2 5 3 2 2 27 12 13 13 13 12 13 13 14 13 13 13 13 13 13 13 13 13 13 13 13 14 13 13 13 13 13 13 13 13 13 13 13 13 14 13 13 13 13 13 13 13 13 13 13 13 13 14 13 13 12 13 13 13 12
1206_1_1 4 5 4 8 6 1 2 4 2 4 3 2 1 3 2 3 27 12 13 13 13 13 14 13 13 13 13 13 13 13 13 13 13 13 13 13 13 13 12 13 14 13 13 13 13 13 13 14 13 12 13 13 13 13 13 13 13 13 13 13 13 13 13 13 13 14 13 13 13 13 12
1208_1_1 4 5 4 8 6 1 1 3 3 3 2 3 4 1 4 2 27 12 13 13 13 13 13 13 13 13 13 13 13 13 14 13 13 12 13 13 13 13 13 13 13 13 14 13 13 14 13 13 13 13 13 13 13 13 12 13 13 14 13 13 13 13 13 13 13 13 13 13 13 13 12
1210_0_3 3 5 8 5 6 1 3 1 3 2 4 4 2 1 3 3 27 12 13 13 13 13 13 13 12 13 13 13 13 13 13 14 13 13 13 13 13 13 13 13 13 13 14 13 13 14 13 13 13 13 13 13 13 13 13 13 14 13 13 13 13 13 13 12 13 13 13 13 13 13 12
1211_0_3 3 5 8 5 6 1 2 5 2 4 2 2 2 2 3 2 27 12 13 12 13 14 13 13 13 13 13 13 13 13 13 13 13 13 13 13 13 13 13 13 14 13 13 13 13 13 13 14 13 13 13 13 13 13 13 13 13 13 13 13 13 13 13 13 13 13 14 13 12 13 12
1212_1_1 3 6 7 5 6 1 3 1 4 3 1 3 4 3 2 2 27 12 13 13 13 13 13 13 13 13 13 13 13 13 14 13 13 13 13 13 12 13 13 13 13 13 13 14 14 13 13 13 13 13 13 12 13 13 13 13 13 14 13 13 13 13 13 13 13 13 13 13 13 13 12
1213_1_3 3 6 5 8 5 1 2 3 5 1 3 3 2 3 2 2 27 12 13 13 13 14 13 13 13 13 13 14 13 13 13 13 13 13 13 13 13 13 12 13 13 13 13 13 13 13 13 13 13 12 13 13 13 13 13 13 13 13 13 13 14 13 13 13 13 13 14 13 13 13 12
1214_1_3 4 4 8 5 6 1 2 3 5 1 3 3 2 3 2 2 27 12 13 13 13 13 13 13 13 13 13 12 13 13 13 13 14 13 13 13 13 13 14 13 13 13 13 13 13 13 13 13 13 14 13 13 13 13 13 14 13 13 13 13 12 13 13 13 13 13 13 13 13 13 12
1215_1_3 3 6 7 5 6 1 3 1 3 3 2 2 5 3 2 2 27 13 13 13 13 12 13 13 13 13 13 12 13 13 13 13 13 13 13 14 13 13 14 13 13 13 13 13 13 13 13 13 13 14 13 13 14 13 13 13 13 13 13 13 12 13 13 13 13 13 12 13 13 13 13
1216_1_3 3 7 5 7 5 1 2 3 5 1 3 3 2 3 2 2 27 12 13 13 13 13 13 13 13 13 13 12 13 13 13 13 13 14 13 13 13 13 14 13 13 13 13 13 13 13 13 13 13 14 13 13 13 13 14 13 13 13 13 13 12 13 13 13 13 13 13 13 13 13 12
1217_1_3 4 5 4 8 6 1 2 3 5 1 3 3 2 3 2 2 27 12 13 13 13 13 14 13 13 13 13 14 13 13 13 13 13 13 13 13 13 13 12 13 13 13 13 13 13 13 13 13 13 12 13 13 13 13 13 13 13 13 13 13 14 13 13 13 13 14 13 13 13 13 12
1219_1_1 3 6 5 8 5 1 3 1 3 3 1 3 4 4 2 2 27 12 13 12 13 13 13 13 13 13 14 13 13 13 13 13 13 13 13 13 13 14 13 13 13 13 13 13 13 13 13 13 13 13 14 13 13 13 13 13 13 13 13 13 13 14 13 13 13 13 13 13 12 13 12
1220_1_3 3 6 5 8 5 1 2 3 5 1 3 3 2 3 2 2 27 12 13 12 13 14 13 13 13 13 13 13 13 13 14 13 13 13 13 13 13 13 13 13 13 13 13 13 13 13 13 13 13 13 13 13 13 13 13 13 13 14 13 13 13 13 13 13 13 13 14 13 12 13 12
1222_1_1 3 7 5 7 5 1 3 1 4 3 1 3 4 3 2 2 27 12 13 14 13 13 13 13 13 13 13 13 13 13 13 13 13 14 13 13 13 13 13 13 12 13 13 13 13 13 13 12 13 13 13 13 13 13 14 13 13 13 13 13 13 13 13 13 13 13 13 13 14 13 12
1224_1_1 3 8 6 5 5 1 3 1 3 3 1 3 4 4 2 2 27 12 13 12 13 13 13 13 13 13 14 13 13 13 13 13 13 13 13 13 13 13 13 14 13 13 13 13 13 13 13 13 14 13 13 13 13 13 13 13 13 13 13 13 13 14 13 13 13 13 13 13 12 13 12
1225_1_3 3 6 5 8 5 1 2 3 5 1 3 3 2 3 2 2 27 12 13 12 13 14 13 13 13 13 13 13 13 13 13 13 13 13 13 14 13 13 13 13 13 13 13 13 13 13 13 13 13 13 13 13 14 13 13 13 13 13 13 13 13 13 13 13 13 13 14 13 12 13 12
1226_0_7 3 5 5 6 8 1 2 4 3 1 4 2 4 2 2 2 27 12 13 13 13 14 13 13 13 13 12 13 13 13 13 13 13 13 13 13 14 13 13 13 13 13 13 13 13 13 13 13 13 13 13 14 13 13 13 13 13 13 13 13 13 12 13 13 13 13 14 13 13 13 12
1226_1_7 3 8 6 5 5 1 2 4 3 1 4 2 4 2 2 2 27 12 13 13 13 14 13 13 13 13 12 13 13 13 13 13 13 13 13 13 14 13 13 13 13 13 13 13 13 13 13 13 13 13 13 14 13 13 13 13 13 13 13 13 13 12 13 13 13 13 14 13 13 13 12
1228_1_1 3 8 6 5 5 0 4 2 3 3 3 2 3 3 3 1 27 12 13 13 13 13 13 13 13 13 14 13 13 13 13 14 13 13 13 13 12 13 13 13 13 13 13 13 13 13 13 13 13 13 13 12 13 13 13 13 14 13 13 13 13 14 13 13 13 13 13 13 13 13 12
1229_1_3 3 8 6 5 5 1 2 2 5 2 2 4 2 3 2 2 27 12 13 13 13 13 13 13 13 13 13 13 13 13 13 12 13 13 13 13 14 13 13 13 13 14 13 13 13 13 14 13 13 13 13 14 13 13 13 13 12 13 13 13 13 13 13 13 13 13 13 13 13 13 12
1230_1_3 3 8 6 5 5 1 3 1 3 3 2 2 5 3 2 2 27 12 13 13 13 12 13 13 13 13 14 13 13 13 13 13 13 13 13 13 13 13 13 13 13 14 13 13 13 13 14 13 13 13 13 13 13 13 13 13 13 13 13 13 13 14 13 13 13 13 12 13 13 13 12
1232_1_1 3 6 5 8 5 0 3 4 1 3 2 4 3 3 2 2 27 12 13 12 13 14 13 13 13 13 13 14 13 13 13 13 13 13 13 13 13 13 13 13 13 13 13 13 13 13 13 13 13 13 13 13 13 13 13 13 13 13 13 13 14 13 13 13 13 13 14 13 12 13 12
1234_1_1 3 7 6 6 5 1 2 1 4 4 2 3 3 2 2 3 27 13 13 13 13 12 13 13 13 13 13 13 13 13 14 13 13 13 13 13 13 13 12 14 13 13 13 13 13 13 13 13 14 12 13 13 13 13 13 13 13 14 13 13 13 13 13 13 13 13 12 13 13 13 13
1235_0_7 3 6 5 7 6 1 2 4 3 1 4 2 4 2 2 2 27 12 13 13 13 13 13 13 13 13 12 13 13 14 13 13 14 13 13 13 13 13 13 13 13 13 13 13 13 13 13 13 13 13 13 13 13 13 13 14 13 13 14 13 13 12 13 13 13 13 13 13 13 13 12
1235_1_7 3 6 7 5 6 1 2 4 3 1 4 2 4 2 2 2 27 12 13 13 13 13 13 13 13 13 12 13 13 14 13 13 14 13 13 13 13 13 13 13 13 13 13 13 13 13 13 13 13 13 13 13 13 13 13 14 13 13 14 13 13 12 13 13 13 13 13 13 13 13 12
1237_1_1 3 6 7 5 6 1 2 1 4 4 2 3 3 2 2 3 27 13 13 13 13 12 13 13 13 13 13 12 13 13 14 13 13 13 13 13 13 13 13 14 13 13 13 13 13 13 13 13 14 13 13 13 13 13 13 13 13 14 13 13 12 13 13 13 13 13 12 13 13 13 13
1239_0_3 3 6 5 7 6 1 5 4 2 2 2 2 2 2 2 3 27 13 13 13 13 12 13 13 13 13 13 13 13 13 13 12 13 13 13 13 13 13 13 14 13 14 13 13 13 13 14 13 14 13 13 13 13 13 13 13 12 13 13 13 13 13 13 13 13 13 12 13 13 13 13
1240_1_1 3 7 6 6 5 0 3 3 1 3 2 4 3 3 3 2 27 13 13 13 13 12 13 13 13 13 13 13 13 13 13 12 13 13 13 14 13 13 13 13 13 14 13 13 13 13 14 13 13 13 13 13 14 13 13 13 12 13 13 13 13 13 13 13 13 13 12 13 13 13 13
1241_1_3 3 7 6 6 5 1 3 1 3 3 2 2 5 3 2 2 27 13 13 13 13 12 13 13 13 13 13 13 13 13 13 12 13 13 13 13 13 13 13 13 13 14 14 13 13 14 14 13 13 13 13 13 13 13 13 13 12 13 13 13 13 13 13 13 13 13 12 13 13 13 13
1243_1_1 3 6 7 5 6 0 3 1 3 3 3 3 2 3 4 2 27 13 13 13 13 12 13 13 13 13 13 13 13 13 13 12 13 13 13 13 13 13 13 13 13 14 13 14 14 13 14 13 13 13 13 13 13 13 13 13 12 13 13 13 13 13 13 13 13 13 12 13 13 13 13
1244_1_3 3 7 5 7 5 1 3 2 3 1 3 5 2 3 2 2 27 12 13 13 13 13 13 13 13 13 13 13 13 14 13 13 12 13 14 13 13 13 13 13 13 13 13 13 13 13 13 13 13 13 13 13 13 14 13 12 13 13 14 13 13 13 13 13 13 13 13 13 13 13 12
1245_1_3 3 7 5 7 5 1 3 2 3 1 3 5 2 3 2 2 27 12 13 13 13 13 13 14 13 13 13 13 13 14 13 13 12 13 13 13 13 13 13 13 13 13 13 13 13 13 13 13 13 13 13 13 13 13 13 12 13 13 14 13 13 13 13 13 14 13 13 13 13 13 12
1247_0_3 3 5 7 5 7 1 2 3 5 1 3 3 2 3 2 2 27 12 13 13 12 13 13 14 13 13 13 13 13 13 13 13 13 14 13 13 13 13 13 13 13 13 13 13 13 13 13 13 13 13 13 13 13 13 14 13 13 13 13 13 13 13 13 13 14 13 13 12 13 13 12
1248_1_1 3 6 7 5 6 0 4 2 3 3 3 2 3 3 3 1 27 12 13 13 13 13 13 13 13 13 13 13 13 13 13 13 13 13 13 13 12 13 13 14 13 13 14 13 13 14 13 13 14 13 13 12 13 13 13 13 13 13 13 13 13 13 13 13 13 13 13 13 13 13 12
1249_1_3 4 4 8 5 6 1 2 5 2 4 2 2 2 2 3 2 27 12 13 13 13 13 13 13 13 13 13 13 13 14 13 13 14 13 13 12 13 13 13 13 13 13 13 13 13 13 13 13 13 13 13 13 12 13 13 14 13 13 14 13 13 13 13 13 13 13 13 13 13 13 12
1250_0_7 3 6 5 7 6 1 2 4 3 1 4 2 4 2 2 2 27 12 13 13 13 13 13 13 13 13 12 13 13 13 13 13 13 14 13 13 13 13 13 13 14 13 13 13 13 13 13 14 13 13 13 13 13 13 14 13 13 13 13 13 13 12 13 13 13 13 13 13 13 13 12
1250_1_7 3 6 7 5 6 1 2 4 3 1 4 2 4 2 2 2 27 12 13 13 13 13 13 13 13 13 12 13 13 13 13 13 13 14 13 13 13 13 13 13 14 13 13 13 13 13 13 14 13 13 13 13 13 13 14 13 13 13 13 13 13 12 13 13 13 13 13 13 13 13 12
1253_0_3 3 6 5 7 6 1 3 1 3 3 2 2 5 3 2 2 27 12 13 13 13 12 13 13 13 13 13 13 13 13 14 13 13 13 13 13 13 13 13 14 13 13 13 13 13 13 13 13 14 13 13 13 13 13 13 13 13 14 13 13 13 13 13 13 13 13 12 13 13 13 12
1254_0_3 3 5 5 6 8 1 3 1 3 2 4 4 2 1 3 3 27 12 13 13 13 13 13 13 12 13 13 13 13 13 13 14 13 13 14 13 13 13 13 13 13 13 13 13 13 13 13 13 13 13 13 13 13 14 13 13 14 13 13 13 13 13 13 12 13 13 13 13 13 13 12
1255_0_3 4 4 6 5 8 1 4 2 2 2 2 1 4 3 4 2 27 12 13 13 12 13 14 13 13 13 13 13 13 13 13 13 13 14 13 13 13 13 13 13 13 13 13 13 13 13 13 13 13 13 13 13 13 13 14 13 13 13 13 13 13 13 13 13 13 14 13 12 13 13 12
1256_0_3 3 6 5 7 6 1 3 1 3 3 2 2 5 3 2 2 27 12 13 13 13 12 13 13 13 13 13 13 14 13 13 13 13 13 13 14 13 13 13 13 13 13 13 13 13 13 13 13 13 13 13 13 14 13 13 13 13 13 13 14 13 13 13 13 13 13 12 13 13 13 12
1257_0_3 3 6 5 7 6 1 3 1 3 2 4 4 2 1 3 3 27 12 13 13 14 13 13 13 13 13 13 13 13 13 13 13 13 13 14 13 13 13 13 13 13 12 13 13 13 13 12 13 13 13 13 13 13 14 13 13 13 13 13 13 13 13 13 13 13 13 13 14 13 13 12
1258_1_1 3 7 5 7 5 1 2 2 5 1 2 4 3 3 2 2 27 12 13 13 13 13 13 13 13 13 13 13 13 13 13 13 13 13 14 13 13 13 14 13 12 13 13 13 13 13 13 12 13 14 13 13 13 14 13 13 13 13 13 13 13 13 13 13 13 13 13 13 13 13 12
1259_1_3 3 8 6 5 5 1 3 1 3 2 4 4 2 1 3 3 27 12 13 12 13 13 13 14 13 13 13 13 13 13 13 14 13 13 13 13 13 13 13 13 13 13 13 13 13 13 13 13 13 13 13 13 13 13 13 13 14 13 13 13 13 13 13 13 14 13 13 13 12 13 12
1261_1_1 4 4 8 5 6 0 4 2 3 3 3 2 3 3 3 1 27 12 13 13 13 13 13 13 13 13 13 13 13 13 13 13 13 13 14 13 13 14 13 13 12 13 13 13 13 13 13 12 13 13 14 13 13 14 13 13 13 13 13 13 13 13 13 13 13 13 13 13 13 13 12
1263_0_3 4 4 6 5 8 1 4 2 2 2 2 1 4 3 4 2 27 12 13 13 13 14 13 13 13 13 13 13 13 13 13 12 13 14 13 13 13 13 13 13 13 13 13 13 13 13 13 13 13 13 13 13 13 13 14 13 12 13 13 13 13 13 13 13 13 13 14 13 13 13 12
1264_1_1 3 7 5 7 5 1 1 3 3 4 2 3 3 1 4 2 27 12 13 13 13 13 13 13 13 13 13 13 13 13 13 13 13 14 13 13 13 13 13 14 13 13 12 13 13 12 13 13 14 13 13 13 13 13 14 13 13 13 13 13 13 13 13 13 13 13 13 13 13 13 12
1265_1_1 3 7 5 7 5 1 1 4 3 3 2 3 3 3 1 3 27 12 13 14 13 13 13 13 13 13 13 12 13 13 13 13 13 13 13 13 13 13 13 14 13 13 13 13 13 13 13 13 14 13 13 13 13 13 13 13 13 13 13 13 12 13 13 13 13 13 13 13 14 13 12
1266_1_1 3 6 7 5 6 0 3 3 4 3 3 2 2 1 3 3 27 13 13 13 13 12 13 13 13 13 13 12 13 13 13 13 13 13 13 13 13 14 14 13 13 13 13 13 13 13 13 13 13 14 14 13 13 13 13 13 13 13 13 13 12 13 13 13 13 13 12 13 13 13 13
1268_1_1 3 7 5 7 5 0 3 3 3 3 4 1 3 2 3 2 27 12 13 13 13 13 13 13 13 13 13 12 13 14 13 13 13 13 13 13 13 13 14 13 13 13 13 13 13 13 13 13 13 14 13 13 13 13 13 13 13 13 14 13 12 13 13 13 13 13 13 13 13 13 12
1270_1_1 3 6 5 8 5 0 3 3 3 3 4 1 3 2 3 2 27 12 13 13 13 13 13 13 13 13 13 14 13 13 13 13 13 13 13 13 14 13 12 13 13 13 13 13 13 13 13 13 13 12 13 14 13 13 13 13 13 13 13 13 14 13 13 13 13 13 13 13 13 13 12
1271_1_3 3 6 5 8 5 1 2 3 5 1 3 3 2 3 2 2 27 12 13 13 13 13 13 13 13 13 13 13 13 12 13 13 14 13 13 13 14 13 13 13 13 13 13 13 13 13 13 13 13 13 13 14 13 13 13 14 13 13 12 13 13 13 13 13 13 13 13 13 13 13 12
1272_1_3 4 4 8 5 6 1 2 2 3 5 1 3 3 3 2 2 27 12 13 13 13 13 13 13 13 13 14 13 13 14 13 12 13 13 13 13 13 13 13 13 13 13 13 13 13 13 13 13 13 13 13 13 13 13 13 13 12 13 14 13 13 14 13 13 13 13 13 13 13 13 12
1273_1_1 4 4 8 5 6 1 1 4 3 3 3 3 1 3 2 3 27 13 13 13 13 12 13 13 13 13 13 12 13 13 13 14 13 13 13 13 13 13 13 13 13 13 13 14 14 13 13 13 13 13 13 13 13 13 13 13 14 13 13 13 12 13 13 13 13 13 12 13 13 13 13
1274_0_3 3 5 5 6 8 1 2 1 4 4 1 3 3 3 2 3 27 12 13 13 13 13 13 13 13 13 13 13 13 12 13 14 13 13 14 13 13 13 13 13 13 13 13 13 13 13 13 13 13 13 13 13 13 14 13 13 14 13 12 13 13 13 13 13 13 13 13 13 13 13 12
1275_1_1 4 4 8 5 6 1 3 2 1 3 2 3 1 3 4 4 27 12 13 13 13 13 13 13 13 13 13 13 13 13 13 13 12 13 14 13 13 13 13 13 13 13 14 13 13 14 13 13 13 13 13 13 13 14 13 12 13 13 13 13 13 13 13 13 13 13 13 13 13 13 12
1277_0_3 3 5 8 5 6 1 1 3 2 3 2 3 3 2 5 2 27 12 13 13 13 13 13 13 12 13 13 13 13 13 13 14 13 13 13 13 13 14 13 13 13 13 13 13 13 13 13 13 13 13 14 13 13 13 13 13 14 13 13 13 13 13 13 12 13 13 13 13 13 13 12
1278_1_1 4 4 8 5 6 1 2 1 3 3 3 5 1 2 3 3 27 12 13 13 13 13 13 13 13 13 13 14 13 13 13 13 13 13 13 13 13 13 13 14 13 13 12 13 13 12 13 13 14 13 13 13 13 13 13 13 13 13 13 13 14 13 13 13 13 13 13 13 13 13 12
1279_1_1 4 4 8 5 6 1 1 4 3 3 2 3 3 3 1 3 27 12 13 14 13 13 13 13 13 13 13 13 14 13 13 13 13 13 13 13 13 13 12 13 13 13 13 13 13 13 13 13 13 12 13 13 13 13 13 13 13 13 13 14 13 13 13 13 13 13 13 13 14 13 12
1280_0_3 3 5 7 5 7 1 3 1 3 3 2 2 5 3 2 2 27 12 13 14 13 13 12 13 13 13 13 13 14 13 13 13 13 13 13 13 13 13 13 13 13 13 13 13 13 13 13 13 13 13 13 13 13 13 13 13 13 13 13 14 13 13 13 13 13 12 13 13 14 13 12
1281_0_3 3 5 7 5 7 1 2 3 5 1 3 3 2 3 2 2 27 12 13 14 13 13 13 13 13 13 13 13 13 13 12 13 13 13 13 13 13 13 13 13 13 13 13 14 14 13 13 13 13 13 13 13 13 13 13 13 13 12 13 13 13 13 13 13 13 13 13 13 14 13 12
1282_1_1 4 4 8 5 6 1 3 2 1 3 2 3 1 3 4 4 27 12 13 13 14 13 12 13 13 13 13 13 13 13 13 13 13 13 14 13 13 13 13 13 13 13 13 13 13 13 13 13 13 13 13 13 13 14 13 13 13 13 13 13 13 13 13 13 13 12 13 14 13 13 12
1283_1_3 3 6 5 8 5 1 2 4 2 4 3 2 2 1 4 2 27 12 13 13 13 13 13 13 13 13 13 13 13 12 14 14 13 13 13 13 13 13 13 13 13 13 13 13 13 13 13 13 13 13 13 13 13 13 13 13 14 14 12 13 13 13 13 13 13 13 13 13 13 13 12
1284_1_3 3 8 6 5 5 1 3 1 3 3 2 2 5 3 2 2 27 12 13 13 13 13 12 13 13 13 14 13 13 13 13 13 13 13 13 14 13 13 13 13 13 13 13 13 13 13 13 13 13 13 13 13 14 13 13 13 13 13 13 13 13 14 13 13 13 12 13 13 13 13 12
1285_1_3 4 5 4 8 6 1 3 1 3 3 4 3 2 1 4 2 27 12 13 13 13 13 13 12 13 13 13 13 13 13 13 13 14 13 13 14 13 13 13 13 13 13 13 13 13 13 13 13 13 13 13 13 14 13 13 14 13 13 13 13 13 13 13 13 12 13 13 13 13 13 12
1286_1_3 3 8 6 5 5 1 3 1 3 3 2 2 5 3 2 2 27 12 13 13 13 13 13 13 13 13 13 13 13 13 13 13 12 13 13 13 13 14 13 13 13 14 13 13 13 13 14 13 13 13 14 13 13 13 13 12 13 13 13 13 13 13 13 13 13 13 13 13 13 13 12
1287_1_1 4 4 8 5 6 1 1 4 3 3 2 3 3 3 1 3 27 12 13 14 13 13 13 13 13 13 13 12 13 13 13 13 13 13 13 13 13 14 13 13 13 13 13 13 13 13 13 13 13 13 14 13 13 13 13 13 13 13 13 13 12 13 13 13 13 13 13 13 14 13 12
1288_1_1 3 6 5 8 5 0 3 3 2 1 3 3 4 3 2 3 27 12 13 12 13 14 13 13 13 13 13 13 13 13 13 13 13 13 13 13 13 14 13 13 13 13 13 13 13 13 13 13 13 13 14 13 13 13 13 13 13 13 13 13 13 13 13 13 13 13 14 13 12 13 12
1290_1_1 4 4 8 5 6 1 1 4 1 3 3 2 3 3 4 2 27 12 13 13 13 13 13 13 13 13 13 13 12 13 13 13 13 13 14 13 13 13 13 14 13 13 13 13 13 13 13 13 14 13 13 13 13 14 13 13 13 13 13 12 13 13 13 13 13 13 13 13 13 13 12
1291_1_3 3 7 5 7 5 1 2 5 2 4 2 2 2 2 3 2 27 12 13 13 13 13 13 13 13 13 13 13 13 14 12 13 13 13 13 13 13 13 13 13 13 13 13 14 14 13 13 13 13 13 13 13 13 13 13 13 13 12 14 13 13 13 13 13 13 13 13 13 13 13 12
1293_1_1 4 4 8 5 6 1 2 1 3 3 3 5 1 2 3 3 27 12 13 13 13 13 13 13 13 13 14 13 13 13 13 12 13 13 13 13 13 13 14 13 13 13 13 13 13 13 13 13 13 14 13 13 13 13 13 13 12 13 13 13 13 14 13 13 13 13 13 13 13 13 12
1295_0_3 4 4 6 5 8 1 2 5 2 4 2 2 2 2 3 2 27 12 13 13 13 13 13 13 13 13 13 13 13 13 13 13 13 14 13 13 14 13 13 13 13 12 13 13 13 13 12 13 13 13 13 14 13 13 14 13 13 13 13 13 13 13 13 13 13 13 13 13 13 13 12
1296_1_1 3 6 7 5 6 1 1 3 3 5 1 3 3 2 2 3 27 12 13 14 13 13 13 13 13 13 13 14 13 13 13 13 13 13 13 13 13 13 13 13 13 12 13 13 13 13 12 13 13 13 13 13 13 13 13 13 13 13 13 13 14 13 13 13 13 13 13 13 14 13 12
1298_0_3 3 5 5 6 8 1 3 2 2 2 3 1 3 5 2 3 27 12 13 13 13 13 13 13 13 13 13 13 13 13 13 14 13 13 13 13 13 12 13 13 14 13 13 13 13 13 13 14 13 13 12 13 13 13 13 13 14 13 13 13 13 13 13 13 13 13 13 13 13 13 12
1299_1_1 3 7 5 7 5 1 2 1 3 3 3 5 1 2 3 3 27 12 13 13 12 13 13 13 13 13 13 13 14 13 13 13 13 13 13 13 13 13 14 13 13 13 13 13 13 13 13 13 13 14 13 13 13 13 13 13 13 13 13 14 13 13 13 13 13 13 13 12 13 13 12
1301_1_1 3 6 5 8 5 1 1 3 3 3 2 3 4 1 4 2 27 12 13 13 14 13 13 13 13 13 13 13 13 13 13 13 13 12 13 13 13 13 13 13 13 14 13 13 13 13 14 13 13 13 13 13 13 13 12 13 13 13 13 13 13 13 13 13 13 13 13 14 13 13 12
1303_0_3 4 5 4 6 8 1 3 2 3 1 3 5 2 3 2 2 27 12 13 13 14 13 13 13 13 14 13 13 13 13 13 13 13 12 13 13 13 13 13 13 13 13 13 13 13 13 13 13 13 13 13 13 13 13 12 13 13 13 13 13 13 13 14 13 13 13 13 14 13 13 12
1304_1_1 4 4 8 5 6 1 1 4 1 3 3 2 3 3 4 2 27 12 13 13 13 13 13 13 13 13 12 13 14 13 13 14 13 13 13 13 13 13 13 13 13 13 13 13 13 13 13 13 13 13 13 13 13 13 13 13 14 13 13 14 13 12 13 13 13 13 13 13 13 13 12
1305_1_3 4 4 8 5 6 1 3 2 3 1 3 5 2 3 2 2 27 12 13 13 13 12 13 14 13 13 13 13 13 13 13 13 13 13 13 13 14 13 13 13 13 13 13 13 13 13 13 13 13 13 13 14 13 13 13 13 13 13 13 13 13 13 13 13 14 13 12 13 13 13 12
1307_0_3 3 5 5 6 8 1 2 3 2 2 2 2 2 3 3 5 27 12 13 14 13 13 13 13 13 13 14 13 13 13 13 13 13 13 13 13 13 13 12 13 13 13 13 13 13 13 13 13 13 12 13 13 13 13 13 13 13 13 13 13 13 14 13 13 13 13 13 13 14 13 12
1307_1_5 3 8 6 5 5 1 5 3 3 2 2 2 2 2 3 2 27 12 13 14 13 13 13 13 13 13 14 13 13 13 13 13 13 13 13 13 13 13 12 13 13 13 13 13 13 13 13 13 13 12 13 13 13 13 13 13 13 13 13 13 13 14 13 13 13 13 13 13 14 13 12
1309_1_1 3 6 7 5 6 1 1 4 1 3 3 2 3 3 4 2 27 12 13 13 13 13 13 13 13 13 12 13 14 13 13 13 13 13 13 13 13 13 13 13 13 13 14 13 13 14 13 13 13 13 13 13 13 13 13 13 13 13 13 14 13 12 13 13 13 13 13 13 13 13 12
1310_1_3 4 4 8 5 6 1 2 4 2 4 3 2 2 1 4 2 27 12 13 13 13 13 13 13 13 12 13 13 13 13 13 13 13 13 14 14 13 13 13 13 13 13 13 13 13 13 13 13 13 13 13 13 14 14 13 13 13 13 13 13 13 13 12 13 13 13 13 13 13 13 12
1311_1_3 4 4 8 5 6 1 2 1 4 4 1 3 3 3 2 3 27 12 13 13 13 13 13 13 13 13 13 13 13 13 13 13 13 13 14 13 13 13 13 13 12 13 14 13 13 14 13 12 13 13 13 13 13 14 13 13 13 13 13 13 13 13 13 13 13 13 13 13 13 13 12
1312_1_3 4 5 4 8 6 1 3 2 2 2 3 1 3 5 2 3 27 12 13 13 13 13 13 13 13 14 13 13 12 13 13 13 13 13 13 13 13 13 13 13 13 13 14 13 13 14 13 13 13 13 13 13 13 13 13 13 13 13 13 12 13 13 14 13 13 13 13 13 13 13 12
1313_1_3 4 5 5 5 8 1 2 3 5 1 3 3 2 3 2 2 27 12 14 13 13 13 13 13 13 13 13 13 13 13 13 13 13 14 13 13 12 13 13 13 13 13 13 13 13 13 13 13 13 13 13 12 13 13 14 13 13 13 13 13 13 13 13 13 13 13 13 13 13 14 12
1314_0_3 3 5 7 5 7 1 2 2 5 2 2 4 2 3 2 2 27 12 13 14 13 13 13 13 13 13 13 13 13 14 13 13 13 13 13 13 13 13 13 13 13 13 12 13 13 12 13 13 13 13 13 13 13 13 13 13 13 13 14 13 13 13 13 13 13 13 13 13 14 13 12
1315_1_1 4 5 4 8 6 1 2 1 3 3 3 5 1 2 3 3 27 12 13 13 13 13 13 12 13 13 13 14 13 13 13 13 13 13 13 13 13 14 13 13 13 13 13 13 13 13 13 13 13 13 14 13 13 13 13 13 13 13 13 13 14 13 13 13 12 13 13 13 13 13 12
1316_1_1 4 4 8 5 6 1 1 4 3 3 3 3 1 3 2 3 27 12 13 13 13 13 13 13 13 13 13 12 13 13 13 13 13 13 14 13 13 14 13 13 13 13 13 13 13 13 13 13 13 13 14 13 13 14 13 13 13 13 13 13 12 13 13 13 13 13 13 13 13 13 12
1317_0_3 3 5 7 5 7 1 3 1 4 4 2 2 3 3 2 2 27 12 13 13 13 13 13 13 13 13 13 12 13 13 13 13 13 13 14 13 13 13 13 14 13 13 13 13 13 13 13 13 14 13 13 13 13 14 13 13 13 13 13 13 12 13 13 13 13 13 13 13 13 13 12
1317_1_5 3 7 5 7 5 1 3 2 2 3 5 2 2 2 2 3 27 12 13 13 13 13 13 13 13 13 13 12 13 13 13 13 13 13 14 13 13 13 13 14 13 13 13 13 13 13 13 13 14 13 13 13 13 14 13 13 13 13 13 13 12 13 13 13 13 13 13 13 13 13 12
1318_1_3 4 5 4 8 6 1 2 5 2 4 2 2 2 2 3 2 27 12 13 13 13 13 14 13 12 13 13 13 13 13 13 13 13 13 13 13 13 13 13 13 14 13 13 13 13 13 13 14 13 13 13 13 13 13 13 13 13 13 13 13 13 13 13 12 13 14 13 13 13 13 12
1319_1_3 3 6 7 5 6 1 2 4 2 4 3 2 2 1 4 2 27 12 13 13 13 13 13 13 13 13 13 13 13 13 14 13 13 13 14 13 12 13 13 13 13 13 13 13 13 13 13 13 13 13 13 12 13 14 13 13 13 14 13 13 13 13 13 13 13 13 13 13 13 13 12
1320_1_3 4 5 4 8 6 1 2 4 2 4 3 2 2 1 4 2 27 12 12 13 14 13 13 13 13 13 13 13 13 13 13 13 13 13 13 14 13 13 13 13 13 13 13 13 13 13 13 13 13 13 13 13 14 13 13 13 13 13 13 13 13 13 13 13 13 13 13 14 13 12 12
1321_1_3 4 5 4 8 6 1 1 5 2 3 3 2 3 2 3 2 27 12 13 13 13 13 13 13 13 13 13 13 12 13 13 13 14 13 13 14 13 13 13 13 13 13 13 13 13 13 13 13 13 13 13 13 14 13 13 14 13 13 13 12 13 13 13 13 13 13 13 13 13 13 12
1322_1_3 3 7 6 6 5 1 2 3 5 1 3 3 2 3 2 2 27 12 13 13 13 13 13 13 13 14 13 13 13 13 13 13 14 13 13 13 12 13 13 13 13 13 13 13 13 13 13 13 13 13 13 12 13 13 13 14 13 13 13 13 13 13 14 13 13 13 13 13 13 13 12
1324_1_1 4 4 8 5 6 1 1 3 3 3 2 3 4 1 4 2 27 12 13 13 13 13 13 13 13 13 13 13 13 13 14 13 12 13 14 13 13 13 13 13 13 13 13 13 13 13 13 13 13 13 13 13 13 14 13 12 13 14 13 13 13 13 13 13 13 13 13 13 13 13 12
1326_0_3 4 4 6 5 8 1 3 1 3 3 2 2 5 3 2 2 27 12 13 13 13 13 13 13 13 13 13 13 14 13 14 13 12 13 13 13 13 13 13 13 13 13 13 13 13 13 13 13 13 13 13 13 13 13 13 12 13 14 13 14 13 13 13 13 13 13 13 13 13 13 12
1327_1_1 3 6 7 5 6 1 1 3 3 3 2 3 4 1 4 2 27 12 13 14 14 12 13 13 13 13 13 13 13 13 13 13 13 13 13 13 13 13 13 13 13 13 13 13 13 13 13 13 13 13 13 13 13 13 13 13 13 13 13 13 13 13 13 13 13 13 12 14 14 13 12
1328_1_3 3 6 7 5 6 1 2 3 5 1 3 3 2 3 2 2 27 12 13 13 13 13 13 13 13 13 12 13 14 13 13 13 14 13 13 13 13 13 13 13 13 13 13 13 13 13 13 13 13 13 13 13 13 13 13 14 13 13 13 14 13 12 13 13 13 13 13 13 13 13 12
1330_1_1 3 6 7 5 6 1 1 4 1 3 3 2 3 3 4 2 27 12 13 13 13 13 13 13 13 13 12 13 13 13 13 13 13 13 14 13 13 14 13 13 13 13 13 13 13 13 13 13 13 13 14 13 13 14 13 13 13 13 13 13 13 12 13 13 13 13 13 13 13 13 12
1332_1_1 3 7 6 6 5 1 2 1 4 3 2 2 5 2 3 2 27 12 13 13 13 12 13 13 13 13 13 14 13 13 13 13 13 13 13 13 13 13 13 13 14 13 13 13 13 13 13 14 13 13 13 13 13 13 13 13 13 13 13 13 14 13 13 13 13 13 12 13 13 13 12
1333_0_7 3 5 5 6 8 1 2 3 3 1 2 5 2 4 2 2 27 12 13 13 13 13 13 13 13 13 13 14 13 13 13 14 13 13 13 12 13 13 13 13 13 13 13 13 13 13 13 13 13 13 13 13 12 13 13 13 14 13 13 13 14 13 13 13 13 13 13 13 13 13 12
1333_1_7 3 8 6 5 5 1 2 3 3 1 2 5 2 4 2 2 27 12 13 13 13 13 13 13 13 13 13 14 13 13 13 14 13 13 13 12 13 13 13 13 13 13 13 13 13 13 13 13 13 13 13 13 12 13 13 13 14 13 13 13 14 13 13 13 13 13 13 13 13 13 12
1334_1_1 3 8 6 5 5 1 1 4 3 3 3 3 1 3 2 3 27 12 13 13 13 13 13 13 13 13 14 13 13 13 13 13 13 13 14 13 13 13 12 13 13 13 13 13 13 13 13 13 13 12 13 13 13 14 13 13 13 13 13 13 13 14 13 13 13 13 13 13 13 13 12
1335_1_1 3 6 7 5 6 1 2 2 5 1 2 4 3 3 2 2 27 12 13 13 13 13 13 13 13 13 13 13 13 13 13 13 13 13 13 13 12 13 14 13 13 13 14 13 13 14 13 13 13 14 13 12 13 13 13 13 13 13 13 13 13 13 13 13 13 13 13 13 13 13 12
1337_1_1 3 8 6 5 5 1 1 4 1 3 3 2 3 3 4 2 27 12 13 13 13 13 13 13 13 13 14 13 12 13 13 13 13 13 14 13 13 13 13 13 13 13 13 13 13 13 13 13 13 13 13 13 13 14 13 13 13 13 13 12 13 14 13 13 13 13 13 13 13 13 12
1338_1_3 3 8 6 5 5 1 2 3 5 1 3 3 2 3 2 2 27 12 13 13 13 13 13 13 13 13 14 13 12 13 13 13 13 14 13 13 13 13 13 13 13 13 13 13 13 13 13 13 13 13 13 13 13 13 14 13 13 13 13 12 13 14 13 13 13 13 13 13 13 13 12
1339_1_3 3 7 6 6 5 1 2 3 5 1 3 3 2 3 2 2 27 12 13 13 13 13 13 13 13 13 12 13 13 13 13 13 14 13 13 13 13 14 13 13 13 13 13 13 13 13 13 13 13 13 14 13 13 13 13 14 13 13 13 13 13 12 13 13 13 13 13 13 13 13 12
1340_1_3 3 8 6 5 5 1 3 1 3 2 4 4 2 1 3 3 27 12 13 13 13 13 13 13 13 13 13 13 13 13 13 14 13 13 13 12 13 13 13 13 13 13 14 13 13 14 13 13 13 13 13 13 12 13 13 13 14 13 13 13 13 13 13 13 13 13 13 13 13 13 12
1341_1_3 4 4 8 5 6 1 2 3 5 1 3 3 2 3 2 2 27 12 13 13 13 13 13 13 13 13 13 13 12 13 13 13 13 14 13 13 13 13 13 14 13 13 13 13 13 13 13 13 14 13 13 13 13 13 14 13 13 13 13 12 13 13 13 13 13 13 13 13 13 13 12
1343_0_3 4 4 6 5 8 1 3 1 3 3 2 1 5 3 3 2 27 12 13 13 13 13 13 13 13 13 13 13 12 13 13 13 13 14 13 13 13 13 14 13 13 13 13 13 13 13 13 13 13 14 13 13 13 13 14 13 13 13 13 12 13 13 13 13 13 13 13 13 13 13 12
1344_0_3 4 4 6 5 8 1 2 1 4 3 3 3 3 1 3 3 27 13 13 13 13 12 13 13 13 13 13 12 13 13 13 13 13 13 13 13 14 13 13 13 13 13 13 14 14 13 13 13 13 13 13 14 13 13 13 13 13 13 13 13 12 13 13 13 13 13 12 13 13 13 13
1344_1_5 4 4 8 5 6 1 2 3 2 2 3 3 2 5 2 2 27 13 13 13 13 12 13 13 13 13 13 12 13 13 13 13 13 13 13 13 14 13 13 13 13 13 13 14 14 13 13 13 13 13 13 14 13 13 13 13 13 13 13 13 12 13 13 13 13 13 12 13 13 13 13
1345_1_1 4 4 8 5 6 1 1 4 3 3 3 3 1 3 2 3 27 12 13 13 13 13 13 13 13 13 13 13 14 13 13 13 13 13 14 13 13 13 12 13 13 13 13 13 13 13 13 13 13 12 13 13 13 14 13 13 13 13 13 14 13 13 13 13 13 13 13 13 13 13 12
1346_0_3 3 5 6 6 7 1 2 2 5 2 2 4 2 3 2 2 27 12 13 13 13 13 13 13 13 13 13 13 13 13 13 12 13 13 13 14 13 13 13 13 14 13 13 13 13 13 13 14 13 13 13 13 14 13 13 13 12 13 13 13 13 13 13 13 13 13 13 13 13 13 12
1347_0_3 3 5 7 5 7 1 2 2 3 4 4 1 2 4 1 3 27 12 13 13 13 13 13 13 13 13 13 13 13 13 13 13 13 14 13 13 13 13 14 13 13 13 12 13 13 12 13 13 13 14 13 13 13 13 14 13 13 13 13 13 13 13 13 13 13 13 13 13 13 13 12
1347_1_3 3 7 5 7 5 1 2 2 3 4 4 1 2 4 1 3 27 12 13 13 13 13 13 13 13 13 13 13 13 13 13 13 13 14 13 13 13 13 14 13 13 13 12 13 13 12 13 13 13 14 13 13 13 13 14 13 13 13 13 13 13 13 13 13 13 13 13 13 13 13 12
1348_0_3 3 6 5 7 6 1 3 1 3 3 2 1 5 3 3 2 27 12 13 13 13 13 13 13 13 13 12 13 13 13 13 13 14 13 13 13 13 13 14 13 13 13 13 13 13 13 13 13 13 14 13 13 13 13 13 14 13 13 13 13 13 12 13 13 13 13 13 13 13 13 12
1349_1_1 3 8 6 5 5 1 2 4 2 4 3 2 1 3 2 3 27 12 13 13 13 13 13 13 13 13 13 13 13 13 13 13 13 14 13 13 14 13 12 13 13 13 13 13 13 13 13 13 13 12 13 14 13 13 14 13 13 13 13 13 13 13 13 13 13 13 13 13 13 13 12
1351_0_3 3 5 5 6 8 1 3 1 3 3 2 1 5 3 3 2 27 12 13 13 13 14 13 13 13 13 13 14 13 13 13 13 13 13 13 13 13 12 13 13 13 13 13 13 13 13 13 13 13 13 12 13 13 13 13 13 13 13 13 13 14 13 13 13 13 13 14 13 13 13 12
1352_1_1 3 8 6 5 5 1 1 4 1 3 3 2 3 3 4 2 27 12 13 13 13 13 13 13 13 13 14 13 13 13 13 13 13 13 14 13 13 13 13 12 13 13 13 13 13 13 13 13 12 13 13 13 13 14 13 13 13 13 13 13 13 14 13 13 13 13 13 13 13 13 12
1354_1_1 3 8 6 5 5 1 2 1 3 3 3 5 1 2 3 3 27 12 13 13 13 13 13 12 13 13 14 13 13 13 13 13 13 13 13 13 13 13 14 13 13 13 13 13 13 13 13 13 13 14 13 13 13 13 13 13 13 13 13 13 13 14 13 13 12 13 13 13 13 13 12
1355_0_7 4 4 6 5 8 1 3 1 3 2 3 2 2 3 5 2 27 12 13 13 13 13 13 13 13 13 13 13 13 13 13 13 13 14 13 13 13 13 13 13 12 13 14 13 13 14 13 12 13 13 13 13 13 13 14 13 13 13 13 13 13 13 13 13 13 13 13 13 13 13 12
1355_1_7 4 4 8 5 6 1 3 1 3 2 3 2 2 3 5 2 27 12 13 13 13 13 13 13 13 13 13 13 13 13 13 13 13 14 13 13 13 13 13 13 12 13 14 13 13 14 13 12 13 13 13 13 13 13 14 13 13 13 13 13 13 13 13 13 13 13 13 13 13 13 12
1356_1_3 3 8 6 5 5 1 2 3 5 1 3 3 2 3 2 2 27 12 13 13 13 13 13 13 13 13 13 13 13 12 13 13 13 14 13 13 14 13 13 13 13 13 13 13 13 13 13 13 13 13 13 14 13 13 14 13 13 13 12 13 13 13 13 13 13 13 13 13 13 13 12
1357_1_3 4 5 4 8 6 1 2 3 5 1 3 3 2 3 2 2 27 12 13 13 13 13 13 13 13 13 13 13 13 12 13 13 14 13 13 13 13 13 13 13 14 13 13 13 13 13 13 14 13 13 13 13 13 13 13 14 13 13 12 13 13 13 13 13 13 13 13 13 13 13 12
1359_1_1 3 7 5 7 5 1 2 1 4 3 2 2 5 2 3 2 27 12 13 13 13 13 12 13 13 13 13 13 13 14 13 13 13 13 13 13 13 13 14 13 13 13 13 13 13 13 13 13 13 14 13 13 13 13 13 13 13 13 14 13 13 13 13 13 13 12 13 13 13 13 12
1360_1_3 4 4 8 5 6 1 3 1 3 2 4 4 2 1 3 3 27 12 13 12 13 13 13 14 13 13 13 13 13 13 13 13 13 13 14 13 13 13 13 13 13 13 13 13 13 13 13 13 13 13 13 13 13 14 13 13 13 13 13 13 13 13 13 13 14 13 13 13 12 13 12
1362_1_1 3 6 7 5 6 0 3 3 3 3 4 1 3 2 3 2 27 12 13 13 13 13 13 13 13 13 13 13 13 13 13 12 13 13 14 13 13 13 13 13 14 13 13 13 13 13 13 14 13 13 13 13 13 14 13 13 12 13 13 13 13 13 13 13 13 13 13 13 13 13 12
1363_0_7 4 4 7 5 7 1 2 4 3 4 1 3 3 2 1 3 27 12 14 13 13 12 13 13 14 13 13 13 13 13 13 13 13 13 13 13 13 13 13 13 13 13 13 13 13 13 13 13 13 13 13 13 13 13 13 13 13 13 13 13 13 13 13 14 13 13 12 13 13 14 12
1363_1_7 4 5 5 5 8 1 2 4 3 4 1 3 3 2 1 3 27 12 14 13 13 12 13 13 14 13 13 13 13 13 13 13 13 13 13 13 13 13 13 13 13 13 13 13 13 13 13 13 13 13 13 13 13 13 13 13 13 13 13 13 13 13 13 14 13 13 12 13 13 14 12
1363_2_7 4 8 5 5 5 1 2 4 3 4 1 3 3 2 1 3 27 12 14 13 13 12 13 13 14 13 13 13 13 13 13 13 13 13 13 13 13 13 13 13 13 13 13 13 13 13 13 13 13 13 13 13 13 13 13 13 13 13 13 13 13 13 13 14 13 13 12 13 13 14 12
1365_0_3 4 4 6 5 8 1 2 1 4 4 3 1 4 2 2 3 27 12 13 13 13 13 13 13 13 13 13 13 13 13 13 13 13 13 13 12 13 13 14 13 13 13 14 13 13 14 13 13 13 14 13 13 12 13 13 13 13 13 13 13 13 13 13 13 13 13 13 13 13 13 12
1365_1_3 4 4 8 5 6 1 2 1 4 4 3 1 4 2 2 3 27 12 13 13 13 13 13 13 13 13 13 13 13 13 13 13 13 13 13 12 13 13 14 13 13 13 14 13 13 14 13 13 13 14 13 13 12 13 13 13 13 13 13 13 13 13 13 13 13 13 13 13 13 13 12
1366_1_1 3 7 5 7 5 0 3 3 2 1 3 3 4 3 2 3 27 12 13 13 13 13 13 13 13 13 13 13 13 13 12 13 13 13 13 13 13 13 13 14 13 13 13 14 14 13 13 13 14 13 13 13 13 13 13 13 13 12 13 13 13 13 13 13 13 13 13 13 13 13 12
1367_1_3 3 6 7 5 6 1 1 5 2 3 3 2 3 2 3 2 27 12 13 14 13 13 13 13 13 13 12 13 13 13 13 13 14 13 13 13 13 13 13 13 13 13 13 13 13 13 13 13 13 13 13 13 13 13 13 14 13 13 13 13 13 12 13 13 13 13 13 13 14 13 12
1369_1_1 3 8 6 5 5 1 2 4 2 4 3 2 1 3 2 3 27 12 13 13 13 13 13 13 13 13 13 12 13 13 13 13 14 13 13 13 14 13 13 13 13 13 13 13 13 13 13 13 13 13 13 14 13 13 13 14 13 13 13 13 12 13 13 13 13 13 13 13 13 13 12
1370_1_3 3 7 6 6 5 1 3 1 3 2 1 4 4 3 2 3 27 12 13 13 13 12 13 13 13 14 13 13 13 13 13 13 13 13 13 13 13 13 13 13 14 13 13 13 13 13 13 14 13 13 13 13 13 13 13 13 13 13 13 13 13 13 14 13 13 13 12 13 13 13 12
1371_1_3 3 6 7 5 6 1 2 2 5 2 2 4 2 3 2 2 27 12 13 14 13 13 13 13 13 13 13 13 13 13 13 12 13 13 13 13 13 13 13 13 14 13 13 13 13 13 13 14 13 13 13 13 13 13 13 13 12 13 13 13 13 13 13 13 13 13 13 13 14 13 12
1373_0_3 3 5 5 6 8 1 2 2 3 5 1 3 3 3 2 2 27 12 13 13 12 13 13 13 13 13 14 13 13 13 13 13 13 13 13 13 13 13 13 13 14 13 13 13 13 13 13 14 13 13 13 13 13 13 13 13 13 13 13 13 13 14 13 13 13 13 13 12 13 13 12
1374_1_1 3 6 7 5 6 0 3 1 3 3 3 3 2 3 4 2 27 12 13 14 13 13 13 13 13 13 13 13 13 13 13 12 13 13 13 13 13 14 13 13 13 13 13 13 13 13 13 13 13 13 14 13 13 13 13 13 12 13 13 13 13 13 13 13 13 13 13 13 14 13 12
1376_1_1 3 8 6 5 5 1 1 4 1 3 3 2 3 3 4 2 27 12 13 13 13 13 13 14 13 13 14 13 12 13 13 13 13 13 13 13 13 13 13 13 13 13 13 13 13 13 13 13 13 13 13 13 13 13 13 13 13 13 13 12 13 14 13 13 14 13 13 13 13 13 12
1378_0_3 4 4 6 5 8 1 2 3 5 1 3 3 2 3 2 2 27 12 13 13 13 13 13 13 13 14 13 13 13 13 13 13 13 14 13 13 13 13 13 13 12 13 13 13 13 13 13 12 13 13 13 13 13 13 14 13 13 13 13 13 13 13 14 13 13 13 13 13 13 13 12
1379_1_1 4 4 8 5 6 1 2 1 3 3 3 5 1 2 3 3 27 12 13 13 13 13 13 12 13 13 13 13 14 13 13 13 13 13 13 13 13 13 14 13 13 13 13 13 13 13 13 13 13 14 13 13 13 13 13 13 13 13 13 14 13 13 13 13 12 13 13 13 13 13 12
1381_0_3 3 5 6 6 7 1 2 3 5 1 3 3 2 3 2 2 27 12 13 13 13 13 14 13 13 13 13 13 13 13 14 13 13 13 13 13 13 13 13 13 13 12 13 13 13 13 12 13 13 13 13 13 13 13 13 13 13 14 13 13 13 13 13 13 13 14 13 13 13 13 12
1382_1_1 3 7 5 7 5 0 4 2 3 3 3 2 3 3 3 1 27 12 13 13 13 13 13 14 13 13 13 13 14 13 13 13 13 13 13 13 13 13 13 13 12 13 13 13 13 13 13 12 13 13 13 13 13 13 13 13 13 13 13 14 13 13 13 13 14 13 13 13 13 13 12
1384_1_1 4 5 5 5 8 1 1 4 1 3 3 2 3 3 4 2 27 12 13 13 13 13 13 13 13 13 12 13 14 13 13 13 13 13 14 13 13 13 13 13 13 13 13 13 13 13 13 13 13 13 13 13 13 14 13 13 13 13 13 14 13 12 13 13 13 13 13 13 13 13 12
1385_2_1 4 8 5 5 5 1 3 2 1 3 2 3 1 3 4 4 27 12 13 13 13 12 13 14 13 13 13 13 13 13 13 13 13 13 14 13 13 13 13 13 13 13 13 13 13 13 13 13 13 13 13 13 13 14 13 13 13 13 13 13 13 13 13 13 14 13 12 13 13 13 12
1387_0_3 3 5 5 6 8 1 2 3 5 1 3 3 2 3 2 2 27 12 13 13 13 13 13 13 13 13 13 13 13 13 13 13 14 13 13 12 13 13 13 13 13 14 13 13 13 13 14 13 13 13 13 13 12 13 13 14 13 13 13 13 13 13 13 13 13 13 13 13 13 13 12
1388_1_1 3 6 7 5 6 1 3 2 1 3 2 3 1 3 4 4 27 12 13 13 13 12 13 14 13 13 13 13 13 13 13 13 13 13 13 13 13 13 13 13 13 13 14 13 13 14 13 13 13 13 13 13 13 13 13 13 13 13 13 13 13 13 13 13 14 13 12 13 13 13 12
1390_1_1 4 4 8 5 6 1 2 4 3 4 1 3 2 1 3 3 27 12 13 13 13 13 13 13 14 13 13 13 13 13 14 13 13 13 13 13 13 13 13 13 12 13 13 13 13 13 13 12 13 13 13 13 13 13 13 13 13 14 13 13 13 13 13 14 13 13 13 13 13 13 12
1392_1_1 4 4 8 5 6 1 1 3 3 4 2 3 3 1 4 2 27 12 13 13 13 13 13 13 13 13 14 13 13 13 13 12 13 14 13 13 13 13 13 13 13 13 13 13 13 13 13 13 13 13 13 13 13 13 14 13 12 13 13 13 13 14 13 13 13 13 13 13 13 13 12
1394_1_1 3 7 5 7 5 1 1 4 1 3 3 2 3 3 4 2 27 12 13 13 13 13 13 13 13 13 13 13 13 13 13 13 13 13 14 13 13 12 13 14 13 13 13 13 13 13 13 13 14 13 12 13 13 14 13 13 13 13 13 13 13 13 13 13 13 13 13 13 13 13 12
1396_1_1 3 7 6 6 5 1 1 2 5 1 3 3 3 3 3 2 27 12 13 13 13 13 13 13 13 13 13 14 13 13 13 13 13 13 13 13 13 14 13 13 13 12 13 13 13 13 12 13 13 13 14 13 13 13 13 13 13 13 13 13 14 13 13 13 13 13 13 13 13 13 12
1397_1_3 3 6 7 5 6 1 2 1 4 4 1 3 3 3 2 3 27 12 13 13 14 13 13 14 13 13 13 13 13 13 13 13 13 13 13 13 12 13 13 13 13 13 13 13 13 13 13 13 13 13 13 12 13 13 13 13 13 13 13 13 13 13 13 13 14 13 13 14 13 13 12
1399_0_1 3 5 6 6 7 0 3 3 3 3 4 1 3 2 3 2 27 12 13 13 14 13 13 13 13 14 13 13 13 13 13 12 13 13 13 13 13 13 13 13 13 13 13 13 13 13 13 13 13 13 13 13 13 13 13 13 12 13 13 13 13 13 14 13 13 13 13 14 13 13 12
1401_0_1 4 5 4 6 8 1 2 4 2 4 3 2 1 3 2 3 27 12 13 13 13 13 13 13 13 13 13 13 13 13 13 13 14 13 13 13 13 13 12 13 14 13 13 13 13 13 13 14 13 12 13 13 13 13 13 14 13 13 13 13 13 13 13 13 13 13 13 13 13 13 12
1402_0_5 4 4 6 5 8 1 3 2 2 3 5 2 2 2 2 3 27 12 13 13 13 13 13 14 13 13 13 13 14 13 13 13 13 13 13 13 13 13 12 13 13 13 13 13 13 13 13 13 13 12 13 13 13 13 13 13 13 13 13 14 13 13 13 13 14 13 13 13 13 13 12
1403_0_1 3 5 5 6 8 0 3 3 3 4 2 3 1 2 3 3 27 12 13 13 13 13 13 13 13 13 13 13 13 13 13 13 14 13 13 13 14 13 13 13 12 13 13 13 13 13 13 12 13 13 13 14 13 13 13 14 13 13 13 13 13 13 13 13 13 13 13 13 13 13 12
1404_0_1 4 4 6 5 8 1 1 3 3 4 2 3 3 1 4 2 27 12 13 13 12 13 14 13 13 13 13 13 13 13 13 13 13 13 13 13 13 13 13 14 13 13 13 13 13 13 13 13 14 13 13 13 13 13 13 13 13 13 13 13 13 13 13 13 13 14 13 12 13 13 12
1406_0_1 3 5 6 6 7 0 3 3 3 4 2 3 1 2 3 3 27 12 13 13 13 13 14 13 13 13 13 13 13 13 13 12 13 13 13 13 13 13 13 13 13 13 14 13 13 14 13 13 13 13 13 13 13 13 13 13 12 13 13 13 13 13 13 13 13 14 13 13 13 13 12
1407_0_1 3 6 5 7 6 1 2 1 3 3 2 1 4 4 2 4 27 12 13 13 13 13 13 14 13 13 13 14 13 13 13 13 13 13 13 13 13 13 13 13 13 12 13 13 13 13 12 13 13 13 13 13 13 13 13 13 13 13 13 13 14 13 13 13 14 13 13 13 13 13 12
1407_1_1 3 6 7 5 6 1 2 1 3 3 2 1 4 4 2 4 27 12 13 13 13 13 13 14 13 13 13 14 13 13 13 13 13 13 13 13 13 13 13 13 13 12 13 13 13 13 12 13 13 13 13 13 13 13 13 13 13 13 13 13 14 13 13 13 14 13 13 13 13 13 12
1408_0_1 3 5 6 6 7 0 3 4 3 2 3 3 3 2 1 3 27 12 13 13 13 12 13 13 13 13 13 13 13 13 14 13 13 13 13 13 13 14 13 13 13 13 13 13 13 13 13 13 13 13 14 13 13 13 13 13 13 14 13 13 13 13 13 13 13 13 12 13 13 13 12
1409_0_1 4 4 6 5 8 1 1 3 3 5 1 3 3 2 2 3 27 12 13 13 13 13 13 12 13 13 13 13 13 13 13 13 13 13 14 13 13 13 14 13 13 13 13 13 13 13 13 13 13 14 13 13 13 14 13 13 13 13 13 13 13 13 13 13 12 13 13 13 13 13 12
1410_1_1 3 8 6 5 5 0 4 2 3 2 3 3 3 3 3 1 27 12 13 13 13 13 13 13 12 13 13 13 14 13 13 14 13 13 13 13 13 13 13 13 13 13 13 13 13 13 13 13 13 13 13 13 13 13 13 13 14 13 13 14 13 13 13 12 13 13 13 13 13 13 12
1412_0_1 4 5 4 6 8 1 1 4 3 4 1 3 3 2 2 3 27 12 12 13 14 13 13 13 13 13 13 13 13 13 13 13 13 13 13 13 13 13 13 13 13 13 14 13 13 14 13 13 13 13 13 13 13 13 13 13 13 13 13 13 13 13 13 13 13 13 13 14 13 12 12
1413_0_1 3 5 5 6 8 0 3 3 3 2 3 3 4 2 1 3 27 12 13 13 12 13 13 13 13 14 13 13 13 13 13 13 13 13 13 13 14 13 13 13 13 13 13 13 13 13 13 13 13 13 13 14 13 13 13 13 13 13 13 13 13 13 14 13 13 13 13 12 13 13 12
1415_0_1 3 6 5 7 6 1 3 1 4 3 1 3 4 3 2 2 27 12 13 13 13 13 13 13 13 13 13 13 13 13 14 13 13 14 13 13 12 13 13 13 13 13 13 13 13 13 13 13 13 13 13 12 13 13 14 13 13 14 13 13 13 13 13 13 13 13 13 13 13 13 12
1416_0_5 3 5 8 5 6 1 2 2 5 3 2 2 4 1 3 2 27 12 13 13 13 13 13 13 12 13 13 14 13 13 13 14 13 13 13 13 13 13 13 13 13 13 13 13 13 13 13 13 13 13 13 13 13 13 13 13 14 13 13 13 14 13 13 12 13 13 13 13 13 13 12
1416_1_5 3 6 5 8 5 1 2 2 5 3 2 2 4 1 3 2 27 12 13 13 13 13 13 13 12 13 13 14 13 13 13 14 13 13 13 13 13 13 13 13 13 13 13 13 13 13 13 13 13 13 13 13 13 13 13 13 14 13 13 13 14 13 13 12 13 13 13 13 13 13 12
1417_0_5 4 4 6 5 8 0 4 2 2 2 3 2 4 3 3 2 27 12 14 13 13 14 13 13 13 13 12 13 13 13 13 13 13 13 13 13 13 13 13 13 13 13 13 13 13 13 13 13 13 13 13 13 13 13 13 13 13 13 13 13 13 12 13 13 13 13 14 13 13 14 12
1417_1_5 4 4 8 5 6 0 4 2 2 2 3 2 4 3 3 2 27 12 14 13 13 14 13 13 13 13 12 13 13 13 13 13 13 13 13 13 13 13 13 13 13 13 13 13 13 13 13 13 13 13 13 13 13 13 13 13 13 13 13 13 13 12 13 13 13 13 14 13 13 14 12
1419_0_1 3 5 7 5 7 0 3 3 3 3 4 1 3 3 2 2 27 12 13 13 12 13 13 13 13 13 13 13 13 14 13 13 13 13 13 13 13 13 13 14 13 13 13 13 13 13 13 13 14 13 13 13 13 13 13 13 13 13 14 13 13 13 13 13 13 13 13 12 13 13 12
1420_0_1 4 4 6 5 8 1 1 3 3 5 1 3 3 2 2 3 27 12 13 13 12 13 13 13 13 13 13 14 13 13 13 13 13 13 14 13 13 13 13 13 13 13 13 13 13 13 13 13 13 13 13 13 13 14 13 13 13 13 13 13 14 13 13 13 13 13 13 12 13 13 12
1422_0_1 3 6 6 6 6 1 1 3 3 4 1 4 3 2 3 2 27 13 13 13 13 12 13 13 13 13 12 13 13 14 13 13 13 13 13 13 13 14 13 13 13 13 13 13 13 13 13 13 13 13 14 13 13 13 13 13 13 13 14 13 13 12 13 13 13 13 12 13 13 13 13
1423_1_3 4 5 5 5 8 1 2 4 2 4 3 2 2 1 4 2 27 12 13 14 13 13 13 14 13 13 13 13 13 13 13 13 13 13 13 13 12 13 13 13 13 13 13 13 13 13 13 13 13 13 13 12 13 13 13 13 13 13 13 13 13 13 13 13 14 13 13 13 14 13 12
1424_1_1 3 7 5 7 5 1 2 4 2 4 3 2 1 3 2 3 27 12 13 13 13 13 13 13 13 13 13 12 13 14 13 13 13 14 13 13 13 13 13 13 13 13 13 13 13 13 13 13 13 13 13 13 13 13 14 13 13 13 14 13 12 13 13 13 13 13 13 13 13 13 12
1426_0_3 3 5 6 6 7 1 2 3 5 1 3 3 2 3 2 2 27 12 13 13 13 13 14 13 13 13 13 13 13 13 13 13 13 13 13 13 12 13 13 13 14 13 13 13 13 13 13 14 13 13 13 12 13 13 13 13 13 13 13 13 13 13 13 13 13 14 13 13 13 13 12
1427_1_1 4 4 8 5 6 1 1 4 1 3 3 2 3 3 4 2 27 12 13 13 13 13 13 13 13 13 13 13 13 13 13 13 13 13 13 13 13 12 13 14 13 13 14 13 13 14 13 13 14 13 12 13 13 13 13 13 13 13 13 13 13 13 13 13 13 13 13 13 13 13 12
1429_1_1 4 4 8 5 6 1 3 1 4 3 1 3 4 3 2 2 27 12 13 13 13 13 13 13 13 13 13 13 13 13 14 13 13 13 13 13 13 13 13 13 12 13 13 14 14 13 13 12 13 13 13 13 13 13 13 13 13 14 13 13 13 13 13 13 13 13 13 13 13 13 12
1431_0_3 4 4 6 5 8 1 4 2 2 2 2 1 4 3 4 2 27 12 13 13 13 13 14 13 13 13 13 13 13 13 13 13 13 14 13 13 13 13 13 13 13 13 12 13 13 12 13 13 13 13 13 13 13 13 14 13 13 13 13 13 13 13 13 13 13 14 13 13 13 13 12
1432_0_3 3 5 5 6 8 1 3 1 4 4 2 2 3 3 2 2 27 12 13 13 13 13 13 13 13 13 13 12 13 13 13 14 13 13 13 13 13 14 13 13 13 13 13 13 13 13 13 13 13 13 14 13 13 13 13 13 14 13 13 13 12 13 13 13 13 13 13 13 13 13 12
1432_1_5 3 8 6 5 5 1 3 2 2 3 5 2 2 2 2 3 27 12 13 13 13 13 13 13 13 13 13 12 13 13 13 14 13 13 13 13 13 14 13 13 13 13 13 13 13 13 13 13 13 13 14 13 13 13 13 13 14 13 13 13 12 13 13 13 13 13 13 13 13 13 12
1433_0_7 3 6 5 7 6 1 3 1 4 2 1 4 4 3 2 2 27 12 13 13 13 13 13 13 13 13 13 14 13 13 13 12 13 14 13 13 13 13 13 13 13 13 13 13 13 13 13 13 13 13 13 13 13 13 14 13 12 13 13 13 14 13 13 13 13 13 13 13 13 13 12
1433_1_7 3 6 7 5 6 1 3 1 4 2 1 4 4 3 2 2 27 12 13 13 13 13 13 13 13 13 13 14 13 13 13 12 13 14 13 13 13 13 13 13 13 13 13 13 13 13 13 13 13 13 13 13 13 13 14 13 12 13 13 13 14 13 13 13 13 13 13 13 13 13 12
1434_1_3 3 6 5 8 5 1 3 1 3 2 1 4 4 3 2 3 27 12 13 13 13 13 13 13 13 14 13 13 13 13 13 13 13 12 13 13 14 13 13 13 13 13 13 13 13 13 13 13 13 13 13 14 13 13 12 13 13 13 13 13 13 13 14 13 13 13 13 13 13 13 12
1436_0_3 3 5 5 6 8 0 3 2 4 2 2 4 2 3 3 2 27 12 13 13 13 13 13 13 13 13 13 13 12 13 13 13 13 14 13 13 14 13 13 13 13 13 13 13 13 13 13 13 13 13 13 14 13 13 14 13 13 13 13 12 13 13 13 13 13 13 13 13 13 13 12
1436_1_3 3 8 6 5 5 0 3 2 4 2 2 4 2 3 3 2 27 12 13 13 13 13 13 13 13 13 13 13 12 13 13 13 13 14 13 13 14 13 13 13 13 13 13 13 13 13 13 13 13 13 13 14 13 13 14 13 13 13 13 12 13 13 13 13 13 13 13 13 13 13 12
1437_0_3 3 5 6 6 7 1 2 1 4 4 1 3 3 3 2 3 27 12 13 13 14 13 13 13 13 13 13 13 13 13 13 13 13 13 13 13 12 13 13 13 13 13 14 13 13 14 13 13 13 13 13 12 13 13 13 13 13 13 13 13 13 13 13 13 13 13 13 14 13 13 12
1438_0_3 3 5 6 6 7 1 2 4 2 4 3 2 2 1 4 2 27 12 13 13 13 13 13 13 13 13 13 13 13 13 14 13 13 13 13 13 12 13 13 13 13 13 14 13 13 14 13 13 13 13 13 12 13 13 13 13 13 14 13 13 13 13 13 13 13 13 13 13 13 13 12
1439_1_1 3 6 7 5 6 1 3 1 3 3 1 3 4 4 2 2 27 12 13 13 13 13 13 13 13 13 13 13 13 13 13 13 13 13 13 13 13 14 13 14 13 12 13 13 13 13 12 13 14 13 14 13 13 13 13 13 13 13 13 13 13 13 13 13 13 13 13 13 13 13 12
1440_1_3 3 8 6 5 5 1 3 1 3 3 4 3 2 1 4 2 27 12 13 13 12 13 14 13 13 13 13 13 13 13 13 13 13 13 13 13 13 13 13 13 13 14 13 13 13 13 14 13 13 13 13 13 13 13 13 13 13 13 13 13 13 13 13 13 13 14 13 12 13 13 12
1441_1_1 3 7 5 7 5 1 1 4 3 3 3 3 1 3 2 3 27 12 13 13 13 13 13 14 13 13 13 12 13 13 13 13 13 13 13 13 13 13 13 14 13 13 13 13 13 13 13 13 14 13 13 13 13 13 13 13 13 13 13 13 12 13 13 13 14 13 13 13 13 13 12
1442_0_3 3 5 6 6 7 1 2 2 3 4 4 1 2 4 1 3 27 12 13 13 13 13 14 13 13 13 13 14 13 13 13 12 13 13 13 13 13 13 13 13 13 13 13 13 13 13 13 13 13 13 13 13 13 13 13 13 12 13 13 13 14 13 13 13 13 14 13 13 13 13 12
1442_1_3 3 7 6 6 5 1 2 2 3 4 4 1 2 4 1 3 27 12 13 13 13 13 14 13 13 13 13 14 13 13 13 12 13 13 13 13 13 13 13 13 13 13 13 13 13 13 13 13 13 13 13 13 13 13 13 13 12 13 13 13 14 13 13 13 13 14 13 13 13 13 12
1443_1_1 4 4 8 5 6 0 3 3 2 1 3 3 4 3 2 3 27 12 13 13 13 13 13 13 13 13 13 13 13 13 12 13 13 13 13 13 13 14 13 13 13 13 13 14 14 13 13 13 13 13 14 13 13 13 13 13 13 12 13 13 13 13 13 13 13 13 13 13 13 13 12
1444_0_7 4 4 6 5 8 1 3 1 4 2 1 4 4 3 2 2 27 12 13 13 12 13 14 13 13 13 13 13 13 13 13 13 13 13 13 13 13 13 14 13 13 13 13 13 13 13 13 13 13 14 13 13 13 13 13 13 13 13 13 13 13 13 13 13 13 14 13 12 13 13 12
1444_1_7 4 4 8 5 6 1 3 1 4 2 1 4 4 3 2 2 27 12 13 13 12 13 14 13 13 13 13 13 13 13 13 13 13 13 13 13 13 13 14 13 13 13 13 13 13 13 13 13 13 14 13 13 13 13 13 13 13 13 13 13 13 13 13 13 13 14 13 12 13 13 12
1445_1_3 3 7 6 6 5 1 2 5 2 4 2 2 2 2 3 2 27 12 13 13 13 13 14 13 13 14 13 13 13 13 13 13 13 13 13 13 13 13 13 13 13 12 13 13 13 13 12 13 13 13 13 13 13 13 13 13 13 13 13 13 13 13 14 13 13 14 13 13 13 13 12
1446_1_3 3 6 7 5 6 1 2 3 5 1 3 3 2 3 2 2 27 12 13 13 13 13 13 13 13 14 13 13 13 13 13 13 13 14 13 13 12 13 13 13 13 13 13 13 13 13 13 13 13 13 13 12 13 13 14 13 13 13 13 13 13 13 14 13 13 13 13 13 13 13 12
1447_0_7 3 5 6 6 7 1 3 1 3 2 3 2 2 3 5 2 27 12 13 13 13 13 13 13 13 13 13 13 13 13 13 13 14 13 13 13 12 13 13 13 13 13 14 13 13 14 13 13 13 13 13 12 13 13 13 14 13 13 13 13 13 13 13 13 13 13 13 13 13 13 12
1447_1_7 3 7 6 6 5 1 3 1 3 2 3 2 2 3 5 2 27 12 13 13 13 13 13 13 13 13 13 13 13 13 13 13 14 13 13 13 12 13 13 13 13 13 14 13 13 14 13 13 13 13 13 12 13 13 13 14 13 13 13 13 13 13 13 13 13 13 13 13 13 13 12
1449_1_1 3 7 6 6 5 0 4 3 3 3 3 1 3 3 2 2 27 12 13 13 13 13 14 13 13 13 13 13 13 13 13 13 14 13 13 13 13 13 13 13 13 12 13 13 13 13 12 13 13 13 13 13 13 13 13 14 13 13 13 13 13 13 13 13 13 14 13 13 13 13 12
1451_1_1 4 4 8 5 6 1 3 1 3 2 1 3 5 3 2 3 27 12 13 13 13 13 13 13 13 13 13 13 14 13 13 13 13 12 13 13 13 13 14 13 13 13 13 13 13 13 13 13 13 14 13 13 13 13 12 13 13 13 13 14 13 13 13 13 13 13 13 13 13 13 12
1452_1_3 4 4 8 5 6 1 3 1 3 2 1 4 4 3 2 3 27 12 13 13 13 13 12 13 13 13 13 13 13 14 13 13 13 13 13 13 13 13 13 13 14 13 13 13 13 13 13 14 13 13 13 13 13 13 13 13 13 13 14 13 13 13 13 13 13 12 13 13 13 13 12
1453_0_7 3 5 6 6 7 1 2 4 3 1 4 2 4 2 2 2 27 12 13 13 13 13 13 13 13 13 12 13 13 13 13 13 14 13 13 13 13 13 13 13 14 13 13 13 13 13 13 14 13 13 13 13 13 13 13 14 13 13 13 13 13 12 13 13 13 13 13 13 13 13 12
1453_1_7 3 7 6 6 5 1 2 4 3 1 4 2 4 2 2 2 27 12 13 13 13 13 13 13 13 13 12 13 13 13 13 13 14 13 13 13 13 13 13 13 14 13 13 13 13 13 13 14 13 13 13 13 13 13 13 14 13 13 13 13 13 12 13 13 13 13 13 13 13 13 12
1455_0_3 3 5 5 6 8 1 2 4 2 4 3 2 2 1 4 2 27 12 13 13 13 13 13 13 13 12 13 13 13 13 13 14 13 13 13 14 13 13 13 13 13 13 13 13 13 13 13 13 13 13 13 13 14 13 13 13 14 13 13 13 13 13 12 13 13 13 13 13 13 13 12
1456_0_3 3 6 5 7 6 1 1 5 2 3 3 2 3 2 3 2 27 12 13 13 13 13 13 13 13 13 12 13 13 13 14 13 13 14 13 13 13 13 13 13 13 13 13 13 13 13 13 13 13 13 13 13 13 13 14 13 13 14 13 13 13 12 13 13 13 13 13 13 13 13 12
1457_0_3 3 5 5 6 8 1 3 1 3 2 1 4 4 3 2 3 27 12 13 13 13 13 13 13 13 13 13 13 13 13 13 13 12 13 13 13 14 13 13 13 14 13 13 13 13 13 13 14 13 13 13 14 13 13 13 12 13 13 13 13 13 13 13 13 13 13 13 13 13 13 12
1458_0_3 3 5 7 5 7 1 2 1 4 2 2 3 3 2 4 3 27 12 13 14 13 13 13 13 13 13 13 12 13 13 13 13 13 14 13 13 13 13 13 13 13 13 13 13 13 13 13 13 13 13 13 13 13 13 14 13 13 13 13 13 12 13 13 13 13 13 13 13 14 13 12
1459_1_1 3 6 7 5 6 1 1 3 3 5 1 3 3 2 2 3 27 12 13 13 13 13 13 13 13 13 13 13 13 13 13 13 13 13 13 13 12 13 14 13 14 13 13 13 13 13 13 14 13 14 13 12 13 13 13 13 13 13 13 13 13 13 13 13 13 13 13 13 13 13 12
1461_1_1 4 5 5 5 8 0 3 3 3 3 4 1 3 2 3 2 27 12 13 13 13 13 13 13 13 13 13 13 13 14 13 12 13 13 14 13 13 13 13 13 13 13 13 13 13 13 13 13 13 13 13 13 13 14 13 13 12 13 14 13 13 13 13 13 13 13 13 13 13 13 12
1463_0_1 4 4 6 5 8 0 4 2 3 2 3 3 3 3 3 1 27 12 13 12 13 13 13 14 13 13 13 13 13 13 13 13 13 13 13 13 13 13 13 14 13 13 13 13 13 13 13 13 14 13 13 13 13 13 13 13 13 13 13 13 13 13 13 13 14 13 13 13 12 13 12
1464_0_1 3 5 5 6 8 0 3 3 3 3 4 1 3 2 3 2 27 12 13 13 13 13 13 13 13 13 13 13 13 13 13 14 13 13 13 13 13 13 13 13 14 13 12 13 13 12 13 14 13 13 13 13 13 13 13 13 14 13 13 13 13 13 13 13 13 13 13 13 13 13 12
1466_0_1 4 5 4 6 8 0 3 3 3 3 4 1 3 2 3 2 27 12 13 12 13 13 13 13 13 14 13 13 13 13 13 13 13 13 13 14 13 13 13 13 13 13 13 13 13 13 13 13 13 13 13 13 14 13 13 13 13 13 13 13 13 13 14 13 13 13 13 13 12 13 12
1467_1_1 3 6 5 8 5 1 1 3 4 1 4 2 3 3 3 2 27 12 13 12 13 14 13 13 13 14 13 13 13 13 13 13 13 13 13 13 13 13 13 13 13 13 13 13 13 13 13 13 13 13 13 13 13 13 13 13 13 13 13 13 13 13 14 13 13 13 14 13 12 13 12
1468_1_1 4 4 8 5 6 0 3 4 3 2 3 3 3 2 1 3 27 12 13 13 13 13 13 13 14 13 13 13 13 13 13 13 13 12 13 13 13 13 13 14 13 13 13 13 13 13 13 13 14 13 13 13 13 13 12 13 13 13 13 13 13 13 13 14 13 13 13 13 13 13 12
1470_0_1 3 5 6 6 7 0 3 4 1 3 2 4 3 3 2 2 27 12 13 13 13 13 14 13 13 13 13 14 13 13 13 13 13 13 13 13 13 13 13 13 13 12 13 13 13 13 12 13 13 13 13 13 13 13 13 13 13 13 13 13 14 13 13 13 13 14 13 13 13 13 12
1472_0_1 4 4 6 5 8 1 2 1 3 4 3 1 4 3 2 3 27 12 13 13 13 13 13 13 13 13 13 13 14 13 13 13 13 13 13 13 12 13 13 13 13 14 13 13 13 13 14 13 13 13 13 12 13 13 13 13 13 13 13 14 13 13 13 13 13 13 13 13 13 13 12
1473_1_1 4 4 8 5 6 1 1 4 3 3 3 2 4 1 3 2 27 12 13 13 13 13 12 13 13 14 13 13 13 14 13 13 13 13 13 13 13 13 13 13 13 13 13 13 13 13 13 13 13 13 13 13 13 13 13 13 13 13 14 13 13 13 14 13 13 12 13 13 13 13 12
1475_0_1 3 5 8 5 6 1 3 2 1 3 2 3 1 3 4 4 27 12 13 13 14 13 13 13 13 13 13 13 13 13 13 14 13 12 13 13 13 13 13 13 13 13 13 13 13 13 13 13 13 13 13 13 13 13 12 13 14 13 13 13 13 13 13 13 13 13 13 14 13 13 12
1477_0_1 3 5 8 5 6 1 1 4 3 3 3 3 1 3 2 3 27 12 13 13 14 13 13 13 13 13 14 13 13 13 13 13 13 13 13 13 13 13 12 13 13 13 13 13 13 13 13 13 13 12 13 13 13 13 13 13 13 13 13 13 13 14 13 13 13 13 13 14 13 13 12
1477_1_3 3 6 5 8 5 1 3 1 4 4 2 2 3 3 2 2 27 12 13 13 14 13 13 13 13 13 14 13 13 13 13 13 13 13 13 13 13 13 12 13 13 13 13 13 13 13 13 13 13 12 13 13 13 13 13 13 13 13 13 13 13 14 13 13 13 13 13 14 13 13 12
1479_0_1 3 5 7 5 7 1 1 4 1 3 3 2 3 3 4 2 27 12 13 13 13 13 13 13 13 13 13 12 13 13 13 13 13 13 14 13 13 13 14 13 13 13 13 13 13 13 13 13 13 14 13 13 13 14 13 13 13 13 13 13 12 13 13 13 13 13 13 13 13 13 12
1481_0_1 3 6 5 7 6 0 3 2 4 2 3 3 3 2 4 1 27 12 13 13 13 13 13 13 13 13 13 13 13 13 13 12 13 13 13 13 13 13 14 13 14 13 13 13 13 13 13 14 13 14 13 13 13 13 13 13 12 13 13 13 13 13 13 13 13 13 13 13 13 13 12
1483_0_1 3 5 6 6 7 1 1 3 3 4 1 4 3 2 3 2 27 12 13 13 13 12 13 13 13 14 13 13 13 13 13 13 13 13 13 13 13 14 13 13 13 13 13 13 13 13 13 13 13 13 14 13 13 13 13 13 13 13 13 13 13 13 14 13 13 13 12 13 13 13 12
1484_1_1 3 7 6 6 5 1 2 2 3 2 5 3 1 3 2 3 27 12 13 13 13 12 13 13 13 14 13 13 13 13 13 13 13 13 13 13 13 13 13 13 13 13 14 13 13 14 13 13 13 13 13 13 13 13 13 13 13 13 13 13 13 13 14 13 13 13 12 13 13 13 12
1485_1_1 3 7 6 6 5 0 3 3 3 4 2 3 1 2 3 3 27 12 13 13 13 13 14 13 13 13 12 13 13 13 13 13 13 13 13 13 13 14 13 13 13 13 13 13 13 13 13 13 13 13 14 13 13 13 13 13 13 13 13 13 13 12 13 13 13 14 13 13 13 13 12
1486_1_1 4 5 4 8 6 0 3 3 3 3 4 1 3 3 2 2 27 12 13 13 13 13 13 12 13 14 13 13 13 13 13 13 13 13 13 13 13 14 13 13 13 13 13 13 13 13 13 13 13 13 14 13 13 13 13 13 13 13 13 13 13 13 14 13 12 13 13 13 13 13 12
1488_0_1 3 5 8 5 6 1 1 4 3 4 1 3 3 2 2 3 27 12 12 13 14 13 13 13 13 13 13 13 13 13 13 14 13 13 13 13 13 13 13 13 13 13 13 13 13 13 13 13 13 13 13 13 13 13 13 13 14 13 13 13 13 13 13 13 13 13 13 14 13 12 12
1489_0_1 4 5 4 6 8 1 1 3 3 5 1 3 3 2 2 3 27 12 13 13 13 13 13 12 13 13 13 14 13 13 13 13 13 13 13 13 13 13 13 13 13 13 14 13 13 14 13 13 13 13 13 13 13 13 13 13 13 13 13 13 14 13 13 13 12 13 13 13 13 13 12
1490_1_1 3 8 6 5 5 1 2 2 3 2 5 3 1 3 2 3 27 12 13 13 13 13 12 13 13 13 13 13 13 13 13 14 13 13 13 13 13 13 13 13 14 13 13 13 13 13 13 14 13 13 13 13 13 13 13 13 14 13 13 13 13 13 13 13 13 12 13 13 13 13 12
1491_1_1 4 4 8 5 6 0 3 3 2 4 2 3 2 3 3 2 27 12 13 13 13 13 13 13 13 13 13 12 13 13 14 13 13 14 13 13 13 13 13 13 13 13 13 13 13 13 13 13 13 13 13 13 13 13 14 13 13 14 13 13 12 13 13 13 13 13 13 13 13 13 12
1492_1_1 4 4 8 5 6 0 3 3 3 4 2 3 1 2 3 3 27 12 13 13 13 13 13 13 13 13 13 13 13 13 12 13 13 13 13 14 13 13 13 13 13 13 13 14 14 13 13 13 13 13 13 13 14 13 13 13 13 12 13 13 13 13 13 13 13 13 13 13 13 13 12
1494_0_1 3 6 5 7 6 0 3 3 4 3 3 2 2 1 3 3 27 12 13 13 13 12 13 13 13 13 13 13 14 13 13 13 13 13 13 13 13 14 13 13 13 13 13 13 13 13 13 13 13 13 14 13 13 13 13 13 13 13 13 14 13 13 13 13 13 13 12 13 13 13 12
1496_0_1 3 5 6 6 7 1 2 1 4 4 2 3 3 2 2 3 27 13 13 13 13 12 13 13 13 13 13 12 13 13 13 13 13 13 13 14 13 14 13 13 13 13 13 13 13 13 13 13 13 13 14 13 14 13 13 13 13 13 13 13 12 13 13 13 13 13 12 13 13 13 13
1498_0_1 4 5 4 6 8 0 3 2 4 2 3 3 3 2 4 1 27 12 13 13 13 13 13 12 13 14 13 14 13 13 13 13 13 13 13 13 13 13 13 13 13 13 13 13 13 13 13 13 13 13 13 13 13 13 13 13 13 13 13 13 14 13 14 13 12 13 13 13 13 13 12
1499_1_1 3 8 6 5 5 0 3 3 3 4 2 3 1 2 3 3 27 12 13 13 13 14 13 13 13 13 13 13 12 13 13 13 13 13 13 13 13 13 13 14 13 13 13 13 13 13 13 13 14 13 13 13 13 13 13 13 13 13 13 12 13 13 13 13 13 13 14 13 13 13 12
1501_0_1 4 4 6 5 8 0 3 3 3 3 4 1 3 2 3 2 27 12 13 13 13 13 12 13 13 14 13 13 13 13 13 13 13 14 13 13 13 13 13 13 13 13 13 13 13 13 13 13 13 13 13 13 13 13 14 13 13 13 13 13 13 13 14 13 13 12 13 13 13 13 12
1503_0_1 3 5 5 6 8 0 3 3 2 2 1 4 3 3 3 3 27 12 13 13 13 13 13 13 13 13 13 13 13 12 13 14 13 14 13 13 13 13 13 13 13 13 13 13 13 13 13 13 13 13 13 13 13 13 14 13 14 13 12 13 13 13 13 13 13 13 13 13 13 13 12
1503_1_1 3 8 6 5 5 0 3 3 2 2 1 4 3 3 3 3 27 12 13 13 13 13 13 13 13 13 13 13 13 12 13 14 13 14 13 13 13 13 13 13 13 13 13 13 13 13 13 13 13 13 13 13 13 13 14 13 14 13 12 13 13 13 13 13 13 13 13 13 13 13 12
1504_0_1 3 5 6 6 7 0 3 3 3 3 4 1 3 2 3 2 27 12 13 13 13 13 13 13 13 14 13 13 13 13 13 13 13 13 13 14 13 13 13 13 13 12 13 13 13 13 12 13 13 13 13 13 14 13 13 13 13 13 13 13 13 13 14 13 13 13 13 13 13 13 12
1505_0_5 4 5 4 6 8 1 1 3 4 1 3 2 4 3 2 3 27 12 12 13 14 13 13 13 13 13 13 13 13 13 13 13 14 13 13 13 13 13 13 13 13 13 13 13 13 13 13 13 13 13 13 13 13 13 13 14 13 13 13 13 13 13 13 13 13 13 13 14 13 12 12
1505_1_5 4 5 4 8 6 1 1 3 4 1 3 2 4 3 2 3 27 12 12 13 14 13 13 13 13 13 13 13 13 13 13 13 14 13 13 13 13 13 13 13 13 13 13 13 13 13 13 13 13 13 13 13 13 13 13 14 13 13 13 13 13 13 13 13 13 13 13 14 13 12 12
1507_0_1 4 4 6 5 8 1 1 4 3 3 2 3 3 3 1 3 27 12 13 13 13 13 13 13 13 13 13 12 13 13 13 13 13 13 13 14 13 13 13 14 13 13 13 13 13 13 13 13 14 13 13 13 14 13 13 13 13 13 13 13 12 13 13 13 13 13 13 13 13 13 12
1507_1_3 4 4 8 5 6 1 2 3 2 2 2 2 2 3 3 5 27 12 13 13 13 13 13 13 13 13 13 12 13 13 13 13 13 13 13 14 13 13 13 14 13 13 13 13 13 13 13 13 14 13 13 13 14 13 13 13 13 13 13 13 12 13 13 13 13 13 13 13 13 13 12
1509_0_1 3 6 6 6 6 1 2 2 3 2 5 3 1 3 2 3 27 13 13 13 13 12 13 13 13 13 12 13 13 14 13 13 13 13 13 13 13 13 13 13 13 13 14 13 13 14 13 13 13 13 13 13 13 13 13 13 13 13 14 13 13 12 13 13 13 13 12 13 13 13 13
1510_0_5 3 5 6 6 7 1 2 2 5 3 2 2 4 1 3 2 27 12 13 13 14 13 13 13 13 13 13 14 13 13 13 13 13 13 13 13 13 13 13 13 13 12 13 13 13 13 12 13 13 13 13 13 13 13 13 13 13 13 13 13 14 13 13 13 13 13 13 14 13 13 12
1510_1_5 3 7 6 6 5 1 2 2 5 3 2 2 4 1 3 2 27 12 13 13 14 13 13 13 13 13 13 14 13 13 13 13 13 13 13 13 13 13 13 13 13 12 13 13 13 13 12 13 13 13 13 13 13 13 13 13 13 13 13 13 14 13 13 13 13 13 13 14 13 13 12
1512_0_1 4 4 6 5 8 1 1 4 1 3 3 2 3 3 4 2 27 12 13 13 12 13 13 14 13 13 13 13 13 13 13 13 13 13 13 13 13 13 13 13 13 13 14 13 13 14 13 13 13 13 13 13 13 13 13 13 13 13 13 13 13 13 13 13 14 13 13 12 13 13 12
1513_1_1 4 4 8 5 6 0 3 3 3 3 4 1 3 3 2 2 27 12 13 13 13 13 13 12 13 13 13 13 13 14 13 13 13 13 13 13 13 13 13 14 13 13 13 13 13 13 13 13 14 13 13 13 13 13 13 13 13 13 14 13 13 13 13 13 12 13 13 13 13 13 12
1515_0_1 3 5 5 6 8 1 1 4 3 3 3 2 4 1 3 2 27 12 13 13 13 13 12 13 13 14 13 13 13 13 13 13 13 13 13 13 14 13 13 13 13 13 13 13 13 13 13 13 13 13 13 14 13 13 13 13 13 13 13 13 13 13 14 13 13 12 13 13 13 13 12
1516_0_1 4 5 4 6 8 1 1 3 2 4 1 3 4 3 2 3 27 12 13 13 13 13 13 12 13 13 13 13 13 13 14 13 13 13 13 13 13 13 13 13 14 13 13 13 13 13 13 14 13 13 13 13 13 13 13 13 13 14 13 13 13 13 13 13 12 13 13 13 13 13 12
1517_0_1 3 6 5 7 6 1 1 4 3 3 3 2 4 1 3 2 27 12 13 13 13 12 13 13 13 13 13 13 13 14 13 13 13 13 13 13 13 13 13 13 14 13 13 13 13 13 13 14 13 13 13 13 13 13 13 13 13 13 14 13 13 13 13 13 13 13 12 13 13 13 12
1518_0_1 4 4 6 5 8 1 1 3 3 4 1 4 3 2 3 2 27 13 13 13 13 12 13 13 13 13 13 12 13 13 13 13 13 13 13 13 14 13 14 13 13 13 13 13 13 13 13 13 13 14 13 14 13 13 13 13 13 13 13 13 12 13 13 13 13 13 12 13 13 13 13
1520_0_1 4 4 6 5 8 1 1 5 2 3 2 3 4 2 2 2 27 12 13 13 13 13 13 12 13 13 13 13 13 13 13 13 13 14 13 13 13 13 14 13 13 13 13 13 13 13 13 13 13 14 13 13 13 13 14 13 13 13 13 13 13 13 13 13 12 13 13 13 13 13 12
1520_1_1 4 4 8 5 6 1 1 5 2 3 2 3 4 2 2 2 27 12 13 13 13 13 13 12 13 13 13 13 13 13 13 13 13 14 13 13 13 13 14 13 13 13 13 13 13 13 13 13 13 14 13 13 13 13 14 13 13 13 13 13 13 13 13 13 12 13 13 13 13 13 12
1521_0_1 3 5 6 6 7 0 4 3 3 3 3 1 2 2 3 3 27 12 13 13 13 13 14 13 13 13 12 13 13 13 13 13 13 13 13 14 13 13 13 13 13 13 13 13 13 13 13 13 13 13 13 13 14 13 13 13 13 13 13 13 13 12 13 13 13 14 13 13 13 13 12
1522_0_1 3 5 8 5 6 0 4 3 3 3 3 1 2 2 3 3 27 12 13 13 13 13 13 13 13 13 13 13 12 13 13 13 14 13 13 13 13 13 13 13 13 14 13 13 13 13 14 13 13 13 13 13 13 13 13 14 13 13 13 12 13 13 13 13 13 13 13 13 13 13 12
1523_0_1 4 4 6 5 8 0 3 3 3 4 2 3 1 2 3 3 27 12 13 13 12 13 14 13 13 13 13 13 13 13 13 13 13 13 14 13 13 13 13 13 13 13 13 13 13 13 13 13 13 13 13 13 13 14 13 13 13 13 13 13 13 13 13 13 13 14 13 12 13 13 12
1524_0_1 4 4 6 5 8 1 1 4 3 3 2 3 3 3 1 3 27 12 13 13 13 13 13 13 14 13 13 13 14 13 13 13 13 13 13 13 13 13 12 13 13 13 13 13 13 13 13 13 13 12 13 13 13 13 13 13 13 13 13 14 13 13 13 14 13 13 13 13 13 13 12
1524_1_3 4 4 8 5 6 1 2 3 2 2 2 2 2 3 3 5 27 12 13 13 13 13 13 13 14 13 13 13 14 13 13 13 13 13 13 13 13 13 12 13 13 13 13 13 13 13 13 13 13 12 13 13 13 13 13 13 13 13 13 14 13 13 13 14 13 13 13 13 13 13 12
1526_0_1 3 5 6 6 7 0 3 3 3 3 4 1 3 2 3 2 27 12 13 13 14 13 13 13 13 13 13 13 13 13 13 12 13 13 13 13 13 13 13 13 14 13 13 13 13 13 13 14 13 13 13 13 13 13 13 13 12 13 13 13 13 13 13 13 13 13 13 14 13 13 12
1528_0_1 3 5 7 5 7 0 3 2 4 2 3 3 3 2 4 1 27 12 13 13 12 13 13 13 13 13 13 13 13 14 13 13 13 13 13 13 13 13 14 13 13 13 13 13 13 13 13 13 13 14 13 13 13 13 13 13 13 13 14 13 13 13 13 13 13 13 13 12 13 13 12
1529_1_1 4 4 8 5 6 0 3 3 3 4 2 3 1 2 3 3 27 12 13 13 13 13 13 13 13 13 13 13 14 13 13 13 14 13 13 13 13 12 13 13 13 13 13 13 13 13 13 13 13 13 12 13 13 13 13 14 13 13 13 14 13 13 13 13 13 13 13 13 13 13 12
1530_0_5 3 5 5 6 8 0 4 2 2 2 3 2 4 3 3 2 27 12 13 13 13 14 13 13 13 13 13 13 13 13 13 13 13 13 13 13 13 12 13 13 14 13 13 13 13 13 13 14 13 13 12 13 13 13 13 13 13 13 13 13 13 13 13 13 13 13 14 13 13 13 12
1530_1_5 3 8 6 5 5 0 4 2 2 2 3 2 4 3 3 2 27 12 13 13 13 14 13 13 13 13 13 13 13 13 13 13 13 13 13 13 13 12 13 13 14 13 13 13 13 13 13 14 13 13 12 13 13 13 13 13 13 13 13 13 13 13 13 13 13 13 14 13 13 13 12
1531_1_1 3 6 7 5 6 0 3 2 2 4 2 3 2 4 3 2 27 12 13 13 14 13 13 13 13 13 13 13 13 14 13 13 13 13 13 13 13 13 13 13 13 12 13 13 13 13 12 13 13 13 13 13 13 13 13 13 13 13 14 13 13 13 13 13 13 13 13 14 13 13 12
1533_0_1 3 6 5 7 6 0 3 3 3 3 4 1 3 2 3 2 27 12 13 13 13 13 13 13 13 13 13 13 13 14 13 13 13 13 13 13 12 13 13 13 14 13 13 13 13 13 13 14 13 13 13 12 13 13 13 13 13 13 14 13 13 13 13 13 13 13 13 13 13 13 12
1535_0_1 3 5 5 6 8 1 1 3 2 4 1 3 4 3 2 3 27 12 13 13 12 13 13 13 13 14 13 13 13 13 13 13 13 13 13 13 13 13 13 13 13 14 13 13 13 13 14 13 13 13 13 13 13 13 13 13 13 13 13 13 13 13 14 13 13 13 13 12 13 13 12
1536_0_1 3 5 8 5 6 0 3 3 3 4 2 3 1 2 3 3 27 12 13 13 13 13 13 13 13 13 14 13 12 13 13 13 14 13 13 13 13 13 13 13 13 13 13 13 13 13 13 13 13 13 13 13 13 13 13 14 13 13 13 12 13 14 13 13 13 13 13 13 13 13 12
1537_0_1 3 6 5 7 6 0 3 4 3 3 2 3 2 2 2 3 27 13 13 13 13 12 13 13 13 13 13 12 13 13 14 13 13 13 14 13 13 13 13 13 13 13 13 13 13 13 13 13 13 13 13 13 13 14 13 13 13 14 13 13 12 13 13 13 13 13 12 13 13 13 13
1538_0_1 4 5 4 6 8 0 4 2 3 3 3 2 3 3 3 1 27 12 13 13 13 13 13 13 13 13 13 13 13 12 13 13 13 13 13 13 13 14 13 13 13 13 14 13 13 14 13 13 13 13 14 13 13 13 13 13 13 13 12 13 13 13 13 13 13 13 13 13 13 13 12
1539_1_1 3 7 6 6 5 0 3 2 2 4 2 3 2 4 3 2 27 12 13 13 14 13 13 13 13 14 13 13 13 13 13 13 13 13 13 13 13 13 13 13 13 12 13 13 13 13 12 13 13 13 13 13 13 13 13 13 13 13 13 13 13 13 14 13 13 13 13 14 13 13 12
1541_0_1 3 5 5 6 8 0 4 2 3 3 3 2 3 3 3 1 27 12 13 13 13 13 13 13 13 13 13 13 13 12 13 14 13 13 13 13 13 13 13 14 13 13 13 13 13 13 13 13 14 13 13 13 13 13 13 13 14 13 12 13 13 13 13 13 13 13 13 13 13 13 12
1542_1_1 3 6 7 5 6 0 4 3 3 3 3 1 2 2 3 3 27 12 13 13 13 13 13 13 13 13 12 13 13 13 14 13 13 13 13 13 13 13 13 13 13 13 13 14 14 13 13 13 13 13 13 13 13 13 13 13 13 14 13 13 13 12 13 13 13 13 13 13 13 13 12
1543_1_1 4 5 5 5 8 0 3 3 3 4 2 3 1 2 3 3 27 12 14 13 13 13 13 13 13 13 13 13 13 13 13 13 13 13 13 13 12 13 13 13 13 13 13 14 14 13 13 13 13 13 13 12 13 13 13 13 13 13 13 13 13 13 13 13 13 13 13 13 13 14 12
1544_0_1 3 5 8 5 6 0 3 3 2 4 2 3 2 3 3 2 27 12 13 13 13 14 13 13 13 13 13 13 13 13 14 13 13 13 13 13 13 13 12 13 13 13 13 13 13 13 13 13 13 12 13 13 13 13 13 13 13 14 13 13 13 13 13 13 13 13 14 13 13 13 12
1545_0_1 3 5 6 6 7 0 4 3 3 3 3 1 2 2 3 3 27 12 13 13 13 13 13 13 13 13 12 13 13 13 13 13 14 13 13 14 13 13 13 13 13 13 13 13 13 13 13 13 13 13 13 13 14 13 13 14 13 13 13 13 13 12 13 13 13 13 13 13 13 13 12
1546_0_1 3 5 5 6 8 0 3 3 3 2 3 3 4 2 1 3 27 12 13 13 13 13 13 13 13 13 13 13 13 13 13 13 13 13 13 13 14 13 13 13 14 13 12 13 13 12 13 14 13 13 13 14 13 13 13 13 13 13 13 13 13 13 13 13 13 13 13 13 13 13 12
1547_0_5 3 5 5 6 8 0 4 2 2 2 3 2 4 3 3 2 27 12 13 13 13 14 13 13 13 13 13 13 13 14 13 13 13 13 13 13 13 13 13 12 13 13 13 13 13 13 13 13 12 13 13 13 13 13 13 13 13 13 14 13 13 13 13 13 13 13 14 13 13 13 12
1547_1_5 3 8 6 5 5 0 4 2 2 2 3 2 4 3 3 2 27 12 13 13 13 14 13 13 13 13 13 13 13 14 13 13 13 13 13 13 13 13 13 12 13 13 13 13 13 13 13 13 12 13 13 13 13 13 13 13 13 13 14 13 13 13 13 13 13 13 14 13 13 13 12
1548_1_1 3 6 7 5 6 0 3 3 3 3 4 1 3 3 2 2 27 12 13 13 13 13 13 13 13 14 13 13 14 13 13 12 13 13 13 13 13 13 13 13 13 13 13 13 13 13 13 13 13 13 13 13 13 13 13 13 12 13 13 14 13 13 14 13 13 13 13 13 13 13 12
1549_1_1 4 4 8 5 6 0 4 2 3 2 3 3 3 3 3 1 27 12 13 13 13 13 13 14 13 13 13 13 13 13 13 13 13 13 13 12 13 14 13 13 13 13 13 13 13 13 13 13 13 13 14 13 12 13 13 13 13 13 13 13 13 13 13 13 14 13 13 13 13 13 12
1550_0_5 4 4 6 5 8 1 3 1 3 4 3 3 1 3 3 2 27 12 13 13 13 13 14 13 13 13 13 12 13 13 13 13 13 13 13 13 13 13 13 14 13 13 13 13 13 13 13 13 14 13 13 13 13 13 13 13 13 13 13 13 12 13 13 13 13 14 13 13 13 13 12
1551_0_1 4 4 7 5 7 0 3 3 3 4 2 3 1 2 3 3 27 12 13 13 13 13 13 13 13 13 12 13 14 13 13 13 13 14 13 13 13 13 13 13 13 13 13 13 13 13 13 13 13 13 13 13 13 13 14 13 13 13 13 14 13 12 13 13 13 13 13 13 13 13 12
1551_2_1 4 8 5 5 5 0 3 3 3 4 2 3 1 2 3 3 27 12 13 13 13 13 13 13 13 13 12 13 14 13 13 13 13 14 13 13 13 13 13 13 13 13 13 13 13 13 13 13 13 13 13 13 13 13 14 13 13 13 13 14 13 12 13 13 13 13 13 13 13 13 12
1552_1_1 4 5 5 5 8 0 3 3 3 3 4 1 3 3 2 2 27 12 13 13 13 13 13 13 13 13 13 13 13 14 13 12 13 13 13 13 13 13 13 14 13 13 13 13 13 13 13 13 14 13 13 13 13 13 13 13 12 13 14 13 13 13 13 13 13 13 13 13 13 13 12
1553_0_1 3 5 6 6 7 1 1 4 1 3 3 2 3 3 4 2 27 12 13 13 14 13 13 13 13 13 13 13 13 13 13 12 13 13 13 13 13 13 13 13 13 13 14 13 13 14 13 13 13 13 13 13 13 13 13 13 12 13 13 13 13 13 13 13 13 13 13 14 13 13 12
1554_2_1 4 8 5 5 5 0 3 3 2 1 3 3 4 3 2 3 27 12 13 13 13 13 13 13 13 13 13 13 13 13 13 13 13 14 13 13 13 13 13 14 13 12 13 13 13 13 12 13 14 13 13 13 13 13 14 13 13 13 13 13 13 13 13 13 13 13 13 13 13 13 12
1555_1_3 3 8 6 5 5 1 2 1 4 2 2 3 3 2 4 3 27 12 13 13 13 13 14 13 13 13 13 12 13 13 13 13 13 13 13 13 13 13 13 13 13 14 13 13 13 13 14 13 13 13 13 13 13 13 13 13 13 13 13 13 12 13 13 13 13 14 13 13 13 13 12
1556_1_3 3 8 6 5 5 1 2 3 5 1 3 3 2 3 2 2 27 12 13 13 12 13 14 13 13 13 13 13 13 13 13 14 13 13 13 13 13 13 13 13 13 13 13 13 13 13 13 13 13 13 13 13 13 13 13 13 14 13 13 13 13 13 13 13 13 14 13 12 13 13 12
1557_1_1 3 6 5 8 5 1 2 3 1 4 2 2 3 4 3 2 27 12 13 13 13 13 13 13 13 13 14 13 13 13 13 13 14 13 13 13 13 13 12 13 13 13 13 13 13 13 13 13 13 12 13 13 13 13 13 14 13 13 13 13 13 14 13 13 13 13 13 13 13 13 12
1558_0_3 4 4 6 5 8 1 1 5 2 3 3 2 3 2 3 2 27 12 13 13 13 13 13 13 14 13 13 13 12 13 13 13 13 14 13 13 13 13 13 13 13 13 13 13 13 13 13 13 13 13 13 13 13 13 14 13 13 13 13 12 13 13 13 14 13 13 13 13 13 13 12
1559_0_3 3 5 5 6 8 1 3 1 3 3 2 2 5 3 2 2 27 12 13 13 13 13 12 13 13 13 14 13 13 13 14 13 13 13 13 13 13 13 13 13 13 13 13 13 13 13 13 13 13 13 13 13 13 13 13 13 13 14 13 13 13 14 13 13 13 12 13 13 13 13 12
1560_0_3 3 5 6 6 7 1 2 2 3 5 1 3 3 3 2 2 27 12 13 13 13 13 13 13 13 13 13 13 13 13 13 12 13 13 13 13 13 14 13 13 14 13 13 13 13 13 13 14 13 13 14 13 13 13 13 13 12 13 13 13 13 13 13 13 13 13 13 13 13 13 12
1561_1_1 4 4 8 5 6 1 1 3 3 4 2 3 3 1 4 2 27 12 13 13 13 13 13 12 13 13 13 13 14 13 13 13 13 14 13 13 13 13 13 13 13 13 13 13 13 13 13 13 13 13 13 13 13 13 14 13 13 13 13 14 13 13 13 13 12 13 13 13 13 13 12
1563_0_1 3 5 5 6 8 1 3 1 3 3 1 3 4 4 2 2 27 12 13 13 13 13 13 13 13 13 14 13 13 13 13 13 13 13 13 12 13 14 13 13 13 13 13 13 13 13 13 13 13 13 14 13 12 13 13 13 13 13 13 13 13 14 13 13 13 13 13 13 13 13 12
1565_0_1 3 5 8 5 6 1 1 4 1 3 3 2 3 3 4 2 27 12 13 13 13 13 13 12 13 13 13 13 13 13 13 14 13 13 13 13 13 13 13 13 13 13 14 13 13 14 13 13 13 13 13 13 13 13 13 13 14 13 13 13 13 13 13 13 12 13 13 13 13 13 12
1566_0_5 3 5 7 5 7 0 4 2 2 2 3 2 4 3 3 2 27 12 13 13 13 13 13 13 13 13 13 13 13 14 13 13 13 14 13 13 13 12 13 13 13 13 13 13 13 13 13 13 13 13 12 13 13 13 14 13 13 13 14 13 13 13 13 13 13 13 13 13 13 13 12
1566_1_5 3 7 5 7 5 0 4 2 2 2 3 2 4 3 3 2 27 12 13 13 13 13 13 13 13 13 13 13 13 14 13 13 13 14 13 13 13 12 13 13 13 13 13 13 13 13 13 13 13 13 12 13 13 13 14 13 13 13 14 13 13 13 13 13 13 13 13 13 13 13 12
1567_0_5 3 5 5 6 8 1 3 1 3 4 3 3 1 3 3 2 27 12 13 13 13 14 13 13 13 13 13 12 13 13 13 13 13 13 13 13 13 14 13 13 13 13 13 13 13 13 13 13 13 13 14 13 13 13 13 13 13 13 13 13 12 13 13 13 13 13 14 13 13 13 12
1568_0_1 3 5 6 6 7 0 3 3 3 4 2 3 1 2 3 3 27 12 13 13 13 13 13 13 13 13 13 13 13 13 13 13 14 13 13 13 12 13 13 13 14 13 13 13 13 13 13 14 13 13 13 12 13 13 13 14 13 13 13 13 13 13 13 13 13 13 13 13 13 13 12
1569_0_1 4 5 4 6 8 0 3 4 3 2 3 3 3 2 1 3 27 12 13 13 13 13 13 13 13 13 13 13 13 13 13 13 13 12 13 14 13 14 13 13 13 13 13 13 13 13 13 13 13 13 14 13 14 13 12 13 13 13 13 13 13 13 13 13 13 13 13 13 13 13 12
1570_0_1 3 6 5 7 6 1 2 2 5 1 2 4 3 3 2 2 27 12 13 13 14 13 13 13 13 13 13 13 13 13 13 13 13 13 13 13 12 13 14 13 13 13 13 13 13 13 13 13 13 14 13 12 13 13 13 13 13 13 13 13 13 13 13 13 13 13 13 14 13 13 12
1572_0_1 4 4 7 5 7 1 1 4 3 3 3 3 1 3 2 3 27 13 13 13 13 12 13 13 13 13 13 12 13 13 13 13 13 14 14 13 13 13 13 13 13 13 13 13 13 13 13 13 13 13 13 13 13 14 14 13 13 13 13 13 12 13 13 13 13 13 12 13 13 13 13
1572_1_3 4 5 5 5 8 1 3 1 4 4 2 2 3 3 2 2 27 13 13 13 13 12 13 13 13 13 13 12 13 13 13 13 13 14 14 13 13 13 13 13 13 13 13 13 13 13 13 13 13 13 13 13 13 14 14 13 13 13 13 13 12 13 13 13 13 13 12 13 13 13 13
1572_2_5 4 8 5 5 5 1 3 2 2 3 5 2 2 2 2 3 27 13 13 13 13 12 13 13 13 13 13 12 13 13 13 13 13 14 14 13 13 13 13 13 13 13 13 13 13 13 13 13 13 13 13 13 13 14 14 13 13 13 13 13 12 13 13 13 13 13 12 13 13 13 13
1573_1_3 3 8 6 5 5 1 1 5 2 3 3 2 3 2 3 2 27 12 13 13 13 14 13 13 13 13 13 13 13 13 13 13 13 13 13 14 13 12 13 13 13 13 13 13 13 13 13 13 13 13 12 13 14 13 13 13 13 13 13 13 13 13 13 13 13 13 14 13 13 13 12
1575_0_3 4 5 4 6 8 1 2 1 4 2 2 3 3 2 4 3 27 12 13 13 13 13 14 13 13 13 13 13 13 13 14 13 13 13 13 13 13 13 12 13 13 13 13 13 13 13 13 13 13 12 13 13 13 13 13 13 13 14 13 13 13 13 13 13 13 14 13 13 13 13 12
1576_1_1 3 8 6 5 5 1 3 1 4 3 1 3 4 3 2 2 27 12 13 13 13 14 13 13 13 12 13 13 13 13 13 13 13 13 13 14 13 13 13 13 13 13 13 13 13 13 13 13 13 13 13 13 14 13 13 13 13 13 13 13 13 13 12 13 13 13 14 13 13 13 12
1577_0_7 3 5 5 6 8 1 2 4 3 4 1 3 3 2 1 3 27 12 13 13 13 13 13 13 13 13 13 13 13 13 14 13 12 13 13 13 14 13 13 13 13 13 13 13 13 13 13 13 13 13 13 14 13 13 13 12 13 14 13 13 13 13 13 13 13 13 13 13 13 13 12
1577_1_7 3 8 6 5 5 1 2 4 3 4 1 3 3 2 1 3 27 12 13 13 13 13 13 13 13 13 13 13 13 13 14 13 12 13 13 13 14 13 13 13 13 13 13 13 13 13 13 13 13 13 13 14 13 13 13 12 13 14 13 13 13 13 13 13 13 13 13 13 13 13 12
1578_1_3 3 8 6 5 5 1 3 1 3 2 1 4 4 3 2 3 27 12 13 13 13 13 13 13 13 13 13 13 13 14 13 13 13 12 13 13 14 13 13 13 13 13 13 13 13 13 13 13 13 13 13 14 13 13 12 13 13 13 14 13 13 13 13 13 13 13 13 13 13 13 12
1580_0_3 3 5 7 5 7 0 3 2 4 2 2 4 2 3 3 2 27 12 13 13 13 13 13 13 13 13 13 13 13 14 13 13 13 13 13 13 13 12 13 13 13 13 13 14 14 13 13 13 13 13 12 13 13 13 13 13 13 13 14 13 13 13 13 13 13 13 13 13 13 13 12
1580_1_3 3 7 5 7 5 0 3 2 4 2 2 4 2 3 3 2 27 12 13 13 13 13 13 13 13 13 13 13 13 14 13 13 13 13 13 13 13 12 13 13 13 13 13 14 14 13 13 13 13 13 12 13 13 13 13 13 13 13 14 13 13 13 13 13 13 13 13 13 13 13 12
1581_0_3 4 4 6 5 8 1 2 2 3 4 4 1 2 4 1 3 27 12 13 13 12 13 13 13 13 13 13 13 13 13 13 13 14 13 13 13 13 13 14 13 13 13 13 13 13 13 13 13 13 14 13 13 13 13 13 14 13 13 13 13 13 13 13 13 13 13 13 12 13 13 12
1581_1_3 4 4 8 5 6 1 2 2 3 4 4 1 2 4 1 3 27 12 13 13 12 13 13 13 13 13 13 13 13 13 13 13 14 13 13 13 13 13 14 13 13 13 13 13 13 13 13 13 13 14 13 13 13 13 13 14 13 13 13 13 13 13 13 13 13 13 13 12 13 13 12
1582_0_3 4 5 4 6 8 1 1 5 2 3 3 2 3 2 3 2 27 12 13 13 13 13 13 13 13 13 13 13 12 13 14 13 14 13 13 13 13 13 13 13 13 13 13 13 13 13 13 13 13 13 13 13 13 13 13 14 13 14 13 12 13 13 13 13 13 13 13 13 13 13 12
1583_0_3 3 5 6 6 7 0 3 3 1 2 3 3 3 4 2 3 27 12 13 13 13 12 13 13 13 14 13 13 13 13 13 13 13 13 13 14 13 13 13 13 13 13 13 13 13 13 13 13 13 13 13 13 14 13 13 13 13 13 13 13 13 13 14 13 13 13 12 13 13 13 12
1583_1_3 3 7 6 6 5 0 3 3 1 2 3 3 3 4 2 3 27 12 13 13 13 12 13 13 13 14 13 13 13 13 13 13 13 13 13 14 13 13 13 13 13 13 13 13 13 13 13 13 13 13 13 13 14 13 13 13 13 13 13 13 13 13 14 13 13 13 12 13 13 13 12
1584_0_3 4 4 6 5 8 1 2 3 5 1 3 3 2 3 2 2 27 12 13 13 13 13 13 13 13 13 13 13 13 13 14 13 13 13 13 12 13 13 13 13 13 13 13 14 14 13 13 13 13 13 13 13 12 13 13 13 13 14 13 13 13 13 13 13 13 13 13 13 13 13 12
1585_0_3 4 5 4 7 7 1 2 3 2 2 2 2 2 3 3 5 27 13 13 13 13 12 13 13 13 13 13 13 13 13 13 13 14 13 13 14 13 13 12 13 13 13 13 13 13 13 13 13 13 12 13 13 14 13 13 14 13 13 13 13 13 13 13 13 13 13 12 13 13 13 13
1585_1_5 4 5 5 8 5 1 5 3 3 2 2 2 2 2 3 2 27 13 13 13 13 12 13 13 13 13 13 13 13 13 13 13 14 13 13 14 13 13 12 13 13 13 13 13 13 13 13 13 13 12 13 13 14 13 13 14 13 13 13 13 13 13 13 13 13 13 12 13 13 13 13
1586_0_1 4 4 6 5 8 0 4 3 3 3 3 1 3 3 2 2 27 12 13 13 13 14 13 13 13 13 13 13 13 13 13 13 13 13 13 13 13 13 13 13 13 12 13 14 14 13 12 13 13 13 13 13 13 13 13 13 13 13 13 13 13 13 13 13 13 13 14 13 13 13 12
1588_0_1 4 4 6 5 8 0 3 3 2 4 2 3 2 3 3 2 27 12 13 13 13 13 13 13 14 13 13 13 13 13 13 13 13 14 13 13 13 13 12 13 13 13 13 13 13 13 13 13 13 12 13 13 13 13 14 13 13 13 13 13 13 13 13 14 13 13 13 13 13 13 12
1589_0_1 4 5 4 6 8 1 1 2 5 1 3 3 3 3 3 2 27 12 13 12 13 13 13 13 13 13 13 14 13 13 13 13 13 13 13 13 13 14 13 13 13 13 13 13 13 13 13 13 13 13 14 13 13 13 13 13 13 13 13 13 14 13 13 13 13 13 13 13 12 13 12
1591_0_1 3 6 6 6 6 1 2 3 2 1 4 4 3 3 1 3 27 13 13 13 13 12 13 13 13 13 13 13 13 13 13 12 13 13 13 14 13 13 13 14 13 13 13 13 13 13 13 13 14 13 13 13 14 13 13 13 12 13 13 13 13 13 13 13 13 13 12 13 13 13 13
1592_2_1 4 8 5 5 5 1 1 3 3 4 2 3 3 1 4 2 27 12 13 13 13 13 13 13 13 13 13 13 14 13 13 12 13 14 13 13 13 13 13 13 13 13 13 13 13 13 13 13 13 13 13 13 13 13 14 13 12 13 13 14 13 13 13 13 13 13 13 13 13 13 12
1593_1_1 4 4 8 5 6 1 2 3 1 4 2 2 3 4 3 2 27 12 13 13 13 13 13 13 13 13 13 13 14 13 13 13 13 14 13 13 13 13 12 13 13 13 13 13 13 13 13 13 13 12 13 13 13 13 14 13 13 13 13 14 13 13 13 13 13 13 13 13 13 13 12
1594_1_1 3 7 6 6 5 1 2 1 3 3 3 5 1 2 3 3 27 12 13 13 13 13 13 13 13 13 13 14 13 13 13 12 13 13 13 13 13 14 13 13 13 13 13 13 13 13 13 13 13 13 14 13 13 13 13 13 12 13 13 13 14 13 13 13 13 13 13 13 13 13 12
1595_1_3 3 8 6 5 5 1 2 2 5 2 2 4 2 3 2 2 27 12 13 13 12 13 13 13 13 13 13 13 13 13 14 13 13 13 13 13 14 13 13 13 13 13 13 13 13 13 13 13 13 13 13 14 13 13 13 13 13 14 13 13 13 13 13 13 13 13 13 12 13 13 12
1597_0_3 4 4 6 5 8 1 3 1 3 3 4 3 2 1 4 2 27 12 13 13 12 13 13 13 13 13 13 13 13 13 14 13 13 13 13 13 13 13 13 13 13 13 13 14 14 13 13 13 13 13 13 13 13 13 13 13 13 14 13 13 13 13 13 13 13 13 13 12 13 13 12
1598_0_3 3 6 5 7 6 1 2 1 4 3 3 3 3 1 3 3 27 13 13 13 13 12 13 13 13 13 13 12 13 13 13 13 13 14 13 13 13 13 13 13 14 13 13 13 13 13 13 14 13 13 13 13 13 13 14 13 13 13 13 13 12 13 13 13 13 13 12 13 13 13 13
1598_1_5 3 6 7 5 6 1 2 3 2 2 3 3 2 5 2 2 27 13 13 13 13 12 13 13 13 13 13 12 13 13 13 13 13 14 13 13 13 13 13 13 14 13 13 13 13 13 13 14 13 13 13 13 13 13 14 13 13 13 13 13 12 13 13 13 13 13 12 13 13 13 13
1600_1_1 4 4 8 5 6 1 2 1 3 3 3 5 1 2 3 3 27 12 13 13 12 13 13 13 13 13 13 14 13 13 13 13 13 13 13 13 13 13 13 14 13 13 13 13 13 13 13 13 14 13 13 13 13 13 13 13 13 13 13 13 14 13 13 13 13 13 13 12 13 13 12
1602_0_3 3 5 8 5 6 1 1 5 2 3 3 2 3 2 3 2 27 12 13 13 13 14 13 13 13 13 13 13 12 13 14 13 13 13 13 13 13 13 13 13 13 13 13 13 13 13 13 13 13 13 13 13 13 13 13 13 13 14 13 12 13 13 13 13 13 13 14 13 13 13 12
1603_0_3 4 4 6 5 8 1 3 2 3 1 3 5 2 3 2 2 27 12 13 13 13 13 13 14 13 13 13 13 13 14 13 13 13 12 13 13 13 13 13 13 13 13 13 13 13 13 13 13 13 13 13 13 13 13 12 13 13 13 14 13 13 13 13 13 14 13 13 13 13 13 12
1604_0_3 4 4 7 5 7 1 3 1 3 3 2 2 5 3 2 2 27 12 13 13 13 12 13 13 14 13 13 13 13 13 13 13 13 13 13 13 13 13 13 14 13 13 13 13 13 13 13 13 14 13 13 13 13 13 13 13 13 13 13 13 13 13 13 14 13 13 12 13 13 13 12
1604_2_3 4 8 5 5 5 1 3 1 3 3 2 2 5 3 2 2 27 12 13 13 13 12 13 13 14 13 13 13 13 13 13 13 13 13 13 13 13 13 13 14 13 13 13 13 13 13 13 13 14 13 13 13 13 13 13 13 13 13 13 13 13 13 13 14 13 13 12 13 13 13 12
1605_1_1 3 8 6 5 5 1 1 4 3 3 3 3 1 3 2 3 27 12 13 13 13 13 13 14 13 13 14 13 13 13 13 13 13 13 13 13 13 13 12 13 13 13 13 13 13 13 13 13 13 12 13 13 13 13 13 13 13 13 13 13 13 14 13 13 14 13 13 13 13 13 12
1606_0_3 3 5 5 6 8 1 3 1 3 3 2 2 5 3 2 2 27 12 13 13 13 13 13 13 13 13 14 13 13 13 14 13 12 13 13 13 13 13 13 13 13 13 13 13 13 13 13 13 13 13 13 13 13 13 13 12 13 14 13 13 13 14 13 13 13 13 13 13 13 13 12
1607_0_3 4 4 7 5 7 1 2 1 4 3 3 3 3 1 3 3 27 13 13 13 13 12 13 13 13 13 13 12 13 14 13 13 13 14 13 13 13 13 13 13 13 13 13 13 13 13 13 13 13 13 13 13 13 13 14 13 13 13 14 13 12 13 13 13 13 13 12 13 13 13 13
1607_1_5 4 5 5 5 8 1 2 3 2 2 3 3 2 5 2 2 27 13 13 13 13 12 13 13 13 13 13 12 13 14 13 13 13 14 13 13 13 13 13 13 13 13 13 13 13 13 13 13 13 13 13 13 13 13 14 13 13 13 14 13 12 13 13 13 13 13 12 13 13 13 13
1608_0_1 3 5 5 6 8 1 1 4 1 3 3 2 3 3 4 2 27 12 13 13 13 13 13 13 13 13 13 13 13 13 13 13 13 13 13 13 14 13 13 13 12 13 14 13 13 14 13 12 13 13 13 14 13 13 13 13 13 13 13 13 13 13 13 13 13 13 13 13 13 13 12
1610_0_1 4 4 6 5 8 1 1 3 3 5 1 3 3 2 2 3 27 12 13 12 13 13 13 13 14 13 13 13 13 13 13 13 13 13 13 13 13 13 14 13 13 13 13 13 13 13 13 13 13 14 13 13 13 13 13 13 13 13 13 13 13 13 13 14 13 13 13 13 12 13 12
1611_1_1 3 6 7 5 6 0 4 3 3 3 3 1 2 2 3 3 27 12 13 13 13 13 14 13 14 13 12 13 13 13 13 13 13 13 13 13 13 13 13 13 13 13 13 13 13 13 13 13 13 13 13 13 13 13 13 13 13 13 13 13 13 12 13 14 13 14 13 13 13 13 12
1612_0_5 4 4 7 5 7 0 4 2 2 2 3 2 4 3 3 2 27 12 14 13 13 13 13 13 13 13 12 13 13 13 13 13 13 13 13 13 13 13 13 13 13 13 13 14 14 13 13 13 13 13 13 13 13 13 13 13 13 13 13 13 13 12 13 13 13 13 13 13 13 14 12
1612_1_5 4 5 5 5 8 0 4 2 2 2 3 2 4 3 3 2 27 12 14 13 13 13 13 13 13 13 12 13 13 13 13 13 13 13 13 13 13 13 13 13 13 13 13 14 14 13 13 13 13 13 13 13 13 13 13 13 13 13 13 13 13 12 13 13 13 13 13 13 13 14 12
1612_2_5 4 8 5 5 5 0 4 2 2 2 3 2 4 3 3 2 27 12 14 13 13 13 13 13 13 13 12 13 13 13 13 13 13 13 13 13 13 13 13 13 13 13 13 14 14 13 13 13 13 13 13 13 13 13 13 13 13 13 13 13 13 12 13 13 13 13 13 13 13 14 12
1614_0_1 3 5 5 6 8 0 3 1 3 3 3 3 2 3 4 2 27 12 13 13 12 13 13 13 13 13 14 13 13 13 13 13 13 13 13 14 13 13 13 13 13 13 13 13 13 13 13 13 13 13 13 13 14 13 13 13 13 13 13 13 13 14 13 13 13 13 13 12 13 13 12
1615_1_1 4 4 8 5 6 0 3 3 3 4 2 3 1 2 3 3 27 12 13 12 13 13 13 13 14 13 13 13 13 13 13 13 13 14 13 13 13 13 13 13 13 13 13 13 13 13 13 13 13 13 13 13 13 13 14 13 13 13 13 13 13 13 13 14 13 13 13 13 12 13 12
1616_1_1 4 5 4 8 6 1 2 3 1 5 3 2 2 3 3 2 27 12 12 13 14 13 13 13 13 13 13 13 13 13 14 13 13 13 13 13 13 13 13 13 13 13 13 13 13 13 13 13 13 13 13 13 13 13 13 13 13 14 13 13 13 13 13 13 13 13 13 14 13 12 12
1617_0_5 3 5 8 5 6 1 5 3 3 2 2 2 2 2 3 2 27 12 13 13 13 13 13 13 13 13 14 13 13 13 14 13 13 13 13 13 13 13 12 13 13 13 13 13 13 13 13 13 13 12 13 13 13 13 13 13 13 14 13 13 13 14 13 13 13 13 13 13 13 13 12
1618_0_1 3 5 8 5 6 1 2 3 1 5 3 2 2 3 3 2 27 12 13 13 13 13 13 13 13 13 13 13 13 12 13 14 13 13 13 14 13 13 13 13 13 13 13 13 13 13 13 13 13 13 13 13 14 13 13 13 14 13 12 13 13 13 13 13 13 13 13 13 13 13 12
1619_0_1 3 5 5 6 8 1 2 2 5 1 2 4 3 3 2 2 27 12 13 13 13 13 13 13 13 13 13 13 13 12 13 14 13 13 13 13 13 13 14 13 13 13 13 13 13 13 13 13 13 14 13 13 13 13 13 13 14 13 12 13 13 13 13 13 13 13 13 13 13 13 12
1620_0_5 4 4 7 5 7 1 2 3 2 2 3 3 2 5 2 2 27 13 13 13 13 12 13 13 13 13 13 12 13 14 13 13 13 13 13 13 13 13 13 13 13 13 13 14 14 13 13 13 13 13 13 13 13 13 13 13 13 13 14 13 12 13 13 13 13 13 12 13 13 13 13
1620_2_1 4 8 5 5 5 1 1 4 2 3 2 3 4 2 3 2 27 13 13 13 13 12 13 13 13 13 13 12 13 14 13 13 13 13 13 13 13 13 13 13 13 13 13 14 14 13 13 13 13 13 13 13 13 13 13 13 13 13 14 13 12 13 13 13 13 13 12 13 13 13 13
1621_0_3 4 4 6 5 8 1 1 5 2 3 3 2 3 2 3 2 27 12 13 13 13 13 13 13 13 13 13 13 13 13 13 13 13 14 13 14 13 12 13 13 13 13 13 13 13 13 13 13 13 13 12 13 14 13 14 13 13 13 13 13 13 13 13 13 13 13 13 13 13 13 12
1622_0_3 3 6 5 7 6 1 2 3 5 1 3 3 2 3 2 2 27 12 13 13 13 13 13 13 13 13 13 13 13 14 13 13 14 13 13 13 12 13 13 13 13 13 13 13 13 13 13 13 13 13 13 12 13 13 13 14 13 13 14 13 13 13 13 13 13 13 13 13 13 13 12
1623_1_1 4 5 5 5 8 1 2 1 3 3 3 5 1 2 3 3 27 12 13 13 13 13 13 13 13 13 13 13 14 13 13 12 13 13 13 13 13 13 14 13 13 13 13 13 13 13 13 13 13 14 13 13 13 13 13 13 12 13 13 14 13 13 13 13 13 13 13 13 13 13 12
1625_0_1 3 5 5 6 8 0 3 3 2 1 3 3 4 3 2 3 27 12 13 13 13 14 13 13 13 13 13 13 13 13 13 13 13 13 13 12 13 14 13 13 13 13 13 13 13 13 13 13 13 13 14 13 12 13 13 13 13 13 13 13 13 13 13 13 13 13 14 13 13 13 12
1626_0_5 4 5 4 6 8 0 4 2 2 2 3 2 4 3 3 2 27 12 13 13 13 13 13 13 13 14 13 13 13 13 13 13 14 13 13 13 13 13 13 12 13 13 13 13 13 13 13 13 12 13 13 13 13 13 13 14 13 13 13 13 13 13 14 13 13 13 13 13 13 13 12
1626_1_5 4 5 4 8 6 0 4 2 2 2 3 2 4 3 3 2 27 12 13 13 13 13 13 13 13 14 13 13 13 13 13 13 14 13 13 13 13 13 13 12 13 13 13 13 13 13 13 13 12 13 13 13 13 13 13 14 13 13 13 13 13 13 14 13 13 13 13 13 13 13 12
1627_1_1 3 6 7 5 6 1 1 3 2 4 1 3 4 3 2 3 27 12 13 13 13 13 13 13 13 13 13 13 13 14 13 12 13 13 13 14 13 13 13 13 13 13 13 13 13 13 13 13 13 13 13 13 14 13 13 13 12 13 14 13 13 13 13 13 13 13 13 13 13 13 12
1629_0_1 3 6 5 7 6 1 1 4 1 3 3 2 3 3 4 2 27 12 13 13 14 13 13 14 13 13 13 13 13 13 13 12 13 13 13 13 13 13 13 13 13 13 13 13 13 13 13 13 13 13 13 13 13 13 13 13 12 13 13 13 13 13 13 13 14 13 13 14 13 13 12
1630_2_1 4 8 5 5 5 1 3 1 3 3 1 3 4 4 2 2 27 12 13 13 13 13 13 13 13 13 13 13 14 13 13 13 13 13 13 13 13 13 13 14 13 12 13 13 13 13 12 13 14 13 13 13 13 13 13 13 13 13 13 14 13 13 13 13 13 13 13 13 13 13 12
1631_0_7 3 5 6 6 7 1 2 4 3 1 4 2 4 2 2 2 27 12 13 13 13 13 14 13 13 13 12 13 13 13 13 13 13 13 13 13 13 13 13 13 14 13 13 13 13 13 13 14 13 13 13 13 13 13 13 13 13 13 13 13 13 12 13 13 13 14 13 13 13 13 12
1631_1_7 3 7 6 6 5 1 2 4 3 1 4 2 4 2 2 2 27 12 13 13 13 13 14 13 13 13 12 13 13 13 13 13 13 13 13 13 13 13 13 13 14 13 13 13 13 13 13 14 13 13 13 13 13 13 13 13 13 13 13 13 13 12 13 13 13 14 13 13 13 13 12
1632_1_3 3 8 6 5 5 1 3 2 3 1 3 5 2 3 2 2 27 12 13 13 13 13 13 13 13 13 13 13 13 14 13 14 13 12 13 13 13 13 13 13 13 13 13 13 13 13 13 13 13 13 13 13 13 13 12 13 14 13 14 13 13 13 13 13 13 13 13 13 13 13 12
1635_0_1 3 5 5 6 8 1 1 4 1 3 3 2 3 3 4 2 27 12 13 13 12 13 13 13 13 13 13 13 13 13 13 14 13 13 13 13 13 13 13 13 13 13 14 13 13 14 13 13 13 13 13 13 13 13 13 13 14 13 13 13 13 13 13 13 13 13 13 12 13 13 12
1637_0_1 4 4 6 5 8 1 3 1 3 3 1 3 4 4 2 2 27 12 13 13 13 13 13 13 13 13 13 13 13 13 13 13 13 13 13 12 13 14 13 14 13 13 13 13 13 13 13 13 14 13 14 13 12 13 13 13 13 13 13 13 13 13 13 13 13 13 13 13 13 13 12
1639_0_1 4 4 6 5 8 0 3 2 4 2 3 3 3 2 4 1 27 12 13 13 13 13 13 13 13 13 13 13 13 13 13 13 13 13 13 13 13 13 14 13 14 13 12 13 13 12 13 14 13 14 13 13 13 13 13 13 13 13 13 13 13 13 13 13 13 13 13 13 13 13 12
1640_1_1 4 4 8 5 6 1 1 3 4 1 4 2 3 3 3 2 27 12 13 13 13 13 13 13 13 13 13 13 13 13 12 13 13 13 13 13 13 13 13 13 14 13 13 14 14 13 13 14 13 13 13 13 13 13 13 13 13 12 13 13 13 13 13 13 13 13 13 13 13 13 12
1642_0_1 3 5 5 6 8 1 3 3 2 5 2 2 2 3 2 2 27 12 13 13 13 13 13 13 13 14 13 12 13 13 13 13 13 13 13 13 13 13 13 13 13 14 13 13 13 13 14 13 13 13 13 13 13 13 13 13 13 13 13 13 12 13 14 13 13 13 13 13 13 13 12
1644_0_1 3 5 6 6 7 0 3 4 3 3 2 3 2 2 2 3 27 13 13 13 13 12 13 13 13 13 13 12 13 13 14 13 13 13 13 13 13 13 13 13 13 13 14 13 13 14 13 13 13 13 13 13 13 13 13 13 13 14 13 13 12 13 13 13 13 13 12 13 13 13 13
1645_0_1 3 5 5 6 8 0 3 3 3 3 4 1 3 2 3 2 27 12 13 13 12 13 13 13 13 14 13 13 13 13 13 14 13 13 13 13 13 13 13 13 13 13 13 13 13 13 13 13 13 13 13 13 13 13 13 13 14 13 13 13 13 13 14 13 13 13 13 12 13 13 12
1647_0_1 3 6 6 6 6 1 1 3 2 4 3 3 3 1 4 2 27 13 13 13 13 12 13 13 13 13 13 13 13 14 13 12 13 13 13 13 13 13 13 13 14 13 13 13 13 13 13 14 13 13 13 13 13 13 13 13 12 13 14 13 13 13 13 13 13 13 12 13 13 13 13
1649_0_1 3 5 5 6 8 0 3 2 4 2 3 3 3 2 4 1 27 12 13 13 13 13 13 13 13 13 13 14 13 13 13 13 13 13 13 13 14 13 13 13 13 13 12 13 13 12 13 13 13 13 13 14 13 13 13 13 13 13 13 13 14 13 13 13 13 13 13 13 13 13 12
1650_1_1 3 7 6 6 5 0 3 4 3 3 2 3 2 2 2 3 27 13 13 13 13 12 13 13 13 13 13 13 13 13 14 13 13 13 14 13 13 13 12 13 13 13 13 13 13 13 13 13 13 12 13 13 13 14 13 13 13 14 13 13 13 13 13 13 13 13 12 13 13 13 13
1651_1_1 3 7 5 7 5 0 3 3 3 4 2 3 1 2 3 3 27 12 13 13 13 13 13 13 14 13 13 13 13 13 12 13 13 13 13 13 13 13 13 13 13 13 13 14 14 13 13 13 13 13 13 13 13 13 13 13 13 12 13 13 13 13 13 14 13 13 13 13 13 13 12
1652_0_5 3 5 5 6 8 1 5 3 3 2 2 2 2 2 3 2 27 12 13 13 13 13 13 13 13 13 13 12 13 13 13 13 13 13 13 13 13 14 13 13 13 14 13 13 13 13 14 13 13 13 14 13 13 13 13 13 13 13 13 13 12 13 13 13 13 13 13 13 13 13 12
1653_0_1 3 5 6 6 7 0 3 2 4 2 3 3 3 2 4 1 27 12 13 13 13 13 13 13 13 13 13 14 13 13 13 12 13 13 13 13 13 13 13 13 14 13 13 13 13 13 13 14 13 13 13 13 13 13 13 13 12 13 13 13 14 13 13 13 13 13 13 13 13 13 12
1654_1_1 3 6 7 5 6 0 4 2 3 2 3 3 3 3 3 1 27 12 13 13 13 13 13 13 13 13 13 13 13 13 13 13 13 13 14 13 13 14 13 13 13 12 13 13 13 13 12 13 13 13 14 13 13 14 13 13 13 13 13 13 13 13 13 13 13 13 13 13 13 13 12
1655_2_1 4 8 5 5 5 1 1 4 1 3 3 2 3 3 4 2 27 12 13 13 13 13 13 14 13 13 12 13 14 13 13 13 13 13 13 13 13 13 13 13 13 13 13 13 13 13 13 13 13 13 13 13 13 13 13 13 13 13 13 14 13 12 13 13 14 13 13 13 13 13 12
1657_1_1 4 4 8 5 6 1 2 1 3 4 3 1 4 3 2 3 27 12 13 13 13 13 13 13 14 13 13 13 13 13 13 13 13 13 13 13 13 14 13 13 12 13 13 13 13 13 13 12 13 13 14 13 13 13 13 13 13 13 13 13 13 13 13 14 13 13 13 13 13 13 12
1658_1_3 4 4 8 5 6 1 2 2 5 2 2 4 2 3 2 2 27 12 13 13 12 13 13 13 13 13 13 13 13 14 13 13 13 13 13 14 13 13 13 13 13 13 13 13 13 13 13 13 13 13 13 13 14 13 13 13 13 13 14 13 13 13 13 13 13 13 13 12 13 13 12
1661_0_1 3 5 5 6 8 1 3 3 2 5 2 2 2 3 2 2 27 12 13 13 13 13 13 13 14 13 13 13 13 13 13 13 13 13 13 13 14 13 12 13 13 13 13 13 13 13 13 13 13 12 13 14 13 13 13 13 13 13 13 13 13 13 13 14 13 13 13 13 13 13 12
1662_1_1 4 4 8 5 6 0 3 4 3 2 3 3 3 2 1 3 27 12 13 13 13 13 12 13 14 13 13 13 13 13 13 13 13 13 13 13 13 14 13 13 13 13 13 13 13 13 13 13 13 13 14 13 13 13 13 13 13 13 13 13 13 13 13 14 13 12 13 13 13 13 12
1663_1_1 3 8 6 5 5 0 4 3 3 3 3 1 2 2 3 3 27 12 13 13 13 13 13 13 13 13 13 13 13 13 13 13 14 13 13 13 13 12 13 13 13 14 13 13 13 13 14 13 13 13 12 13 13 13 13 14 13 13 13 13 13 13 13 13 13 13 13 13 13 13 12
1664_1_1 3 7 5 7 5 0 3 3 2 4 2 3 2 3 3 2 27 12 13 13 13 13 13 13 14 13 13 12 13 13 13 13 13 14 13 13 13 13 13 13 13 13 13 13 13 13 13 13 13 13 13 13 13 13 14 13 13 13 13 13 12 13 13 14 13 13 13 13 13 13 12
1665_0_5 4 4 6 5 8 1 3 2 2 3 5 2 2 2 2 3 27 12 13 13 14 13 13 13 13 13 13 12 13 13 13 13 13 13 13 13 13 13 13 14 13 13 13 13 13 13 13 13 14 13 13 13 13 13 13 13 13 13 13 13 12 13 13 13 13 13 13 14 13 13 12
1666_0_1 4 4 7 5 7 0 3 3 3 3 4 1 3 2 3 2 27 12 13 13 13 13 13 14 13 13 13 13 13 14 13 12 13 13 13 13 13 13 13 13 13 13 13 13 13 13 13 13 13 13 13 13 13 13 13 13 12 13 14 13 13 13 13 13 14 13 13 13 13 13 12
1668_0_1 3 6 5 7 6 1 3 5 2 3 2 3 2 2 2 2 27 13 13 13 13 12 13 13 13 13 13 12 14 13 13 13 13 13 13 13 13 13 13 13 13 13 14 13 13 14 13 13 13 13 13 13 13 13 13 13 13 13 13 14 12 13 13 13 13 13 12 13 13 13 13
1669_0_5 3 6 6 6 6 1 2 2 5 2 4 3 1 2 3 2 27 13 13 13 13 12 13 13 13 13 13 13 13 13 13 12 13 13 13 13 13 13 14 13 14 13 13 13 13 13 13 14 13 14 13 13 13 13 13 13 12 13 13 13 13 13 13 13 13 13 12 13 13 13 13
1671_0_1 3 6 5 7 6 1 1 4 1 3 3 2 3 3 4 2 27 12 13 13 13 13 13 14 13 13 12 13 13 13 13 13 13 13 13 13 13 14 13 13 13 13 13 13 13 13 13 13 13 13 14 13 13 13 13 13 13 13 13 13 13 12 13 13 14 13 13 13 13 13 12
1673_0_1 3 5 5 6 8 1 3 3 2 5 2 2 2 3 2 2 27 12 13 13 13 13 13 13 13 13 13 13 13 14 13 13 13 13 13 13 13 13 12 13 13 14 13 13 13 13 14 13 13 12 13 13 13 13 13 13 13 13 14 13 13 13 13 13 13 13 13 13 13 13 12
1675_0_1 3 5 8 5 6 0 3 3 2 4 2 3 2 3 3 2 27 12 13 13 13 13 14 13 13 13 13 13 13 13 13 13 13 13 13 13 13 13 12 13 13 14 13 13 13 13 14 13 13 12 13 13 13 13 13 13 13 13 13 13 13 13 13 13 13 14 13 13 13 13 12
1676_0_1 4 5 4 6 8 1 1 3 3 5 1 3 3 2 2 3 27 12 13 12 13 13 13 13 13 13 13 14 13 13 13 13 13 13 13 14 13 13 13 13 13 13 13 13 13 13 13 13 13 13 13 13 14 13 13 13 13 13 13 13 14 13 13 13 13 13 13 13 12 13 12
1678_0_1 3 5 5 6 8 1 3 2 1 3 2 3 1 3 4 4 27 12 13 13 13 13 12 13 13 13 13 13 13 13 13 14 13 13 13 13 13 13 13 13 13 13 14 13 13 14 13 13 13 13 13 13 13 13 13 13 14 13 13 13 13 13 13 13 13 12 13 13 13 13 12
1680_0_1 3 5 5 6 8 0 3 2 2 4 2 3 2 4 3 2 27 12 13 13 13 13 13 13 13 13 13 13 13 13 13 14 13 13 13 12 13 13 13 13 14 13 13 13 13 13 13 14 13 13 13 13 12 13 13 13 14 13 13 13 13 13 13 13 13 13 13 13 13 13 12
1681_0_1 4 4 6 5 8 0 3 3 2 4 2 3 2 3 3 2 27 12 13 13 13 13 13 13 13 13 13 12 13 13 14 13 13 13 13 13 13 13 13 13 13 13 13 14 14 13 13 13 13 13 13 13 13 13 13 13 13 14 13 13 12 13 13 13 13 13 13 13 13 13 12
1682_0_1 3 5 6 6 7 0 3 3 3 3 4 1 3 2 3 2 27 12 13 13 13 12 13 13 13 13 13 13 13 13 13 13 14 13 13 13 13 13 13 13 14 13 13 13 13 13 13 14 13 13 13 13 13 13 13 14 13 13 13 13 13 13 13 13 13 13 12 13 13 13 12
1684_0_1 3 6 5 7 6 0 3 2 4 2 3 3 3 2 4 1 27 12 13 13 13 13 13 13 13 13 13 14 13 14 13 12 13 13 13 13 13 13 13 13 13 13 13 13 13 13 13 13 13 13 13 13 13 13 13 13 12 13 14 13 14 13 13 13 13 13 13 13 13 13 12
1685_1_1 3 7 6 6 5 0 3 3 3 4 2 3 1 2 3 3 27 12 13 13 13 13 13 13 13 13 13 13 13 13 13 13 14 13 13 14 13 13 13 13 13 12 13 13 13 13 12 13 13 13 13 13 14 13 13 14 13 13 13 13 13 13 13 13 13 13 13 13 13 13 12
1687_0_1 3 6 5 7 6 0 3 4 1 3 2 4 3 3 2 2 27 12 13 13 13 13 14 13 13 13 13 13 13 13 13 13 13 13 13 13 13 13 14 13 13 12 13 13 13 13 12 13 13 14 13 13 13 13 13 13 13 13 13 13 13 13 13 13 13 14 13 13 13 13 12
1688_2_1 4 8 5 5 5 1 1 4 1 3 3 2 3 3 4 2 27 12 13 14 13 13 13 13 13 13 13 13 13 13 13 13 13 13 14 13 13 13 13 13 13 12 13 13 13 13 12 13 13 13 13 13 13 14 13 13 13 13 13 13 13 13 13 13 13 13 13 13 14 13 12
1690_0_3 3 5 6 6 7 1 2 2 5 2 2 4 2 3 2 2 27 12 13 13 13 13 13 13 13 14 13 13 13 13 13 12 13 13 13 14 13 13 13 13 13 13 13 13 13 13 13 13 13 13 13 13 14 13 13 13 12 13 13 13 13 13 14 13 13 13 13 13 13 13 12
1691_0_3 3 6 5 7 6 0 4 3 4 2 2 3 2 2 3 2 27 12 13 13 13 13 13 14 13 13 13 13 13 13 13 13 14 13 13 13 12 13 13 13 13 13 13 13 13 13 13 13 13 13 13 12 13 13 13 14 13 13 13 13 13 13 13 13 14 13 13 13 13 13 12
1691_1_3 3 6 7 5 6 0 4 3 4 2 2 3 2 2 3 2 27 12 13 13 13 13 13 14 13 13 13 13 13 13 13 13 14 13 13 13 12 13 13 13 13 13 13 13 13 13 13 13 13 13 13 12 13 13 13 14 13 13 13 13 13 13 13 13 14 13 13 13 13 13 12
1692_0_3 4 4 6 5 8 1 2 3 5 1 3 3 2 3 2 2 27 12 13 13 13 14 13 13 13 13 13 13 13 13 13 12 13 13 14 13 13 13 13 13 13 13 13 13 13 13 13 13 13 13 13 13 13 14 13 13 12 13 13 13 13 13 13 13 13 13 14 13 13 13 12
1693_1_1 3 8 6 5 5 1 1 3 3 4 2 3 3 1 4 2 27 12 13 13 12 13 13 13 13 13 14 13 13 13 13 13 14 13 13 13 13 13 13 13 13 13 13 13 13 13 13 13 13 13 13 13 13 13 13 14 13 13 13 13 13 14 13 13 13 13 13 12 13 13 12
1694_1_3 3 8 6 5 5 1 2 2 5 2 2 4 2 3 2 2 27 12 13 13 13 13 13 13 13 13 13 13 13 13 14 13 13 13 13 13 14 13 13 13 13 13 12 13 13 12 13 13 13 13 13 14 13 13 13 13 13 14 13 13 13 13 13 13 13 13 13 13 13 13 12
1695_0_7 3 6 5 7 6 1 2 4 3 4 1 3 3 2 1 3 27 12 13 13 13 12 13 13 14 13 13 13 13 13 13 13 13 13 13 13 13 13 13 13 14 13 13 13 13 13 13 14 13 13 13 13 13 13 13 13 13 13 13 13 13 13 13 14 13 13 12 13 13 13 12
1695_1_7 3 6 7 5 6 1 2 4 3 4 1 3 3 2 1 3 27 12 13 13 13 12 13 13 14 13 13 13 13 13 13 13 13 13 13 13 13 13 13 13 14 13 13 13 13 13 13 14 13 13 13 13 13 13 13 13 13 13 13 13 13 13 13 14 13 13 12 13 13 13 12
1697_0_3 4 5 4 6 8 1 2 1 4 2 2 3 3 2 4 3 27 12 13 13 13 13 13 13 13 13 13 13 13 13 13 13 14 13 13 14 13 13 12 13 13 13 13 13 13 13 13 13 13 12 13 13 14 13 13 14 13 13 13 13 13 13 13 13 13 13 13 13 13 13 12
1698_1_1 3 6 5 8 5 0 3 3 3 3 4 1 3 2 3 2 27 12 13 13 13 13 13 13 13 13 13 13 13 12 13 13 13 13 13 13 14 13 13 13 14 13 13 13 13 13 13 14 13 13 13 14 13 13 13 13 13 13 12 13 13 13 13 13 13 13 13 13 13 13 12
1699_1_3 3 7 5 7 5 1 3 2 3 1 3 5 2 3 2 2 27 12 13 13 13 13 12 13 13 13 13 13 13 14 13 13 13 13 14 13 13 13 13 13 13 13 13 13 13 13 13 13 13 13 13 13 13 14 13 13 13 13 14 13 13 13 13 13 13 12 13 13 13 13 12
1701_1_1 4 4 8 5 6 1 1 4 1 3 3 2 3 3 4 2 27 12 13 13 13 13 13 14 13 13 13 13 12 13 13 13 13 13 13 13 13 13 13 14 13 13 13 13 13 13 13 13 14 13 13 13 13 13 13 13 13 13 13 12 13 13 13 13 14 13 13 13 13 13 12
1703_0_3 3 5 8 5 6 1 3 1 4 4 2 2 3 3 2 2 27 12 13 13 13 13 13 13 13 13 14 13 13 13 13 13 13 13 13 13 13 13 12 13 13 13 14 13 13 14 13 13 13 12 13 13 13 13 13 13 13 13 13 13 13 14 13 13 13 13 13 13 13 13 12
1703_1_5 3 6 5 8 5 1 3 2 2 3 5 2 2 2 2 3 27 12 13 13 13 13 13 13 13 13 14 13 13 13 13 13 13 13 13 13 13 13 12 13 13 13 14 13 13 14 13 13 13 12 13 13 13 13 13 13 13 13 13 13 13 14 13 13 13 13 13 13 13 13 12
1704_1_3 3 6 7 5 6 1 2 1 4 4 1 3 3 3 2 3 27 12 13 13 13 13 13 13 13 13 13 13 13 13 13 13 13 13 14 13 12 13 13 13 13 13 14 13 13 14 13 13 13 13 13 12 13 14 13 13 13 13 13 13 13 13 13 13 13 13 13 13 13 13 12
1706_1_1 4 5 5 5 8 1 1 3 3 4 1 4 3 2 3 2 27 13 13 13 13 12 13 13 13 13 13 12 13 14 13 13 13 13 13 13 13 13 14 13 13 13 13 13 13 13 13 13 13 14 13 13 13 13 13 13 13 13 14 13 12 13 13 13 13 13 12 13 13 13 13
1707_1_1 4 4 8 5 6 0 3 2 2 4 2 3 2 4 3 2 27 12 13 13 13 13 13 13 13 13 13 13 13 13 13 13 13 13 14 13 14 13 13 13 13 12 13 13 13 13 12 13 13 13 13 14 13 14 13 13 13 13 13 13 13 13 13 13 13 13 13 13 13 13 12
1708_2_1 4 8 5 5 5 0 3 3 4 3 3 2 2 1 3 3 27 12 13 13 13 12 13 13 13 13 13 13 14 13 13 13 13 13 13 13 13 13 13 14 13 13 13 13 13 13 13 13 14 13 13 13 13 13 13 13 13 13 13 14 13 13 13 13 13 13 12 13 13 13 12
1710_0_3 3 6 5 7 6 1 2 3 5 1 3 3 2 3 2 2 27 12 13 13 14 13 13 13 13 13 13 13 13 13 13 12 13 14 13 13 13 13 13 13 13 13 13 13 13 13 13 13 13 13 13 13 13 13 14 13 12 13 13 13 13 13 13 13 13 13 13 14 13 13 12
1711_0_3 3 6 5 7 6 1 2 1 4 3 3 3 3 1 3 3 27 13 13 13 13 12 13 13 13 13 13 12 13 13 13 13 13 13 13 13 13 13 13 13 14 13 13 14 14 13 13 14 13 13 13 13 13 13 13 13 13 13 13 13 12 13 13 13 13 13 12 13 13 13 13
1711_1_5 3 6 7 5 6 1 2 3 2 2 3 3 2 5 2 2 27 13 13 13 13 12 13 13 13 13 13 12 13 13 13 13 13 13 13 13 13 13 13 13 14 13 13 14 14 13 13 14 13 13 13 13 13 13 13 13 13 13 13 13 12 13 13 13 13 13 12 13 13 13 13
1712_1_3 3 8 6 5 5 1 2 1 4 2 2 3 3 2 4 3 27 12 13 13 13 13 13 13 13 13 13 12 13 13 13 13 14 13 13 13 13 13 13 13 13 14 13 13 13 13 14 13 13 13 13 13 13 13 13 14 13 13 13 13 12 13 13 13 13 13 13 13 13 13 12
1713_1_3 3 6 7 5 6 1 2 2 5 2 2 4 2 3 2 2 27 12 13 13 13 13 13 13 14 13 13 13 13 13 13 12 13 13 13 13 13 13 13 13 14 13 13 13 13 13 13 14 13 13 13 13 13 13 13 13 12 13 13 13 13 13 13 14 13 13 13 13 13 13 12
1714_0_7 4 4 6 5 8 1 2 4 3 4 1 3 3 2 1 3 27 12 13 13 13 13 12 13 14 13 13 13 13 13 13 13 13 13 13 13 13 13 13 13 14 13 13 13 13 13 13 14 13 13 13 13 13 13 13 13 13 13 13 13 13 13 13 14 13 12 13 13 13 13 12
1714_1_7 4 4 8 5 6 1 2 4 3 4 1 3 3 2 1 3 27 12 13 13 13 13 12 13 14 13 13 13 13 13 13 13 13 13 13 13 13 13 13 13 14 13 13 13 13 13 13 14 13 13 13 13 13 13 13 13 13 13 13 13 13 13 13 14 13 12 13 13 13 13 12
1715_1_3 3 6 5 8 5 1 2 1 4 2 2 3 3 2 4 3 27 12 13 13 13 14 13 13 13 13 13 13 13 13 13 13 13 13 13 14 13 13 12 13 13 13 13 13 13 13 13 13 13 12 13 13 14 13 13 13 13 13 13 13 13 13 13 13 13 13 14 13 13 13 12
1717_0_3 4 4 6 5 8 1 2 1 4 4 3 1 4 2 2 3 27 12 13 12 13 13 13 14 13 13 13 13 13 13 13 13 13 13 13 13 13 13 14 13 13 13 13 13 13 13 13 13 13 14 13 13 13 13 13 13 13 13 13 13 13 13 13 13 14 13 13 13 12 13 12
1717_1_3 4 4 8 5 6 1 2 1 4 4 3 1 4 2 2 3 27 12 13 12 13 13 13 14 13 13 13 13 13 13 13 13 13 13 13 13 13 13 14 13 13 13 13 13 13 13 13 13 13 14 13 13 13 13 13 13 13 13 13 13 13 13 13 13 14 13 13 13 12 13 12
1718_1_1 4 4 8 5 6 0 3 3 2 1 3 3 4 3 2 3 27 12 13 13 13 13 13 13 12 13 13 13 13 13 13 13 13 14 13 13 13 13 13 14 13 13 13 13 13 13 13 13 14 13 13 13 13 13 14 13 13 13 13 13 13 13 13 12 13 13 13 13 13 13 12
1720_1_1 3 6 7 5 6 1 3 5 2 3 2 3 2 2 2 2 27 13 13 13 13 12 13 13 13 13 13 13 14 13 13 13 13 13 14 13 13 13 12 13 13 13 13 13 13 13 13 13 13 12 13 13 13 14 13 13 13 13 13 14 13 13 13 13 13 13 12 13 13 13 13
1723_0_1 4 4 6 5 8 0 3 3 2 2 1 4 3 3 3 3 27 12 13 13 13 14 13 13 13 13 13 13 13 13 13 13 13 13 14 13 12 13 13 13 13 13 13 13 13 13 13 13 13 13 13 12 13 14 13 13 13 13 13 13 13 13 13 13 13 13 14 13 13 13 12
1723_1_1 4 4 8 5 6 0 3 3 2 2 1 4 3 3 3 3 27 12 13 13 13 14 13 13 13 13 13 13 13 13 13 13 13 13 14 13 12 13 13 13 13 13 13 13 13 13 13 13 13 13 13 12 13 14 13 13 13 13 13 13 13 13 13 13 13 13 14 13 13 13 12
1724_0_1 3 6 5 7 6 0 3 3 3 3 4 1 3 2 3 2 27 12 13 13 13 13 13 13 13 14 13 13 13 14 13 13 13 13 13 13 12 13 13 13 13 13 13 13 13 13 13 13 13 13 13 12 13 13 13 13 13 13 14 13 13 13 14 13 13 13 13 13 13 13 12
1726_0_1 4 4 6 5 8 1 1 3 3 3 2 3 4 1 4 2 27 12 13 14 13 12 13 13 13 13 13 13 13 13 13 14 13 13 13 13 13 13 13 13 13 13 13 13 13 13 13 13 13 13 13 13 13 13 13 13 14 13 13 13 13 13 13 13 13 13 12 13 14 13 12
1727_0_5 3 6 5 7 6 0 4 2 2 2 3 2 4 3 3 2 27 12 13 13 13 13 14 13 13 13 12 13 13 14 13 13 13 13 13 13 13 13 13 13 13 13 13 13 13 13 13 13 13 13 13 13 13 13 13 13 13 13 14 13 13 12 13 13 13 14 13 13 13 13 12
1727_1_5 3 6 7 5 6 0 4 2 2 2 3 2 4 3 3 2 27 12 13 13 13 13 14 13 13 13 12 13 13 14 13 13 13 13 13 13 13 13 13 13 13 13 13 13 13 13 13 13 13 13 13 13 13 13 13 13 13 13 14 13 13 12 13 13 13 14 13 13 13 13 12
1729_0_1 3 6 5 7 6 0 3 3 3 3 4 1 3 2 3 2 27 12 13 13 14 13 13 13 13 13 13 13 13 14 13 12 13 13 13 13 13 13 13 13 13 13 13 13 13 13 13 13 13 13 13 13 13 13 13 13 12 13 14 13 13 13 13 13 13 13 13 14 13 13 12
1731_0_1 4 4 6 5 8 1 1 3 3 4 1 4 3 2 3 2 27 12 13 13 13 12 13 13 13 13 13 13 14 13 13 13 13 13 13 13 14 13 13 13 13 13 13 13 13 13 13 13 13 13 13 14 13 13 13 13 13 13 13 14 13 13 13 13 13 13 12 13 13 13 12
1732_1_1 4 4 8 5 6 0 4 2 3 2 3 3 3 3 3 1 27 12 13 13 13 13 13 14 13 13 14 13 13 13 13 13 13 13 13 13 13 13 13 13 13 12 13 13 13 13 12 13 13 13 13 13 13 13 13 13 13 13 13 13 13 14 13 13 14 13 13 13 13 13 12
1733_1_1 4 4 8 5 6 1 2 3 1 5 3 2 2 3 3 2 27 12 13 13 13 13 13 13 13 13 13 13 13 13 13 13 13 13 14 13 12 13 13 13 13 14 13 13 13 13 14 13 13 13 13 12 13 14 13 13 13 13 13 13 13 13 13 13 13 13 13 13 13 13 12
1735_0_1 4 4 6 5 8 0 3 2 2 4 2 3 2 4 3 2 27 12 13 12 13 13 13 14 13 13 13 13 13 14 13 13 13 13 13 13 13 13 13 13 13 13 13 13 13 13 13 13 13 13 13 13 13 13 13 13 13 13 14 13 13 13 13 13 14 13 13 13 12 13 12
1736_0_1 4 4 6 5 8 0 3 2 3 2 2 4 4 2 2 3 27 12 13 14 13 12 13 13 13 13 13 13 13 13 13 13 13 13 13 13 14 13 13 13 13 13 13 13 13 13 13 13 13 13 13 14 13 13 13 13 13 13 13 13 13 13 13 13 13 13 12 13 14 13 12
1736_1_1 4 4 8 5 6 0 3 2 3 2 2 4 4 2 2 3 27 12 13 14 13 12 13 13 13 13 13 13 13 13 13 13 13 13 13 13 14 13 13 13 13 13 13 13 13 13 13 13 13 13 13 14 13 13 13 13 13 13 13 13 13 13 13 13 13 13 12 13 14 13 12
1737_0_1 3 5 5 6 8 1 1 3 3 4 1 4 3 2 3 2 27 12 13 13 13 13 13 13 13 13 13 13 14 13 13 13 13 12 13 13 14 13 13 13 13 13 13 13 13 13 13 13 13 13 13 14 13 13 12 13 13 13 13 14 13 13 13 13 13 13 13 13 13 13 12
1739_0_1 3 5 5 6 8 1 2 1 3 3 2 1 4 4 2 4 27 12 13 12 13 13 13 13 13 13 13 13 13 13 13 14 13 13 13 13 13 13 14 13 13 13 13 13 13 13 13 13 13 14 13 13 13 13 13 13 14 13 13 13 13 13 13 13 13 13 13 13 12 13 12
1739_1_1 3 8 6 5 5 1 2 1 3 3 2 1 4 4 2 4 27 12 13 12 13 13 13 13 13 13 13 13 13 13 13 14 13 13 13 13 13 13 14 13 13 13 13 13 13 13 13 13 13 14 13 13 13 13 13 13 14 13 13 13 13 13 13 13 13 13 13 13 12 13 12
1740_0_1 3 5 8 5 6 0 4 3 3 3 3 1 2 2 3 3 27 12 13 13 13 14 13 13 13 13 13 13 13 13 14 13 13 13 13 13 13 13 13 12 13 13 13 13 13 13 13 13 12 13 13 13 13 13 13 13 13 14 13 13 13 13 13 13 13 13 14 13 13 13 12
1741_0_1 4 4 6 5 8 0 4 2 2 2 2 4 3 3 3 2 27 12 13 14 13 14 13 13 13 13 13 13 13 13 13 12 13 13 13 13 13 13 13 13 13 13 13 13 13 13 13 13 13 13 13 13 13 13 13 13 12 13 13 13 13 13 13 13 13 13 14 13 14 13 12
1742_0_1 4 4 6 5 8 1 1 3 3 4 2 3 3 1 4 2 27 12 13 13 13 14 13 13 13 13 13 13 13 13 13 12 13 13 13 13 13 13 13 14 13 13 13 13 13 13 13 13 14 13 13 13 13 13 13 13 12 13 13 13 13 13 13 13 13 13 14 13 13 13 12
1743_0_5 4 4 6 5 8 1 1 5 2 3 3 3 2 3 2 2 27 12 13 13 13 12 13 13 14 13 13 13 13 13 13 13 13 13 13 13 14 13 13 13 13 13 13 13 13 13 13 13 13 13 13 14 13 13 13 13 13 13 13 13 13 13 13 14 13 13 12 13 13 13 12
1743_1_5 4 4 8 5 6 1 1 5 2 3 3 3 2 3 2 2 27 12 13 13 13 12 13 13 14 13 13 13 13 13 13 13 13 13 13 13 14 13 13 13 13 13 13 13 13 13 13 13 13 13 13 14 13 13 13 13 13 13 13 13 13 13 13 14 13 13 12 13 13 13 12
1744_1_1 3 7 6 6 5 1 2 3 1 5 3 2 2 3 3 2 27 12 13 13 14 13 13 13 13 13 13 13 13 13 14 13 13 13 13 13 12 13 13 13 13 13 13 13 13 13 13 13 13 13 13 12 13 13 13 13 13 14 13 13 13 13 13 13 13 13 13 14 13 13 12
1745_1_1 3 8 6 5 5 1 3 1 3 4 1 3 3 4 2 2 27 12 13 13 13 13 13 13 13 13 13 13 13 13 13 13 13 13 14 13 14 13 13 12 13 13 13 13 13 13 13 13 12 13 13 14 13 14 13 13 13 13 13 13 13 13 13 13 13 13 13 13 13 13 12
1746_1_1 4 4 8 5 6 1 2 2 3 2 5 3 1 3 2 3 27 12 13 13 13 12 13 13 13 13 13 13 13 13 13 13 13 13 14 13 14 13 13 13 13 13 13 13 13 13 13 13 13 13 13 14 13 14 13 13 13 13 13 13 13 13 13 13 13 13 12 13 13 13 12
1747_1_1 4 4 8 5 6 0 3 3 3 4 2 3 1 2 3 3 27 12 13 13 12 13 13 14 13 13 13 13 13 13 13 13 14 13 13 13 13 13 13 13 13 13 13 13 13 13 13 13 13 13 13 13 13 13 13 14 13 13 13 13 13 13 13 13 14 13 13 12 13 13 12
1749_0_1 3 5 6 6 7 1 3 5 2 3 2 3 2 2 2 2 27 13 13 13 13 12 13 13 13 13 13 13 13 13 13 13 13 13 13 13 13 13 12 14 13 13 14 13 13 14 13 13 14 12 13 13 13 13 13 13 13 13 13 13 13 13 13 13 13 13 12 13 13 13 13
1750_1_1 3 6 7 5 6 1 3 1 3 4 1 3 3 4 2 2 27 12 13 13 13 13 13 13 13 13 12 13 13 13 13 13 13 13 14 13 13 13 13 13 14 13 13 13 13 13 13 14 13 13 13 13 13 14 13 13 13 13 13 13 13 12 13 13 13 13 13 13 13 13 12
1752_0_1 3 5 5 6 8 1 1 4 1 3 3 2 3 3 4 2 27 12 13 12 13 13 13 13 14 13 13 13 13 13 13 14 13 13 13 13 13 13 13 13 13 13 13 13 13 13 13 13 13 13 13 13 13 13 13 13 14 13 13 13 13 13 13 14 13 13 13 13 12 13 12
1754_0_1 4 5 4 6 8 1 1 3 3 4 2 3 3 1 4 2 27 12 13 13 13 13 13 12 13 13 13 13 13 13 13 13 14 13 13 13 13 14 13 13 13 13 13 13 13 13 13 13 13 13 14 13 13 13 13 14 13 13 13 13 13 13 13 13 12 13 13 13 13 13 12
1756_0_1 4 4 6 5 8 0 4 2 3 2 3 3 3 3 3 1 27 12 13 13 13 13 13 13 13 13 14 13 13 13 13 13 13 13 14 13 13 13 13 13 13 12 13 13 13 13 12 13 13 13 13 13 13 14 13 13 13 13 13 13 13 14 13 13 13 13 13 13 13 13 12
1757_0_1 4 5 4 6 8 1 1 4 1 3 3 2 3 3 4 2 27 12 13 13 14 13 13 13 13 13 13 14 13 13 13 13 13 13 13 13 13 13 12 13 13 13 13 13 13 13 13 13 13 12 13 13 13 13 13 13 13 13 13 13 14 13 13 13 13 13 13 14 13 13 12
1759_0_1 4 4 6 5 8 1 2 1 3 4 3 1 4 3 2 3 27 12 13 13 13 13 13 13 14 13 13 13 13 12 13 13 13 13 13 13 13 13 13 14 13 13 13 13 13 13 13 13 14 13 13 13 13 13 13 13 13 13 12 13 13 13 13 14 13 13 13 13 13 13 12
1761_0_1 4 4 6 5 8 0 4 2 3 2 3 3 3 3 3 1 27 12 13 12 13 13 13 14 13 13 13 13 14 13 13 13 13 13 13 13 13 13 13 13 13 13 13 13 13 13 13 13 13 13 13 13 13 13 13 13 13 13 13 14 13 13 13 13 14 13 13 13 12 13 12
1762_0_1 3 6 5 7 6 1 1 3 3 4 1 4 3 2 3 2 27 13 13 13 13 12 13 13 13 13 13 12 13 13 13 13 13 13 13 13 13 13 14 13 14 13 13 13 13 13 13 14 13 14 13 13 13 13 13 13 13 13 13 13 12 13 13 13 13 13 12 13 13 13 13
1764_0_1 4 4 6 5 8 1 1 3 4 1 4 2 3 3 3 2 27 12 13 13 13 13 13 13 13 14 13 13 13 13 12 13 13 13 13 13 13 13 13 13 13 13 13 14 14 13 13 13 13 13 13 13 13 13 13 13 13 12 13 13 13 13 14 13 13 13 13 13 13 13 12
1765_0_1 4 4 7 5 7 1 1 3 3 3 2 3 4 1 4 2 27 12 13 14 13 12 13 13 13 13 13 13 13 13 13 13 13 13 14 13 13 13 13 13 13 13 13 13 13 13 13 13 13 13 13 13 13 14 13 13 13 13 13 13 13 13 13 13 13 13 12 13 14 13 12
1766_0_3 3 5 8 5 6 1 3 1 3 4 4 1 3 2 3 2 27 12 13 12 13 13 13 13 13 13 13 13 13 13 13 14 13 13 13 13 13 13 13 13 14 13 13 13 13 13 13 14 13 13 13 13 13 13 13 13 14 13 13 13 13 13 13 13 13 13 13 13 12 13 12
1767_1_1 3 8 6 5 5 1 2 4 2 4 3 2 1 3 2 3 27 12 13 13 13 14 13 13 13 13 13 13 13 14 13 13 13 13 13 13 13 13 12 13 13 13 13 13 13 13 13 13 13 12 13 13 13 13 13 13 13 13 14 13 13 13 13 13 13 13 14 13 13 13 12
1768_1_1 3 8 6 5 5 1 1 4 3 3 3 3 1 3 2 3 27 12 13 13 13 13 13 13 13 13 13 13 14 13 13 14 13 13 13 13 13 13 12 13 13 13 13 13 13 13 13 13 13 12 13 13 13 13 13 13 14 13 13 14 13 13 13 13 13 13 13 13 13 13 12
1769_1_1 3 7 5 7 5 1 1 4 1 3 3 2 3 3 4 2 27 12 13 13 13 13 13 14 13 13 13 12 13 13 13 13 13 13 13 13 13 13 14 13 13 13 13 13 13 13 13 13 13 14 13 13 13 13 13 13 13 13 13 13 12 13 13 13 14 13 13 13 13 13 12
1770_1_3 4 5 5 5 8 1 3 2 2 2 3 1 3 5 2 3 27 12 13 13 13 13 13 13 13 13 12 13 13 14 13 13 13 13 14 13 13 13 13 13 13 13 13 13 13 13 13 13 13 13 13 13 13 14 13 13 13 13 14 13 13 12 13 13 13 13 13 13 13 13 12
1771_1_1 3 6 7 5 6 1 1 4 1 3 3 2 3 3 4 2 27 12 13 13 14 13 13 13 13 13 12 13 14 13 13 13 13 13 13 13 13 13 13 13 13 13 13 13 13 13 13 13 13 13 13 13 13 13 13 13 13 13 13 14 13 12 13 13 13 13 13 14 13 13 12
1772_1_3 4 4 8 5 6 1 2 1 4 2 1 4 3 3 3 3 27 12 13 13 13 13 12 13 14 13 13 13 13 13 13 13 13 13 13 14 13 13 13 13 13 13 13 13 13 13 13 13 13 13 13 13 14 13 13 13 13 13 13 13 13 13 13 14 13 12 13 13 13 13 12
1773_1_3 3 8 6 5 5 1 3 1 3 4 4 1 3 2 3 2 27 12 13 12 13 13 13 14 13 13 13 13 13 13 13 13 13 13 13 13 14 13 13 13 13 13 13 13 13 13 13 13 13 13 13 14 13 13 13 13 13 13 13 13 13 13 13 13 14 13 13 13 12 13 12
1775_1_1 4 4 8 5 6 1 3 1 4 3 1 3 4 3 2 2 27 12 13 13 13 14 13 13 14 13 13 13 13 13 13 13 13 13 13 13 12 13 13 13 13 13 13 13 13 13 13 13 13 13 13 12 13 13 13 13 13 13 13 13 13 13 13 14 13 13 14 13 13 13 12
1777_1_1 3 6 5 8 5 1 1 4 1 3 3 2 3 3 4 2 27 12 13 13 13 13 13 13 13 13 13 14 13 13 13 14 13 13 13 13 13 13 12 13 13 13 13 13 13 13 13 13 13 12 13 13 13 13 13 13 14 13 13 13 14 13 13 13 13 13 13 13 13 13 12
1778_1_3 4 5 4 8 6 1 3 2 3 1 3 5 2 3 2 2 27 12 13 13 14 13 13 13 13 13 13 13 13 13 13 13 13 12 13 13 13 13 13 13 14 13 13 13 13 13 13 14 13 13 13 13 13 13 12 13 13 13 13 13 13 13 13 13 13 13 13 14 13 13 12
1779_1_3 4 5 4 8 6 1 2 3 5 1 3 3 2 3 2 2 27 12 13 13 13 13 13 13 13 14 13 13 13 12 13 13 14 13 13 13 13 13 13 13 13 13 13 13 13 13 13 13 13 13 13 13 13 13 13 14 13 13 12 13 13 13 14 13 13 13 13 13 13 13 12
1780_1_3 4 5 5 5 8 1 3 1 3 3 2 2 5 3 2 2 27 12 13 14 13 12 13 13 13 13 13 13 13 13 13 13 13 13 13 13 13 13 13 14 13 13 13 13 13 13 13 13 14 13 13 13 13 13 13 13 13 13 13 13 13 13 13 13 13 13 12 13 14 13 12
1781_0_3 4 4 6 5 8 1 3 1 3 2 1 4 4 3 2 3 27 12 13 13 13 12 13 13 13 13 13 13 13 14 13 13 13 13 13 13 14 13 13 13 13 13 13 13 13 13 13 13 13 13 13 14 13 13 13 13 13 13 14 13 13 13 13 13 13 13 12 13 13 13 12
1782_0_3 3 5 6 6 7 1 1 4 2 3 1 3 4 3 2 3 27 12 13 13 13 13 14 13 13 13 13 13 13 13 13 13 14 13 13 13 12 13 13 13 13 13 13 13 13 13 13 13 13 13 13 12 13 13 13 14 13 13 13 13 13 13 13 13 13 14 13 13 13 13 12
1783_1_1 3 6 7 5 6 1 1 4 1 3 3 2 3 3 4 2 27 12 13 13 13 12 13 14 13 13 13 13 13 13 13 13 14 13 13 13 13 13 13 13 13 13 13 13 13 13 13 13 13 13 13 13 13 13 13 14 13 13 13 13 13 13 13 13 14 13 12 13 13 13 12
1784_1_3 4 4 8 5 6 1 3 1 3 3 2 2 5 3 2 2 27 12 13 13 13 13 12 13 13 13 13 13 13 13 13 13 13 13 13 14 13 13 13 14 13 13 13 13 13 13 13 13 14 13 13 13 14 13 13 13 13 13 13 13 13 13 13 13 13 12 13 13 13 13 12
1786_1_1 4 4 8 5 6 1 1 4 1 3 3 2 3 3 4 2 27 12 13 12 13 13 13 13 14 13 13 13 13 13 13 13 13 13 14 13 13 13 13 13 13 13 13 13 13 13 13 13 13 13 13 13 13 14 13 13 13 13 13 13 13 13 13 14 13 13 13 13 12 13 12
1787_1_3 4 5 5 5 8 1 2 4 2 4 3 2 2 1 4 2 27 12 13 13 13 13 13 13 14 13 13 13 13 13 13 13 13 13 14 13 12 13 13 13 13 13 13 13 13 13 13 13 13 13 13 12 13 14 13 13 13 13 13 13 13 13 13 14 13 13 13 13 13 13 12
1788_0_3 3 6 5 7 6 0 3 3 1 2 3 3 3 4 2 3 27 12 13 14 13 12 13 13 13 13 13 13 13 13 13 13 13 13 13 13 13 13 13 13 14 13 13 13 13 13 13 14 13 13 13 13 13 13 13 13 13 13 13 13 13 13 13 13 13 13 12 13 14 13 12
1788_1_3 3 6 7 5 6 0 3 3 1 2 3 3 3 4 2 3 27 12 13 14 13 12 13 13 13 13 13 13 13 13 13 13 13 13 13 13 13 13 13 13 14 13 13 13 13 13 13 14 13 13 13 13 13 13 13 13 13 13 13 13 13 13 13 13 13 13 12 13 14 13 12
1789_0_3 3 5 5 6 8 1 2 3 5 1 3 3 2 3 2 2 27 12 13 13 13 13 13 12 13 13 13 13 13 13 13 14 13 14 13 13 13 13 13 13 13 13 13 13 13 13 13 13 13 13 13 13 13 13 14 13 14 13 13 13 13 13 13 13 12 13 13 13 13 13 12
1790_1_1 3 6 5 8 5 1 1 3 3 5 1 3 3 2 2 3 27 12 13 12 13 13 13 13 13 13 13 14 13 13 13 13 13 13 13 13 13 13 13 13 13 14 13 13 13 13 14 13 13 13 13 13 13 13 13 13 13 13 13 13 14 13 13 13 13 13 13 13 12 13 12
1791_1_3 3 8 6 5 5 1 3 2 2 2 3 1 3 5 2 3 27 12 13 13 13 13 13 13 13 13 13 13 12 13 13 13 13 13 14 13 14 13 13 13 13 13 13 13 13 13 13 13 13 13 13 14 13 14 13 13 13 13 13 12 13 13 13 13 13 13 13 13 13 13 12
1792_1_3 4 5 5 5 8 1 2 3 5 1 3 3 2 3 2 2 27 12 13 14 13 13 13 13 13 13 13 13 13 13 13 13 13 14 13 13 13 13 13 13 13 12 13 13 13 13 12 13 13 13 13 13 13 13 14 13 13 13 13 13 13 13 13 13 13 13 13 13 14 13 12
1793_1_1 4 5 5 5 8 1 2 4 3 4 1 3 2 1 3 3 27 12 13 14 13 13 13 13 14 13 13 13 13 13 13 13 13 13 13 13 12 13 13 13 13 13 13 13 13 13 13 13 13 13 13 12 13 13 13 13 13 13 13 13 13 13 13 14 13 13 13 13 14 13 12
1795_0_1 3 5 8 5 6 0 3 4 2 4 2 3 2 3 2 2 27 12 13 12 13 13 13 13 13 14 13 13 13 13 13 13 13 13 13 13 14 13 13 13 13 13 13 13 13 13 13 13 13 13 13 14 13 13 13 13 13 13 13 13 13 13 14 13 13 13 13 13 12 13 12
1796_0_1 3 5 6 6 7 0 3 3 3 3 4 1 3 2 3 2 27 12 13 13 13 13 13 13 13 14 13 13 13 13 13 12 13 13 13 13 13 13 13 13 13 13 14 13 13 14 13 13 13 13 13 13 13 13 13 13 12 13 13 13 13 13 14 13 13 13 13 13 13 13 12
1798_0_1 4 5 4 6 8 1 1 3 4 1 4 2 3 3 3 2 27 12 13 12 13 13 13 13 13 13 13 13 13 13 13 13 14 13 13 13 13 13 13 13 14 13 13 13 13 13 13 14 13 13 13 13 13 13 13 14 13 13 13 13 13 13 13 13 13 13 13 13 12 13 12
1799_0_1 4 4 6 5 8 0 3 3 3 3 4 1 3 2 3 2 27 12 13 13 13 13 12 13 13 13 13 13 13 14 13 13 14 13 13 13 13 13 13 13 13 13 13 13 13 13 13 13 13 13 13 13 13 13 13 14 13 13 14 13 13 13 13 13 13 12 13 13 13 13 12
1800_0_5 4 4 6 5 8 1 5 3 3 2 2 2 2 2 3 2 27 12 13 13 13 13 13 13 14 13 13 12 13 13 13 13 13 13 13 13 13 14 13 13 13 13 13 13 13 13 13 13 13 13 14 13 13 13 13 13 13 13 13 13 12 13 13 14 13 13 13 13 13 13 12
1801_0_1 4 4 6 5 8 0 3 3 3 4 2 3 1 2 3 3 27 12 13 13 13 14 13 13 13 13 13 13 13 14 13 13 13 13 13 13 12 13 13 13 13 13 13 13 13 13 13 13 13 13 13 12 13 13 13 13 13 13 14 13 13 13 13 13 13 13 14 13 13 13 12
1802_0_1 4 4 6 5 8 1 3 5 2 3 2 3 2 2 2 2 27 13 13 13 13 12 13 13 13 13 13 12 13 13 13 14 13 13 13 13 13 13 13 14 13 13 13 13 13 13 13 13 14 13 13 13 13 13 13 13 14 13 13 13 12 13 13 13 13 13 12 13 13 13 13
1803_0_5 4 4 6 5 8 1 1 3 4 1 3 2 4 3 2 3 27 12 13 13 14 13 13 13 13 13 13 13 13 13 13 13 13 14 13 13 13 13 13 13 12 13 13 13 13 13 13 12 13 13 13 13 13 13 14 13 13 13 13 13 13 13 13 13 13 13 13 14 13 13 12
1803_1_5 4 4 8 5 6 1 1 3 4 1 3 2 4 3 2 3 27 12 13 13 14 13 13 13 13 13 13 13 13 13 13 13 13 14 13 13 13 13 13 13 12 13 13 13 13 13 13 12 13 13 13 13 13 13 14 13 13 13 13 13 13 13 13 13 13 13 13 14 13 13 12
1804_1_1 3 6 7 5 6 0 3 4 3 2 3 3 3 2 1 3 27 12 13 14 13 12 13 13 13 13 13 13 13 13 13 13 13 13 13 13 13 14 13 13 13 13 13 13 13 13 13 13 13 13 14 13 13 13 13 13 13 13 13 13 13 13 13 13 13 13 12 13 14 13 12
1805_1_1 4 5 5 5 8 0 3 4 3 2 3 3 3 2 1 3 27 12 13 14 13 12 13 13 13 13 13 13 14 13 13 13 13 13 13 13 13 13 13 13 13 13 13 13 13 13 13 13 13 13 13 13 13 13 13 13 13 13 13 14 13 13 13 13 13 13 12 13 14 13 12
1806_0_1 4 4 7 5 7 0 4 2 3 2 3 3 3 3 3 1 27 12 13 13 13 13 13 13 13 13 13 13 13 13 13 13 13 13 14 13 13 13 13 14 13 12 13 13 13 13 12 13 14 13 13 13 13 14 13 13 13 13 13 13 13 13 13 13 13 13 13 13 13 13 12
1806_2_1 4 8 5 5 5 0 4 2 3 2 3 3 3 3 3 1 27 12 13 13 13 13 13 13 13 13 13 13 13 13 13 13 13 13 14 13 13 13 13 14 13 12 13 13 13 13 12 13 14 13 13 13 13 14 13 13 13 13 13 13 13 13 13 13 13 13 13 13 13 13 12
1807_1_1 3 8 6 5 5 1 2 3 1 5 3 2 2 3 3 2 27 12 13 13 13 13 13 13 13 13 13 13 13 12 13 13 13 13 14 13 13 13 13 13 13 14 13 13 13 13 14 13 13 13 13 13 13 14 13 13 13 13 12 13 13 13 13 13 13 13 13 13 13 13 12
1808_1_1 4 5 4 8 6 0 3 3 3 4 2 3 1 2 3 3 27 12 13 13 13 13 13 12 13 13 13 13 13 13 13 13 14 13 13 13 13 13 13 13 13 13 14 13 13 14 13 13 13 13 13 13 13 13 13 14 13 13 13 13 13 13 13 13 12 13 13 13 13 13 12
1810_0_1 4 4 6 5 8 1 1 4 3 3 2 3 3 3 1 3 27 12 13 13 13 13 13 13 13 13 13 12 13 13 14 13 13 13 13 13 13 13 13 14 13 13 13 13 13 13 13 13 14 13 13 13 13 13 13 13 13 14 13 13 12 13 13 13 13 13 13 13 13 13 12
1810_1_3 4 4 8 5 6 1 2 3 2 2 2 2 2 3 3 5 27 12 13 13 13 13 13 13 13 13 13 12 13 13 14 13 13 13 13 13 13 13 13 14 13 13 13 13 13 13 13 13 14 13 13 13 13 13 13 13 13 14 13 13 12 13 13 13 13 13 13 13 13 13 12
1811_1_1 4 5 4 8 6 0 4 3 3 3 3 1 2 2 3 3 27 12 13 13 13 13 14 13 13 13 13 13 13 13 14 13 13 13 13 13 13 13 13 12 13 13 13 13 13 13 13 13 12 13 13 13 13 13 13 13 13 14 13 13 13 13 13 13 13 14 13 13 13 13 12
1813_0_1 3 5 5 6 8 0 3 3 2 1 3 3 4 3 2 3 27 12 13 12 13 13 13 13 13 13 14 13 13 13 13 13 13 14 13 13 13 13 13 13 13 13 13 13 13 13 13 13 13 13 13 13 13 13 14 13 13 13 13 13 13 14 13 13 13 13 13 13 12 13 12
1815_0_1 3 5 6 6 7 1 1 4 3 3 3 2 4 1 3 2 27 13 13 13 13 12 13 13 13 13 12 13 13 13 13 13 13 13 13 13 14 13 13 13 14 13 13 13 13 13 13 14 13 13 13 14 13 13 13 13 13 13 13 13 13 12 13 13 13 13 12 13 13 13 13
1816_0_1 4 4 6 5 8 1 1 4 3 3 3 3 1 3 2 3 27 12 13 13 13 13 13 13 13 13 13 12 13 13 13 13 13 13 13 13 13 13 13 14 13 13 14 13 13 14 13 13 14 13 13 13 13 13 13 13 13 13 13 13 12 13 13 13 13 13 13 13 13 13 12
1816_1_3 4 4 8 5 6 1 3 1 4 4 2 2 3 3 2 2 27 12 13 13 13 13 13 13 13 13 13 12 13 13 13 13 13 13 13 13 13 13 13 14 13 13 14 13 13 14 13 13 14 13 13 13 13 13 13 13 13 13 13 13 12 13 13 13 13 13 13 13 13 13 12
1817_0_5 3 5 6 6 7 1 1 5 2 3 3 3 2 3 2 2 27 13 13 13 13 12 13 13 13 13 12 13 13 13 13 13 13 13 13 14 14 13 13 13 13 13 13 13 13 13 13 13 13 13 13 14 14 13 13 13 13 13 13 13 13 12 13 13 13 13 12 13 13 13 13
1817_1_5 3 7 6 6 5 1 1 5 2 3 3 3 2 3 2 2 27 13 13 13 13 12 13 13 13 13 12 13 13 13 13 13 13 13 13 14 14 13 13 13 13 13 13 13 13 13 13 13 13 13 13 14 14 13 13 13 13 13 13 13 13 12 13 13 13 13 12 13 13 13 13
1819_0_1 3 5 6 6 7 1 2 2 3 2 5 3 1 3 2 3 27 13 13 13 13 12 13 13 13 13 12 13 13 13 13 13 13 13 13 13 14 13 13 13 13 13 14 13 13 14 13 13 13 13 13 14 13 13 13 13 13 13 13 13 13 12 13 13 13 13 12 13 13 13 13
1820_0_1 4 4 7 5 7 1 1 4 1 3 3 2 3 3 4 2 27 12 13 13 13 13 13 13 13 13 13 13 13 14 13 13 13 13 14 13 12 13 13 13 13 13 13 13 13 13 13 13 13 13 13 12 13 14 13 13 13 13 14 13 13 13 13 13 13 13 13 13 13 13 12
1821_0_3 3 5 8 5 6 1 3 2 3 1 3 5 2 3 2 2 27 12 13 13 13 13 13 13 13 14 13 13 13 13 13 14 13 12 13 13 13 13 13 13 13 13 13 13 13 13 13 13 13 13 13 13 13 13 12 13 14 13 13 13 13 13 14 13 13 13 13 13 13 13 12
1822_1_1 4 5 5 5 8 0 4 2 3 3 3 2 3 3 3 1 27 12 13 13 13 13 13 13 13 13 13 13 14 13 13 13 13 13 14 13 12 13 13 13 13 13 13 13 13 13 13 13 13 13 13 12 13 14 13 13 13 13 13 14 13 13 13 13 13 13 13 13 13 13 12
1824_0_1 4 4 6 5 8 0 3 3 3 3 4 1 3 2 3 2 27 12 13 12 13 13 13 13 14 13 13 13 13 14 13 13 13 13 13 13 13 13 13 13 13 13 13 13 13 13 13 13 13 13 13 13 13 13 13 13 13 13 14 13 13 13 13 14 13 13 13 13 12 13 12
1826_0_1 4 4 6 5 8 0 3 3 3 2 3 3 4 2 1 3 27 12 14 13 13 13 13 13 13 13 13 13 13 13 13 12 13 13 13 13 14 13 13 13 13 13 13 13 13 13 13 13 13 13 13 14 13 13 13 13 12 13 13 13 13 13 13 13 13 13 13 13 13 14 12
1828_0_1 4 4 6 5 8 1 3 3 2 5 2 2 2 3 2 2 27 12 13 14 13 13 13 13 13 13 13 13 13 14 13 13 13 13 13 13 13 13 12 13 13 13 13 13 13 13 13 13 13 12 13 13 13 13 13 13 13 13 14 13 13 13 13 13 13 13 13 13 14 13 12
1830_0_1 4 4 7 5 7 1 2 2 5 1 2 4 3 3 2 2 27 12 13 13 13 13 13 13 13 13 13 13 13 13 13 13 13 13 14 13 12 13 14 13 13 13 13 13 13 13 13 13 13 14 13 12 13 14 13 13 13 13 13 13 13 13 13 13 13 13 13 13 13 13 12
1831_0_3 3 5 5 6 8 1 2 1 4 2 2 3 3 2 4 3 27 12 13 14 13 14 13 13 13 13 13 13 13 13 13 13 13 13 13 13 13 13 12 13 13 13 13 13 13 13 13 13 13 12 13 13 13 13 13 13 13 13 13 13 13 13 13 13 13 13 14 13 14 13 12
1832_0_3 4 4 6 5 8 1 3 1 3 2 1 4 4 3 2 3 27 12 13 13 13 13 13 13 13 14 13 13 13 14 13 13 12 13 13 13 13 13 13 13 13 13 13 13 13 13 13 13 13 13 13 13 13 13 13 12 13 13 14 13 13 13 14 13 13 13 13 13 13 13 12
1833_0_3 3 5 5 6 8 1 1 5 2 3 3 2 3 2 3 2 27 12 13 13 13 14 13 13 13 13 12 13 13 13 13 13 13 13 13 13 13 13 13 13 13 14 13 13 13 13 14 13 13 13 13 13 13 13 13 13 13 13 13 13 13 12 13 13 13 13 14 13 13 13 12
1834_0_3 3 5 5 6 8 1 2 2 3 5 1 3 3 3 2 2 27 12 13 13 13 13 13 13 13 13 14 13 13 13 13 12 13 13 13 13 14 13 13 13 13 13 13 13 13 13 13 13 13 13 13 14 13 13 13 13 12 13 13 13 13 14 13 13 13 13 13 13 13 13 12
1835_0_3 4 5 4 6 8 1 2 2 3 4 4 1 2 4 1 3 27 12 13 13 13 13 13 12 13 13 13 14 13 13 13 13 14 13 13 13 13 13 13 13 13 13 13 13 13 13 13 13 13 13 13 13 13 13 13 14 13 13 13 13 14 13 13 13 12 13 13 13 13 13 12
1835_1_3 4 5 4 8 6 1 2 2 3 4 4 1 2 4 1 3 27 12 13 13 13 13 13 12 13 13 13 14 13 13 13 13 14 13 13 13 13 13 13 13 13 13 13 13 13 13 13 13 13 13 13 13 13 13 13 14 13 13 13 13 14 13 13 13 12 13 13 13 13 13 12
1836_1_1 4 4 8 5 6 0 3 4 1 3 2 4 3 3 2 2 27 12 13 12 13 13 13 13 13 13 13 13 13 13 13 13 13 14 13 13 13 13 14 13 13 13 13 13 13 13 13 13 13 14 13 13 13 13 14 13 13 13 13 13 13 13 13 13 13 13 13 13 12 13 12
1837_1_3 3 8 6 5 5 1 3 1 3 4 4 1 3 2 3 2 27 12 13 13 13 13 13 13 13 13 13 13 13 13 13 14 13 13 13 13 14 13 13 13 13 12 13 13 13 13 12 13 13 13 13 14 13 13 13 13 14 13 13 13 13 13 13 13 13 13 13 13 13 13 12
1839_0_3 3 5 5 6 8 1 1 4 3 2 4 2 3 2 3 2 27 13 13 13 13 12 13 13 13 13 13 12 13 13 13 14 13 13 13 13 13 13 13 13 13 14 13 13 13 13 14 13 13 13 13 13 13 13 13 13 14 13 13 13 12 13 13 13 13 13 12 13 13 13 13
1840_0_3 3 6 5 7 6 1 3 1 4 4 2 2 3 3 2 2 27 13 13 13 13 12 13 13 13 13 13 12 13 13 13 13 13 13 13 13 13 13 13 13 13 13 14 14 14 14 13 13 13 13 13 13 13 13 13 13 13 13 13 13 12 13 13 13 13 13 12 13 13 13 13
1840_1_5 3 6 7 5 6 1 3 2 2 3 5 2 2 2 2 3 27 13 13 13 13 12 13 13 13 13 13 12 13 13 13 13 13 13 13 13 13 13 13 13 13 13 14 14 14 14 13 13 13 13 13 13 13 13 13 13 13 13 13 13 12 13 13 13 13 13 12 13 13 13 13
1842_0_3 4 5 4 6 8 1 2 1 4 2 4 3 2 2 4 2 27 12 13 12 13 13 13 13 13 14 13 13 13 13 13 13 13 13 13 13 13 13 13 13 14 13 13 13 13 13 13 14 13 13 13 13 13 13 13 13 13 13 13 13 13 13 14 13 13 13 13 13 12 13 12
1843_1_1 4 4 8 5 6 1 2 2 5 1 2 4 3 3 2 2 27 12 13 13 13 13 13 13 13 13 13 13 13 12 13 13 13 13 14 13 13 13 14 13 13 13 13 13 13 13 13 13 13 14 13 13 13 14 13 13 13 13 12 13 13 13 13 13 13 13 13 13 13 13 12
1844_1_3 3 8 6 5 5 1 1 3 2 3 2 3 3 2 5 2 27 12 13 12 13 13 13 13 13 13 14 13 13 13 13 13 13 13 14 13 13 13 13 13 13 13 13 13 13 13 13 13 13 13 13 13 13 14 13 13 13 13 13 13 13 14 13 13 13 13 13 13 12 13 12
1845_1_3 3 6 7 5 6 1 2 3 5 1 3 3 2 3 2 2 27 12 13 13 13 13 14 13 13 13 13 13 13 14 13 13 13 13 13 13 12 13 13 13 13 13 13 13 13 13 13 13 13 13 13 12 13 13 13 13 13 13 14 13 13 13 13 13 13 14 13 13 13 13 12
1846_1_3 4 4 8 5 6 1 2 1 4 2 2 3 3 2 4 3 27 12 13 14 13 13 13 13 13 13 13 12 13 13 13 13 14 13 13 13 13 13 13 13 13 13 13 13 13 13 13 13 13 13 13 13 13 13 13 14 13 13 13 13 12 13 13 13 13 13 13 13 14 13 12
1848_0_3 3 6 5 7 6 1 2 3 5 1 3 3 2 3 2 2 27 12 13 14 13 13 13 13 13 13 13 13 13 13 13 13 14 13 13 13 13 13 13 13 13 12 13 13 13 13 12 13 13 13 13 13 13 13 13 14 13 13 13 13 13 13 13 13 13 13 13 13 14 13 12
1849_1_1 4 4 8 5 6 1 3 3 2 5 2 2 2 3 2 2 27 12 13 14 13 13 13 13 13 13 13 12 13 13 13 13 13 13 13 13 13 13 13 13 14 13 13 13 13 13 13 14 13 13 13 13 13 13 13 13 13 13 13 13 12 13 13 13 13 13 13 13 14 13 12
1850_1_3 4 5 5 5 8 1 2 1 4 4 1 3 3 3 2 3 27 12 13 13 13 13 13 14 13 13 13 13 13 13 13 13 13 13 14 13 12 13 13 13 13 13 13 13 13 13 13 13 13 13 13 12 13 14 13 13 13 13 13 13 13 13 13 13 14 13 13 13 13 13 12
1851_0_3 4 4 6 5 8 1 3 1 4 4 2 2 3 3 2 2 27 12 13 13 13 13 13 14 13 13 13 12 13 13 13 13 13 13 13 13 13 14 13 13 13 13 13 13 13 13 13 13 13 13 14 13 13 13 13 13 13 13 13 13 12 13 13 13 14 13 13 13 13 13 12
1851_1_5 4 4 8 5 6 1 3 2 2 3 5 2 2 2 2 3 27 12 13 13 13 13 13 14 13 13 13 12 13 13 13 13 13 13 13 13 13 14 13 13 13 13 13 13 13 13 13 13 13 13 14 13 13 13 13 13 13 13 13 13 12 13 13 13 14 13 13 13 13 13 12
1852_0_7 4 4 7 5 7 1 2 3 3 1 2 5 2 4 2 2 27 12 13 13 13 13 13 13 13 13 13 13 13 13 13 13 13 13 14 13 13 13 14 13 13 12 13 13 13 13 12 13 13 14 13 13 13 14 13 13 13 13 13 13 13 13 13 13 13 13 13 13 13 13 12
1852_1_7 4 5 5 5 8 1 2 3 3 1 2 5 2 4 2 2 27 12 13 13 13 13 13 13 13 13 13 13 13 13 13 13 13 13 14 13 13 13 14 13 13 12 13 13 13 13 12 13 13 14 13 13 13 14 13 13 13 13 13 13 13 13 13 13 13 13 13 13 13 13 12
1852_2_7 4 8 5 5 5 1 2 3 3 1 2 5 2 4 2 2 27 12 13 13 13 13 13 13 13 13 13 13 13 13 13 13 13 13 14 13 13 13 14 13 13 12 13 13 13 13 12 13 13 14 13 13 13 14 13 13 13 13 13 13 13 13 13 13 13 13 13 13 13 13 12
1854_1_1 4 4 8 5 6 0 3 1 3 3 3 3 2 3 4 2 27 12 13 13 12 13 13 13 13 13 13 13 14 13 13 13 13 13 13 14 13 13 13 13 13 13 13 13 13 13 13 13 13 13 13 13 14 13 13 13 13 13 13 14 13 13 13 13 13 13 13 12 13 13 12
1857_1_1 3 7 6 6 5 1 2 1 4 4 2 3 3 2 2 3 27 13 13 13 13 12 13 13 13 13 13 13 13 13 13 13 13 13 13 14 13 13 12 14 13 13 13 13 13 13 13 13 14 12 13 13 14 13 13 13 13 13 13 13 13 13 13 13 13 13 12 13 13 13 13
1858_1_3 4 5 4 8 6 1 2 1 4 2 2 3 3 2 4 3 27 12 13 13 13 13 14 13 13 13 13 13 13 13 13 13 13 13 13 14 13 13 12 13 13 13 13 13 13 13 13 13 13 12 13 13 14 13 13 13 13 13 13 13 13 13 13 13 13 14 13 13 13 13 12
1860_0_3 4 4 6 5 8 1 1 5 2 3 3 2 3 2 3 2 27 12 13 13 13 13 13 13 13 13 12 13 13 13 13 13 13 14 13 13 13 13 13 13 13 14 13 13 13 13 14 13 13 13 13 13 13 13 14 13 13 13 13 13 13 12 13 13 13 13 13 13 13 13 12
1861_0_3 3 5 8 5 6 1 3 2 2 2 3 1 3 5 2 3 27 12 13 13 13 13 13 13 13 13 13 13 12 13 13 13 13 13 13 13 14 13 13 13 13 13 14 13 13 14 13 13 13 13 13 14 13 13 13 13 13 13 13 12 13 13 13 13 13 13 13 13 13 13 12
1862_0_3 3 5 5 6 8 1 2 1 4 2 2 3 3 2 4 3 27 12 13 13 13 14 13 13 14 13 13 13 13 13 13 13 13 13 13 13 13 13 12 13 13 13 13 13 13 13 13 13 13 12 13 13 13 13 13 13 13 13 13 13 13 13 13 14 13 13 14 13 13 13 12
1863_1_1 3 6 5 8 5 1 1 5 2 4 3 2 2 2 3 2 27 12 13 12 13 13 13 13 13 13 13 14 13 13 13 13 13 13 13 13 14 13 13 13 13 13 13 13 13 13 13 13 13 13 13 14 13 13 13 13 13 13 13 13 14 13 13 13 13 13 13 13 12 13 12
1864_1_3 4 4 8 5 6 1 3 1 3 3 2 2 5 3 2 2 27 12 13 13 13 13 12 13 13 13 13 13 13 13 14 13 13 13 13 13 13 13 13 14 13 13 13 13 13 13 13 13 14 13 13 13 13 13 13 13 13 14 13 13 13 13 13 13 13 12 13 13 13 13 12
1866_0_1 3 6 5 7 6 0 3 3 2 2 1 4 3 3 3 3 27 12 13 13 13 13 13 13 13 13 13 13 13 13 13 13 13 14 13 13 12 13 13 13 13 13 14 13 13 14 13 13 13 13 13 12 13 13 14 13 13 13 13 13 13 13 13 13 13 13 13 13 13 13 12
1866_1_1 3 6 7 5 6 0 3 3 2 2 1 4 3 3 3 3 27 12 13 13 13 13 13 13 13 13 13 13 13 13 13 13 13 14 13 13 12 13 13 13 13 13 14 13 13 14 13 13 13 13 13 12 13 13 14 13 13 13 13 13 13 13 13 13 13 13 13 13 13 13 12
1867_0_1 3 6 5 7 6 0 4 2 3 4 3 1 3 3 2 2 27 12 13 13 13 13 13 13 13 13 12 13 13 13 13 13 13 13 13 14 13 13 14 13 13 13 13 13 13 13 13 13 13 14 13 13 14 13 13 13 13 13 13 13 13 12 13 13 13 13 13 13 13 13 12
1868_0_1 3 6 6 6 6 1 1 3 3 3 2 3 4 1 4 2 27 13 13 13 13 12 13 13 13 13 12 13 13 13 13 13 13 13 14 14 13 13 13 13 13 13 13 13 13 13 13 13 13 13 13 13 14 14 13 13 13 13 13 13 13 12 13 13 13 13 12 13 13 13 13
1870_0_3 4 4 6 5 8 1 2 3 5 1 3 3 2 3 2 2 27 12 13 13 13 13 14 13 13 13 13 13 13 13 13 13 13 13 14 13 13 13 13 13 13 13 12 13 13 12 13 13 13 13 13 13 13 14 13 13 13 13 13 13 13 13 13 13 13 14 13 13 13 13 12
1871_1_1 4 4 8 5 6 1 3 2 1 3 2 3 1 3 4 4 27 12 13 13 13 13 12 13 13 13 13 13 13 13 13 13 13 13 14 13 13 13 13 13 13 13 14 13 13 14 13 13 13 13 13 13 13 14 13 13 13 13 13 13 13 13 13 13 13 12 13 13 13 13 12
1872_1_3 3 6 7 5 6 1 3 1 3 4 4 1 3 2 3 2 27 12 13 13 13 13 13 14 13 14 13 13 13 13 13 13 13 13 13 13 13 13 13 13 13 12 13 13 13 13 12 13 13 13 13 13 13 13 13 13 13 13 13 13 13 13 14 13 14 13 13 13 13 13 12
1874_1_1 4 4 8 5 6 1 2 4 2 4 3 2 1 3 2 3 27 12 13 13 13 13 13 13 13 13 13 12 13 13 13 13 13 14 13 13 13 13 13 13 14 13 13 13 13 13 13 14 13 13 13 13 13 13 14 13 13 13 13 13 12 13 13 13 13 13 13 13 13 13 12
1875_1_3 3 7 5 7 5 1 1 3 2 3 2 3 3 2 5 2 27 12 13 13 13 13 13 14 13 13 13 13 13 13 13 13 13 13 13 12 13 13 13 14 13 13 13 13 13 13 13 13 14 13 13 13 12 13 13 13 13 13 13 13 13 13 13 13 14 13 13 13 13 13 12
1877_0_3 4 4 6 5 8 1 2 2 3 4 4 1 2 4 1 3 27 12 13 13 12 13 13 13 13 13 13 14 13 13 13 13 13 14 13 13 13 13 13 13 13 13 13 13 13 13 13 13 13 13 13 13 13 13 14 13 13 13 13 13 14 13 13 13 13 13 13 12 13 13 12
1877_1_3 4 4 8 5 6 1 2 2 3 4 4 1 2 4 1 3 27 12 13 13 12 13 13 13 13 13 13 14 13 13 13 13 13 14 13 13 13 13 13 13 13 13 13 13 13 13 13 13 13 13 13 13 13 13 14 13 13 13 13 13 14 13 13 13 13 13 13 12 13 13 12
1878_0_3 3 6 5 7 6 1 2 1 4 4 3 1 4 2 2 3 27 12 13 13 14 13 13 13 13 13 13 13 13 13 13 13 13 13 13 13 13 13 14 13 13 12 13 13 13 13 12 13 13 14 13 13 13 13 13 13 13 13 13 13 13 13 13 13 13 13 13 14 13 13 12
1878_1_3 3 6 7 5 6 1 2 1 4 4 3 1 4 2 2 3 27 12 13 13 14 13 13 13 13 13 13 13 13 13 13 13 13 13 13 13 13 13 14 13 13 12 13 13 13 13 12 13 13 14 13 13 13 13 13 13 13 13 13 13 13 13 13 13 13 13 13 14 13 13 12
1879_1_1 4 5 4 8 6 1 1 5 2 4 3 2 2 2 3 2 27 12 13 12 13 13 13 13 13 13 13 14 13 13 13 13 13 13 13 13 13 13 13 13 14 13 13 13 13 13 13 14 13 13 13 13 13 13 13 13 13 13 13 13 14 13 13 13 13 13 13 13 12 13 12
1880_1_3 3 6 5 8 5 1 3 1 3 3 4 3 2 1 4 2 27 12 13 13 13 13 13 12 13 13 13 13 13 13 13 13 14 13 13 13 13 13 13 13 13 14 13 13 13 13 14 13 13 13 13 13 13 13 13 14 13 13 13 13 13 13 13 13 12 13 13 13 13 13 12
1881_1_3 4 5 5 5 8 1 3 2 2 2 3 1 3 5 2 3 27 12 13 13 13 13 13 14 13 13 12 13 13 14 13 13 13 13 13 13 13 13 13 13 13 13 13 13 13 13 13 13 13 13 13 13 13 13 13 13 13 13 14 13 13 12 13 13 14 13 13 13 13 13 12
1882_0_3 4 4 6 5 8 0 4 3 4 2 2 3 2 2 3 2 27 12 13 13 13 13 13 13 13 13 13 13 13 13 13 14 13 13 13 13 12 13 13 13 13 13 13 14 14 13 13 13 13 13 13 12 13 13 13 13 14 13 13 13 13 13 13 13 13 13 13 13 13 13 12
1882_1_3 4 4 8 5 6 0 4 3 4 2 2 3 2 2 3 2 27 12 13 13 13 13 13 13 13 13 13 13 13 13 13 14 13 13 13 13 12 13 13 13 13 13 13 14 14 13 13 13 13 13 13 12 13 13 13 13 14 13 13 13 13 13 13 13 13 13 13 13 13 13 12
1883_1_1 4 4 8 5 6 0 3 1 3 3 3 3 2 3 4 2 27 12 13 13 13 13 13 13 13 13 13 13 14 13 13 13 13 13 13 14 13 13 13 13 13 13 12 13 13 12 13 13 13 13 13 13 14 13 13 13 13 13 13 14 13 13 13 13 13 13 13 13 13 13 12
1885_0_1 3 5 8 5 6 1 2 1 3 4 3 1 4 3 2 3 27 12 13 13 13 13 13 13 13 13 14 13 13 12 13 13 13 13 13 14 13 13 13 13 13 13 13 13 13 13 13 13 13 13 13 13 14 13 13 13 13 13 12 13 13 14 13 13 13 13 13 13 13 13 12
1887_0_1 3 6 5 7 6 1 2 1 3 4 3 1 4 3 2 3 27 12 13 13 13 13 13 13 13 13 13 13 14 13 14 13 13 13 13 13 12 13 13 13 13 13 13 13 13 13 13 13 13 13 13 12 13 13 13 13 13 14 13 14 13 13 13 13 13 13 13 13 13 13 12
1888_0_5 3 5 7 5 7 1 1 3 4 1 3 2 4 3 2 3 27 12 13 13 13 13 13 14 13 13 13 13 13 13 13 13 13 13 13 13 13 13 13 13 12 13 13 14 14 13 13 12 13 13 13 13 13 13 13 13 13 13 13 13 13 13 13 13 14 13 13 13 13 13 12
1888_1_5 3 7 5 7 5 1 1 3 4 1 3 2 4 3 2 3 27 12 13 13 13 13 13 14 13 13 13 13 13 13 13 13 13 13 13 13 13 13 13 13 12 13 13 14 14 13 13 12 13 13 13 13 13 13 13 13 13 13 13 13 13 13 13 13 14 13 13 13 13 13 12
1889_2_1 4 8 5 5 5 1 1 4 1 3 3 2 3 3 4 2 27 12 13 13 13 12 13 14 13 13 13 13 13 13 13 13 13 14 13 13 13 13 13 13 13 13 13 13 13 13 13 13 13 13 13 13 13 13 14 13 13 13 13 13 13 13 13 13 14 13 12 13 13 13 12
1891_0_1 4 4 6 5 8 0 4 2 3 2 3 3 3 3 3 1 27 12 13 13 13 13 13 13 13 13 13 13 13 13 13 13 13 13 13 12 13 13 13 14 13 13 14 13 13 14 13 13 14 13 13 13 12 13 13 13 13 13 13 13 13 13 13 13 13 13 13 13 13 13 12
1892_0_1 4 4 7 5 7 0 4 2 3 4 3 1 3 3 2 2 27 12 13 13 13 13 13 13 14 13 12 13 13 13 13 13 13 13 13 13 13 13 14 13 13 13 13 13 13 13 13 13 13 14 13 13 13 13 13 13 13 13 13 13 13 12 13 14 13 13 13 13 13 13 12
1892_2_1 4 8 5 5 5 0 4 2 3 4 3 1 3 3 2 2 27 12 13 13 13 13 13 13 14 13 12 13 13 13 13 13 13 13 13 13 13 13 14 13 13 13 13 13 13 13 13 13 13 14 13 13 13 13 13 13 13 13 13 13 13 12 13 14 13 13 13 13 13 13 12
1893_2_1 4 8 5 5 5 0 3 4 1 3 2 4 3 3 2 2 27 12 13 13 13 13 13 13 13 13 13 13 13 13 13 13 13 14 13 13 13 13 14 13 13 12 13 13 13 13 12 13 13 14 13 13 13 13 14 13 13 13 13 13 13 13 13 13 13 13 13 13 13 13 12
1894_1_3 3 8 6 5 5 1 2 1 3 5 1 3 3 3 2 3 27 12 13 13 13 13 13 13 13 13 13 13 12 13 13 13 13 13 13 13 13 13 14 13 13 14 13 13 13 13 14 13 13 14 13 13 13 13 13 13 13 13 13 12 13 13 13 13 13 13 13 13 13 13 12
1895_0_7 4 4 7 5 7 1 2 4 3 1 4 2 4 2 2 2 27 12 13 13 13 13 13 13 13 13 12 13 13 14 13 13 13 14 13 13 13 13 13 13 13 13 13 13 13 13 13 13 13 13 13 13 13 13 14 13 13 13 14 13 13 12 13 13 13 13 13 13 13 13 12
1895_1_7 4 5 5 5 8 1 2 4 3 1 4 2 4 2 2 2 27 12 13 13 13 13 13 13 13 13 12 13 13 14 13 13 13 14 13 13 13 13 13 13 13 13 13 13 13 13 13 13 13 13 13 13 13 13 14 13 13 13 14 13 13 12 13 13 13 13 13 13 13 13 12
1895_2_7 4 8 5 5 5 1 2 4 3 1 4 2 4 2 2 2 27 12 13 13 13 13 13 13 13 13 12 13 13 14 13 13 13 14 13 13 13 13 13 13 13 13 13 13 13 13 13 13 13 13 13 13 13 13 14 13 13 13 14 13 13 12 13 13 13 13 13 13 13 13 12
1897_0_3 3 6 5 7 6 1 2 1 4 2 1 4 3 3 3 3 27 12 13 14 13 12 13 13 13 13 13 13 13 13 13 13 13 13 13 14 13 13 13 13 13 13 13 13 13 13 13 13 13 13 13 13 14 13 13 13 13 13 13 13 13 13 13 13 13 13 12 13 14 13 12
1898_1_1 4 5 5 5 8 1 3 1 4 3 1 3 4 3 2 2 27 12 13 13 13 13 13 13 14 13 13 13 13 13 13 13 13 14 13 13 12 13 13 13 13 13 13 13 13 13 13 13 13 13 13 12 13 13 14 13 13 13 13 13 13 13 13 14 13 13 13 13 13 13 12
1900_0_1 3 5 7 5 7 0 3 2 3 2 2 4 4 2 2 3 27 12 13 13 13 13 12 13 14 13 13 13 13 14 13 13 13 13 13 13 13 13 13 13 13 13 13 13 13 13 13 13 13 13 13 13 13 13 13 13 13 13 14 13 13 13 13 14 13 12 13 13 13 13 12
1900_1_1 3 7 5 7 5 0 3 2 3 2 2 4 4 2 2 3 27 12 13 13 13 13 12 13 14 13 13 13 13 14 13 13 13 13 13 13 13 13 13 13 13 13 13 13 13 13 13 13 13 13 13 13 13 13 13 13 13 13 14 13 13 13 13 14 13 12 13 13 13 13 12
1901_0_1 4 5 4 6 8 1 1 3 4 1 4 2 3 3 3 2 27 12 13 12 13 13 13 13 13 14 13 13 13 13 13 13 14 13 13 13 13 13 13 13 13 13 13 13 13 13 13 13 13 13 13 13 13 13 13 14 13 13 13 13 13 13 14 13 13 13 13 13 12 13 12
1902_0_1 4 4 7 5 7 0 3 3 3 3 4 1 3 2 3 2 27 12 14 13 13 12 13 13 13 13 13 13 13 13 13 13 13 13 13 13 13 13 13 13 13 13 13 14 14 13 13 13 13 13 13 13 13 13 13 13 13 13 13 13 13 13 13 13 13 13 12 13 13 14 12
1903_0_3 3 5 7 5 7 1 3 1 3 3 2 2 5 3 2 2 27 12 13 13 13 13 13 13 14 13 13 13 13 13 13 13 12 13 13 13 13 13 13 14 13 13 13 13 13 13 13 13 14 13 13 13 13 13 13 12 13 13 13 13 13 13 13 14 13 13 13 13 13 13 12
1904_1_1 3 6 7 5 6 1 1 3 3 5 1 3 3 2 2 3 27 12 13 13 13 13 13 13 13 13 13 14 13 14 13 13 13 13 13 13 12 13 13 13 13 13 13 13 13 13 13 13 13 13 13 12 13 13 13 13 13 13 14 13 14 13 13 13 13 13 13 13 13 13 12
1906_0_1 3 6 5 7 6 0 3 3 2 2 1 4 3 3 3 3 27 12 13 13 13 13 14 13 13 13 13 13 13 13 13 13 13 13 14 13 12 13 13 13 13 13 13 13 13 13 13 13 13 13 13 12 13 14 13 13 13 13 13 13 13 13 13 13 13 14 13 13 13 13 12
1906_1_1 3 6 7 5 6 0 3 3 2 2 1 4 3 3 3 3 27 12 13 13 13 13 14 13 13 13 13 13 13 13 13 13 13 13 14 13 12 13 13 13 13 13 13 13 13 13 13 13 13 13 13 12 13 14 13 13 13 13 13 13 13 13 13 13 13 14 13 13 13 13 12
1907_0_1 3 5 5 6 8 0 4 3 3 3 3 1 2 2 3 3 27 12 13 13 13 13 13 13 13 13 13 13 12 13 13 13 13 14 13 13 13 13 13 13 13 14 13 13 13 13 14 13 13 13 13 13 13 13 14 13 13 13 13 12 13 13 13 13 13 13 13 13 13 13 12
1908_0_1 4 4 7 5 7 1 3 1 3 2 1 3 5 3 2 3 27 12 13 13 13 12 13 13 13 13 13 13 14 13 13 13 13 13 13 13 13 13 14 13 13 13 13 13 13 13 13 13 13 14 13 13 13 13 13 13 13 13 13 14 13 13 13 13 13 13 12 13 13 13 12
1909_0_3 3 6 5 7 6 1 2 3 5 1 3 3 2 3 2 2 27 12 13 13 13 13 14 13 13 13 13 13 13 13 13 12 13 13 14 13 13 13 13 13 13 13 13 13 13 13 13 13 13 13 13 13 13 14 13 13 12 13 13 13 13 13 13 13 13 14 13 13 13 13 12
1910_1_1 3 8 6 5 5 1 2 1 3 4 3 1 4 3 2 3 27 12 13 13 13 13 13 13 13 13 13 13 13 12 13 13 13 13 13 13 13 13 13 14 13 14 13 13 13 13 14 13 14 13 13 13 13 13 13 13 13 13 12 13 13 13 13 13 13 13 13 13 13 13 12
1911_1_3 3 6 7 5 6 1 3 1 3 2 1 4 4 3 2 3 27 12 13 13 13 12 13 13 13 14 13 13 13 14 13 13 13 13 13 13 13 13 13 13 13 13 13 13 13 13 13 13 13 13 13 13 13 13 13 13 13 13 14 13 13 13 14 13 13 13 12 13 13 13 12
1912_1_3 3 8 6 5 5 1 2 1 4 2 2 3 3 2 4 3 27 12 13 13 13 13 13 13 13 13 13 13 13 13 13 13 13 14 13 13 13 13 12 13 13 14 13 13 13 13 14 13 13 12 13 13 13 13 14 13 13 13 13 13 13 13 13 13 13 13 13 13 13 13 12
1914_0_3 3 6 6 6 6 1 2 2 3 5 1 3 3 3 2 2 27 13 13 13 13 12 13 13 13 13 13 13 13 13 13 12 13 14 13 13 13 13 13 13 14 13 13 13 13 13 13 14 13 13 13 13 13 13 14 13 12 13 13 13 13 13 13 13 13 13 12 13 13 13 13
1916_0_3 4 4 6 5 8 1 2 2 3 4 4 1 2 4 1 3 27 12 13 13 13 14 13 13 13 13 13 13 13 13 13 12 13 13 13 13 13 13 14 13 13 13 13 13 13 13 13 13 13 14 13 13 13 13 13 13 12 13 13 13 13 13 13 13 13 13 14 13 13 13 12
1916_1_3 4 4 8 5 6 1 2 2 3 4 4 1 2 4 1 3 27 12 13 13 13 14 13 13 13 13 13 13 13 13 13 12 13 13 13 13 13 13 14 13 13 13 13 13 13 13 13 13 13 14 13 13 13 13 13 13 12 13 13 13 13 13 13 13 13 13 14 13 13 13 12
1917_1_1 3 8 6 5 5 1 1 3 5 2 3 2 3 3 1 3 27 12 13 13 13 13 13 13 13 13 14 13 13 12 13 13 13 13 13 13 13 13 14 13 13 13 13 13 13 13 13 13 13 14 13 13 13 13 13 13 13 13 12 13 13 14 13 13 13 13 13 13 13 13 12
1919_0_3 4 4 6 5 8 1 2 4 2 4 3 2 2 1 4 2 27 12 13 13 13 13 13 14 13 13 13 13 13 13 13 13 13 13 13 13 12 13 13 13 13 14 13 13 13 13 14 13 13 13 13 12 13 13 13 13 13 13 13 13 13 13 13 13 14 13 13 13 13 13 12
1920_1_1 3 7 5 7 5 1 1 3 3 5 1 3 3 2 2 3 27 12 13 13 13 13 12 13 13 13 13 13 13 13 13 13 13 14 13 13 13 13 14 13 13 13 13 13 13 13 13 13 13 14 13 13 13 13 14 13 13 13 13 13 13 13 13 13 13 12 13 13 13 13 12
1922_1_1 3 6 7 5 6 1 1 3 3 5 1 3 3 2 2 3 27 12 13 13 13 12 13 13 13 13 13 14 13 13 13 13 13 14 13 13 13 13 13 13 13 13 13 13 13 13 13 13 13 13 13 13 13 13 14 13 13 13 13 13 14 13 13 13 13 13 12 13 13 13 12
1924_0_1 4 4 6 5 8 1 1 3 3 4 2 3 3 1 4 2 27 12 13 13 13 14 13 13 13 13 13 13 14 13 13 12 13 13 13 13 13 13 13 13 13 13 13 13 13 13 13 13 13 13 13 13 13 13 13 13 12 13 13 14 13 13 13 13 13 13 14 13 13 13 12
1926_0_1 4 4 7 5 7 1 2 2 3 2 5 3 1 3 2 3 27 12 13 13 13 12 13 14 13 13 13 13 13 14 13 13 13 13 13 13 13 13 13 13 13 13 13 13 13 13 13 13 13 13 13 13 13 13 13 13 13 13 14 13 13 13 13 13 14 13 12 13 13 13 12
1926_2_1 4 8 5 5 5 1 2 2 3 2 5 3 1 3 2 3 27 12 13 13 13 12 13 14 13 13 13 13 13 14 13 13 13 13 13 13 13 13 13 13 13 13 13 13 13 13 13 13 13 13 13 13 13 13 13 13 13 13 14 13 13 13 13 13 14 13 12 13 13 13 12
1928_0_1 3 6 5 7 6 1 1 3 3 3 4 2 3 1 3 3 27 13 13 13 13 12 13 13 13 13 13 12 13 13 13 13 13 13 13 13 13 14 13 13 13 13 13 14 14 13 13 13 13 13 14 13 13 13 13 13 13 13 13 13 12 13 13 13 13 13 12 13 13 13 13
1928_1_3 3 6 7 5 6 1 2 2 3 3 4 1 3 4 2 2 27 13 13 13 13 12 13 13 13 13 13 12 13 13 13 13 13 13 13 13 13 14 13 13 13 13 13 14 14 13 13 13 13 13 14 13 13 13 13 13 13 13 13 13 12 13 13 13 13 13 12 13 13 13 13
1929_0_5 4 4 7 5 7 1 3 2 3 5 2 2 2 3 2 2 27 13 13 13 13 12 13 13 13 13 13 12 13 13 13 13 13 14 13 13 13 13 13 14 13 13 13 13 13 13 13 13 14 13 13 13 13 13 14 13 13 13 13 13 12 13 13 13 13 13 12 13 13 13 13
1929_2_1 4 8 5 5 5 1 1 3 3 3 4 2 3 1 3 3 27 13 13 13 13 12 13 13 13 13 13 12 13 13 13 13 13 14 13 13 13 13 13 14 13 13 13 13 13 13 13 13 14 13 13 13 13 13 14 13 13 13 13 13 12 13 13 13 13 13 12 13 13 13 13
1930_1_1 3 7 5 7 5 0 3 3 2 1 3 3 4 3 2 3 27 12 13 13 13 13 13 13 13 13 13 13 14 13 12 13 13 13 13 13 13 13 13 13 13 13 13 14 14 13 13 13 13 13 13 13 13 13 13 13 13 12 13 14 13 13 13 13 13 13 13 13 13 13 12
1932_0_3 3 5 7 5 7 1 2 1 4 3 3 3 3 1 3 3 27 12 13 13 13 13 13 13 13 13 13 12 13 14 13 13 13 13 13 13 13 13 13 14 13 13 13 13 13 13 13 13 14 13 13 13 13 13 13 13 13 13 14 13 12 13 13 13 13 13 13 13 13 13 12
1932_1_5 3 7 5 7 5 1 2 3 2 2 3 3 2 5 2 2 27 12 13 13 13 13 13 13 13 13 13 12 13 14 13 13 13 13 13 13 13 13 13 14 13 13 13 13 13 13 13 13 14 13 13 13 13 13 13 13 13 13 14 13 12 13 13 13 13 13 13 13 13 13 12
1933_1_1 3 6 5 8 5 1 1 4 2 3 2 3 4 2 3 2 27 12 13 13 13 13 13 13 13 13 14 13 13 13 13 13 13 13 13 13 13 13 12 13 14 13 13 13 13 13 13 14 13 12 13 13 13 13 13 13 13 13 13 13 13 14 13 13 13 13 13 13 13 13 12
1934_0_3 3 5 5 6 8 1 2 1 4 3 3 3 3 1 3 3 27 12 13 13 13 13 13 13 13 13 14 13 13 14 13 13 13 13 13 13 13 13 12 13 13 13 13 13 13 13 13 13 13 12 13 13 13 13 13 13 13 13 14 13 13 14 13 13 13 13 13 13 13 13 12
1934_1_5 3 8 6 5 5 1 2 3 2 2 3 3 2 5 2 2 27 12 13 13 13 13 13 13 13 13 14 13 13 14 13 13 13 13 13 13 13 13 12 13 13 13 13 13 13 13 13 13 13 12 13 13 13 13 13 13 13 13 14 13 13 14 13 13 13 13 13 13 13 13 12
1935_1_1 3 8 6 5 5 1 1 4 2 3 2 3 4 2 3 2 27 12 13 13 13 13 13 13 13 13 13 13 14 13 13 13 13 13 13 13 14 13 12 13 13 13 13 13 13 13 13 13 13 12 13 14 13 13 13 13 13 13 13 14 13 13 13 13 13 13 13 13 13 13 12
1936_1_1 3 8 6 5 5 1 1 3 3 4 1 4 3 2 3 2 27 12 13 13 13 13 13 13 13 13 14 13 13 14 13 13 13 12 13 13 13 13 13 13 13 13 13 13 13 13 13 13 13 13 13 13 13 13 12 13 13 13 14 13 13 14 13 13 13 13 13 13 13 13 12
1937_1_3 4 5 5 5 8 1 2 2 5 2 2 4 2 3 2 2 27 12 13 13 13 13 13 13 14 13 13 13 13 14 13 12 13 13 13 13 13 13 13 13 13 13 13 13 13 13 13 13 13 13 13 13 13 13 13 13 12 13 14 13 13 13 13 14 13 13 13 13 13 13 12
1938_0_3 4 4 7 5 7 1 2 2 3 4 4 1 2 4 1 3 27 12 13 13 13 13 13 13 13 13 13 13 13 13 13 12 13 14 13 13 13 13 14 13 13 13 13 13 13 13 13 13 13 14 13 13 13 13 14 13 12 13 13 13 13 13 13 13 13 13 13 13 13 13 12
1938_1_3 4 5 5 5 8 1 2 2 3 4 4 1 2 4 1 3 27 12 13 13 13 13 13 13 13 13 13 13 13 13 13 12 13 14 13 13 13 13 14 13 13 13 13 13 13 13 13 13 13 14 13 13 13 13 14 13 12 13 13 13 13 13 13 13 13 13 13 13 13 13 12
1938_2_3 4 8 5 5 5 1 2 2 3 4 4 1 2 4 1 3 27 12 13 13 13 13 13 13 13 13 13 13 13 13 13 12 13 14 13 13 13 13 14 13 13 13 13 13 13 13 13 13 13 14 13 13 13 13 14 13 12 13 13 13 13 13 13 13 13 13 13 13 13 13 12
1939_0_3 3 6 5 7 6 1 2 5 2 4 2 2 2 2 3 2 27 12 13 13 13 13 13 13 13 14 13 13 13 13 13 13 13 14 13 13 13 13 13 13 13 12 13 13 13 13 12 13 13 13 13 13 13 13 14 13 13 13 13 13 13 13 14 13 13 13 13 13 13 13 12
1940_0_3 3 5 5 6 8 1 1 3 2 3 2 3 3 2 5 2 27 12 13 12 13 13 13 13 13 13 13 13 13 13 13 14 13 13 13 13 13 13 13 14 13 13 13 13 13 13 13 13 14 13 13 13 13 13 13 13 14 13 13 13 13 13 13 13 13 13 13 13 12 13 12
1941_0_3 4 4 7 5 7 1 3 1 3 3 4 3 2 1 4 2 27 12 13 13 13 13 13 13 14 13 13 13 13 13 13 12 13 14 13 13 13 13 13 13 13 13 13 13 13 13 13 13 13 13 13 13 13 13 14 13 12 13 13 13 13 13 13 14 13 13 13 13 13 13 12
1941_2_3 4 8 5 5 5 1 3 1 3 3 4 3 2 1 4 2 27 12 13 13 13 13 13 13 14 13 13 13 13 13 13 12 13 14 13 13 13 13 13 13 13 13 13 13 13 13 13 13 13 13 13 13 13 13 14 13 12 13 13 13 13 13 13 14 13 13 13 13 13 13 12
1942_0_7 3 5 5 6 8 1 2 3 3 1 2 5 2 4 2 2 27 12 13 13 13 13 13 13 12 13 13 13 13 13 13 14 13 13 13 13 13 13 14 13 13 13 13 13 13 13 13 13 13 14 13 13 13 13 13 13 14 13 13 13 13 13 13 12 13 13 13 13 13 13 12
1942_1_7 3 8 6 5 5 1 2 3 3 1 2 5 2 4 2 2 27 12 13 13 13 13 13 13 12 13 13 13 13 13 13 14 13 13 13 13 13 13 14 13 13 13 13 13 13 13 13 13 13 14 13 13 13 13 13 13 14 13 13 13 13 13 13 12 13 13 13 13 13 13 12
1943_1_3 3 8 6 5 5 1 3 1 3 3 2 2 5 3 2 2 27 12 13 13 13 13 13 13 13 13 13 13 14 13 13 13 13 12 13 13 13 13 13 13 13 14 13 13 13 13 14 13 13 13 13 13 13 13 12 13 13 13 13 14 13 13 13 13 13 13 13 13 13 13 12
1944_1_3 3 6 7 5 6 1 2 1 4 4 1 3 3 3 2 3 27 12 13 13 14 13 13 13 13 13 13 13 13 13 13 13 13 13 14 13 12 13 13 13 13 13 13 13 13 13 13 13 13 13 13 12 13 14 13 13 13 13 13 13 13 13 13 13 13 13 13 14 13 13 12
1946_0_1 4 4 6 5 8 0 3 3 3 3 4 1 3 2 3 2 27 12 13 13 13 13 13 13 14 13 13 13 13 13 13 13 13 13 13 13 14 13 13 13 13 12 13 13 13 13 12 13 13 13 13 14 13 13 13 13 13 13 13 13 13 13 13 14 13 13 13 13 13 13 12
1947_1_1 3 7 5 7 5 0 4 2 2 2 2 4 3 3 3 2 27 12 13 13 13 13 13 13 14 13 13 13 13 13 13 13 13 14 13 13 13 13 13 13 13 13 12 13 13 12 13 13 13 13 13 13 13 13 14 13 13 13 13 13 13 13 13 14 13 13 13 13 13 13 12
1948_1_1 3 6 5 8 5 0 3 3 4 3 1 3 3 2 2 3 27 12 13 13 13 14 13 13 13 13 13 13 13 12 13 13 14 13 13 13 13 13 13 13 13 13 13 13 13 13 13 13 13 13 13 13 13 13 13 14 13 13 12 13 13 13 13 13 13 13 14 13 13 13 12
1950_0_1 3 6 5 7 6 1 3 5 2 3 2 3 2 2 2 2 27 13 13 13 13 12 13 13 13 13 13 12 13 13 13 13 13 13 14 13 13 14 13 13 13 13 13 13 13 13 13 13 13 13 14 13 13 14 13 13 13 13 13 13 12 13 13 13 13 13 12 13 13 13 13
1951_1_1 4 5 5 5 8 0 4 2 3 4 3 2 1 2 3 3 27 12 13 13 13 13 13 13 13 13 12 13 13 13 13 13 13 14 13 13 13 13 14 13 13 13 13 13 13 13 13 13 13 14 13 13 13 13 14 13 13 13 13 13 13 12 13 13 13 13 13 13 13 13 12
1952_0_1 3 5 5 6 8 1 2 3 1 4 2 2 3 4 3 2 27 12 13 13 13 13 13 13 13 13 14 13 13 13 13 13 13 14 13 13 13 13 12 13 13 13 13 13 13 13 13 13 13 12 13 13 13 13 14 13 13 13 13 13 13 14 13 13 13 13 13 13 13 13 12
1952_1_3 3 8 6 5 5 1 2 3 4 3 2 2 4 1 3 2 27 12 13 13 13 13 13 13 13 13 14 13 13 13 13 13 13 14 13 13 13 13 12 13 13 13 13 13 13 13 13 13 13 12 13 13 13 13 14 13 13 13 13 13 13 14 13 13 13 13 13 13 13 13 12
1953_2_1 4 8 5 5 5 0 4 2 3 3 3 2 3 3 3 1 27 12 13 13 13 13 13 14 13 13 13 13 13 13 13 13 13 13 13 13 12 13 13 14 13 13 13 13 13 13 13 13 14 13 13 12 13 13 13 13 13 13 13 13 13 13 13 13 14 13 13 13 13 13 12
1955_0_3 3 6 5 7 6 1 2 1 4 2 1 4 3 3 3 3 27 12 13 14 13 12 13 13 13 13 13 13 13 13 14 13 13 13 13 13 13 13 13 13 13 13 13 13 13 13 13 13 13 13 13 13 13 13 13 13 13 14 13 13 13 13 13 13 13 13 12 13 14 13 12
1956_0_3 3 6 5 7 6 1 3 1 3 3 2 1 5 3 3 2 27 12 13 13 13 13 14 13 13 13 12 13 13 13 13 13 13 13 13 13 13 13 14 13 13 13 13 13 13 13 13 13 13 14 13 13 13 13 13 13 13 13 13 13 13 12 13 13 13 14 13 13 13 13 12
1957_0_3 3 6 5 7 6 1 2 3 5 1 3 3 2 3 2 2 27 12 13 13 13 13 14 13 14 13 13 13 13 13 13 13 13 13 13 13 13 13 13 13 13 12 13 13 13 13 12 13 13 13 13 13 13 13 13 13 13 13 13 13 13 13 13 14 13 14 13 13 13 13 12
1958_0_3 4 5 4 7 7 1 2 3 2 2 2 2 2 3 3 5 27 13 13 13 13 12 13 13 13 13 13 13 13 13 14 13 14 13 13 13 13 13 12 13 13 13 13 13 13 13 13 13 13 12 13 13 13 13 13 14 13 14 13 13 13 13 13 13 13 13 12 13 13 13 13
1958_1_5 4 5 5 8 5 1 5 3 3 2 2 2 2 2 3 2 27 13 13 13 13 12 13 13 13 13 13 13 13 13 14 13 14 13 13 13 13 13 12 13 13 13 13 13 13 13 13 13 13 12 13 13 13 13 13 14 13 14 13 13 13 13 13 13 13 13 12 13 13 13 13
1959_0_1 3 6 6 6 6 0 3 2 3 2 3 3 3 3 4 1 27 13 13 13 13 12 13 13 13 13 13 13 13 13 13 13 13 13 13 13 12 14 13 14 13 13 13 13 13 13 13 13 14 13 14 12 13 13 13 13 13 13 13 13 13 13 13 13 13 13 12 13 13 13 13
1961_0_3 4 4 7 5 7 1 2 3 5 1 3 3 2 3 2 2 27 12 13 13 13 13 13 14 13 13 13 13 13 13 13 12 13 14 13 13 13 13 13 13 13 13 13 13 13 13 13 13 13 13 13 13 13 13 14 13 12 13 13 13 13 13 13 13 14 13 13 13 13 13 12
1961_2_3 4 8 5 5 5 1 2 3 5 1 3 3 2 3 2 2 27 12 13 13 13 13 13 14 13 13 13 13 13 13 13 12 13 14 13 13 13 13 13 13 13 13 13 13 13 13 13 13 13 13 13 13 13 13 14 13 12 13 13 13 13 13 13 13 14 13 13 13 13 13 12
1962_1_3 3 8 6 5 5 1 3 1 3 3 2 1 5 3 3 2 27 12 13 13 13 14 13 13 13 13 13 13 12 13 13 13 13 13 13 13 13 13 14 13 13 13 13 13 13 13 13 13 13 14 13 13 13 13 13 13 13 13 13 12 13 13 13 13 13 13 14 13 13 13 12
1963_1_3 3 6 5 8 5 1 1 5 2 3 3 2 3 2 3 2 27 12 13 13 13 14 13 13 13 13 13 13 12 13 13 13 13 13 13 14 13 13 13 13 13 13 13 13 13 13 13 13 13 13 13 13 14 13 13 13 13 13 13 12 13 13 13 13 13 13 14 13 13 13 12
1964_1_1 4 5 5 5 8 1 1 4 3 3 3 3 1 3 2 3 27 13 13 13 13 12 13 13 13 13 13 12 13 13 13 13 13 13 14 13 13 13 13 13 13 13 13 14 14 13 13 13 13 13 13 13 13 14 13 13 13 13 13 13 12 13 13 13 13 13 12 13 13 13 13
1964_2_3 4 8 5 5 5 1 3 1 4 4 2 2 3 3 2 2 27 13 13 13 13 12 13 13 13 13 13 12 13 13 13 13 13 13 14 13 13 13 13 13 13 13 13 14 14 13 13 13 13 13 13 13 13 14 13 13 13 13 13 13 12 13 13 13 13 13 12 13 13 13 13
1966_0_1 4 4 6 5 8 0 3 3 3 3 4 1 3 2 3 2 27 12 13 13 12 13 13 13 13 13 13 13 13 13 13 13 13 13 14 13 13 13 13 13 14 13 13 13 13 13 13 14 13 13 13 13 13 14 13 13 13 13 13 13 13 13 13 13 13 13 13 12 13 13 12
1968_0_1 3 5 5 6 8 0 3 4 2 4 2 3 2 3 2 2 27 12 13 12 13 13 13 13 13 13 13 13 13 14 13 13 13 13 13 13 14 13 13 13 13 13 13 13 13 13 13 13 13 13 13 14 13 13 13 13 13 13 14 13 13 13 13 13 13 13 13 13 12 13 12
1969_0_1 3 5 5 6 8 0 3 3 3 3 4 1 3 3 2 2 27 12 13 13 13 13 13 12 13 13 13 13 13 13 13 13 13 13 13 13 14 13 13 14 13 13 13 13 13 13 13 13 14 13 13 14 13 13 13 13 13 13 13 13 13 13 13 13 12 13 13 13 13 13 12
1970_0_1 3 5 7 5 7 0 4 2 2 2 2 4 3 3 3 2 27 12 13 13 12 13 13 13 14 13 13 13 13 13 13 13 13 13 13 13 13 13 13 13 13 13 13 14 14 13 13 13 13 13 13 13 13 13 13 13 13 13 13 13 13 13 13 14 13 13 13 12 13 13 12
1971_0_1 4 4 7 5 7 1 2 1 3 4 3 1 4 3 2 3 27 12 13 13 13 13 13 13 14 13 13 13 13 13 13 13 13 13 13 13 12 13 13 14 13 13 13 13 13 13 13 13 14 13 13 12 13 13 13 13 13 13 13 13 13 13 13 14 13 13 13 13 13 13 12
1972_1_1 4 4 8 5 6 0 3 2 4 2 3 3 3 2 4 1 27 12 13 13 13 13 13 13 13 14 13 13 13 13 13 13 13 13 13 13 13 13 14 13 13 13 12 13 13 12 13 13 13 14 13 13 13 13 13 13 13 13 13 13 13 13 14 13 13 13 13 13 13 13 12
1973_1_3 4 4 8 5 6 1 3 1 3 4 4 1 3 2 3 2 27 12 14 13 13 13 13 13 13 13 13 13 13 13 13 14 13 13 13 13 13 13 13 13 13 12 13 13 13 13 12 13 13 13 13 13 13 13 13 13 14 13 13 13 13 13 13 13 13 13 13 13 13 14 12
1975_1_1 4 5 4 8 6 1 1 4 1 3 3 2 3 3 4 2 27 12 13 13 14 13 14 13 13 13 13 13 13 13 13 13 13 12 13 13 13 13 13 13 13 13 13 13 13 13 13 13 13 13 13 13 13 13 12 13 13 13 13 13 13 13 13 13 13 14 13 14 13 13 12
1977_0_3 4 4 6 5 8 1 3 1 3 4 4 1 3 2 3 2 27 12 13 13 13 13 13 14 13 13 13 13 13 13 13 13 13 13 13 13 14 13 13 13 13 12 13 13 13 13 12 13 13 13 13 14 13 13 13 13 13 13 13 13 13 13 13 13 14 13 13 13 13 13 12
1978_1_1 3 6 7 5 6 1 2 1 4 3 2 2 5 2 3 2 27 12 13 13 13 12 13 13 13 13 13 14 13 14 13 13 13 13 13 13 13 13 13 13 13 13 13 13 13 13 13 13 13 13 13 13 13 13 13 13 13 13 14 13 14 13 13 13 13 13 12 13 13 13 12
1979_1_3 3 6 5 8 5 1 3 1 3 4 4 1 3 2 3 2 27 12 13 12 13 13 13 13 13 14 13 13 13 13 13 14 13 13 13 13 13 13 13 13 13 13 13 13 13 13 13 13 13 13 13 13 13 13 13 13 14 13 13 13 13 13 14 13 13 13 13 13 12 13 12
1980_0_7 3 5 5 6 8 1 2 4 3 4 1 3 3 2 1 3 27 12 13 13 13 13 13 13 14 13 13 13 13 13 13 13 13 12 13 13 14 13 13 13 13 13 13 13 13 13 13 13 13 13 13 14 13 13 12 13 13 13 13 13 13 13 13 14 13 13 13 13 13 13 12
1980_1_7 3 8 6 5 5 1 2 4 3 4 1 3 3 2 1 3 27 12 13 13 13 13 13 13 14 13 13 13 13 13 13 13 13 12 13 13 14 13 13 13 13 13 13 13 13 13 13 13 13 13 13 14 13 13 12 13 13 13 13 13 13 13 13 14 13 13 13 13 13 13 12
1982_0_1 3 5 5 6 8 1 1 4 3 3 2 3 3 3 1 3 27 12 13 13 13 13 13 13 14 13 14 13 13 13 13 13 13 13 13 13 13 13 12 13 13 13 13 13 13 13 13 13 13 12 13 13 13 13 13 13 13 13 13 13 13 14 13 14 13 13 13 13 13 13 12
1982_1_3 3 8 6 5 5 1 2 3 2 2 2 2 2 3 3 5 27 12 13 13 13 13 13 13 14 13 14 13 13 13 13 13 13 13 13 13 13 13 12 13 13 13 13 13 13 13 13 13 13 12 13 13 13 13 13 13 13 13 13 13 13 14 13 14 13 13 13 13 13 13 12
1983_1_1 4 4 8 5 6 0 3 3 3 4 2 3 1 2 3 3 27 12 13 13 13 13 14 13 13 13 13 12 13 13 13 13 13 13 13 13 13 13 14 13 13 13 13 13 13 13 13 13 13 14 13 13 13 13 13 13 13 13 13 13 12 13 13 13 13 14 13 13 13 13 12
1984_1_1 4 5 5 8 5 0 3 4 3 2 3 3 3 2 1 3 27 13 13 13 13 12 13 13 13 13 13 14 13 13 13 13 13 13 13 14 13 13 12 13 13 13 13 13 13 13 13 13 13 12 13 13 14 13 13 13 13 13 13 13 14 13 13 13 13 13 12 13 13 13 13
1985_0_1 3 5 5 6 8 0 3 2 2 4 2 3 2 4 3 2 27 12 13 13 13 13 13 13 12 13 13 13 13 14 13 14 13 13 13 13 13 13 13 13 13 13 13 13 13 13 13 13 13 13 13 13 13 13 13 13 14 13 14 13 13 13 13 12 13 13 13 13 13 13 12
1986_0_1 4 5 4 6 8 0 3 3 3 4 2 3 1 2 3 3 27 12 13 13 13 13 13 13 13 13 13 14 13 13 13 13 14 13 13 13 13 13 12 13 13 13 13 13 13 13 13 13 13 12 13 13 13 13 13 14 13 13 13 13 14 13 13 13 13 13 13 13 13 13 12
1987_0_1 3 6 5 7 6 0 4 2 3 3 3 2 3 3 3 1 27 12 13 13 13 13 13 13 13 13 13 13 14 13 13 13 13 13 13 13 12 13 13 13 13 13 14 13 13 14 13 13 13 13 13 12 13 13 13 13 13 13 13 14 13 13 13 13 13 13 13 13 13 13 12
1989_0_1 3 5 6 6 7 1 2 3 2 1 2 3 3 4 2 4 27 13 13 13 13 12 13 13 13 13 13 13 13 14 13 13 13 13 13 13 13 13 12 13 14 13 13 13 13 13 13 14 13 12 13 13 13 13 13 13 13 13 14 13 13 13 13 13 13 13 12 13 13 13 13
1990_0_1 4 4 7 5 7 0 4 3 3 3 3 1 2 2 3 3 27 12 13 13 13 13 13 13 14 13 12 13 13 13 13 13 13 14 13 13 13 13 13 13 13 13 13 13 13 13 13 13 13 13 13 13 13 13 14 13 13 13 13 13 13 12 13 14 13 13 13 13 13 13 12
1990_2_1 4 8 5 5 5 0 4 3 3 3 3 1 2 2 3 3 27 12 13 13 13 13 13 13 14 13 12 13 13 13 13 13 13 14 13 13 13 13 13 13 13 13 13 13 13 13 13 13 13 13 13 13 13 13 14 13 13 13 13 13 13 12 13 14 13 13 13 13 13 13 12
1991_1_1 4 4 8 5 6 0 4 2 3 2 3 3 3 3 3 1 27 12 13 13 13 13 13 13 12 13 13 13 13 13 13 13 13 13 14 13 13 13 13 14 13 13 13 13 13 13 13 13 14 13 13 13 13 14 13 13 13 13 13 13 13 13 13 12 13 13 13 13 13 13 12
1993_0_1 4 5 4 6 8 1 1 5 2 4 3 2 2 2 3 2 27 12 13 13 13 13 13 13 12 13 13 14 13 13 13 13 13 13 13 13 13 13 13 13 14 13 13 13 13 13 13 14 13 13 13 13 13 13 13 13 13 13 13 13 14 13 13 12 13 13 13 13 13 13 12
1995_0_1 3 5 8 5 6 1 2 2 4 3 3 2 3 1 2 4 27 12 13 13 13 13 13 13 13 13 13 13 13 13 13 14 13 13 13 13 13 13 12 13 13 13 14 13 13 14 13 13 13 12 13 13 13 13 13 13 14 13 13 13 13 13 13 13 13 13 13 13 13 13 12
1996_0_1 3 5 5 6 8 0 3 4 3 2 3 3 3 2 1 3 27 12 13 13 13 13 13 13 13 13 13 13 13 13 13 13 13 12 13 13 13 13 13 14 13 14 13 13 13 13 14 13 14 13 13 13 13 13 12 13 13 13 13 13 13 13 13 13 13 13 13 13 13 13 12
1997_0_1 4 4 7 5 7 0 3 2 2 4 2 3 2 4 3 2 27 12 13 13 13 13 13 14 13 13 13 13 13 14 13 13 13 13 13 13 13 13 13 13 13 12 13 13 13 13 12 13 13 13 13 13 13 13 13 13 13 13 14 13 13 13 13 13 14 13 13 13 13 13 12
1997_2_1 4 8 5 5 5 0 3 2 2 4 2 3 2 4 3 2 27 12 13 13 13 13 13 14 13 13 13 13 13 14 13 13 13 13 13 13 13 13 13 13 13 12 13 13 13 13 12 13 13 13 13 13 13 13 13 13 13 13 14 13 13 13 13 13 14 13 13 13 13 13 12
1999_0_1 3 6 6 6 6 0 3 3 4 3 3 2 2 1 3 3 27 13 13 13 13 12 13 13 13 13 13 13 13 13 13 12 13 13 13 13 13 13 13 14 13 13 14 13 13 14 13 13 14 13 13 13 13 13 13 13 12 13 13 13 13 13 13 13 13 13 12 13 13 13 13
2001_1_1 4 4 8 5 6 1 2 1 3 4 3 1 4 3 2 3 27 12 13 13 13 13 13 13 13 13 13 13 13 13 13 13 13 13 13 13 12 13 13 14 13 14 13 13 13 13 14 13 14 13 13 12 13 13 13 13 13 13 13 13 13 13 13 13 13 13 13 13 13 13 12
2002_0_7 4 4 6 5 8 1 2 4 3 1 4 2 4 2 2 2 27 12 13 13 13 13 13 13 13 13 12 13 13 13 13 13 13 13 13 13 14 13 13 13 13 13 13 14 14 13 13 13 13 13 13 14 13 13 13 13 13 13 13 13 13 12 13 13 13 13 13 13 13 13 12
2002_1_7 4 4 8 5 6 1 2 4 3 1 4 2 4 2 2 2 27 12 13 13 13 13 13 13 13 13 12 13 13 13 13 13 13 13 13 13 14 13 13 13 13 13 13 14 14 13 13 13 13 13 13 14 13 13 13 13 13 13 13 13 13 12 13 13 13 13 13 13 13 13 12
2003_1_3 3 6 7 5 6 1 2 1 4 2 1 4 3 3 3 3 27 12 13 13 13 12 13 13 14 13 13 13 13 13 13 13 13 13 13 14 13 13 13 13 13 13 13 13 13 13 13 13 13 13 13 13 14 13 13 13 13 13 13 13 13 13 13 14 13 13 12 13 13 13 12
2005_0_1 3 5 8 5 6 1 1 3 4 1 4 2 3 3 3 2 27 12 13 12 13 13 13 13 13 13 13 13 13 13 13 13 14 13 13 13 14 13 13 13 13 13 13 13 13 13 13 13 13 13 13 14 13 13 13 14 13 13 13 13 13 13 13 13 13 13 13 13 12 13 12
2006_0_1 3 6 5 7 6 0 4 2 3 2 3 3 3 3 3 1 27 12 13 13 14 13 13 13 13 13 13 13 14 13 13 13 13 13 13 13 13 13 13 13 13 12 13 13 13 13 12 13 13 13 13 13 13 13 13 13 13 13 13 14 13 13 13 13 13 13 13 14 13 13 12
2007_0_1 4 4 7 5 7 1 1 3 3 3 2 3 4 1 4 2 27 12 13 13 13 12 13 13 14 13 13 13 13 13 13 13 13 13 14 13 13 13 13 13 13 13 13 13 13 13 13 13 13 13 13 13 13 14 13 13 13 13 13 13 13 13 13 14 13 13 12 13 13 13 12
2008_0_3 4 4 6 5 8 0 3 2 4 2 2 4 2 3 3 2 27 12 13 13 13 13 13 13 13 13 13 13 13 14 13 13 13 14 13 13 13 13 13 12 13 13 13 13 13 13 13 13 12 13 13 13 13 13 14 13 13 13 14 13 13 13 13 13 13 13 13 13 13 13 12
2008_1_3 4 4 8 5 6 0 3 2 4 2 2 4 2 3 3 2 27 12 13 13 13 13 13 13 13 13 13 13 13 14 13 13 13 14 13 13 13 13 13 12 13 13 13 13 13 13 13 13 12 13 13 13 13 13 14 13 13 13 14 13 13 13 13 13 13 13 13 13 13 13 12
2009_1_1 3 6 5 8 5 0 3 3 3 3 4 1 3 2 3 2 27 12 13 12 13 13 13 13 13 13 13 13 13 13 14 13 13 13 13 13 14 13 13 13 13 13 13 13 13 13 13 13 13 13 13 14 13 13 13 13 13 14 13 13 13 13 13 13 13 13 13 13 12 13 12
2010_1_3 3 6 5 8 5 1 2 3 5 1 3 3 2 3 2 2 27 12 13 12 13 13 13 13 13 13 13 13 13 13 13 13 14 13 13 13 13 13 13 13 13 14 13 13 13 13 14 13 13 13 13 13 13 13 13 14 13 13 13 13 13 13 13 13 13 13 13 13 12 13 12
2012_1_1 3 6 7 5 6 1 3 1 4 3 1 3 4 3 2 2 27 12 13 13 13 13 14 13 14 13 13 13 13 13 13 13 13 13 13 13 12 13 13 13 13 13 13 13 13 13 13 13 13 13 13 12 13 13 13 13 13 13 13 13 13 13 13 14 13 14 13 13 13 13 12
2013_1_3 4 5 5 5 8 1 4 2 1 4 3 4 2 2 2 2 27 12 13 14 13 13 13 13 14 13 13 13 13 13 13 12 13 13 13 13 13 13 13 13 13 13 13 13 13 13 13 13 13 13 13 13 13 13 13 13 12 13 13 13 13 13 13 14 13 13 13 13 14 13 12
2014_1_1 4 4 8 5 6 1 1 3 3 4 1 4 3 2 3 2 27 12 13 13 13 13 13 13 13 13 13 13 13 14 13 13 13 12 13 13 13 13 13 14 13 13 13 13 13 13 13 13 14 13 13 13 13 13 12 13 13 13 14 13 13 13 13 13 13 13 13 13 13 13 12
2016_0_1 3 5 8 5 6 1 3 1 4 3 1 3 4 3 2 2 27 12 13 13 13 13 13 13 13 13 13 13 13 12 13 13 14 13 13 13 13 13 13 13 13 14 13 13 13 13 14 13 13 13 13 13 13 13 13 14 13 13 12 13 13 13 13 13 13 13 13 13 13 13 12
2018_0_1 4 4 6 5 8 1 1 3 3 4 1 4 3 2 3 2 27 12 13 13 13 12 13 13 13 13 13 13 13 13 13 13 13 13 13 13 14 13 13 14 13 13 13 13 13 13 13 13 14 13 13 14 13 13 13 13 13 13 13 13 13 13 13 13 13 13 12 13 13 13 12
2020_0_1 3 5 8 5 6 0 3 2 4 2 3 3 3 2 4 1 27 12 13 13 13 13 13 12 13 13 13 14 13 13 13 13 13 13 13 13 14 13 13 13 13 13 13 13 13 13 13 13 13 13 13 14 13 13 13 13 13 13 13 13 14 13 13 13 12 13 13 13 13 13 12
2022_0_1 4 4 6 5 8 1 1 4 1 3 3 2 3 3 4 2 27 12 13 13 13 12 13 13 13 13 13 13 13 13 13 14 13 14 13 13 13 13 13 13 13 13 13 13 13 13 13 13 13 13 13 13 13 13 14 13 14 13 13 13 13 13 13 13 13 13 12 13 13 13 12
2023_1_1 4 4 8 5 6 0 4 2 3 2 3 3 3 3 3 1 27 12 13 12 13 13 13 13 13 13 13 13 13 13 13 13 13 13 14 13 13 13 13 14 13 13 13 13 13 13 13 13 14 13 13 13 13 14 13 13 13 13 13 13 13 13 13 13 13 13 13 13 12 13 12
2024_0_5 4 4 6 5 8 1 1 3 4 1 3 2 4 3 2 3 27 12 13 13 13 14 13 14 13 13 13 13 13 13 13 13 13 13 13 13 12 13 13 13 13 13 13 13 13 13 13 13 13 13 13 12 13 13 13 13 13 13 13 13 13 13 13 13 14 13 14 13 13 13 12
2024_1_5 4 4 8 5 6 1 1 3 4 1 3 2 4 3 2 3 27 12 13 13 13 14 13 14 13 13 13 13 13 13 13 13 13 13 13 13 12 13 13 13 13 13 13 13 13 13 13 13 13 13 13 12 13 13 13 13 13 13 13 13 13 13 13 13 14 13 14 13 13 13 12
2025_1_1 3 7 6 6 5 0 3 3 3 4 2 3 1 2 3 3 27 12 13 13 14 13 14 13 13 13 13 13 13 13 13 12 13 13 13 13 13 13 13 13 13 13 13 13 13 13 13 13 13 13 13 13 13 13 13 13 12 13 13 13 13 13 13 13 13 14 13 14 13 13 12
2027_0_1 3 6 5 7 6 0 3 3 3 3 4 1 3 2 3 2 27 12 13 13 13 12 13 13 13 13 13 13 13 13 13 13 13 14 13 13 13 13 13 13 14 13 13 13 13 13 13 14 13 13 13 13 13 13 14 13 13 13 13 13 13 13 13 13 13 13 12 13 13 13 12
2029_0_1 3 6 5 7 6 0 3 3 3 3 4 1 3 2 3 2 27 12 13 13 13 13 13 13 13 13 13 13 13 14 13 13 13 13 13 14 13 13 13 13 13 12 13 13 13 13 12 13 13 13 13 13 14 13 13 13 13 13 14 13 13 13 13 13 13 13 13 13 13 13 12
2031_0_1 3 5 8 5 6 0 3 3 2 4 2 3 2 3 3 2 27 12 13 13 13 13 13 13 13 13 13 13 13 13 13 13 14 13 13 13 13 13 12 13 13 14 13 13 13 13 14 13 13 12 13 13 13 13 13 14 13 13 13 13 13 13 13 13 13 13 13 13 13 13 12
2032_0_1 4 4 6 5 8 1 2 1 4 3 2 2 5 2 3 2 27 12 13 13 13 13 12 13 13 14 13 13 13 13 13 13 13 13 13 13 13 13 14 13 13 13 13 13 13 13 13 13 13 14 13 13 13 13 13 13 13 13 13 13 13 13 14 13 13 12 13 13 13 13 12
2034_0_1 4 4 7 5 7 1 2 2 1 5 3 2 2 4 2 3 27 12 13 13 13 13 13 13 13 13 12 13 13 13 13 13 13 13 14 13 13 13 14 13 13 13 13 13 13 13 13 13 13 14 13 13 13 14 13 13 13 13 13 13 13 12 13 13 13 13 13 13 13 13 12
2035_1_1 4 5 5 5 8 0 3 3 4 3 3 2 2 1 3 3 27 13 13 13 13 12 13 13 13 13 13 12 13 13 13 13 13 13 13 13 13 13 14 14 13 13 13 13 13 13 13 13 14 14 13 13 13 13 13 13 13 13 13 13 12 13 13 13 13 13 12 13 13 13 13
2037_0_1 3 5 5 6 8 1 2 4 2 4 3 2 1 3 2 3 27 12 13 13 13 14 13 13 13 13 13 12 13 13 13 13 13 13 13 13 13 13 13 13 14 13 13 13 13 13 13 14 13 13 13 13 13 13 13 13 13 13 13 13 12 13 13 13 13 13 14 13 13 13 12
2039_0_1 3 6 5 7 6 0 3 3 3 3 4 1 3 2 3 2 27 12 13 13 13 12 13 13 13 13 13 13 13 14 13 13 14 13 13 13 13 13 13 13 13 13 13 13 13 13 13 13 13 13 13 13 13 13 13 14 13 13 14 13 13 13 13 13 13 13 12 13 13 13 12
2041_0_1 3 5 5 6 8 0 3 3 3 4 2 3 1 2 3 3 27 12 13 12 13 13 13 13 13 13 13 13 13 13 13 13 13 14 13 13 13 13 13 13 13 14 13 13 13 13 14 13 13 13 13 13 13 13 14 13 13 13 13 13 13 13 13 13 13 13 13 13 12 13 12
2042_0_1 3 6 5 7 6 1 1 4 1 3 3 2 3 3 4 2 27 12 13 13 14 13 13 13 13 13 13 13 13 13 13 12 13 13 14 13 13 13 13 13 13 13 13 13 13 13 13 13 13 13 13 13 13 14 13 13 12 13 13 13 13 13 13 13 13 13 13 14 13 13 12
2043_1_1 4 5 5 5 8 0 3 3 3 4 2 3 1 2 3 3 27 12 13 13 13 13 13 13 13 13 13 13 13 14 13 13 13 14 13 13 12 13 13 13 13 13 13 13 13 13 13 13 13 13 13 12 13 13 14 13 13 13 14 13 13 13 13 13 13 13 13 13 13 13 12
2044_0_1 4 5 4 6 8 0 3 3 3 3 4 1 3 2 3 2 27 12 13 13 13 13 13 13 12 13 13 13 13 13 13 13 13 13 13 14 13 13 13 13 14 13 13 13 13 13 13 14 13 13 13 13 14 13 13 13 13 13 13 13 13 13 13 12 13 13 13 13 13 13 12
2046_0_1 4 4 6 5 8 1 2 3 5 2 2 4 1 3 2 2 27 12 13 13 12 13 13 13 13 13 13 13 13 13 14 13 13 13 13 13 13 13 14 13 13 13 13 13 13 13 13 13 13 14 13 13 13 13 13 13 13 14 13 13 13 13 13 13 13 13 13 12 13 13 12
2048_0_1 4 4 6 5 8 1 2 2 1 5 3 2 2 4 2 3 27 12 13 13 13 13 13 13 13 13 12 13 13 13 13 14 13 13 13 13 13 13 14 13 13 13 13 13 13 13 13 13 13 14 13 13 13 13 13 13 14 13 13 13 13 12 13 13 13 13 13 13 13 13 12
2050_0_1 4 5 4 6 8 1 1 4 1 3 3 2 3 3 4 2 27 12 13 13 13 13 13 13 13 13 13 13 12 13 13 13 13 13 13 13 13 14 13 13 13 13 14 13 13 14 13 13 13 13 14 13 13 13 13 13 13 13 13 12 13 13 13 13 13 13 13 13 13 13 12
2051_2_1 4 8 5 5 5 1 1 4 1 3 3 2 3 3 4 2 27 12 13 13 13 13 13 13 13 13 12 13 13 13 13 13 13 13 14 13 13 13 13 14 13 13 13 13 13 13 13 13 14 13 13 13 13 14 13 13 13 13 13 13 13 12 13 13 13 13 13 13 13 13 12
2053_0_3 4 4 6 5 8 1 2 1 4 2 4 3 2 2 4 2 27 12 13 13 13 13 13 13 13 13 13 13 13 14 13 13 13 13 13 13 14 13 13 13 13 12 13 13 13 13 12 13 13 13 13 14 13 13 13 13 13 13 14 13 13 13 13 13 13 13 13 13 13 13 12
2054_0_3 3 5 5 6 8 0 3 3 1 2 3 3 3 4 2 3 27 12 13 13 13 13 12 13 13 14 13 13 13 13 13 13 13 13 13 13 13 13 13 13 13 14 13 13 13 13 14 13 13 13 13 13 13 13 13 13 13 13 13 13 13 13 14 13 13 12 13 13 13 13 12
2054_1_3 3 8 6 5 5 0 3 3 1 2 3 3 3 4 2 3 27 12 13 13 13 13 12 13 13 14 13 13 13 13 13 13 13 13 13 13 13 13 13 13 13 14 13 13 13 13 14 13 13 13 13 13 13 13 13 13 13 13 13 13 13 13 14 13 13 12 13 13 13 13 12
2055_0_3 4 5 4 6 8 1 1 4 3 2 4 2 3 2 3 2 27 13 13 13 13 12 13 13 13 13 13 13 13 13 13 14 13 13 13 14 13 13 12 13 13 13 13 13 13 13 13 13 13 12 13 13 14 13 13 13 14 13 13 13 13 13 13 13 13 13 12 13 13 13 13
2056_1_1 3 6 7 5 6 0 3 3 3 3 4 1 3 2 3 2 27 12 13 14 13 13 13 13 13 14 13 13 13 13 13 13 13 13 13 13 13 13 13 13 13 12 13 13 13 13 12 13 13 13 13 13 13 13 13 13 13 13 13 13 13 13 14 13 13 13 13 13 14 13 12
2057_1_3 4 4 8 5 6 1 3 2 2 2 3 1 3 5 2 3 27 12 13 13 13 13 13 13 13 13 13 13 13 14 13 13 13 13 14 13 13 13 13 12 13 13 13 13 13 13 13 13 12 13 13 13 13 14 13 13 13 13 14 13 13 13 13 13 13 13 13 13 13 13 12
2058_1_3 3 7 6 6 5 1 1 5 2 3 3 2 3 2 3 2 27 12 13 13 13 13 13 13 13 13 12 13 13 13 14 13 14 13 13 13 13 13 13 13 13 13 13 13 13 13 13 13 13 13 13 13 13 13 13 14 13 14 13 13 13 12 13 13 13 13 13 13 13 13 12
2060_0_3 3 5 5 6 8 1 2 3 5 1 3 3 2 3 2 2 27 12 13 13 13 13 14 13 13 13 13 13 13 13 13 14 13 13 13 13 13 13 13 13 13 13 12 13 13 12 13 13 13 13 13 13 13 13 13 13 14 13 13 13 13 13 13 13 13 14 13 13 13 13 12
2061_0_3 4 4 7 5 7 1 1 5 2 3 3 2 3 2 3 2 27 12 13 14 13 13 13 13 13 13 12 13 13 13 13 13 13 14 13 13 13 13 13 13 13 13 13 13 13 13 13 13 13 13 13 13 13 13 14 13 13 13 13 13 13 12 13 13 13 13 13 13 14 13 12
2061_2_3 4 8 5 5 5 1 1 5 2 3 3 2 3 2 3 2 27 12 13 14 13 13 13 13 13 13 12 13 13 13 13 13 13 14 13 13 13 13 13 13 13 13 13 13 13 13 13 13 13 13 13 13 13 13 14 13 13 13 13 13 13 12 13 13 13 13 13 13 14 13 12
2062_1_3 4 4 8 5 6 1 2 3 5 1 3 3 2 3 2 2 27 12 13 13 12 13 13 13 13 13 13 13 13 13 13 13 14 13 14 13 13 13 13 13 13 13 13 13 13 13 13 13 13 13 13 13 13 14 13 14 13 13 13 13 13 13 13 13 13 13 13 12 13 13 12
2063_1_3 4 4 8 5 6 1 3 1 3 4 4 1 3 2 3 2 27 12 13 12 13 13 13 13 13 13 13 13 13 14 13 13 13 13 14 13 13 13 13 13 13 13 13 13 13 13 13 13 13 13 13 13 13 14 13 13 13 13 14 13 13 13 13 13 13 13 13 13 12 13 12
2064_1_3 4 4 8 5 6 1 1 5 2 3 3 2 3 2 3 2 27 12 13 13 13 13 14 13 14 13 13 13 13 13 13 13 13 13 13 13 13 12 13 13 13 13 13 13 13 13 13 13 13 13 12 13 13 13 13 13 13 13 13 13 13 13 13 14 13 14 13 13 13 13 12
2066_1_1 3 8 6 5 5 1 1 4 1 3 3 2 3 3 4 2 27 12 13 12 13 13 13 13 13 13 13 13 13 13 13 13 13 13 14 13 13 13 13 13 13 14 13 13 13 13 14 13 13 13 13 13 13 14 13 13 13 13 13 13 13 13 13 13 13 13 13 13 12 13 12
2067_1_3 3 6 5 8 5 1 3 1 3 4 4 1 3 2 3 2 27 12 13 13 13 13 13 13 12 13 13 13 13 13 13 14 13 13 13 13 13 13 13 13 14 13 13 13 13 13 13 14 13 13 13 13 13 13 13 13 14 13 13 13 13 13 13 12 13 13 13 13 13 13 12
2068_0_7 3 6 5 7 6 1 3 1 3 2 3 2 2 3 5 2 27 12 13 13 13 13 13 13 13 13 13 13 13 13 13 13 14 13 14 13 12 13 13 13 13 13 13 13 13 13 13 13 13 13 13 12 13 14 13 14 13 13 13 13 13 13 13 13 13 13 13 13 13 13 12
2068_1_7 3 6 7 5 6 1 3 1 3 2 3 2 2 3 5 2 27 12 13 13 13 13 13 13 13 13 13 13 13 13 13 13 14 13 14 13 12 13 13 13 13 13 13 13 13 13 13 13 13 13 13 12 13 14 13 14 13 13 13 13 13 13 13 13 13 13 13 13 13 13 12
2069_1_3 4 4 8 5 6 1 3 4 3 1 4 2 3 2 2 2 27 12 13 13 14 13 13 13 13 13 13 12 13 13 13 13 13 13 14 13 13 13 13 13 13 13 13 13 13 13 13 13 13 13 13 13 13 14 13 13 13 13 13 13 12 13 13 13 13 13 13 14 13 13 12
2071_0_1 3 5 5 6 8 0 3 3 2 4 2 3 2 3 3 2 27 12 13 13 13 14 13 13 13 13 13 12 13 13 13 13 13 13 13 14 13 13 13 13 13 13 13 13 13 13 13 13 13 13 13 13 14 13 13 13 13 13 13 13 12 13 13 13 13 13 14 13 13 13 12
2072_0_1 4 4 6 5 8 1 3 1 3 4 1 3 3 4 2 2 27 12 13 13 13 13 13 13 13 13 12 13 13 14 13 14 13 13 13 13 13 13 13 13 13 13 13 13 13 13 13 13 13 13 13 13 13 13 13 13 14 13 14 13 13 12 13 13 13 13 13 13 13 13 12
2073_0_1 4 4 6 5 8 1 2 2 4 3 3 2 3 1 2 4 27 12 13 13 13 13 13 14 13 13 13 13 13 13 13 13 13 13 14 13 13 13 12 13 13 13 13 13 13 13 13 13 13 12 13 13 13 14 13 13 13 13 13 13 13 13 13 13 14 13 13 13 13 13 12
2074_0_1 3 5 5 6 8 1 2 2 3 2 5 3 1 3 2 3 27 12 13 13 13 13 13 13 13 13 13 13 13 13 13 13 12 13 13 13 14 13 13 13 13 13 14 13 13 14 13 13 13 13 13 14 13 13 13 12 13 13 13 13 13 13 13 13 13 13 13 13 13 13 12
2075_0_1 3 5 5 6 8 0 3 2 4 2 2 4 3 2 3 2 27 12 13 13 12 13 13 13 13 13 13 13 13 13 14 13 13 13 13 13 13 13 13 13 13 14 13 13 13 13 14 13 13 13 13 13 13 13 13 13 13 14 13 13 13 13 13 13 13 13 13 12 13 13 12
2076_0_1 4 4 7 5 7 1 1 3 3 3 2 3 4 1 4 2 27 12 13 14 13 12 13 14 13 13 13 13 13 13 13 13 13 13 13 13 13 13 13 13 13 13 13 13 13 13 13 13 13 13 13 13 13 13 13 13 13 13 13 13 13 13 13 13 14 13 12 13 14 13 12
2077_0_3 4 4 6 5 8 1 2 3 4 3 3 2 2 2 1 4 27 13 13 13 13 12 13 13 13 13 13 12 13 14 13 13 13 13 13 13 14 13 13 13 13 13 13 13 13 13 13 13 13 13 13 14 13 13 13 13 13 13 14 13 12 13 13 13 13 13 12 13 13 13 13
2078_1_1 3 7 5 7 5 1 3 3 2 5 2 2 2 3 2 2 27 12 13 14 13 13 13 13 13 13 13 12 13 14 13 13 13 13 13 13 13 13 13 13 13 13 13 13 13 13 13 13 13 13 13 13 13 13 13 13 13 13 14 13 12 13 13 13 13 13 13 13 14 13 12
2079_1_3 3 7 6 6 5 1 3 1 3 3 2 2 5 3 2 2 27 12 13 13 13 12 13 13 13 13 13 13 13 13 13 13 13 13 13 14 13 14 13 13 13 13 13 13 13 13 13 13 13 13 14 13 14 13 13 13 13 13 13 13 13 13 13 13 13 13 12 13 13 13 12
2081_0_1 3 5 8 5 6 0 3 4 2 4 2 3 2 3 2 2 27 12 13 13 13 13 13 13 12 13 13 13 13 13 13 13 13 13 13 13 14 13 13 13 14 13 13 13 13 13 13 14 13 13 13 14 13 13 13 13 13 13 13 13 13 13 13 12 13 13 13 13 13 13 12
2082_0_1 3 5 6 6 7 1 1 5 2 4 3 2 2 2 3 2 27 12 13 13 13 13 13 13 13 14 13 14 13 13 13 13 13 13 13 13 13 13 13 13 13 12 13 13 13 13 12 13 13 13 13 13 13 13 13 13 13 13 13 13 14 13 14 13 13 13 13 13 13 13 12
2084_0_1 4 4 6 5 8 0 3 3 2 4 2 3 2 3 3 2 27 12 13 14 13 13 13 13 13 13 13 13 13 13 13 13 13 14 13 13 13 13 12 13 13 13 13 13 13 13 13 13 13 12 13 13 13 13 14 13 13 13 13 13 13 13 13 13 13 13 13 13 14 13 12
2085_0_1 3 5 8 5 6 1 1 3 4 1 4 2 3 3 3 2 27 12 13 13 13 14 13 13 12 13 13 13 13 13 13 13 13 13 13 13 13 13 13 13 14 13 13 13 13 13 13 14 13 13 13 13 13 13 13 13 13 13 13 13 13 13 13 12 13 13 14 13 13 13 12
2086_0_1 3 5 7 5 7 1 1 5 2 3 2 3 4 2 2 2 27 12 13 13 12 13 13 13 13 13 13 13 13 13 13 13 13 14 13 13 13 13 14 13 13 13 13 13 13 13 13 13 13 14 13 13 13 13 14 13 13 13 13 13 13 13 13 13 13 13 13 12 13 13 12
2086_1_1 3 7 5 7 5 1 1 5 2 3 2 3 4 2 2 2 27 12 13 13 12 13 13 13 13 13 13 13 13 13 13 13 13 14 13 13 13 13 14 13 13 13 13 13 13 13 13 13 13 14 13 13 13 13 14 13 13 13 13 13 13 13 13 13 13 13 13 12 13 13 12
2087_0_1 3 5 8 5 6 1 2 3 5 2 2 4 1 3 2 2 27 12 13 13 13 13 13 12 13 13 13 14 13 13 13 13 13 13 13 13 13 13 13 13 13 14 13 13 13 13 14 13 13 13 13 13 13 13 13 13 13 13 13 13 14 13 13 13 12 13 13 13 13 13 12
2088_0_5 4 5 4 6 8 1 1 5 2 3 3 3 2 3 2 2 27 12 13 13 13 13 13 13 13 14 13 13 13 13 14 13 13 12 13 13 13 13 13 13 13 13 13 13 13 13 13 13 13 13 13 13 13 13 12 13 13 14 13 13 13 13 14 13 13 13 13 13 13 13 12
2088_1_5 4 5 4 8 6 1 1 5 2 3 3 3 2 3 2 2 27 12 13 13 13 13 13 13 13 14 13 13 13 13 14 13 13 12 13 13 13 13 13 13 13 13 13 13 13 13 13 13 13 13 13 13 13 13 12 13 13 14 13 13 13 13 14 13 13 13 13 13 13 13 12
2089_2_1 4 8 5 5 5 1 1 3 3 4 1 4 3 2 3 2 27 12 13 13 13 12 13 13 13 13 13 13 13 14 13 13 13 13 13 13 13 13 13 14 13 13 13 13 13 13 13 13 14 13 13 13 13 13 13 13 13 13 14 13 13 13 13 13 13 13 12 13 13 13 12
2091_0_1 4 5 4 7 7 1 2 1 4 4 2 3 3 2 2 3 27 13 13 13 13 12 13 13 13 13 13 13 13 13 13 13 13 13 13 14 13 14 12 13 13 13 13 13 13 13 13 13 13 12 14 13 14 13 13 13 13 13 13 13 13 13 13 13 13 13 12 13 13 13 13
2092_1_1 3 6 7 5 6 1 2 3 5 2 2 4 1 3 2 2 27 12 13 13 13 13 13 13 14 13 13 14 13 13 13 12 13 13 13 13 13 13 13 13 13 13 13 13 13 13 13 13 13 13 13 13 13 13 13 13 12 13 13 13 14 13 13 14 13 13 13 13 13 13 12
2093_1_3 3 8 6 5 5 1 3 1 3 2 1 4 4 3 2 3 27 12 13 13 13 13 13 13 13 14 13 13 13 13 13 13 12 13 13 13 14 13 13 13 13 13 13 13 13 13 13 13 13 13 13 14 13 13 13 12 13 13 13 13 13 13 14 13 13 13 13 13 13 13 12
2094_0_7 4 4 7 5 7 1 2 4 3 4 1 3 3 2 1 3 27 12 13 14 13 12 13 13 13 13 13 13 13 14 13 13 13 13 13 13 13 13 13 13 13 13 13 13 13 13 13 13 13 13 13 13 13 13 13 13 13 13 14 13 13 13 13 13 13 13 12 13 14 13 12
2094_1_7 4 5 5 5 8 1 2 4 3 4 1 3 3 2 1 3 27 12 13 14 13 12 13 13 13 13 13 13 13 14 13 13 13 13 13 13 13 13 13 13 13 13 13 13 13 13 13 13 13 13 13 13 13 13 13 13 13 13 14 13 13 13 13 13 13 13 12 13 14 13 12
2094_2_7 4 8 5 5 5 1 2 4 3 4 1 3 3 2 1 3 27 12 13 14 13 12 13 13 13 13 13 13 13 14 13 13 13 13 13 13 13 13 13 13 13 13 13 13 13 13 13 13 13 13 13 13 13 13 13 13 13 13 14 13 13 13 13 13 13 13 12 13 14 13 12
2096_1_1 3 7 5 7 5 1 3 1 3 3 1 3 4 4 2 2 27 12 13 13 13 13 13 13 13 13 13 13 14 13 13 13 13 13 13 12 13 13 13 14 13 13 13 13 13 13 13 13 14 13 13 13 12 13 13 13 13 13 13 14 13 13 13 13 13 13 13 13 13 13 12
2097_1_3 4 5 4 8 6 1 3 2 3 1 3 5 2 3 2 2 27 12 13 13 13 13 13 13 13 13 13 13 13 13 13 13 13 12 13 13 13 13 13 13 14 13 14 13 13 14 13 14 13 13 13 13 13 13 12 13 13 13 13 13 13 13 13 13 13 13 13 13 13 13 12
2099_1_1 3 8 6 5 5 1 3 3 2 5 2 2 2 3 2 2 27 12 13 14 13 13 13 13 13 13 13 13 13 13 13 13 13 13 13 13 14 13 12 13 13 13 13 13 13 13 13 13 13 12 13 14 13 13 13 13 13 13 13 13 13 13 13 13 13 13 13 13 14 13 12
2100_1_3 3 7 6 6 5 1 1 4 3 2 4 2 3 2 3 2 27 13 13 13 13 12 13 13 13 13 13 12 13 13 13 13 13 13 13 14 13 13 13 13 13 13 14 13 13 14 13 13 13 13 13 13 14 13 13 13 13 13 13 13 12 13 13 13 13 13 12 13 13 13 13
2102_1_1 3 6 7 5 6 1 3 2 2 2 2 4 4 2 1 4 27 12 13 13 14 13 13 13 13 13 12 13 13 13 13 13 13 14 13 13 13 13 13 13 13 13 13 13 13 13 13 13 13 13 13 13 13 13 14 13 13 13 13 13 13 12 13 13 13 13 13 14 13 13 12
2104_0_3 4 5 4 6 8 1 1 4 2 3 1 3 4 3 2 3 27 12 13 13 13 13 14 13 13 13 13 13 13 12 13 13 14 13 13 13 13 13 13 13 13 13 13 13 13 13 13 13 13 13 13 13 13 13 13 14 13 13 12 13 13 13 13 13 13 14 13 13 13 13 12
2105_0_3 3 5 8 5 6 1 1 3 2 3 2 3 3 2 5 2 27 12 13 12 13 13 13 13 13 13 13 13 13 13 13 14 13 13 13 13 13 14 13 13 13 13 13 13 13 13 13 13 13 13 14 13 13 13 13 13 14 13 13 13 13 13 13 13 13 13 13 13 12 13 12
2106_0_3 3 6 5 7 6 1 2 1 4 4 3 1 4 2 2 3 27 12 13 13 13 13 13 13 13 13 13 14 13 13 13 13 13 13 14 13 13 13 13 13 13 12 13 13 13 13 12 13 13 13 13 13 13 14 13 13 13 13 13 13 14 13 13 13 13 13 13 13 13 13 12
2106_1_3 3 6 7 5 6 1 2 1 4 4 3 1 4 2 2 3 27 12 13 13 13 13 13 13 13 13 13 14 13 13 13 13 13 13 14 13 13 13 13 13 13 12 13 13 13 13 12 13 13 13 13 13 13 14 13 13 13 13 13 13 14 13 13 13 13 13 13 13 13 13 12
2107_0_3 3 5 6 6 7 0 4 3 4 2 2 3 2 2 3 2 27 12 13 13 14 13 14 13 13 13 13 13 13 13 13 13 13 13 13 13 12 13 13 13 13 13 13 13 13 13 13 13 13 13 13 12 13 13 13 13 13 13 13 13 13 13 13 13 13 14 13 14 13 13 12
2107_1_3 3 7 6 6 5 0 4 3 4 2 2 3 2 2 3 2 27 12 13 13 14 13 14 13 13 13 13 13 13 13 13 13 13 13 13 13 12 13 13 13 13 13 13 13 13 13 13 13 13 13 13 12 13 13 13 13 13 13 13 13 13 13 13 13 13 14 13 14 13 13 12
2108_0_3 3 6 5 7 6 1 1 3 2 3 2 3 3 2 5 2 27 12 13 13 13 13 13 14 13 13 13 13 13 13 13 13 13 13 13 13 13 14 13 13 13 12 13 13 13 13 12 13 13 13 14 13 13 13 13 13 13 13 13 13 13 13 13 13 14 13 13 13 13 13 12
2109_0_3 4 4 7 5 7 1 2 3 5 1 3 3 2 3 2 2 27 12 13 13 13 13 13 13 13 13 12 13 13 13 13 13 13 14 13 13 13 13 13 14 13 13 13 13 13 13 13 13 14 13 13 13 13 13 14 13 13 13 13 13 13 12 13 13 13 13 13 13 13 13 12
2109_2_3 4 8 5 5 5 1 2 3 5 1 3 3 2 3 2 2 27 12 13 13 13 13 13 13 13 13 12 13 13 13 13 13 13 14 13 13 13 13 13 14 13 13 13 13 13 13 13 13 14 13 13 13 13 13 14 13 13 13 13 13 13 12 13 13 13 13 13 13 13 13 12
2111_0_3 3 5 5 6 8 1 2 3 5 1 3 3 2 3 2 2 27 12 13 13 13 13 13 13 13 13 14 13 13 13 13 13 14 13 13 13 13 12 13 13 13 13 13 13 13 13 13 13 13 13 12 13 13 13 13 14 13 13 13 13 13 14 13 13 13 13 13 13 13 13 12
2112_1_1 4 4 8 5 6 1 1 4 1 3 3 2 3 3 4 2 27 12 13 13 13 13 13 13 13 13 13 13 14 13 13 13 13 13 14 13 13 13 13 12 13 13 13 13 13 13 13 13 12 13 13 13 13 14 13 13 13 13 13 14 13 13 13 13 13 13 13 13 13 13 12
2113_1_3 4 4 8 5 6 1 2 2 3 5 1 3 3 3 2 2 27 12 13 13 12 13 13 13 13 14 13 13 14 13 13 13 13 13 13 13 13 13 13 13 13 13 13 13 13 13 13 13 13 13 13 13 13 13 13 13 13 13 13 14 13 13 14 13 13 13 13 12 13 13 12
2115_0_3 4 4 7 5 7 1 2 1 3 5 1 3 3 3 2 3 27 12 13 14 13 13 13 13 13 13 12 13 13 13 13 13 13 13 13 13 13 13 14 13 13 13 13 13 13 13 13 13 13 14 13 13 13 13 13 13 13 13 13 13 13 12 13 13 13 13 13 13 14 13 12
2115_2_3 4 8 5 5 5 1 2 1 3 5 1 3 3 3 2 3 27 12 13 14 13 13 13 13 13 13 12 13 13 13 13 13 13 13 13 13 13 13 14 13 13 13 13 13 13 13 13 13 13 14 13 13 13 13 13 13 13 13 13 13 13 12 13 13 13 13 13 13 14 13 12
2116_1_3 4 5 5 5 8 1 2 2 5 2 2 4 2 3 2 2 27 12 13 14 13 13 13 13 13 13 13 13 13 14 13 12 13 13 13 13 13 13 13 13 13 13 13 13 13 13 13 13 13 13 13 13 13 13 13 13 12 13 14 13 13 13 13 13 13 13 13 13 14 13 12
2117_0_3 3 5 6 6 7 0 3 3 1 2 3 3 3 4 2 3 27 12 13 13 13 12 13 13 13 13 13 13 13 13 14 13 13 13 13 13 13 13 13 13 14 13 13 13 13 13 13 14 13 13 13 13 13 13 13 13 13 14 13 13 13 13 13 13 13 13 12 13 13 13 12
2117_1_3 3 7 6 6 5 0 3 3 1 2 3 3 3 4 2 3 27 12 13 13 13 12 13 13 13 13 13 13 13 13 14 13 13 13 13 13 13 13 13 13 14 13 13 13 13 13 13 14 13 13 13 13 13 13 13 13 13 14 13 13 13 13 13 13 13 13 12 13 13 13 12
2118_1_1 4 5 5 5 8 1 2 2 1 5 3 2 2 4 2 3 27 12 13 13 13 13 13 14 13 13 12 13 13 13 13 13 13 13 13 13 13 13 14 13 13 13 13 13 13 13 13 13 13 14 13 13 13 13 13 13 13 13 13 13 13 12 13 13 14 13 13 13 13 13 12
2119_1_1 3 6 5 8 5 1 2 2 4 3 3 2 3 1 2 4 27 12 13 13 14 13 13 13 13 13 13 13 13 13 13 14 13 13 13 13 13 13 12 13 13 13 13 13 13 13 13 13 13 12 13 13 13 13 13 13 14 13 13 13 13 13 13 13 13 13 13 14 13 13 12
2120_1_1 4 4 8 5 6 0 3 3 3 4 2 3 1 2 3 3 27 12 13 13 12 13 13 13 13 13 13 13 13 13 13 13 13 14 13 13 13 13 13 13 13 13 14 13 13 14 13 13 13 13 13 13 13 13 14 13 13 13 13 13 13 13 13 13 13 13 13 12 13 13 12
2121_1_1 3 6 5 8 5 1 2 2 3 2 5 3 1 3 2 3 27 12 13 13 14 13 13 13 13 13 13 13 13 13 13 13 13 12 13 13 14 13 13 13 13 13 13 13 13 13 13 13 13 13 13 14 13 13 12 13 13 13 13 13 13 13 13 13 13 13 13 14 13 13 12
2123_0_1 4 4 6 5 8 1 2 2 4 3 3 2 3 1 2 4 27 12 13 13 13 13 13 14 13 13 13 12 13 13 13 13 13 13 13 13 13 13 13 13 13 13 14 13 13 14 13 13 13 13 13 13 13 13 13 13 13 13 13 13 12 13 13 13 14 13 13 13 13 13 12
2124_0_1 3 5 6 6 7 1 1 4 1 3 3 2 3 3 4 2 27 12 13 13 13 12 13 13 13 13 13 13 13 13 13 13 14 13 13 13 13 13 13 13 13 13 14 13 13 14 13 13 13 13 13 13 13 13 13 14 13 13 13 13 13 13 13 13 13 13 12 13 13 13 12
2125_1_1 4 4 8 5 6 0 3 3 4 3 1 3 3 2 2 3 27 12 13 13 13 13 14 13 13 13 13 13 13 13 13 13 13 14 13 13 13 13 13 13 12 13 13 13 13 13 13 12 13 13 13 13 13 13 14 13 13 13 13 13 13 13 13 13 13 14 13 13 13 13 12
2127_0_1 3 5 5 6 8 1 2 2 1 5 3 2 2 4 2 3 27 12 13 13 13 13 13 13 13 13 13 14 13 13 13 14 13 13 13 13 13 12 13 13 13 13 13 13 13 13 13 13 13 13 12 13 13 13 13 13 14 13 13 13 14 13 13 13 13 13 13 13 13 13 12
2128_1_1 4 5 4 8 6 0 3 3 3 4 2 3 1 2 3 3 27 12 13 13 13 13 13 13 13 13 13 13 12 13 13 13 14 13 13 13 13 14 13 13 13 13 13 13 13 13 13 13 13 13 14 13 13 13 13 14 13 13 13 12 13 13 13 13 13 13 13 13 13 13 12
2129_1_1 3 6 7 5 6 0 3 3 3 4 2 3 1 2 3 3 27 12 13 13 13 13 14 13 13 13 12 13 13 13 13 13 13 13 13 13 13 13 13 14 13 13 13 13 13 13 13 13 14 13 13 13 13 13 13 13 13 13 13 13 13 12 13 13 13 14 13 13 13 13 12
2130_1_1 3 7 6 6 5 1 2 3 2 1 2 3 3 4 2 4 27 13 13 13 13 12 13 13 13 14 13 12 13 13 13 13 13 13 13 13 13 13 13 13 14 13 13 13 13 13 13 14 13 13 13 13 13 13 13 13 13 13 13 13 12 13 14 13 13 13 12 13 13 13 13
2131_1_1 4 4 8 5 6 1 3 1 3 4 1 3 3 4 2 2 27 12 13 13 13 13 13 13 13 13 13 13 13 13 13 13 13 13 14 13 13 12 13 13 14 13 13 13 13 13 13 14 13 13 12 13 13 14 13 13 13 13 13 13 13 13 13 13 13 13 13 13 13 13 12
2132_1_1 3 6 7 5 6 0 3 3 4 3 1 3 3 2 2 3 27 12 13 13 13 13 14 13 13 13 13 13 13 13 13 13 13 14 13 13 12 13 13 13 13 13 13 13 13 13 13 13 13 13 13 12 13 13 14 13 13 13 13 13 13 13 13 13 13 14 13 13 13 13 12
2133_1_1 4 4 8 5 6 0 4 2 3 4 3 1 3 3 2 2 27 12 13 13 13 13 13 13 13 13 12 13 13 13 13 13 13 13 13 13 13 13 14 13 13 14 13 13 13 13 14 13 13 14 13 13 13 13 13 13 13 13 13 13 13 12 13 13 13 13 13 13 13 13 12
2134_1_1 4 4 8 5 6 0 3 3 4 3 1 3 3 2 2 3 27 12 13 13 13 14 13 13 13 13 13 13 13 13 13 13 13 14 13 13 12 13 13 13 13 13 13 13 13 13 13 13 13 13 13 12 13 13 14 13 13 13 13 13 13 13 13 13 13 13 14 13 13 13 12
2136_0_1 4 4 6 5 8 0 3 4 2 4 2 3 2 3 2 2 27 12 13 13 13 13 13 13 13 14 13 13 13 14 13 13 13 13 13 12 13 13 13 13 13 13 13 13 13 13 13 13 13 13 13 13 12 13 13 13 13 13 14 13 13 13 14 13 13 13 13 13 13 13 12
2137_0_1 3 5 6 6 7 1 2 2 5 1 2 4 3 3 2 2 27 12 13 13 14 13 13 13 13 13 13 14 13 13 13 13 13 13 13 13 12 13 13 13 13 13 13 13 13 13 13 13 13 13 13 12 13 13 13 13 13 13 13 13 14 13 13 13 13 13 13 14 13 13 12
2139_0_1 4 5 4 6 8 0 3 3 3 3 4 1 3 2 3 2 27 12 13 13 13 13 13 13 12 13 13 13 13 13 14 13 13 13 13 13 13 13 13 13 14 13 13 13 13 13 13 14 13 13 13 13 13 13 13 13 13 14 13 13 13 13 13 12 13 13 13 13 13 13 12
2141_0_1 3 5 8 5 6 0 3 3 3 4 2 3 1 2 3 3 27 12 13 13 13 14 13 13 13 13 13 13 12 13 13 13 13 13 13 13 13 14 13 13 13 13 13 13 13 13 13 13 13 13 14 13 13 13 13 13 13 13 13 12 13 13 13 13 13 13 14 13 13 13 12
2142_0_1 4 4 7 5 7 0 4 2 2 2 2 4 3 3 3 2 27 12 13 14 13 13 13 13 13 13 13 13 13 13 13 12 13 14 13 13 13 13 13 13 13 13 13 13 13 13 13 13 13 13 13 13 13 13 14 13 12 13 13 13 13 13 13 13 13 13 13 13 14 13 12
2142_2_1 4 8 5 5 5 0 4 2 2 2 2 4 3 3 3 2 27 12 13 14 13 13 13 13 13 13 13 13 13 13 13 12 13 14 13 13 13 13 13 13 13 13 13 13 13 13 13 13 13 13 13 13 13 13 14 13 12 13 13 13 13 13 13 13 13 13 13 13 14 13 12
2143_1_1 4 5 4 8 6 1 1 4 3 3 3 2 4 1 3 2 27 12 13 13 13 13 13 13 13 14 13 13 13 13 13 13 13 12 13 13 13 13 13 13 14 13 13 13 13 13 13 14 13 13 13 13 13 13 12 13 13 13 13 13 13 13 14 13 13 13 13 13 13 13 12
2144_2_1 4 8 5 5 5 0 3 1 3 3 3 3 2 3 4 2 27 12 13 13 13 13 13 13 14 13 13 13 14 13 13 12 13 13 13 13 13 13 13 13 13 13 13 13 13 13 13 13 13 13 13 13 13 13 13 13 12 13 13 14 13 13 13 14 13 13 13 13 13 13 12
2145_1_3 3 6 7 5 6 1 3 2 3 1 3 5 2 3 2 2 27 12 13 13 13 12 13 13 13 13 13 13 13 13 13 13 13 13 14 13 13 13 13 13 14 13 13 13 13 13 13 14 13 13 13 13 13 14 13 13 13 13 13 13 13 13 13 13 13 13 12 13 13 13 12
2146_1_3 4 4 8 5 6 1 2 1 3 5 1 3 3 3 2 3 27 12 13 13 13 13 13 13 14 13 13 14 13 13 13 13 13 13 13 13 13 12 13 13 13 13 13 13 13 13 13 13 13 13 12 13 13 13 13 13 13 13 13 13 14 13 13 14 13 13 13 13 13 13 12
2147_0_7 4 4 7 5 7 1 3 1 3 2 3 2 2 3 5 2 27 12 13 13 13 13 13 14 13 13 13 13 13 13 13 13 13 14 13 13 12 13 13 13 13 13 13 13 13 13 13 13 13 13 13 12 13 13 14 13 13 13 13 13 13 13 13 13 14 13 13 13 13 13 12
2147_1_7 4 5 5 5 8 1 3 1 3 2 3 2 2 3 5 2 27 12 13 13 13 13 13 14 13 13 13 13 13 13 13 13 13 14 13 13 12 13 13 13 13 13 13 13 13 13 13 13 13 13 13 12 13 13 14 13 13 13 13 13 13 13 13 13 14 13 13 13 13 13 12
2147_2_7 4 8 5 5 5 1 3 1 3 2 3 2 2 3 5 2 27 12 13 13 13 13 13 14 13 13 13 13 13 13 13 13 13 14 13 13 12 13 13 13 13 13 13 13 13 13 13 13 13 13 13 12 13 13 14 13 13 13 13 13 13 13 13 13 14 13 13 13 13 13 12
2149_1_1 4 4 8 5 6 1 3 2 2 2 2 4 4 2 1 4 27 12 13 13 13 13 13 13 13 13 12 13 13 13 13 14 13 14 13 13 13 13 13 13 13 13 13 13 13 13 13 13 13 13 13 13 13 13 14 13 14 13 13 13 13 12 13 13 13 13 13 13 13 13 12
2151_1_1 3 6 7 5 6 1 3 2 2 2 2 4 4 2 1 4 27 12 13 13 13 13 13 13 13 13 12 13 13 13 13 13 14 13 14 13 13 13 13 13 13 13 13 13 13 13 13 13 13 13 13 13 13 14 13 14 13 13 13 13 13 12 13 13 13 13 13 13 13 13 12
2152_0_7 4 4 6 5 8 1 2 4 3 4 1 3 3 2 1 3 27 12 14 13 13 12 13 13 13 13 13 13 13 13 13 13 13 13 13 13 13 13 13 13 13 14 13 13 13 13 14 13 13 13 13 13 13 13 13 13 13 13 13 13 13 13 13 13 13 13 12 13 13 14 12
2152_1_7 4 4 8 5 6 1 2 4 3 4 1 3 3 2 1 3 27 12 14 13 13 12 13 13 13 13 13 13 13 13 13 13 13 13 13 13 13 13 13 13 13 14 13 13 13 13 14 13 13 13 13 13 13 13 13 13 13 13 13 13 13 13 13 13 13 13 12 13 13 14 12
2153_1_3 4 5 4 8 6 1 2 1 3 5 1 3 3 3 2 3 27 12 13 13 13 13 13 13 13 13 13 14 13 13 14 13 13 13 13 13 13 13 13 12 13 13 13 13 13 13 13 13 12 13 13 13 13 13 13 13 13 14 13 13 14 13 13 13 13 13 13 13 13 13 12
2154_1_3 3 7 6 6 5 1 2 3 5 1 3 3 2 3 2 2 27 12 13 13 13 13 14 13 13 14 13 13 13 13 13 13 13 13 13 13 12 13 13 13 13 13 13 13 13 13 13 13 13 13 13 12 13 13 13 13 13 13 13 13 13 13 14 13 13 14 13 13 13 13 12
2156_0_3 3 5 5 6 8 1 2 1 4 2 1 4 3 3 3 3 27 12 13 13 13 13 13 13 13 13 13 13 13 13 13 13 12 13 13 14 13 13 13 13 13 14 13 13 13 13 14 13 13 13 13 13 14 13 13 12 13 13 13 13 13 13 13 13 13 13 13 13 13 13 12
2157_0_3 3 6 5 7 6 0 3 3 1 2 3 3 3 4 2 3 27 12 13 14 13 12 13 13 13 14 13 13 13 13 13 13 13 13 13 13 13 13 13 13 13 13 13 13 13 13 13 13 13 13 13 13 13 13 13 13 13 13 13 13 13 13 14 13 13 13 12 13 14 13 12
2157_1_3 3 6 7 5 6 0 3 3 1 2 3 3 3 4 2 3 27 12 13 14 13 12 13 13 13 14 13 13 13 13 13 13 13 13 13 13 13 13 13 13 13 13 13 13 13 13 13 13 13 13 13 13 13 13 13 13 13 13 13 13 13 13 14 13 13 13 12 13 14 13 12
2158_0_3 3 5 5 6 8 1 3 1 3 4 4 1 3 2 3 2 27 12 13 12 13 13 13 13 13 13 13 13 13 13 13 13 13 13 14 13 14 13 13 13 13 13 13 13 13 13 13 13 13 13 13 14 13 14 13 13 13 13 13 13 13 13 13 13 13 13 13 13 12 13 12
2159_1_1 3 7 6 6 5 1 3 2 2 2 2 4 4 2 1 4 27 12 13 13 13 13 14 13 13 13 12 13 13 13 13 13 13 13 13 13 13 13 13 13 13 13 14 13 13 14 13 13 13 13 13 13 13 13 13 13 13 13 13 13 13 12 13 13 13 14 13 13 13 13 12
2160_1_3 4 4 8 5 6 1 1 3 2 3 2 3 3 2 5 2 27 12 13 12 13 13 13 13 13 13 13 13 14 13 13 13 13 13 14 13 13 13 13 13 13 13 13 13 13 13 13 13 13 13 13 13 13 14 13 13 13 13 13 14 13 13 13 13 13 13 13 13 12 13 12
2162_0_3 4 4 6 5 8 1 3 1 3 3 4 3 2 1 4 2 27 12 13 13 13 14 13 13 14 13 13 13 13 13 13 12 13 13 13 13 13 13 13 13 13 13 13 13 13 13 13 13 13 13 13 13 13 13 13 13 12 13 13 13 13 13 13 14 13 13 14 13 13 13 12
2163_1_1 4 4 8 5 6 1 1 4 1 3 3 2 3 3 4 2 27 12 13 13 13 13 13 13 13 13 12 13 13 13 13 14 13 13 13 13 13 13 13 14 13 13 13 13 13 13 13 13 14 13 13 13 13 13 13 13 14 13 13 13 13 12 13 13 13 13 13 13 13 13 12
2164_1_3 4 5 5 8 5 1 1 4 3 2 4 2 3 2 3 2 27 13 13 13 13 12 13 13 13 13 13 13 13 13 14 13 13 13 13 13 13 13 12 13 13 13 14 13 13 14 13 13 13 12 13 13 13 13 13 13 13 14 13 13 13 13 13 13 13 13 12 13 13 13 13
2165_1_1 4 4 8 5 6 1 1 3 3 3 3 2 4 1 3 3 27 12 13 14 13 13 13 13 14 13 13 13 13 13 13 13 13 13 13 13 13 13 12 13 13 13 13 13 13 13 13 13 13 12 13 13 13 13 13 13 13 13 13 13 13 13 13 14 13 13 13 13 14 13 12
2166_1_3 3 7 6 6 5 1 3 2 2 2 3 1 3 5 2 3 27 12 13 13 14 13 13 13 13 13 12 13 13 13 13 13 13 13 13 13 13 13 13 13 14 13 13 13 13 13 13 14 13 13 13 13 13 13 13 13 13 13 13 13 13 12 13 13 13 13 13 14 13 13 12
2167_1_3 3 7 6 6 5 1 2 2 3 5 1 3 3 3 2 2 27 12 13 13 13 13 13 13 13 14 13 13 13 13 13 12 13 13 13 13 13 14 13 13 13 13 13 13 13 13 13 13 13 13 14 13 13 13 13 13 12 13 13 13 13 13 14 13 13 13 13 13 13 13 12
2168_1_3 4 4 8 5 6 1 3 2 3 1 3 5 2 3 2 2 27 12 13 13 13 12 13 13 13 13 13 13 13 14 13 14 13 13 13 13 13 13 13 13 13 13 13 13 13 13 13 13 13 13 13 13 13 13 13 13 14 13 14 13 13 13 13 13 13 13 12 13 13 13 12
2170_1_1 4 4 8 5 6 1 3 3 2 5 2 2 2 3 2 2 27 12 13 14 13 13 13 13 13 14 13 12 13 13 13 13 13 13 13 13 13 13 13 13 13 13 13 13 13 13 13 13 13 13 13 13 13 13 13 13 13 13 13 13 12 13 14 13 13 13 13 13 14 13 12
2172_0_3 4 5 4 7 7 1 1 4 3 2 4 2 3 2 3 2 27 13 13 13 13 12 13 13 13 13 13 13 13 13 13 13 13 13 13 14 13 13 12 13 13 13 14 13 13 14 13 13 13 12 13 13 14 13 13 13 13 13 13 13 13 13 13 13 13 13 12 13 13 13 13
2172_2_3 4 5 8 5 5 1 1 4 3 2 4 2 3 2 3 2 27 13 13 13 13 12 13 13 13 13 13 13 13 13 13 13 13 13 13 14 13 13 12 13 13 13 14 13 13 14 13 13 13 12 13 13 14 13 13 13 13 13 13 13 13 13 13 13 13 13 12 13 13 13 13
2174_0_3 3 6 5 7 6 1 3 1 3 3 2 2 5 3 2 2 27 12 13 13 13 12 13 13 13 13 13 13 14 13 14 13 13 13 13 13 13 13 13 13 13 13 13 13 13 13 13 13 13 13 13 13 13 13 13 13 13 14 13 14 13 13 13 13 13 13 12 13 13 13 12
2175_0_3 4 4 6 5 8 1 3 1 3 3 4 3 2 1 4 2 27 12 13 13 13 13 13 13 13 13 13 13 13 13 13 12 13 13 13 13 13 13 13 13 13 14 13 14 14 13 14 13 13 13 13 13 13 13 13 13 12 13 13 13 13 13 13 13 13 13 13 13 13 13 12
2176_1_1 3 8 6 5 5 1 2 4 2 4 3 2 1 3 2 3 27 12 13 13 13 13 14 13 13 13 13 12 13 13 13 13 13 13 13 13 14 13 13 13 13 13 13 13 13 13 13 13 13 13 13 14 13 13 13 13 13 13 13 13 12 13 13 13 13 14 13 13 13 13 12
2177_0_7 4 4 6 5 8 1 2 3 3 1 2 5 2 4 2 2 27 12 13 12 13 13 13 13 13 13 13 13 13 13 13 13 13 13 14 13 13 13 14 13 13 13 13 13 13 13 13 13 13 14 13 13 13 14 13 13 13 13 13 13 13 13 13 13 13 13 13 13 12 13 12
2177_1_7 4 4 8 5 6 1 2 3 3 1 2 5 2 4 2 2 27 12 13 12 13 13 13 13 13 13 13 13 13 13 13 13 13 13 14 13 13 13 14 13 13 13 13 13 13 13 13 13 13 14 13 13 13 14 13 13 13 13 13 13 13 13 13 13 13 13 13 13 12 13 12
2178_1_3 4 4 8 5 6 1 2 3 5 1 3 3 2 3 2 2 27 12 13 13 13 13 13 13 13 13 13 13 13 13 13 13 14 13 14 13 13 13 13 13 13 13 12 13 13 12 13 13 13 13 13 13 13 14 13 14 13 13 13 13 13 13 13 13 13 13 13 13 13 13 12
2180_1_1 3 6 5 8 5 1 3 2 2 2 2 4 4 2 1 4 27 12 13 13 13 14 13 13 13 13 13 13 12 13 13 13 13 13 13 13 13 13 13 13 13 13 14 13 13 14 13 13 13 13 13 13 13 13 13 13 13 13 13 12 13 13 13 13 13 13 14 13 13 13 12
2181_1_3 4 4 8 5 6 1 2 2 3 5 1 3 3 3 2 2 27 12 13 13 13 13 13 13 13 14 13 13 14 13 13 13 13 13 13 13 13 13 13 13 13 13 12 13 13 12 13 13 13 13 13 13 13 13 13 13 13 13 13 14 13 13 14 13 13 13 13 13 13 13 12
2183_1_1 4 5 4 8 6 0 3 4 1 3 2 4 3 3 2 2 27 12 13 12 13 13 13 13 13 13 13 14 13 13 13 13 14 13 13 13 13 13 13 13 13 13 13 13 13 13 13 13 13 13 13 13 13 13 13 14 13 13 13 13 14 13 13 13 13 13 13 13 12 13 12
2185_0_3 3 6 5 7 6 1 2 1 4 2 4 3 2 2 4 2 27 12 13 13 13 13 13 13 13 14 13 13 13 14 13 13 13 13 13 13 13 13 13 13 13 12 13 13 13 13 12 13 13 13 13 13 13 13 13 13 13 13 14 13 13 13 14 13 13 13 13 13 13 13 12
2186_1_1 4 4 8 5 6 0 3 3 2 1 3 3 4 3 2 3 27 12 13 12 13 13 13 13 13 13 13 13 13 13 13 13 13 14 13 13 13 13 13 14 13 13 13 13 13 13 13 13 14 13 13 13 13 13 14 13 13 13 13 13 13 13 13 13 13 13 13 13 12 13 12
2188_1_1 3 8 6 5 5 1 1 3 3 4 1 4 3 2 3 2 27 12 13 13 13 13 12 13 13 13 14 13 13 13 13 13 13 13 13 13 13 13 13 13 14 13 13 13 13 13 13 14 13 13 13 13 13 13 13 13 13 13 13 13 13 14 13 13 13 12 13 13 13 13 12
2190_1_1 4 4 8 5 6 1 1 3 3 3 3 2 4 1 3 3 27 12 13 13 13 13 13 13 14 13 13 12 13 13 14 13 13 13 13 13 13 13 13 13 13 13 13 13 13 13 13 13 13 13 13 13 13 13 13 13 13 14 13 13 12 13 13 14 13 13 13 13 13 13 12
2192_1_1 3 6 7 5 6 1 2 2 1 5 3 2 2 4 2 3 27 12 13 13 14 13 13 13 13 13 12 13 13 13 13 13 13 13 13 13 13 13 14 13 13 13 13 13 13 13 13 13 13 14 13 13 13 13 13 13 13 13 13 13 13 12 13 13 13 13 13 14 13 13 12
2194_0_3 4 4 6 5 8 1 3 1 3 3 2 2 5 3 2 2 27 12 13 13 13 13 13 13 14 13 13 13 14 13 13 13 13 12 13 13 13 13 13 13 13 13 13 13 13 13 13 13 13 13 13 13 13 13 12 13 13 13 13 14 13 13 13 14 13 13 13 13 13 13 12
2195_0_3 3 5 6 6 7 1 3 2 2 2 3 1 3 5 2 3 27 12 13 13 13 13 13 13 13 13 12 13 13 13 13 13 13 13 13 13 13 13 13 13 14 13 14 13 13 14 13 14 13 13 13 13 13 13 13 13 13 13 13 13 13 12 13 13 13 13 13 13 13 13 12
2196_0_3 3 5 5 6 8 1 2 1 4 2 2 3 3 2 4 3 27 12 13 13 13 14 13 13 13 13 13 12 13 13 14 13 13 13 13 13 13 13 13 13 13 13 13 13 13 13 13 13 13 13 13 13 13 13 13 13 13 14 13 13 12 13 13 13 13 13 14 13 13 13 12
2197_1_1 3 6 5 8 5 1 1 3 3 3 3 2 4 1 3 3 27 12 13 13 13 13 13 13 13 13 13 13 13 13 14 13 13 13 13 13 13 13 12 13 13 14 13 13 13 13 14 13 13 12 13 13 13 13 13 13 13 14 13 13 13 13 13 13 13 13 13 13 13 13 12
2198_1_3 3 8 6 5 5 1 2 1 4 2 1 4 3 3 3 3 27 12 13 13 13 13 12 13 13 13 13 13 13 13 14 13 13 13 13 13 13 13 13 13 13 14 13 13 13 13 14 13 13 13 13 13 13 13 13 13 13 14 13 13 13 13 13 13 13 12 13 13 13 13 12
2200_1_1 3 6 5 8 5 1 1 3 3 3 3 2 4 1 3 3 27 12 13 13 13 13 13 13 13 13 13 13 13 13 13 13 13 13 13 14 13 13 12 13 13 14 13 13 13 13 14 13 13 12 13 13 14 13 13 13 13 13 13 13 13 13 13 13 13 13 13 13 13 13 12
2202_1_1 3 6 7 5 6 1 1 4 1 3 3 2 3 3 4 2 27 12 13 13 13 13 13 13 13 13 12 13 13 13 13 13 13 13 13 13 13 13 13 14 13 13 14 13 13 14 13 13 14 13 13 13 13 13 13 13 13 13 13 13 13 12 13 13 13 13 13 13 13 13 12
2203_1_3 3 8 6 5 5 1 3 1 3 3 4 3 2 1 4 2 27 12 13 13 12 13 13 13 13 13 13 13 13 13 13 13 14 13 13 13 13 13 13 13 13 14 13 13 13 13 14 13 13 13 13 13 13 13 13 14 13 13 13 13 13 13 13 13 13 13 13 12 13 13 12
2205_0_3 3 6 5 7 6 1 4 2 1 4 3 4 2 2 2 2 27 12 13 13 13 13 13 13 14 13 13 13 13 13 13 12 13 13 13 14 13 13 13 13 13 13 13 13 13 13 13 13 13 13 13 13 14 13 13 13 12 13 13 13 13 13 13 14 13 13 13 13 13 13 12
2206_0_3 3 5 5 6 8 1 3 1 3 4 4 1 3 2 3 2 27 12 13 13 13 13 13 13 13 14 13 13 13 13 13 14 13 13 13 12 13 13 13 13 13 13 13 13 13 13 13 13 13 13 13 13 12 13 13 13 14 13 13 13 13 13 14 13 13 13 13 13 13 13 12
2207_0_3 4 4 7 5 7 1 1 3 2 3 2 3 3 2 5 2 27 12 13 13 13 13 13 14 13 13 13 13 14 13 13 13 13 13 13 13 13 13 13 13 13 12 13 13 13 13 12 13 13 13 13 13 13 13 13 13 13 13 13 14 13 13 13 13 14 13 13 13 13 13 12
2207_2_3 4 8 5 5 5 1 1 3 2 3 2 3 3 2 5 2 27 12 13 13 13 13 13 14 13 13 13 13 14 13 13 13 13 13 13 13 13 13 13 13 13 12 13 13 13 13 12 13 13 13 13 13 13 13 13 13 13 13 13 14 13 13 13 13 14 13 13 13 13 13 12
2209_0_3 3 5 5 6 8 1 2 1 3 5 1 3 3 3 2 3 27 12 13 13 13 13 13 13 13 13 13 14 13 13 13 13 13 13 13 13 13 12 13 13 13 14 13 13 13 13 14 13 13 13 12 13 13 13 13 13 13 13 13 13 14 13 13 13 13 13 13 13 13 13 12
2210_1_1 3 8 6 5 5 0 4 2 3 3 3 2 3 3 3 1 27 12 13 13 13 13 13 13 13 13 13 13 13 13 13 14 13 13 13 13 13 14 13 13 12 13 13 13 13 13 13 12 13 13 14 13 13 13 13 13 14 13 13 13 13 13 13 13 13 13 13 13 13 13 12
2212_1_1 3 7 6 6 5 0 3 3 3 3 4 1 3 2 3 2 27 12 13 13 13 13 13 13 13 14 13 13 13 13 13 13 13 13 13 13 12 13 13 13 14 13 13 13 13 13 13 14 13 13 13 12 13 13 13 13 13 13 13 13 13 13 14 13 13 13 13 13 13 13 12
2214_1_1 3 6 5 8 5 1 1 4 1 3 3 2 3 3 4 2 27 12 13 13 13 13 13 13 13 13 13 13 12 13 13 14 13 13 13 13 13 14 13 13 13 13 13 13 13 13 13 13 13 13 14 13 13 13 13 13 14 13 13 12 13 13 13 13 13 13 13 13 13 13 12
2216_0_3 3 5 6 6 7 1 1 5 2 3 3 2 3 2 3 2 27 12 13 13 13 13 14 13 13 13 12 13 13 13 14 13 13 13 13 13 13 13 13 13 13 13 13 13 13 13 13 13 13 13 13 13 13 13 13 13 13 14 13 13 13 12 13 13 13 14 13 13 13 13 12
2217_1_1 3 6 5 8 5 0 3 3 2 1 3 3 4 3 2 3 27 12 13 12 13 13 13 13 13 13 14 13 13 13 13 13 14 13 13 13 13 13 13 13 13 13 13 13 13 13 13 13 13 13 13 13 13 13 13 14 13 13 13 13 13 14 13 13 13 13 13 13 12 13 12
2218_1_3 4 5 5 5 8 1 3 1 3 3 2 2 5 3 2 2 27 12 13 13 13 12 13 13 14 13 13 13 14 13 13 13 13 13 13 13 13 13 13 13 13 13 13 13 13 13 13 13 13 13 13 13 13 13 13 13 13 13 13 14 13 13 13 14 13 13 12 13 13 13 12
2219_1_1 3 8 6 5 5 0 3 3 3 3 4 1 3 2 3 2 27 12 13 13 13 13 13 13 13 14 13 13 13 13 13 14 13 13 13 13 13 13 13 13 13 13 12 13 13 12 13 13 13 13 13 13 13 13 13 13 14 13 13 13 13 13 14 13 13 13 13 13 13 13 12
2220_1_3 4 5 4 8 6 1 2 1 3 5 1 3 3 3 2 3 27 12 13 13 13 13 13 13 13 13 13 14 13 13 13 13 13 13 13 14 13 13 13 12 13 13 13 13 13 13 13 13 12 13 13 13 14 13 13 13 13 13 13 13 14 13 13 13 13 13 13 13 13 13 12
2222_0_3 4 5 4 6 8 0 4 3 4 2 2 3 2 2 3 2 27 12 13 13 14 13 13 13 13 13 13 13 13 12 13 13 14 13 13 13 13 13 13 13 13 13 13 13 13 13 13 13 13 13 13 13 13 13 13 14 13 13 12 13 13 13 13 13 13 13 13 14 13 13 12
2222_1_3 4 5 4 8 6 0 4 3 4 2 2 3 2 2 3 2 27 12 13 13 14 13 13 13 13 13 13 13 13 12 13 13 14 13 13 13 13 13 13 13 13 13 13 13 13 13 13 13 13 13 13 13 13 13 13 14 13 13 12 13 13 13 13 13 13 13 13 14 13 13 12
2223_1_1 4 4 8 5 6 1 2 1 4 3 2 2 4 2 3 3 27 12 13 13 13 13 13 13 13 13 13 12 13 13 13 13 14 13 14 13 13 13 13 13 13 13 13 13 13 13 13 13 13 13 13 13 13 14 13 14 13 13 13 13 12 13 13 13 13 13 13 13 13 13 12
2225_1_1 4 5 5 5 8 1 1 4 1 3 3 2 3 3 4 2 27 12 13 13 13 13 13 13 14 13 13 13 13 13 13 13 13 13 14 13 13 13 13 13 13 12 13 13 13 13 12 13 13 13 13 13 13 14 13 13 13 13 13 13 13 13 13 14 13 13 13 13 13 13 12
2227_0_1 3 5 5 6 8 0 3 3 2 1 3 3 4 3 2 3 27 12 13 13 13 14 13 13 12 13 13 13 13 13 13 13 13 13 13 13 13 13 13 14 13 13 13 13 13 13 13 13 14 13 13 13 13 13 13 13 13 13 13 13 13 13 13 12 13 13 14 13 13 13 12
2229_0_1 3 5 5 6 8 0 3 3 4 3 3 2 2 1 3 3 27 12 13 13 13 13 13 13 13 13 14 13 14 13 13 13 13 12 13 13 13 13 13 13 13 13 13 13 13 13 13 13 13 13 13 13 13 13 12 13 13 13 13 14 13 14 13 13 13 13 13 13 13 13 12
2231_0_1 3 6 5 7 6 0 3 2 4 2 2 4 3 2 3 2 27 12 13 14 13 13 13 13 13 13 13 13 13 13 13 12 13 13 13 14 13 13 13 13 13 13 13 13 13 13 13 13 13 13 13 13 14 13 13 13 12 13 13 13 13 13 13 13 13 13 13 13 14 13 12
2232_0_1 3 5 6 6 7 0 3 3 3 3 4 1 3 2 3 2 27 12 13 13 13 13 13 13 13 14 13 13 13 13 14 13 13 13 13 13 13 13 13 13 13 12 13 13 13 13 12 13 13 13 13 13 13 13 13 13 13 14 13 13 13 13 14 13 13 13 13 13 13 13 12
2234_0_1 4 4 6 5 8 0 3 3 4 3 3 2 2 1 3 3 27 12 13 13 13 13 12 13 13 13 13 13 13 13 13 13 13 13 13 13 13 14 13 14 13 13 13 13 13 13 13 13 14 13 14 13 13 13 13 13 13 13 13 13 13 13 13 13 13 12 13 13 13 13 12
2235_1_1 3 8 6 5 5 0 3 2 4 2 2 4 3 2 3 2 27 12 13 13 12 13 13 13 13 13 13 13 13 13 13 13 13 13 13 14 13 13 13 13 13 14 13 13 13 13 14 13 13 13 13 13 14 13 13 13 13 13 13 13 13 13 13 13 13 13 13 12 13 13 12
2237_0_1 3 6 5 7 6 1 2 3 5 2 2 4 1 3 2 2 27 12 13 14 13 13 13 13 13 13 13 14 13 13 13 12 13 13 13 13 13 13 13 13 13 13 13 13 13 13 13 13 13 13 13 13 13 13 13 13 12 13 13 13 14 13 13 13 13 13 13 13 14 13 12
2238_1_1 3 8 6 5 5 1 3 1 3 4 1 3 3 4 2 2 27 12 13 13 13 13 13 13 13 13 13 13 13 14 13 14 13 13 13 13 13 13 13 12 13 13 13 13 13 13 13 13 12 13 13 13 13 13 13 13 14 13 14 13 13 13 13 13 13 13 13 13 13 13 12
2239_0_5 3 6 5 7 6 1 1 5 2 3 3 3 2 3 2 2 27 12 13 13 13 12 13 13 13 13 13 13 13 14 13 13 13 13 13 14 13 13 13 13 13 13 13 13 13 13 13 13 13 13 13 13 14 13 13 13 13 13 14 13 13 13 13 13 13 13 12 13 13 13 12
2239_1_5 3 6 7 5 6 1 1 5 2 3 3 3 2 3 2 2 27 12 13 13 13 12 13 13 13 13 13 13 13 14 13 13 13 13 13 14 13 13 13 13 13 13 13 13 13 13 13 13 13 13 13 13 14 13 13 13 13 13 14 13 13 13 13 13 13 13 12 13 13 13 12
2241_0_1 3 6 5 7 6 0 3 3 4 3 3 2 2 1 3 3 27 12 13 13 13 12 13 13 13 13 13 13 13 13 13 13 13 13 13 13 13 14 13 14 13 13 13 13 13 13 13 13 14 13 14 13 13 13 13 13 13 13 13 13 13 13 13 13 13 13 12 13 13 13 12
2242_1_1 3 6 7 5 6 0 4 2 3 4 3 1 3 3 2 2 27 12 13 13 13 13 13 13 13 13 12 13 13 13 14 13 13 13 13 13 13 13 14 13 13 13 13 13 13 13 13 13 13 14 13 13 13 13 13 13 13 14 13 13 13 12 13 13 13 13 13 13 13 13 12
2244_0_1 4 5 4 6 8 1 2 1 4 3 2 2 4 2 3 3 27 12 13 13 13 13 13 13 13 13 13 13 13 13 13 13 14 13 13 13 13 13 12 13 13 13 14 13 13 14 13 13 13 12 13 13 13 13 13 14 13 13 13 13 13 13 13 13 13 13 13 13 13 13 12
2245_1_1 3 8 6 5 5 1 1 4 3 3 3 2 4 1 3 2 27 12 13 13 13 13 12 13 13 13 13 13 13 13 13 13 13 13 13 13 14 13 13 13 14 13 13 13 13 13 13 14 13 13 13 14 13 13 13 13 13 13 13 13 13 13 13 13 13 12 13 13 13 13 12
2247_0_1 3 5 6 6 7 1 1 3 3 3 2 3 4 1 4 2 27 12 13 13 13 12 13 13 13 13 13 13 13 13 13 13 13 13 13 14 13 13 13 13 13 13 14 13 13 14 13 13 13 13 13 13 14 13 13 13 13 13 13 13 13 13 13 13 13 13 12 13 13 13 12
2249_0_1 3 5 5 6 8 1 2 1 4 3 2 2 5 2 3 2 27 12 13 13 13 13 13 13 13 13 13 14 13 13 13 13 12 13 13 13 14 13 13 13 13 13 13 13 13 13 13 13 13 13 13 14 13 13 13 12 13 13 13 13 14 13 13 13 13 13 13 13 13 13 12
2250_0_5 4 4 6 5 8 1 1 5 2 3 3 3 2 3 2 2 27 12 13 13 13 13 13 13 14 13 13 13 13 14 13 13 13 12 13 13 13 13 13 13 13 13 13 13 13 13 13 13 13 13 13 13 13 13 12 13 13 13 14 13 13 13 13 14 13 13 13 13 13 13 12
2250_1_5 4 4 8 5 6 1 1 5 2 3 3 3 2 3 2 2 27 12 13 13 13 13 13 13 14 13 13 13 13 14 13 13 13 12 13 13 13 13 13 13 13 13 13 13 13 13 13 13 13 13 13 13 13 13 12 13 13 13 14 13 13 13 13 14 13 13 13 13 13 13 12
2251_0_5 4 4 6 5 8 1 1 3 4 1 3 2 4 3 2 3 27 12 13 13 13 13 13 13 13 13 13 13 13 13 13 13 14 13 14 13 13 13 13 13 12 13 13 13 13 13 13 12 13 13 13 13 13 14 13 14 13 13 13 13 13 13 13 13 13 13 13 13 13 13 12
2251_1_5 4 4 8 5 6 1 1 3 4 1 3 2 4 3 2 3 27 12 13 13 13 13 13 13 13 13 13 13 13 13 13 13 14 13 14 13 13 13 13 13 12 13 13 13 13 13 13 12 13 13 13 13 13 14 13 14 13 13 13 13 13 13 13 13 13 13 13 13 13 13 12
2253_0_1 3 5 6 6 7 0 4 2 2 2 2 4 3 3 3 2 27 12 13 13 13 13 14 13 13 13 13 13 13 13 13 12 13 13 13 14 13 13 13 13 13 13 13 13 13 13 13 13 13 13 13 13 14 13 13 13 12 13 13 13 13 13 13 13 13 14 13 13 13 13 12
2254_0_1 3 5 5 6 8 0 3 4 3 2 3 3 3 2 1 3 27 12 13 13 13 13 12 13 13 13 13 13 13 13 13 13 13 13 13 13 13 14 13 13 13 14 13 13 13 13 14 13 13 13 14 13 13 13 13 13 13 13 13 13 13 13 13 13 13 12 13 13 13 13 12
2255_0_1 4 4 6 5 8 0 4 2 2 2 2 4 3 3 3 2 27 12 13 13 13 13 14 13 14 13 13 13 13 13 13 13 13 13 13 13 13 13 13 13 13 13 12 13 13 12 13 13 13 13 13 13 13 13 13 13 13 13 13 13 13 13 13 14 13 14 13 13 13 13 12
2256_0_1 4 4 6 5 8 1 2 1 4 3 2 2 4 2 3 3 27 12 13 13 13 13 13 14 13 13 13 13 13 13 13 13 13 14 13 13 13 13 12 13 13 13 13 13 13 13 13 13 13 12 13 13 13 13 14 13 13 13 13 13 13 13 13 13 14 13 13 13 13 13 12
2258_0_1 3 5 5 6 8 1 2 1 4 3 2 2 4 2 3 3 27 12 13 13 13 14 13 14 13 13 13 13 13 13 13 13 13 13 13 13 13 13 12 13 13 13 13 13 13 13 13 13 13 12 13 13 13 13 13 13 13 13 13 13 13 13 13 13 14 13 14 13 13 13 12
2259_1_1 4 4 8 5 6 0 3 3 2 4 2 3 2 3 3 2 27 12 13 13 13 13 14 13 14 13 13 12 13 13 13 13 13 13 13 13 13 13 13 13 13 13 13 13 13 13 13 13 13 13 13 13 13 13 13 13 13 13 13 13 12 13 13 14 13 14 13 13 13 13 12
2261_0_1 3 5 5 6 8 1 1 3 3 3 2 3 4 1 4 2 27 12 13 13 13 13 13 14 13 13 13 13 13 13 13 13 13 12 13 13 13 13 13 13 13 14 13 13 13 13 14 13 13 13 13 13 13 13 12 13 13 13 13 13 13 13 13 13 14 13 13 13 13 13 12
2263_0_1 3 5 6 6 7 1 1 3 4 2 4 2 3 2 2 3 27 13 13 13 13 12 13 13 13 13 13 12 13 13 14 13 13 13 13 13 13 13 13 13 14 13 13 13 13 13 13 14 13 13 13 13 13 13 13 13 13 14 13 13 12 13 13 13 13 13 12 13 13 13 13
2264_2_1 4 8 5 5 5 1 1 4 1 3 3 2 3 3 4 2 27 12 13 13 13 13 13 14 13 13 13 13 13 13 13 12 13 13 14 13 13 13 13 13 13 13 13 13 13 13 13 13 13 13 13 13 13 14 13 13 12 13 13 13 13 13 13 13 14 13 13 13 13 13 12
2266_0_3 3 6 5 7 6 1 2 3 5 1 3 3 2 3 2 2 27 12 13 13 13 13 13 13 13 13 13 13 13 13 13 13 13 14 13 13 12 13 13 13 14 13 13 13 13 13 13 14 13 13 13 12 13 13 14 13 13 13 13 13 13 13 13 13 13 13 13 13 13 13 12
2267_1_1 4 5 4 8 6 1 2 1 4 3 2 2 4 2 3 3 27 12 13 13 14 13 13 13 13 13 13 13 13 13 13 13 14 13 13 13 13 13 12 13 13 13 13 13 13 13 13 13 13 12 13 13 13 13 13 14 13 13 13 13 13 13 13 13 13 13 13 14 13 13 12
2268_1_3 4 4 8 5 6 1 2 4 2 4 3 2 2 1 4 2 27 12 13 13 13 13 13 13 13 13 13 13 13 13 14 13 13 13 14 13 13 13 13 13 12 13 13 13 13 13 13 12 13 13 13 13 13 14 13 13 13 14 13 13 13 13 13 13 13 13 13 13 13 13 12
2270_1_1 4 5 5 5 8 0 3 3 3 3 4 1 3 2 3 2 27 12 13 13 13 13 13 13 14 13 13 13 13 14 13 13 13 13 13 13 13 13 13 13 13 12 13 13 13 13 12 13 13 13 13 13 13 13 13 13 13 13 14 13 13 13 13 14 13 13 13 13 13 13 12
2272_0_1 3 5 8 5 6 1 1 4 1 3 3 2 3 3 4 2 27 12 13 12 13 13 13 13 13 13 13 13 13 13 13 14 13 13 13 14 13 13 13 13 13 13 13 13 13 13 13 13 13 13 13 13 14 13 13 13 14 13 13 13 13 13 13 13 13 13 13 13 12 13 12
2273_1_1 3 6 7 5 6 0 3 3 3 2 3 3 4 1 3 2 27 12 13 13 13 12 13 13 14 13 13 13 13 13 14 13 13 13 13 13 13 13 13 13 13 13 13 13 13 13 13 13 13 13 13 13 13 13 13 13 13 14 13 13 13 13 13 14 13 13 12 13 13 13 12
2275_0_1 3 5 6 6 7 0 3 4 1 3 2 4 3 3 2 2 27 12 13 13 13 13 13 13 13 13 13 14 13 13 13 13 14 13 13 13 13 13 13 13 13 12 13 13 13 13 12 13 13 13 13 13 13 13 13 14 13 13 13 13 14 13 13 13 13 13 13 13 13 13 12
2277_0_1 4 4 6 5 8 0 3 1 3 3 3 3 2 3 4 2 27 12 13 13 13 13 13 13 14 13 14 13 13 13 13 12 13 13 13 13 13 13 13 13 13 13 13 13 13 13 13 13 13 13 13 13 13 13 13 13 12 13 13 13 13 14 13 14 13 13 13 13 13 13 12
2278_1_1 3 6 5 8 5 0 3 2 4 2 2 4 3 2 3 2 27 12 13 13 13 13 13 12 13 13 13 13 13 13 13 13 13 13 13 14 13 13 13 13 13 14 13 13 13 13 14 13 13 13 13 13 14 13 13 13 13 13 13 13 13 13 13 13 12 13 13 13 13 13 12
2279_2_1 4 8 5 5 5 1 3 5 2 3 2 3 2 2 2 2 27 13 13 13 13 12 13 13 13 13 13 12 14 13 13 13 13 13 14 13 13 13 13 13 13 13 13 13 13 13 13 13 13 13 13 13 13 14 13 13 13 13 13 14 12 13 13 13 13 13 12 13 13 13 13
2281_0_3 3 5 8 5 6 1 1 5 2 3 3 2 3 2 3 2 27 12 13 13 13 14 13 13 13 13 13 13 13 13 13 13 13 13 13 14 13 13 13 12 13 13 13 13 13 13 13 13 12 13 13 13 14 13 13 13 13 13 13 13 13 13 13 13 13 13 14 13 13 13 12
2282_1_1 3 6 7 5 6 1 1 5 2 4 3 2 2 2 3 2 27 12 13 13 13 13 13 13 13 14 13 13 13 13 13 13 13 13 13 13 13 13 14 13 13 12 13 13 13 13 12 13 13 14 13 13 13 13 13 13 13 13 13 13 13 13 14 13 13 13 13 13 13 13 12
2284_1_1 3 8 6 5 5 0 3 3 3 3 4 1 3 2 3 2 27 12 13 13 12 13 13 13 13 13 13 13 13 13 13 13 13 13 13 13 14 13 13 13 13 13 14 13 13 14 13 13 13 13 13 14 13 13 13 13 13 13 13 13 13 13 13 13 13 13 13 12 13 13 12
2285_1_3 3 6 7 5 6 1 3 1 3 3 2 2 5 3 2 2 27 12 13 13 13 12 13 13 13 13 13 13 13 13 13 13 13 13 13 14 13 13 13 14 13 13 13 13 13 13 13 13 14 13 13 13 14 13 13 13 13 13 13 13 13 13 13 13 13 13 12 13 13 13 12
2287_0_3 4 4 6 5 8 1 2 3 5 1 3 3 2 3 2 2 27 12 13 13 13 14 13 14 13 13 13 13 13 13 13 12 13 13 13 13 13 13 13 13 13 13 13 13 13 13 13 13 13 13 13 13 13 13 13 13 12 13 13 13 13 13 13 13 14 13 14 13 13 13 12
2288_1_1 4 4 8 5 6 1 3 1 3 3 1 3 4 4 2 2 27 12 13 13 13 13 13 13 13 13 14 13 14 13 13 13 13 13 13 13 13 13 13 13 13 12 13 13 13 13 12 13 13 13 13 13 13 13 13 13 13 13 13 14 13 14 13 13 13 13 13 13 13 13 12
2290_1_1 3 8 6 5 5 1 3 1 4 3 1 3 4 3 2 2 27 12 12 14 13 14 13 13 13 13 13 13 13 13 13 13 13 13 13 13 13 13 13 13 13 13 13 13 13 13 13 13 13 13 13 13 13 13 13 13 13 13 13 13 13 13 13 13 13 13 14 13 14 12 12
2292_1_1 4 4 8 5 6 1 1 4 1 3 3 2 3 3 4 2 27 12 13 13 12 13 13 13 13 13 13 13 13 13 13 13 13 13 14 13 13 13 13 13 13 13 14 13 13 14 13 13 13 13 13 13 13 14 13 13 13 13 13 13 13 13 13 13 13 13 13 12 13 13 12
2293_1_3 3 6 5 8 5 1 2 1 4 2 1 4 3 3 3 3 27 12 13 13 13 13 13 13 13 13 13 13 13 13 14 13 13 12 13 13 13 13 13 13 13 14 13 13 13 13 14 13 13 13 13 13 13 13 12 13 13 14 13 13 13 13 13 13 13 13 13 13 13 13 12
2294_1_3 4 4 8 5 6 1 3 1 3 3 4 3 2 1 4 2 27 12 13 13 12 13 13 13 13 13 13 13 13 13 14 13 13 14 13 13 13 13 13 13 13 13 13 13 13 13 13 13 13 13 13 13 13 13 14 13 13 14 13 13 13 13 13 13 13 13 13 12 13 13 12
2296_0_1 3 6 5 7 6 0 4 2 3 3 3 2 3 3 3 1 27 12 13 13 14 13 13 13 13 13 13 13 13 13 13 13 13 13 13 13 12 13 13 14 13 13 13 13 13 13 13 13 14 13 13 12 13 13 13 13 13 13 13 13 13 13 13 13 13 13 13 14 13 13 12
2298_0_1 3 6 5 7 6 1 2 1 4 3 2 2 5 2 3 2 27 12 13 13 13 12 13 13 13 13 13 13 13 13 13 13 13 13 13 13 13 13 14 13 14 13 13 13 13 13 13 14 13 14 13 13 13 13 13 13 13 13 13 13 13 13 13 13 13 13 12 13 13 13 12
2300_0_1 3 5 7 5 7 0 3 3 3 4 2 3 1 2 3 3 27 12 13 13 13 13 13 13 13 13 13 13 13 14 13 13 13 14 13 13 13 13 13 13 12 13 13 13 13 13 13 12 13 13 13 13 13 13 14 13 13 13 14 13 13 13 13 13 13 13 13 13 13 13 12
2301_0_1 3 5 5 6 8 0 3 1 3 3 3 3 2 3 4 2 27 12 13 13 13 13 13 13 13 13 14 13 13 13 14 13 13 13 13 13 13 13 13 13 13 13 12 13 13 12 13 13 13 13 13 13 13 13 13 13 13 14 13 13 13 14 13 13 13 13 13 13 13 13 12
2302_1_1 4 4 8 5 6 0 3 3 3 4 2 3 1 2 3 3 27 12 13 13 13 13 13 13 13 13 13 13 13 14 13 13 14 13 13 13 13 13 13 13 12 13 13 13 13 13 13 12 13 13 13 13 13 13 13 14 13 13 14 13 13 13 13 13 13 13 13 13 13 13 12
2303_1_1 4 5 4 8 6 0 3 3 2 4 2 3 2 3 3 2 27 12 13 13 13 13 13 13 13 13 13 13 13 13 14 13 14 13 13 13 13 13 12 13 13 13 13 13 13 13 13 13 13 12 13 13 13 13 13 14 13 14 13 13 13 13 13 13 13 13 13 13 13 13 12
2304_0_5 4 4 7 5 7 1 2 2 5 3 2 2 4 1 3 2 27 12 13 13 13 13 13 14 13 13 13 13 13 13 13 13 13 13 13 13 13 13 14 13 13 12 13 13 13 13 12 13 13 14 13 13 13 13 13 13 13 13 13 13 13 13 13 13 14 13 13 13 13 13 12
2304_1_5 4 5 5 5 8 1 2 2 5 3 2 2 4 1 3 2 27 12 13 13 13 13 13 14 13 13 13 13 13 13 13 13 13 13 13 13 13 13 14 13 13 12 13 13 13 13 12 13 13 14 13 13 13 13 13 13 13 13 13 13 13 13 13 13 14 13 13 13 13 13 12
2304_2_5 4 8 5 5 5 1 2 2 5 3 2 2 4 1 3 2 27 12 13 13 13 13 13 14 13 13 13 13 13 13 13 13 13 13 13 13 13 13 14 13 13 12 13 13 13 13 12 13 13 14 13 13 13 13 13 13 13 13 13 13 13 13 13 13 14 13 13 13 13 13 12
2306_0_1 4 4 6 5 8 0 3 4 2 4 2 3 2 3 2 2 27 12 13 13 13 13 13 13 13 13 13 13 13 14 13 13 13 13 13 12 13 13 13 13 14 13 13 13 13 13 13 14 13 13 13 13 12 13 13 13 13 13 14 13 13 13 13 13 13 13 13 13 13 13 12
2307_0_1 4 5 4 6 8 1 3 2 2 2 2 4 4 2 1 4 27 12 13 13 13 13 13 13 13 13 13 13 12 13 13 13 14 13 13 13 13 13 13 13 13 13 14 13 13 14 13 13 13 13 13 13 13 13 13 14 13 13 13 12 13 13 13 13 13 13 13 13 13 13 12
2309_0_1 4 4 7 5 7 0 3 3 3 3 4 1 3 2 3 2 27 12 13 13 13 12 13 13 13 13 13 13 13 14 13 13 13 14 13 13 13 13 13 13 13 13 13 13 13 13 13 13 13 13 13 13 13 13 14 13 13 13 14 13 13 13 13 13 13 13 12 13 13 13 12
2310_0_3 4 5 4 6 8 1 3 1 3 4 4 1 3 2 3 2 27 12 13 13 13 13 13 13 12 13 13 13 13 13 13 13 13 13 13 13 13 13 13 13 14 13 14 13 13 14 13 14 13 13 13 13 13 13 13 13 13 13 13 13 13 13 13 12 13 13 13 13 13 13 12
2311_1_1 3 6 7 5 6 0 3 3 2 1 3 3 4 3 2 3 27 12 13 13 13 13 13 13 13 13 13 13 14 13 13 13 14 13 13 13 13 13 13 13 13 12 13 13 13 13 12 13 13 13 13 13 13 13 13 14 13 13 13 14 13 13 13 13 13 13 13 13 13 13 12
2313_1_1 4 4 8 5 6 0 3 2 4 2 3 3 3 2 4 1 27 12 13 13 12 13 13 13 13 13 13 13 13 13 13 13 13 13 13 13 13 13 14 13 14 13 13 13 13 13 13 14 13 14 13 13 13 13 13 13 13 13 13 13 13 13 13 13 13 13 13 12 13 13 12
2314_1_3 3 6 7 5 6 1 3 2 2 2 3 1 3 5 2 3 27 12 13 13 14 13 13 13 13 13 12 13 13 14 13 13 13 13 13 13 13 13 13 13 13 13 13 13 13 13 13 13 13 13 13 13 13 13 13 13 13 13 14 13 13 12 13 13 13 13 13 14 13 13 12
