1_1_0 4 5 4 8 5 0 2 2 4 3 2 2 4 2 2 3 26 12 12 12 12 12 12 12 12 12 12 12 12 12 12 12 12 12 12 12 12 12 12 12 12 12 12 13 13 12 12 12 12 12 12 12 12 12 12 12 12 12 12 12 12 12 12 12 12 12 12 12 12 12 12
3_1_0 4 4 8 5 6 1 1 2 4 3 3 2 3 3 1 4 27 12 13 13 13 13 13 13 13 13 13 13 13 13 13 13 13 13 14 13 13 13 13 13 13 13 13 13 13 13 13 13 13 13 13 13 13 14 13 13 13 13 13 13 13 13 13 13 13 13 13 13 13 13 12
5_1_0 3 6 7 5 6 1 2 3 1 3 1 3 2 3 5 3 27 13 13 13 13 12 13 13 13 13 13 13 13 13 13 13 13 13 13 13 13 13 14 13 13 13 13 13 13 13 13 13 13 14 13 13 13 13 13 13 13 13 13 13 13 13 13 13 13 13 12 13 13 13 13
6_1_2 3 8 6 5 5 1 2 2 3 2 3 3 1 5 3 2 27 12 13 13 13 14 13 13 13 13 13 13 13 13 13 13 13 13 13 13 13 13 13 13 13 13 13 13 13 13 13 13 13 13 13 13 13 13 13 13 13 13 13 13 13 13 13 13 13 13 14 13 13 13 12
8_0_2 4 4 6 5 8 1 2 2 3 2 3 3 1 5 3 2 27 12 13 13 13 13 13 13 13 13 13 13 13 13 13 13 13 14 13 13 13 13 13 13 13 13 13 13 13 13 13 13 13 13 13 13 13 13 14 13 13 13 13 13 13 13 13 13 13 13 13 13 13 13 12
9_1_0 3 7 6 6 5 1 1 2 3 2 3 4 1 4 3 3 27 13 13 13 13 12 13 13 13 13 13 13 13 13 13 13 13 13 13 13 13 13 13 13 14 13 13 13 13 13 13 14 13 13 13 13 13 13 13 13 13 13 13 13 13 13 13 13 13 13 12 13 13 13 13
10_1_2 3 7 6 6 5 1 2 2 3 5 2 2 3 3 1 3 27 13 13 13 13 12 13 13 13 13 13 13 13 13 13 13 13 13 13 14 13 13 13 13 13 13 13 13 13 13 13 13 13 13 13 13 14 13 13 13 13 13 13 13 13 13 13 13 13 13 12 13 13 13 13
12_1_0 4 4 8 5 6 1 1 2 4 3 3 2 3 3 1 4 27 12 13 13 13 13 13 14 13 13 13 13 13 13 13 13 13 13 13 13 13 13 13 13 13 13 13 13 13 13 13 13 13 13 13 13 13 13 13 13 13 13 13 13 13 13 13 13 14 13 13 13 13 13 12
14_1_0 4 4 8 5 6 0 2 3 2 3 1 4 3 3 3 3 27 12 13 13 13 13 13 13 13 13 13 13 13 14 13 13 13 13 13 13 13 13 13 13 13 13 13 13 13 13 13 13 13 13 13 13 13 13 13 13 13 13 14 13 13 13 13 13 13 13 13 13 13 13 12
15_1_0 3 8 6 5 5 1 1 3 1 3 3 3 2 3 3 4 27 13 13 13 13 13 13 13 13 13 13 12 13 13 13 13 13 13 13 13 13 13 13 13 13 14 13 13 13 13 14 13 13 13 13 13 13 13 13 13 13 13 13 13 12 13 13 13 13 13 13 13 13 13 13
16_0_2 4 4 6 5 8 1 2 3 3 1 3 3 4 3 1 3 27 13 13 13 13 13 13 13 13 13 13 12 13 13 13 13 13 13 13 13 13 13 13 13 13 13 13 14 14 13 13 13 13 13 13 13 13 13 13 13 13 13 13 13 12 13 13 13 13 13 13 13 13 13 13
16_1_4 4 4 8 5 6 1 2 5 2 3 2 3 3 2 2 2 27 13 13 13 13 13 13 13 13 13 13 12 13 13 13 13 13 13 13 13 13 13 13 13 13 13 13 14 14 13 13 13 13 13 13 13 13 13 13 13 13 13 13 13 12 13 13 13 13 13 13 13 13 13 13
17_1_2 4 4 8 5 6 1 2 2 3 2 3 3 1 5 3 2 27 12 13 13 13 13 13 13 13 13 13 13 13 13 13 13 13 13 13 13 13 13 13 13 13 13 13 14 14 13 13 13 13 13 13 13 13 13 13 13 13 13 13 13 13 13 13 13 13 13 13 13 13 13 12
19_1_0 4 5 4 8 5 0 2 2 2 4 2 4 1 3 4 2 26 11 12 12 12 12 12 12 12 12 12 13 12 12 12 12 12 12 12 12 12 12 13 12 12 12 12 12 12 12 12 12 12 13 12 12 12 12 12 12 12 12 12 12 13 12 12 12 12 12 12 12 12 12 11
20_3_0 3 7 6 5 5 0 2 4 4 3 2 2 2 2 1 4 26 12 12 12 12 11 12 12 12 12 12 13 12 12 12 12 12 12 12 12 12 12 13 12 12 12 12 12 12 12 12 12 12 13 12 12 12 12 12 12 12 12 12 12 13 12 12 12 12 12 11 12 12 12 12
21_1_2 4 5 4 8 5 1 1 2 2 2 3 3 2 3 2 5 26 11 13 12 13 12 12 12 12 12 12 12 12 12 12 12 12 12 12 12 12 12 12 12 12 12 12 12 12 12 12 12 12 12 12 12 12 12 12 12 12 12 12 12 12 12 12 12 12 12 12 13 12 13 11
22_1_2 3 5 7 5 6 1 2 2 3 2 1 5 3 3 2 2 26 12 12 12 12 11 12 12 12 12 12 12 12 13 12 12 12 12 12 12 12 13 12 12 12 12 12 12 12 12 12 12 12 12 13 12 12 12 12 12 12 12 13 12 12 12 12 12 12 12 11 12 12 12 12
22_3_2 3 7 6 5 5 1 2 2 3 2 1 5 3 3 2 2 26 12 12 12 12 11 12 12 12 12 12 12 12 13 12 12 12 12 12 12 12 13 12 12 12 12 12 12 12 12 12 12 12 12 13 12 12 12 12 12 12 12 13 12 12 12 12 12 12 12 11 12 12 12 12
24_0_2 4 5 4 5 8 1 1 2 2 2 3 3 2 3 2 5 26 11 13 12 12 12 12 12 12 12 12 12 12 12 12 12 12 12 12 12 12 12 12 12 12 12 13 12 12 13 12 12 12 12 12 12 12 12 12 12 12 12 12 12 12 12 12 12 12 12 12 12 12 13 11
25_1_0 4 5 4 8 5 0 3 3 2 1 2 2 3 3 3 4 26 11 12 13 12 12 12 12 12 12 12 12 12 12 12 12 12 12 12 12 12 12 12 12 12 12 13 12 12 13 12 12 12 12 12 12 12 12 12 12 12 12 12 12 12 12 12 12 12 12 12 12 13 12 11
26_1_2 4 5 4 8 5 1 1 2 2 2 3 3 2 3 2 5 26 11 12 12 12 12 12 12 12 13 12 12 12 12 12 12 12 12 13 12 12 12 12 12 12 12 12 12 12 12 12 12 12 12 12 12 12 13 12 12 12 12 12 12 12 12 13 12 12 12 12 12 12 12 11
27_3_0 3 7 6 5 5 0 3 1 2 3 4 3 2 2 3 3 26 12 12 12 12 11 12 12 12 12 12 12 12 13 12 12 12 12 12 12 12 12 12 12 12 12 13 12 12 13 12 12 12 12 12 12 12 12 12 12 12 12 13 12 12 12 12 12 12 12 11 12 12 12 12
29_1_0 3 5 7 5 6 0 2 3 2 2 3 2 4 2 4 2 26 12 12 12 12 11 12 12 12 12 12 12 12 12 12 12 12 13 12 13 12 12 12 12 12 12 12 12 12 12 12 12 12 12 12 12 13 12 13 12 12 12 12 12 12 12 12 12 12 12 11 12 12 12 12
30_1_0 4 5 4 8 5 0 2 2 4 3 2 2 4 2 2 3 26 11 12 12 12 12 13 12 12 12 12 12 13 12 12 12 12 12 12 12 12 12 12 12 12 12 12 12 12 12 12 12 12 12 12 12 12 12 12 12 12 12 12 13 12 12 12 12 12 13 12 12 12 12 11
32_1_0 4 5 4 8 5 0 2 2 2 3 4 3 2 2 2 4 26 11 12 12 12 12 12 12 12 12 12 12 13 12 12 12 12 12 12 12 12 12 12 12 13 12 12 12 12 12 12 13 12 12 12 12 12 12 12 12 12 12 12 13 12 12 12 12 12 12 12 12 12 12 11
34_1_0 4 4 8 5 5 1 1 1 3 3 3 2 4 2 2 4 26 12 12 12 12 11 12 12 12 12 13 12 12 12 12 12 12 12 12 13 12 12 12 12 12 12 12 12 12 12 12 12 12 12 12 12 13 12 12 12 12 12 12 12 12 13 12 12 12 12 11 12 12 12 12
35_3_0 3 7 6 5 5 0 2 2 4 2 2 4 2 3 3 2 26 12 12 12 12 11 12 12 12 12 12 12 12 12 12 12 12 13 12 12 12 13 12 12 12 12 12 12 12 12 12 12 12 12 13 12 12 12 13 12 12 12 12 12 12 12 12 12 12 12 11 12 12 12 12
37_1_0 4 5 4 8 5 0 2 2 2 3 4 3 2 2 2 4 26 11 12 12 12 12 12 12 12 12 12 12 12 13 12 12 12 12 12 12 12 13 12 12 12 12 12 12 12 12 12 12 12 12 13 12 12 12 12 12 12 12 13 12 12 12 12 12 12 12 12 12 12 12 11
38_3_0 3 8 6 4 5 0 2 2 4 3 2 2 4 2 2 3 26 11 12 12 12 13 12 12 12 12 13 12 12 12 12 12 12 12 12 12 12 12 12 12 12 12 12 12 12 12 12 12 12 12 12 12 12 12 12 12 12 12 12 12 12 13 12 12 12 12 13 12 12 12 11
40_1_0 3 7 5 7 4 0 2 2 2 3 4 3 2 2 2 4 26 11 13 12 12 12 12 12 12 12 13 12 12 12 12 12 12 12 12 12 12 12 12 12 12 12 12 12 12 12 12 12 12 12 12 12 12 12 12 12 12 12 12 12 12 13 12 12 12 12 12 12 12 13 11
41_1_2 4 4 8 5 5 1 2 2 3 2 1 5 3 3 2 2 26 12 12 12 12 11 12 12 12 12 13 12 12 12 12 12 12 12 12 12 12 12 12 12 13 12 12 12 12 12 12 13 12 12 12 12 12 12 12 12 12 12 12 12 12 13 12 12 12 12 11 12 12 12 12
42_3_0 3 8 6 4 5 0 2 2 2 3 4 3 2 2 2 4 26 11 12 12 12 12 12 12 12 12 13 12 12 12 12 12 12 12 12 12 13 12 12 12 12 12 12 12 12 12 12 12 12 12 12 13 12 12 12 12 12 12 12 12 12 13 12 12 12 12 12 12 12 12 11
43_1_2 3 7 5 7 4 1 1 2 2 2 3 3 2 3 2 5 26 11 13 12 12 12 12 12 12 12 12 12 12 12 12 13 12 12 12 12 12 12 12 12 12 12 12 12 12 12 12 12 12 12 12 12 12 12 12 12 13 12 12 12 12 12 12 12 12 12 12 12 12 13 11
44_3_0 3 8 6 4 5 0 3 3 2 1 2 2 3 3 3 4 26 11 12 12 12 12 12 12 12 12 12 12 12 12 12 13 12 12 12 12 12 12 12 12 12 13 12 12 12 12 13 12 12 12 12 12 12 12 12 12 13 12 12 12 12 12 12 12 12 12 12 12 12 12 11
45_1_2 4 5 4 8 5 1 1 2 2 2 3 3 2 3 2 5 26 11 12 12 12 12 12 13 12 12 12 12 12 12 12 12 12 12 12 12 12 12 12 12 13 12 12 12 12 12 12 13 12 12 12 12 12 12 12 12 12 12 12 12 12 12 12 12 13 12 12 12 12 12 11
47_0_2 2 6 5 7 6 1 1 2 2 2 3 3 2 3 2 5 26 11 12 12 12 12 12 12 12 12 12 12 12 12 12 13 12 12 12 12 13 12 12 12 12 12 12 12 12 12 12 12 12 12 12 13 12 12 12 12 13 12 12 12 12 12 12 12 12 12 12 12 12 12 11
47_2_2 3 5 4 6 8 1 1 2 2 2 3 3 2 3 2 5 26 11 12 12 12 12 12 12 12 12 12 12 12 12 12 13 12 12 12 12 13 12 12 12 12 12 12 12 12 12 12 12 12 12 12 13 12 12 12 12 13 12 12 12 12 12 12 12 12 12 12 12 12 12 11
48_1_0 4 5 4 8 5 0 2 2 4 3 2 2 4 2 2 3 26 11 12 12 12 12 12 12 12 12 12 12 12 12 12 12 12 13 12 12 12 13 12 12 12 12 12 12 12 12 12 12 12 12 13 12 12 12 13 12 12 12 12 12 12 12 12 12 12 12 12 12 12 12 11
50_1_0 4 5 4 8 5 0 2 2 4 3 2 2 4 2 2 3 26 11 12 12 12 12 12 12 12 12 12 12 12 12 12 12 13 12 12 12 12 12 12 13 12 12 12 12 12 12 12 12 13 12 12 12 12 12 12 13 12 12 12 12 12 12 12 12 12 12 12 12 12 12 11
52_0_2 4 5 4 5 8 1 1 2 2 2 3 3 2 3 2 5 26 11 12 12 12 12 12 12 12 12 12 12 12 13 12 12 12 12 12 12 12 12 12 12 12 12 13 12 12 13 12 12 12 12 12 12 12 12 12 12 12 12 13 12 12 12 12 12 12 12 12 12 12 12 11
53_1_0 3 7 5 7 4 0 1 3 2 3 3 3 2 3 2 4 26 11 13 12 12 12 12 12 12 12 12 12 12 12 12 12 12 12 12 12 12 12 12 12 12 13 12 12 12 12 13 12 12 12 12 12 12 12 12 12 12 12 12 12 12 12 12 12 12 12 12 12 12 13 11
55_1_0 4 5 4 8 5 0 1 3 2 3 3 3 2 3 2 4 26 11 13 12 12 12 12 12 12 12 12 12 12 12 12 12 12 12 12 13 12 12 12 12 12 12 12 12 12 12 12 12 12 12 12 12 13 12 12 12 12 12 12 12 12 12 12 12 12 12 12 12 12 13 11
57_2_0 3 6 5 7 5 1 1 1 3 3 3 2 4 2 2 4 26 12 12 12 12 11 12 12 12 12 12 12 12 12 13 12 12 12 12 12 12 12 12 13 12 12 12 12 12 12 12 12 13 12 12 12 12 12 12 12 12 13 12 12 12 12 12 12 12 12 11 12 12 12 12
59_0_0 2 6 6 6 6 0 2 3 2 2 3 2 4 2 4 2 26 11 12 12 12 12 12 12 12 12 13 12 12 12 12 12 12 12 12 13 12 12 12 12 12 12 12 12 12 12 12 12 12 12 12 12 13 12 12 12 12 12 12 12 12 13 12 12 12 12 12 12 12 12 11
61_1_0 4 4 8 5 5 0 2 3 2 2 3 2 4 2 4 2 26 11 12 12 12 12 12 12 12 12 12 12 12 12 13 12 12 12 12 12 12 13 12 12 12 12 12 12 12 12 12 12 12 12 13 12 12 12 12 12 12 13 12 12 12 12 12 12 12 12 12 12 12 12 11
63_0_2 4 4 5 5 8 1 1 2 2 2 3 3 2 3 2 5 26 11 12 12 13 12 12 12 12 13 12 12 12 12 12 12 12 12 12 12 12 12 12 12 12 12 12 12 12 12 12 12 12 12 12 12 12 12 12 12 12 12 12 12 12 12 13 12 12 12 12 13 12 12 11
65_0_0 2 6 6 6 6 1 2 1 3 4 3 2 3 2 1 4 26 11 12 12 12 12 12 12 12 12 12 12 12 12 12 12 13 12 12 12 13 12 12 12 12 12 12 12 12 12 12 12 12 12 12 13 12 12 12 13 12 12 12 12 12 12 12 12 12 12 12 12 12 12 11
67_0_2 4 5 4 5 8 0 3 2 3 1 2 3 4 2 4 2 26 11 12 12 12 12 12 12 12 12 12 12 12 12 12 12 13 12 12 12 12 12 13 12 12 12 12 12 12 12 12 12 12 13 12 12 12 12 12 13 12 12 12 12 12 12 12 12 12 12 12 12 12 12 11
68_0_2 3 5 5 6 7 0 4 3 2 4 2 3 2 3 2 1 26 12 12 12 12 11 12 12 12 12 12 12 12 12 12 12 12 12 12 13 12 12 13 12 12 12 12 12 12 12 12 12 12 13 12 12 13 12 12 12 12 12 12 12 12 12 12 12 12 12 11 12 12 12 12
68_2_2 3 6 5 7 5 0 4 3 2 4 2 3 2 3 2 1 26 12 12 12 12 11 12 12 12 12 12 12 12 12 12 12 12 12 12 13 12 12 13 12 12 12 12 12 12 12 12 12 12 13 12 12 13 12 12 12 12 12 12 12 12 12 12 12 12 12 11 12 12 12 12
69_0_2 4 4 5 5 8 0 3 2 3 1 2 3 4 2 4 2 26 11 12 12 12 12 13 12 12 12 12 13 12 12 12 12 12 12 12 12 12 12 12 12 12 12 12 12 12 12 12 12 12 12 12 12 12 12 12 12 12 12 12 12 13 12 12 12 12 13 12 12 12 12 11
70_1_0 3 5 7 5 6 0 2 2 3 2 1 4 3 3 3 3 26 12 12 12 12 11 12 12 12 12 12 12 12 12 12 12 12 12 13 12 12 13 12 12 12 12 12 12 12 12 12 12 12 12 13 12 12 13 12 12 12 12 12 12 12 12 12 12 12 12 11 12 12 12 12
71_1_0 3 7 5 7 4 0 1 3 2 3 3 3 2 3 2 4 26 11 12 12 12 12 12 12 12 12 12 12 12 13 12 12 12 12 12 12 12 12 12 12 12 13 12 12 12 12 13 12 12 12 12 12 12 12 12 12 12 12 13 12 12 12 12 12 12 12 12 12 12 12 11
72_3_0 3 7 6 5 5 0 2 2 2 3 4 2 2 4 2 3 26 12 12 12 12 11 12 12 12 12 12 12 12 13 12 12 12 12 12 12 12 12 12 12 13 12 12 12 12 12 12 13 12 12 12 12 12 12 12 12 12 12 13 12 12 12 12 12 12 12 11 12 12 12 12
73_3_0 3 7 6 5 5 0 2 2 4 3 2 2 4 2 2 3 26 12 12 12 12 11 12 12 12 12 12 12 12 12 12 12 13 12 12 12 12 12 12 12 12 12 12 13 13 12 12 12 12 12 12 12 12 12 12 13 12 12 12 12 12 12 12 12 12 12 11 12 12 12 12
76_0_0 4 5 4 5 8 0 2 2 4 2 2 4 2 3 3 2 26 11 12 12 12 12 12 12 12 12 12 12 13 12 12 12 12 12 12 12 12 13 12 12 12 12 12 12 12 12 12 12 12 12 13 12 12 12 12 12 12 12 12 13 12 12 12 12 12 12 12 12 12 12 11
78_0_0 3 4 7 5 7 0 2 3 2 2 3 2 4 2 4 2 26 11 12 12 12 12 12 12 12 12 12 12 13 12 12 12 12 12 12 12 12 12 12 12 12 13 12 12 12 12 13 12 12 12 12 12 12 12 12 12 12 12 12 13 12 12 12 12 12 12 12 12 12 12 11
79_2_0 3 6 5 7 5 0 3 2 2 2 2 2 2 3 4 4 26 12 12 12 12 11 12 12 12 12 12 12 12 12 12 12 12 13 12 12 12 12 12 12 12 12 13 12 12 13 12 12 12 12 12 12 12 12 13 12 12 12 12 12 12 12 12 12 12 12 11 12 12 12 12
81_0_0 3 5 5 6 7 0 3 1 2 3 4 3 2 2 3 3 26 12 12 12 12 11 12 12 12 12 12 12 12 12 12 12 12 12 13 12 12 12 12 12 13 12 12 12 12 12 12 13 12 12 12 12 12 13 12 12 12 12 12 12 12 12 12 12 12 12 11 12 12 12 12
82_0_0 4 5 4 5 8 1 2 1 3 4 3 2 3 2 1 4 26 11 12 12 12 12 12 12 12 13 12 12 12 12 12 12 12 13 12 12 12 12 12 12 12 12 12 12 12 12 12 12 12 12 12 12 12 12 13 12 12 12 12 12 12 12 13 12 12 12 12 12 12 12 11
84_0_0 2 6 6 6 6 1 2 1 3 4 3 2 3 2 1 4 26 11 12 12 12 13 12 12 12 13 12 12 12 12 12 12 12 12 12 12 12 12 12 12 12 12 12 12 12 12 12 12 12 12 12 12 12 12 12 12 12 12 12 12 12 12 13 12 12 12 13 12 12 12 11
87_0_0 4 4 5 5 8 0 2 2 2 2 4 2 2 3 3 4 26 11 12 12 13 12 12 12 12 12 12 12 12 12 12 12 12 12 12 12 12 12 12 12 12 12 13 12 12 13 12 12 12 12 12 12 12 12 12 12 12 12 12 12 12 12 12 12 12 12 12 13 12 12 11
89_0_0 2 6 6 6 6 0 2 2 2 2 4 2 2 3 3 4 26 11 12 12 12 12 12 12 12 12 12 12 12 12 12 13 12 12 12 12 12 12 12 12 12 12 13 12 12 13 12 12 12 12 12 12 12 12 12 12 13 12 12 12 12 12 12 12 12 12 12 12 12 12 11
91_1_0 4 5 4 8 5 0 2 2 2 2 4 2 2 3 3 4 26 11 12 12 13 12 12 13 12 12 12 12 12 12 12 12 12 12 12 12 12 12 12 12 12 12 12 12 12 12 12 12 12 12 12 12 12 12 12 12 12 12 12 12 12 12 12 12 13 12 12 13 12 12 11
93_1_0 4 5 4 8 5 0 3 2 2 2 2 2 2 3 4 4 26 12 12 12 12 12 12 12 12 12 12 11 12 12 12 12 12 12 12 12 12 12 13 12 12 12 13 12 12 13 12 12 12 13 12 12 12 12 12 12 12 12 12 12 11 12 12 12 12 12 12 12 12 12 12
95_1_0 4 5 4 8 5 0 3 2 2 2 2 2 2 3 4 4 26 11 12 12 12 12 12 12 12 12 12 12 12 12 12 12 12 12 13 12 12 13 12 12 12 12 12 12 12 12 12 12 12 12 13 12 12 13 12 12 12 12 12 12 12 12 12 12 12 12 12 12 12 12 11
96_1_2 4 5 4 8 5 1 1 3 1 4 3 4 2 1 3 3 26 12 12 12 12 11 12 12 12 12 12 12 12 12 12 13 12 12 12 12 12 12 13 12 12 12 12 12 12 12 12 12 12 13 12 12 12 12 12 12 13 12 12 12 12 12 12 12 12 12 11 12 12 12 12
98_1_0 4 5 4 8 5 0 2 2 2 2 4 2 2 3 3 4 26 11 12 12 13 12 12 12 12 12 12 12 12 12 12 12 12 12 13 12 12 12 12 12 12 12 12 12 12 12 12 12 12 12 12 12 12 13 12 12 12 12 12 12 12 12 12 12 12 12 12 13 12 12 11
100_1_0 4 4 8 5 5 0 3 1 2 3 4 3 2 2 3 3 26 12 12 12 12 11 12 12 12 12 12 12 12 12 12 13 12 12 12 12 12 12 12 12 13 12 12 12 12 12 12 13 12 12 12 12 12 12 12 12 13 12 12 12 12 12 12 12 12 12 11 12 12 12 12
101_1_2 3 7 5 7 4 1 1 2 2 2 3 3 2 3 2 5 26 11 12 12 12 12 12 12 12 12 12 12 12 12 12 12 12 12 13 12 13 12 12 12 12 12 12 12 12 12 12 12 12 12 12 13 12 13 12 12 12 12 12 12 12 12 12 12 12 12 12 12 12 12 11
102_1_2 4 5 4 8 5 1 2 3 1 3 1 3 2 3 5 2 26 11 12 12 12 12 12 12 12 12 12 13 12 12 12 12 12 12 13 12 12 12 12 12 12 12 12 12 12 12 12 12 12 12 12 12 12 13 12 12 12 12 12 12 13 12 12 12 12 12 12 12 12 12 11
104_1_0 3 7 5 7 4 0 1 3 2 3 3 3 2 3 2 4 26 11 12 13 12 12 12 12 12 12 12 12 12 12 12 12 12 12 12 12 13 12 12 12 12 12 12 12 12 12 12 12 12 12 12 13 12 12 12 12 12 12 12 12 12 12 12 12 12 12 12 12 13 12 11
106_1_0 4 5 4 8 5 0 2 3 2 2 3 2 4 2 4 2 26 11 12 13 12 12 12 12 12 12 12 12 12 12 12 12 12 12 12 12 12 13 12 12 12 12 12 12 12 12 12 12 12 12 13 12 12 12 12 12 12 12 12 12 12 12 12 12 12 12 12 12 13 12 11
107_1_0 3 7 5 7 4 0 3 2 2 2 3 1 3 3 4 3 26 11 12 12 12 13 12 12 12 12 12 12 12 12 12 12 12 12 13 12 12 12 12 12 12 12 12 12 12 12 12 12 12 12 12 12 12 13 12 12 12 12 12 12 12 12 12 12 12 12 13 12 12 12 11
108_0_2 4 5 4 5 8 1 1 3 2 1 4 1 3 3 4 3 26 11 12 13 12 12 12 12 12 12 12 13 12 12 12 12 12 12 12 12 12 12 12 12 12 12 12 12 12 12 12 12 12 12 12 12 12 12 12 12 12 12 12 12 13 12 12 12 12 12 12 12 13 12 11
109_1_0 3 7 5 7 4 0 3 3 2 1 2 2 3 3 3 4 26 11 12 13 12 12 12 12 12 12 12 12 12 12 12 13 12 12 12 12 12 12 12 12 12 12 12 12 12 12 12 12 12 12 12 12 12 12 12 12 13 12 12 12 12 12 12 12 12 12 12 12 13 12 11
110_1_2 4 5 4 8 5 1 2 1 3 1 3 3 1 4 4 3 26 12 12 12 12 11 12 12 12 12 12 12 12 12 12 12 12 12 12 12 13 12 13 12 12 12 12 12 12 12 12 12 12 13 12 13 12 12 12 12 12 12 12 12 12 12 12 12 12 12 11 12 12 12 12
111_1_2 4 5 4 8 5 1 2 2 3 2 1 5 3 3 2 2 26 12 12 12 12 11 12 12 12 12 12 12 12 12 12 12 12 12 12 12 13 12 12 13 12 12 12 12 12 12 12 12 13 12 12 13 12 12 12 12 12 12 12 12 12 12 12 12 12 12 11 12 12 12 12
113_0_2 4 4 5 5 8 1 2 1 2 3 4 1 3 4 2 3 26 12 12 12 12 11 12 12 12 12 12 12 12 12 12 12 12 12 12 13 13 12 12 12 12 12 12 12 12 12 12 12 12 12 12 13 13 12 12 12 12 12 12 12 12 12 12 12 12 12 11 12 12 12 12
113_1_4 4 4 8 5 5 1 2 3 1 2 4 4 2 3 1 3 26 12 12 12 12 11 12 12 12 12 12 12 12 12 12 12 12 12 12 13 13 12 12 12 12 12 12 12 12 12 12 12 12 12 12 13 13 12 12 12 12 12 12 12 12 12 12 12 12 12 11 12 12 12 12
115_1_0 4 4 8 5 5 0 3 1 2 3 4 3 2 2 3 3 26 12 12 12 12 11 12 12 12 12 12 12 12 12 12 12 12 12 12 12 13 12 12 12 12 12 13 12 12 13 12 12 12 12 12 13 12 12 12 12 12 12 12 12 12 12 12 12 12 12 11 12 12 12 12
117_1_0 4 5 4 8 5 0 2 2 2 2 4 2 2 3 3 4 26 11 12 12 12 12 12 12 12 12 12 12 12 12 12 12 12 12 13 12 12 12 12 12 12 12 13 12 12 13 12 12 12 12 12 12 12 13 12 12 12 12 12 12 12 12 12 12 12 12 12 12 12 12 11
118_1_2 4 5 4 8 5 1 1 2 2 2 3 3 2 3 2 5 26 11 12 12 12 12 12 12 12 12 12 12 12 12 12 12 12 12 13 12 12 12 12 12 13 12 12 12 12 12 12 13 12 12 12 12 12 13 12 12 12 12 12 12 12 12 12 12 12 12 12 12 12 12 11
120_1_0 3 7 5 7 4 0 2 2 2 2 4 2 2 3 3 4 26 11 12 12 12 12 12 12 12 12 12 12 12 12 12 13 12 12 13 12 12 12 12 12 12 12 12 12 12 12 12 12 12 12 12 12 12 13 12 12 13 12 12 12 12 12 12 12 12 12 12 12 12 12 11
123_0_0 4 4 5 5 8 0 2 2 4 3 2 2 4 2 2 3 26 11 12 12 12 12 12 12 12 12 12 12 12 12 12 12 13 12 12 12 12 13 12 12 12 12 12 12 12 12 12 12 12 12 13 12 12 12 12 13 12 12 12 12 12 12 12 12 12 12 12 12 12 12 11
125_0_0 2 6 6 6 6 0 3 2 2 2 2 2 2 3 4 4 26 11 12 12 13 12 12 12 12 12 13 12 12 12 12 12 12 12 12 12 12 12 12 12 12 12 12 12 12 12 12 12 12 12 12 12 12 12 12 12 12 12 12 12 12 13 12 12 12 12 12 13 12 12 11
127_1_0 3 7 5 7 4 0 3 3 2 1 2 2 3 3 3 4 26 11 12 12 12 12 12 13 12 12 12 12 12 12 12 12 12 12 12 12 12 12 12 12 12 13 12 12 12 12 13 12 12 12 12 12 12 12 12 12 12 12 12 12 12 12 12 12 13 12 12 12 12 12 11
130_0_2 3 5 5 6 7 1 2 1 2 3 4 1 3 4 2 3 26 12 12 12 12 11 12 12 12 12 12 12 12 13 12 12 12 12 12 13 12 12 12 12 12 12 12 12 12 12 12 12 12 12 12 12 13 12 12 12 12 12 13 12 12 12 12 12 12 12 11 12 12 12 12
130_1_4 3 5 7 5 6 1 2 3 1 2 4 4 2 3 1 3 26 12 12 12 12 11 12 12 12 12 12 12 12 13 12 12 12 12 12 13 12 12 12 12 12 12 12 12 12 12 12 12 12 12 12 12 13 12 12 12 12 12 13 12 12 12 12 12 12 12 11 12 12 12 12
130_3_0 3 7 6 5 5 0 2 2 1 3 3 3 2 3 3 4 26 12 12 12 12 11 12 12 12 12 12 12 12 13 12 12 12 12 12 13 12 12 12 12 12 12 12 12 12 12 12 12 12 12 12 12 13 12 12 12 12 12 13 12 12 12 12 12 12 12 11 12 12 12 12
132_0_0 3 5 5 6 7 0 2 3 2 2 3 2 4 2 4 2 26 12 12 12 12 11 12 12 12 12 12 12 12 12 12 12 12 12 12 13 12 12 12 12 12 12 12 13 13 12 12 12 12 12 12 12 13 12 12 12 12 12 12 12 12 12 12 12 12 12 11 12 12 12 12
133_0_0 4 5 4 5 8 0 3 2 2 2 2 2 2 3 4 4 26 11 12 12 12 12 12 12 12 12 12 12 13 12 12 12 12 12 12 12 12 12 12 12 12 12 13 12 12 13 12 12 12 12 12 12 12 12 12 12 12 12 12 13 12 12 12 12 12 12 12 12 12 12 11
134_0_4 2 6 6 6 6 1 1 3 3 2 2 4 1 4 3 2 26 11 12 12 12 13 12 12 12 12 12 12 12 12 12 12 12 12 12 12 12 12 12 12 12 12 13 12 12 13 12 12 12 12 12 12 12 12 12 12 12 12 12 12 12 12 12 12 12 12 13 12 12 12 11
136_1_0 4 4 8 5 5 0 1 3 2 3 3 3 2 3 2 4 26 11 12 12 12 12 12 12 12 12 12 12 12 12 12 12 12 12 12 13 12 12 12 12 13 12 12 12 12 12 12 13 12 12 12 12 13 12 12 12 12 12 12 12 12 12 12 12 12 12 12 12 12 12 11
137_1_2 4 4 8 5 5 1 1 3 2 1 4 1 3 3 4 3 26 11 12 12 12 12 12 12 12 12 12 13 12 12 12 12 12 12 12 13 12 12 12 12 12 12 12 12 12 12 12 12 12 12 12 12 13 12 12 12 12 12 12 12 13 12 12 12 12 12 12 12 12 12 11
139_1_0 3 5 7 5 6 1 1 1 3 3 3 2 4 2 2 4 26 12 12 12 12 11 12 12 12 12 12 12 12 12 12 12 12 12 12 13 12 12 12 13 12 12 12 12 12 12 12 12 13 12 12 12 13 12 12 12 12 12 12 12 12 12 12 12 12 12 11 12 12 12 12
140_0_2 4 4 5 5 8 1 1 2 3 1 4 2 2 3 3 4 26 11 12 12 13 12 12 12 12 12 12 12 12 12 12 12 13 12 12 12 12 12 12 12 12 12 12 12 12 12 12 12 12 12 12 12 12 12 12 13 12 12 12 12 12 12 12 12 12 12 12 13 12 12 11
140_1_4 4 4 8 5 5 1 1 3 3 2 2 4 1 4 3 2 26 11 12 12 13 12 12 12 12 12 12 12 12 12 12 12 13 12 12 12 12 12 12 12 12 12 12 12 12 12 12 12 12 12 12 12 12 12 12 13 12 12 12 12 12 12 12 12 12 12 12 13 12 12 11
142_1_0 4 4 8 5 5 0 3 3 2 1 2 2 3 3 3 4 26 11 12 12 13 12 12 12 12 12 12 12 12 12 12 12 12 12 12 13 12 12 12 12 12 12 12 12 12 12 12 12 12 12 12 12 13 12 12 12 12 12 12 12 12 12 12 12 12 12 12 13 12 12 11
145_0_0 4 4 5 5 8 0 1 3 2 3 3 3 2 3 2 4 26 11 12 12 12 12 12 12 12 13 12 12 12 12 13 12 12 12 12 12 12 12 12 12 12 12 12 12 12 12 12 12 12 12 12 12 12 12 12 12 12 13 12 12 12 12 13 12 12 12 12 12 12 12 11
146_1_0 4 5 4 8 5 1 1 2 3 1 3 3 1 4 3 4 26 11 12 12 13 12 12 12 12 12 12 12 12 12 12 12 12 12 12 12 12 12 13 12 12 12 12 12 12 12 12 12 12 13 12 12 12 12 12 12 12 12 12 12 12 12 12 12 12 12 12 13 12 12 11
147_1_0 3 7 5 7 4 1 1 2 3 1 3 3 1 4 3 4 26 11 12 12 12 12 12 12 12 12 12 12 12 12 12 13 12 12 12 12 12 12 13 12 12 12 12 12 12 12 12 12 12 13 12 12 12 12 12 12 13 12 12 12 12 12 12 12 12 12 12 12 12 12 11
149_0_0 4 5 4 5 8 1 1 2 3 1 3 3 1 4 3 4 26 11 12 12 12 12 12 13 12 12 12 13 12 12 12 12 12 12 12 12 12 12 12 12 12 12 12 12 12 12 12 12 12 12 12 12 12 12 12 12 12 12 12 12 13 12 12 12 13 12 12 12 12 12 11
150_0_0 4 5 4 5 8 0 3 3 2 1 2 2 3 3 3 4 26 11 12 12 12 12 12 13 12 12 12 12 12 12 12 12 12 12 12 13 12 12 12 12 12 12 12 12 12 12 12 12 12 12 12 12 13 12 12 12 12 12 12 12 12 12 12 12 13 12 12 12 12 12 11
152_0_0 4 4 5 5 8 1 1 2 3 3 3 2 4 1 3 3 26 12 12 12 12 12 12 12 12 12 12 11 12 12 12 12 12 12 12 13 12 12 12 12 13 12 12 12 12 12 12 13 12 12 12 12 13 12 12 12 12 12 12 12 11 12 12 12 12 12 12 12 12 12 12
153_0_0 2 6 6 6 6 0 3 2 2 2 3 1 3 3 4 3 26 11 12 12 12 12 13 12 12 12 12 12 12 12 12 13 12 12 12 12 12 12 12 12 12 12 12 12 12 12 12 12 12 12 12 12 12 12 12 12 13 12 12 12 12 12 12 12 12 13 12 12 12 12 11
154_0_2 4 5 4 5 8 1 1 2 3 1 4 2 2 3 3 4 26 11 12 12 12 12 13 12 12 12 12 12 12 12 12 12 12 12 13 12 12 12 12 12 12 12 12 12 12 12 12 12 12 12 12 12 12 13 12 12 12 12 12 12 12 12 12 12 12 13 12 12 12 12 11
154_1_4 4 5 4 8 5 1 1 3 3 2 2 4 1 4 3 2 26 11 12 12 12 12 13 12 12 12 12 12 12 12 12 12 12 12 13 12 12 12 12 12 12 12 12 12 12 12 12 12 12 12 12 12 12 13 12 12 12 12 12 12 12 12 12 12 12 13 12 12 12 12 11
156_1_0 4 4 8 5 5 0 1 3 2 3 3 3 2 3 2 4 26 11 12 12 12 12 12 12 12 12 12 12 12 12 13 12 12 12 12 12 12 12 12 12 13 12 12 12 12 12 12 13 12 12 12 12 12 12 12 12 12 13 12 12 12 12 12 12 12 12 12 12 12 12 11
158_0_4 4 4 5 5 8 1 1 3 3 2 2 4 1 4 3 2 26 11 12 12 12 12 12 12 12 12 12 12 12 12 12 12 13 12 12 12 12 12 12 12 12 12 13 12 12 13 12 12 12 12 12 12 12 12 12 13 12 12 12 12 12 12 12 12 12 12 12 12 12 12 11
159_0_0 4 4 5 5 8 0 3 3 2 1 2 2 3 3 3 4 26 11 12 12 12 12 12 12 12 12 12 12 12 12 12 12 12 12 12 13 12 12 12 12 12 12 13 12 12 13 12 12 12 12 12 12 13 12 12 12 12 12 12 12 12 12 12 12 12 12 12 12 12 12 11
161_0_2 3 5 5 6 7 1 1 3 1 4 3 4 2 1 3 3 26 12 12 12 12 11 12 12 12 12 12 12 12 12 12 12 12 12 12 12 12 12 13 12 12 12 13 12 12 13 12 12 12 13 12 12 12 12 12 12 12 12 12 12 12 12 12 12 12 12 11 12 12 12 12
161_2_2 3 6 5 7 5 1 1 3 1 4 3 4 2 1 3 3 26 12 12 12 12 11 12 12 12 12 12 12 12 12 12 12 12 12 12 12 12 12 13 12 12 12 13 12 12 13 12 12 12 13 12 12 12 12 12 12 12 12 12 12 12 12 12 12 12 12 11 12 12 12 12
162_1_0 3 7 5 7 4 1 2 1 3 4 3 2 3 2 1 4 26 11 12 12 12 13 12 12 12 12 12 12 12 13 12 12 12 12 12 12 12 12 12 12 12 12 12 12 12 12 12 12 12 12 12 12 12 12 12 12 12 12 13 12 12 12 12 12 12 12 13 12 12 12 11
163_1_2 4 5 4 8 5 1 1 3 2 3 4 3 1 3 2 3 26 12 12 12 12 12 12 12 12 12 12 11 12 12 12 12 12 12 12 13 12 12 12 13 12 12 12 12 12 12 12 12 13 12 12 12 13 12 12 12 12 12 12 12 11 12 12 12 12 12 12 12 12 12 12
164_1_2 3 5 7 5 6 1 2 2 3 2 1 5 3 3 2 2 26 12 12 12 12 11 12 12 12 12 12 12 12 12 12 12 12 12 12 12 12 12 12 13 13 12 12 12 12 12 12 13 13 12 12 12 12 12 12 12 12 12 12 12 12 12 12 12 12 12 11 12 12 12 12
164_3_2 3 7 6 5 5 1 2 2 3 2 1 5 3 3 2 2 26 12 12 12 12 11 12 12 12 12 12 12 12 12 12 12 12 12 12 12 12 12 12 13 13 12 12 12 12 12 12 13 13 12 12 12 12 12 12 12 12 12 12 12 12 12 12 12 12 12 11 12 12 12 12
165_1_2 4 5 4 8 5 1 1 3 2 1 4 1 3 3 4 3 26 11 12 12 12 12 12 12 12 12 12 12 12 12 13 12 12 12 12 12 12 12 13 12 12 12 12 12 12 12 12 12 12 13 12 12 12 12 12 12 12 13 12 12 12 12 12 12 12 12 12 12 12 12 11
166_1_0 4 4 8 5 5 0 3 2 2 2 3 1 3 3 4 3 26 11 12 12 12 12 13 12 12 12 12 12 12 12 12 12 12 12 12 12 12 12 12 12 12 12 13 12 12 13 12 12 12 12 12 12 12 12 12 12 12 12 12 12 12 12 12 12 12 13 12 12 12 12 11
167_0_2 3 4 7 5 7 1 2 1 2 3 2 4 2 2 3 4 26 12 12 12 12 12 12 12 12 12 12 11 12 12 12 12 12 12 12 12 13 12 12 12 12 12 12 13 13 12 12 12 12 12 12 13 12 12 12 12 12 12 12 12 11 12 12 12 12 12 12 12 12 12 12
169_0_0 2 6 6 6 6 1 1 3 2 2 2 2 4 2 4 3 26 12 12 12 12 12 12 12 12 12 12 11 12 12 12 12 12 12 12 12 12 13 12 12 12 13 12 12 12 12 13 12 12 12 13 12 12 12 12 12 12 12 12 12 11 12 12 12 12 12 12 12 12 12 12
171_0_0 2 6 6 6 6 0 2 3 2 2 3 2 4 2 4 2 26 11 12 12 12 12 12 12 12 12 13 12 12 12 13 12 12 12 12 12 12 12 12 12 12 12 12 12 12 12 12 12 12 12 12 12 12 12 12 12 12 13 12 12 12 13 12 12 12 12 12 12 12 12 11
173_0_2 4 4 5 5 8 1 2 3 1 3 1 3 2 3 5 2 26 11 12 12 12 12 12 12 12 12 12 13 12 12 12 12 12 12 12 12 12 12 12 12 12 12 13 12 12 13 12 12 12 12 12 12 12 12 12 12 12 12 12 12 13 12 12 12 12 12 12 12 12 12 11
174_0_2 4 5 4 5 8 1 1 2 3 1 4 2 2 3 3 4 26 11 12 12 12 12 12 12 12 12 12 12 12 12 12 12 12 13 12 12 12 12 12 12 12 12 13 12 12 13 12 12 12 12 12 12 12 12 13 12 12 12 12 12 12 12 12 12 12 12 12 12 12 12 11
174_1_4 4 5 4 8 5 1 1 3 3 2 2 4 1 4 3 2 26 11 12 12 12 12 12 12 12 12 12 12 12 12 12 12 12 13 12 12 12 12 12 12 12 12 13 12 12 13 12 12 12 12 12 12 12 12 13 12 12 12 12 12 12 12 12 12 12 12 12 12 12 12 11
176_0_2 4 5 4 5 8 1 1 3 2 1 4 1 3 3 4 3 26 11 12 12 12 12 12 12 12 12 12 12 12 12 12 12 12 12 12 13 12 12 13 12 12 12 12 12 12 12 12 12 12 13 12 12 13 12 12 12 12 12 12 12 12 12 12 12 12 12 12 12 12 12 11
177_0_2 2 6 6 6 6 1 1 2 2 2 3 3 2 3 2 5 26 11 12 12 12 12 12 12 12 12 12 12 12 12 12 12 12 12 12 12 13 12 12 12 12 12 13 12 12 13 12 12 12 12 12 13 12 12 12 12 12 12 12 12 12 12 12 12 12 12 12 12 12 12 11
179_0_2 4 4 5 5 8 1 2 3 1 3 1 3 2 3 5 2 26 11 12 12 13 12 12 12 12 12 12 13 12 12 12 12 12 12 12 12 12 12 12 12 12 12 12 12 12 12 12 12 12 12 12 12 12 12 12 12 12 12 12 12 13 12 12 12 12 12 12 13 12 12 11
180_1_0 3 5 7 5 6 0 2 2 2 3 4 3 2 2 2 4 26 12 12 12 12 11 12 12 12 12 12 12 12 12 12 12 12 13 12 12 12 12 12 12 13 12 12 12 12 12 12 13 12 12 12 12 12 12 13 12 12 12 12 12 12 12 12 12 12 12 11 12 12 12 12
181_0_2 4 4 5 5 8 1 2 3 2 1 3 1 3 3 4 3 26 12 12 12 12 12 12 12 12 12 12 11 12 12 12 12 12 12 12 12 12 13 12 12 12 12 13 12 12 13 12 12 12 12 13 12 12 12 12 12 12 12 12 12 11 12 12 12 12 12 12 12 12 12 12
182_0_2 4 5 4 5 8 1 1 2 2 2 3 3 2 3 2 5 26 11 12 12 13 12 12 12 12 12 12 12 12 13 12 12 12 12 12 12 12 12 12 12 12 12 12 12 12 12 12 12 12 12 12 12 12 12 12 12 12 12 13 12 12 12 12 12 12 12 12 13 12 12 11
183_1_0 4 5 4 8 5 0 3 3 2 1 2 2 3 3 3 4 26 11 12 12 12 12 12 12 13 12 12 12 12 12 12 12 12 12 12 12 12 12 12 12 12 12 13 12 12 13 12 12 12 12 12 12 12 12 12 12 12 12 12 12 12 12 12 13 12 12 12 12 12 12 11
184_1_2 3 5 7 5 6 1 2 1 3 1 3 3 1 4 4 3 26 12 12 12 12 11 12 12 12 12 12 12 12 12 12 12 12 12 12 12 12 12 13 12 13 12 12 12 12 12 12 13 12 13 12 12 12 12 12 12 12 12 12 12 12 12 12 12 12 12 11 12 12 12 12
184_3_2 3 7 6 5 5 1 2 1 3 1 3 3 1 4 4 3 26 12 12 12 12 11 12 12 12 12 12 12 12 12 12 12 12 12 12 12 12 12 13 12 13 12 12 12 12 12 12 13 12 13 12 12 12 12 12 12 12 12 12 12 12 12 12 12 12 12 11 12 12 12 12
186_1_0 3 5 7 5 6 0 2 2 4 2 2 4 2 3 3 2 26 12 12 12 12 11 12 12 12 12 12 12 12 12 12 12 12 12 12 12 12 13 12 12 12 12 12 13 13 12 12 12 12 12 13 12 12 12 12 12 12 12 12 12 12 12 12 12 12 12 11 12 12 12 12
187_0_2 2 6 6 6 6 1 1 2 2 2 3 3 2 3 2 5 26 11 12 12 12 12 12 12 12 13 12 12 12 12 12 13 12 12 12 12 12 12 12 12 12 12 12 12 12 12 12 12 12 12 12 12 12 12 12 12 13 12 12 12 12 12 13 12 12 12 12 12 12 12 11
189_1_0 3 7 5 7 4 0 2 2 2 3 4 3 2 2 2 4 26 11 12 12 12 12 12 12 12 12 12 12 12 12 12 12 12 12 12 12 13 12 12 13 12 12 12 12 12 12 12 12 13 12 12 13 12 12 12 12 12 12 12 12 12 12 12 12 12 12 12 12 12 12 11
192_0_0 3 4 7 5 7 0 3 2 2 2 2 2 2 3 4 4 26 11 12 12 12 12 12 13 12 12 13 12 12 12 12 12 12 12 12 12 12 12 12 12 12 12 12 12 12 12 12 12 12 12 12 12 12 12 12 12 12 12 12 12 12 13 12 12 13 12 12 12 12 12 11
194_0_0 4 4 5 5 8 0 2 2 2 3 4 3 2 2 2 4 26 11 12 12 12 12 12 12 12 12 12 12 12 12 12 12 12 12 12 12 12 13 12 12 13 12 12 12 12 12 12 13 12 12 13 12 12 12 12 12 12 12 12 12 12 12 12 12 12 12 12 12 12 12 11
196_0_0 3 4 7 5 7 1 1 3 2 2 2 2 4 2 4 3 26 12 12 12 12 12 12 12 12 12 12 11 12 12 12 12 12 12 12 12 12 12 12 13 12 13 12 12 12 12 13 12 13 12 12 12 12 12 12 12 12 12 12 12 11 12 12 12 12 12 12 12 12 12 12
197_0_0 2 6 6 6 6 1 1 2 3 3 3 2 4 1 3 3 26 12 12 12 12 12 12 12 12 12 12 11 12 12 12 12 12 12 12 12 12 12 12 12 13 13 12 12 12 12 13 13 12 12 12 12 12 12 12 12 12 12 12 12 11 12 12 12 12 12 12 12 12 12 12
198_1_0 4 5 4 8 5 0 3 3 1 2 1 4 3 3 3 3 26 11 12 12 12 12 12 12 13 12 12 13 12 12 12 12 12 12 12 12 12 12 12 12 12 12 12 12 12 12 12 12 12 12 12 12 12 12 12 12 12 12 12 12 13 12 12 13 12 12 12 12 12 12 11
199_1_0 4 5 4 8 5 1 1 3 1 4 3 3 2 2 3 3 26 12 12 12 12 12 12 12 12 12 12 11 12 12 12 12 12 12 12 12 12 12 12 12 13 12 12 13 13 12 12 13 12 12 12 12 12 12 12 12 12 12 12 12 11 12 12 12 12 12 12 12 12 12 12
201_0_2 4 4 5 5 8 1 1 2 2 2 3 3 2 3 2 5 26 11 12 12 13 12 12 12 12 12 12 12 12 12 12 12 12 12 12 12 12 12 12 12 13 12 12 12 12 12 12 13 12 12 12 12 12 12 12 12 12 12 12 12 12 12 12 12 12 12 12 13 12 12 11
202_0_2 2 6 6 6 6 1 2 3 1 3 1 3 2 3 5 2 26 11 12 12 12 12 12 12 12 12 12 13 12 12 12 13 12 12 12 12 12 12 12 12 12 12 12 12 12 12 12 12 12 12 12 12 12 12 12 12 13 12 12 12 13 12 12 12 12 12 12 12 12 12 11
203_1_2 3 7 5 7 4 1 1 3 2 1 4 1 3 3 4 3 26 11 12 12 12 12 12 12 12 12 12 12 12 12 12 12 12 12 12 12 12 12 13 12 12 13 12 12 12 12 13 12 12 13 12 12 12 12 12 12 12 12 12 12 12 12 12 12 12 12 12 12 12 12 11
204_1_2 3 7 5 7 4 1 2 2 3 2 2 1 3 2 3 5 26 11 12 12 12 13 12 12 12 12 12 12 12 12 12 12 12 13 12 12 12 12 12 12 12 12 12 12 12 12 12 12 12 12 12 12 12 12 13 12 12 12 12 12 12 12 12 12 12 12 13 12 12 12 11
206_1_0 3 5 7 5 6 0 2 2 2 3 4 3 2 2 2 4 26 12 12 12 12 11 12 12 12 12 12 12 12 12 12 12 12 12 12 12 12 12 12 12 13 12 12 13 13 12 12 13 12 12 12 12 12 12 12 12 12 12 12 12 12 12 12 12 12 12 11 12 12 12 12
207_0_2 4 4 5 5 8 1 2 2 3 2 2 1 3 2 3 5 26 11 12 12 12 12 13 12 12 12 12 12 12 12 12 12 13 12 12 12 12 12 12 12 12 12 12 12 12 12 12 12 12 12 12 12 12 12 12 13 12 12 12 12 12 12 12 12 12 13 12 12 12 12 11
208_0_2 3 5 5 6 7 1 2 2 1 2 5 2 3 2 3 3 26 12 12 12 12 11 12 12 13 12 12 12 12 12 12 12 12 12 12 13 12 12 12 12 12 12 12 12 12 12 12 12 12 12 12 12 13 12 12 12 12 12 12 12 12 12 12 13 12 12 11 12 12 12 12
208_2_2 3 6 5 7 5 1 2 2 1 2 5 2 3 2 3 3 26 12 12 12 12 11 12 12 13 12 12 12 12 12 12 12 12 12 12 13 12 12 12 12 12 12 12 12 12 12 12 12 12 12 12 12 13 12 12 12 12 12 12 12 12 12 12 13 12 12 11 12 12 12 12
209_0_2 4 5 4 5 8 1 2 2 3 2 2 1 3 2 3 5 26 11 12 12 12 12 13 12 12 12 12 12 12 12 12 12 12 13 12 12 12 12 12 12 12 12 12 12 12 12 12 12 12 12 12 12 12 12 13 12 12 12 12 12 12 12 12 12 12 13 12 12 12 12 11
210_0_2 3 4 7 5 7 0 3 2 3 1 2 3 4 2 4 2 26 11 12 12 12 13 12 12 12 12 12 12 12 12 12 12 12 12 12 12 12 12 13 12 12 12 12 12 12 12 12 12 12 13 12 12 12 12 12 12 12 12 12 12 12 12 12 12 12 12 13 12 12 12 11
211_0_2 4 5 4 5 8 0 3 2 3 1 2 3 4 2 4 2 26 11 12 12 12 12 12 12 12 12 12 13 12 12 12 12 12 13 12 12 12 12 12 12 12 12 12 12 12 12 12 12 12 12 12 12 12 12 13 12 12 12 12 12 13 12 12 12 12 12 12 12 12 12 11
212_0_2 4 5 4 5 8 0 3 2 3 1 2 3 4 2 4 2 26 11 12 12 12 12 13 12 12 12 12 12 12 12 12 12 12 12 12 12 12 12 13 12 12 12 12 12 12 12 12 12 12 13 12 12 12 12 12 12 12 12 12 12 12 12 12 12 12 13 12 12 12 12 11
213_1_0 4 5 4 8 5 0 3 2 2 2 2 2 2 3 4 4 26 11 12 12 13 12 12 12 12 12 12 12 12 12 12 12 12 12 12 12 12 12 12 13 12 12 12 12 12 12 12 12 13 12 12 12 12 12 12 12 12 12 12 12 12 12 12 12 12 12 12 13 12 12 11
215_1_0 4 4 8 5 5 0 2 1 4 2 2 3 3 2 4 3 26 11 12 12 12 12 12 12 12 12 12 13 12 12 12 12 13 12 12 12 12 12 12 12 12 12 12 12 12 12 12 12 12 12 12 12 12 12 12 13 12 12 12 12 13 12 12 12 12 12 12 12 12 12 11
217_0_0 4 4 5 5 8 0 3 3 1 2 1 4 3 3 3 3 26 11 12 12 12 12 12 12 12 12 12 13 12 12 13 12 12 12 12 12 12 12 12 12 12 12 12 12 12 12 12 12 12 12 12 12 12 12 12 12 12 13 12 12 13 12 12 12 12 12 12 12 12 12 11
218_0_0 3 4 7 5 7 0 1 3 2 3 3 3 2 3 2 4 26 11 12 12 12 12 12 12 13 12 12 12 12 12 12 12 12 12 12 12 13 12 12 12 12 12 12 12 12 12 12 12 12 12 12 13 12 12 12 12 12 12 12 12 12 12 12 13 12 12 12 12 12 12 11
220_0_0 2 6 6 6 6 0 3 2 2 2 2 2 2 3 4 4 26 11 12 12 12 12 12 12 12 12 13 12 12 12 12 12 12 12 12 12 12 12 12 12 12 12 13 12 12 13 12 12 12 12 12 12 12 12 12 12 12 12 12 12 12 13 12 12 12 12 12 12 12 12 11
221_1_2 4 5 4 8 5 1 2 3 1 3 1 3 2 3 5 2 26 11 12 12 12 12 12 12 12 12 12 12 12 12 12 12 12 12 12 12 12 12 13 12 12 12 13 12 12 13 12 12 12 13 12 12 12 12 12 12 12 12 12 12 12 12 12 12 12 12 12 12 12 12 11
223_1_0 4 4 8 5 5 0 2 2 4 3 2 2 4 2 2 3 26 11 12 12 12 12 13 12 12 12 12 12 12 12 12 12 12 12 12 12 12 13 12 12 12 12 12 12 12 12 12 12 12 12 13 12 12 12 12 12 12 12 12 12 12 12 12 12 12 13 12 12 12 12 11
224_1_2 4 4 8 5 5 1 1 2 2 2 3 3 2 3 2 5 26 11 12 12 12 12 12 12 12 13 12 12 12 12 12 12 12 12 12 12 12 12 12 12 12 12 13 12 12 13 12 12 12 12 12 12 12 12 12 12 12 12 12 12 12 12 13 12 12 12 12 12 12 12 11
225_1_0 4 5 4 8 5 0 3 2 2 2 3 1 3 3 4 3 26 11 12 12 12 12 12 13 12 12 12 12 12 12 12 12 13 12 12 12 12 12 12 12 12 12 12 12 12 12 12 12 12 12 12 12 12 12 12 13 12 12 12 12 12 12 12 12 13 12 12 12 12 12 11
226_0_2 2 6 5 7 6 1 1 2 3 1 4 2 2 3 3 4 26 11 12 12 12 13 12 12 12 12 12 12 12 12 12 13 12 12 12 12 12 12 12 12 12 12 12 12 12 12 12 12 12 12 12 12 12 12 12 12 13 12 12 12 12 12 12 12 12 12 13 12 12 12 11
226_1_4 2 6 7 5 6 1 1 3 3 2 2 4 1 4 3 2 26 11 12 12 12 13 12 12 12 12 12 12 12 12 12 13 12 12 12 12 12 12 12 12 12 12 12 12 12 12 12 12 12 12 12 12 12 12 12 12 13 12 12 12 12 12 12 12 12 12 13 12 12 12 11
226_3_0 3 8 6 4 5 0 3 2 2 2 3 1 3 3 4 3 26 11 12 12 12 13 12 12 12 12 12 12 12 12 12 13 12 12 12 12 12 12 12 12 12 12 12 12 12 12 12 12 12 12 12 12 12 12 12 12 13 12 12 12 12 12 12 12 12 12 13 12 12 12 11
227_1_0 2 6 7 5 6 1 2 1 3 4 3 2 3 2 1 4 26 11 12 12 12 13 12 12 12 12 12 12 12 12 12 12 12 12 12 12 13 12 12 12 12 12 12 12 12 12 12 12 12 12 12 13 12 12 12 12 12 12 12 12 12 12 12 12 12 12 13 12 12 12 11
228_1_0 2 6 7 5 6 0 2 3 2 2 3 2 4 2 4 2 26 11 12 12 12 12 12 12 12 12 13 12 12 12 12 12 12 12 12 12 12 12 12 12 12 13 12 12 12 12 13 12 12 12 12 12 12 12 12 12 12 12 12 12 12 13 12 12 12 12 12 12 12 12 11
229_1_0 2 6 7 5 6 0 3 2 2 2 2 2 2 3 4 4 26 11 12 12 12 12 12 12 12 12 13 12 12 12 12 13 12 12 12 12 12 12 12 12 12 12 12 12 12 12 12 12 12 12 12 12 12 12 12 12 13 12 12 12 12 13 12 12 12 12 12 12 12 12 11
230_1_0 2 6 7 5 6 0 1 3 2 3 3 3 2 3 2 4 26 11 12 12 12 12 12 12 12 12 12 12 12 12 12 12 12 12 12 12 13 12 12 12 12 13 12 12 12 12 13 12 12 12 12 13 12 12 12 12 12 12 12 12 12 12 12 12 12 12 12 12 12 12 11
231_1_0 3 7 5 7 4 0 3 2 2 2 2 2 2 3 4 4 26 11 12 12 12 12 12 12 12 12 12 12 13 12 12 13 12 12 12 12 12 12 12 12 12 12 12 12 12 12 12 12 12 12 12 12 12 12 12 12 13 12 12 13 12 12 12 12 12 12 12 12 12 12 11
232_1_2 3 7 5 7 4 1 1 2 2 2 3 3 2 3 2 5 26 11 12 12 12 12 12 13 12 12 12 12 12 12 12 12 12 12 12 12 13 12 12 12 12 12 12 12 12 12 12 12 12 12 12 13 12 12 12 12 12 12 12 12 12 12 12 12 13 12 12 12 12 12 11
233_1_2 2 6 7 5 6 1 2 2 1 2 4 3 2 3 2 4 26 12 12 12 12 12 12 12 12 12 12 11 12 12 12 12 12 12 12 12 13 12 12 12 12 13 12 12 12 12 13 12 12 12 12 13 12 12 12 12 12 12 12 12 11 12 12 12 12 12 12 12 12 12 12
233_3_2 3 8 6 4 5 1 2 2 1 2 4 3 2 3 2 4 26 12 12 12 12 12 12 12 12 12 12 11 12 12 12 12 12 12 12 12 13 12 12 12 12 13 12 12 12 12 13 12 12 12 12 13 12 12 12 12 12 12 12 12 11 12 12 12 12 12 12 12 12 12 12
235_0_2 3 5 5 6 7 1 2 1 2 3 4 1 3 4 2 3 26 12 12 12 12 11 12 12 12 12 12 12 12 13 13 12 12 12 12 12 12 12 12 12 12 12 12 12 12 12 12 12 12 12 12 12 12 12 12 12 12 13 13 12 12 12 12 12 12 12 11 12 12 12 12
235_1_4 3 5 7 5 6 1 2 3 1 2 4 4 2 3 1 3 26 12 12 12 12 11 12 12 12 12 12 12 12 13 13 12 12 12 12 12 12 12 12 12 12 12 12 12 12 12 12 12 12 12 12 12 12 12 12 12 12 13 13 12 12 12 12 12 12 12 11 12 12 12 12
235_3_0 3 7 6 5 5 0 2 2 1 3 3 3 2 3 3 4 26 12 12 12 12 11 12 12 12 12 12 12 12 13 13 12 12 12 12 12 12 12 12 12 12 12 12 12 12 12 12 12 12 12 12 12 12 12 12 12 12 13 13 12 12 12 12 12 12 12 11 12 12 12 12
236_0_2 4 5 4 5 8 1 1 2 3 1 4 2 2 3 3 4 26 11 12 12 13 12 12 12 12 12 12 12 12 12 12 12 12 13 12 12 12 12 12 12 12 12 12 12 12 12 12 12 12 12 12 12 12 12 13 12 12 12 12 12 12 12 12 12 12 12 12 13 12 12 11
236_1_4 4 5 4 8 5 1 1 3 3 2 2 4 1 4 3 2 26 11 12 12 13 12 12 12 12 12 12 12 12 12 12 12 12 13 12 12 12 12 12 12 12 12 12 12 12 12 12 12 12 12 12 12 12 12 13 12 12 12 12 12 12 12 12 12 12 12 12 13 12 12 11
238_0_2 4 5 4 5 8 1 2 3 2 1 3 1 3 3 4 3 26 12 12 12 12 12 12 12 12 12 12 11 12 12 12 12 12 12 12 12 12 12 12 13 12 12 13 12 12 13 12 12 13 12 12 12 12 12 12 12 12 12 12 12 11 12 12 12 12 12 12 12 12 12 12
239_1_0 4 5 4 8 5 1 2 1 3 4 3 2 3 2 1 4 26 11 12 12 12 12 12 12 12 12 12 12 12 12 12 12 12 13 12 12 12 12 12 12 13 12 12 12 12 12 12 13 12 12 12 12 12 12 13 12 12 12 12 12 12 12 12 12 12 12 12 12 12 12 11
240_3_0 3 7 6 5 5 0 2 2 3 2 1 4 3 3 3 3 26 12 12 12 12 11 12 12 12 12 12 12 12 12 12 12 12 12 12 12 12 12 12 13 12 12 13 12 12 13 12 12 13 12 12 12 12 12 12 12 12 12 12 12 12 12 12 12 12 12 11 12 12 12 12
241_1_2 4 5 4 8 5 1 2 2 4 4 1 3 2 2 2 3 26 12 12 12 12 12 12 12 12 12 12 11 12 12 12 12 12 12 12 12 12 12 12 12 12 12 13 13 13 13 12 12 12 12 12 12 12 12 12 12 12 12 12 12 11 12 12 12 12 12 12 12 12 12 12
243_1_0 4 5 4 8 5 0 2 3 2 2 3 2 4 2 4 2 26 11 12 12 12 12 12 12 12 12 12 12 12 12 13 12 12 12 12 12 12 12 12 13 12 12 12 12 12 12 12 12 13 12 12 12 12 12 12 12 12 13 12 12 12 12 12 12 12 12 12 12 12 12 11
244_3_0 3 7 6 5 5 0 3 2 2 2 2 2 2 3 4 4 26 12 12 12 12 11 12 12 12 12 12 12 12 12 12 12 12 12 12 12 12 12 12 12 12 12 13 13 13 13 12 12 12 12 12 12 12 12 12 12 12 12 12 12 12 12 12 12 12 12 11 12 12 12 12
246_1_0 4 5 4 8 5 0 3 2 2 2 2 2 2 3 4 4 26 11 12 12 12 12 12 12 12 12 12 12 12 12 12 12 12 12 12 12 12 12 12 13 12 12 13 12 12 13 12 12 13 12 12 12 12 12 12 12 12 12 12 12 12 12 12 12 12 12 12 12 12 12 11
248_0_2 4 5 4 5 8 1 1 2 3 1 4 2 2 3 3 4 26 11 12 12 12 12 12 12 12 12 12 12 12 12 12 12 13 12 13 12 12 12 12 12 12 12 12 12 12 12 12 12 12 12 12 12 12 13 12 13 12 12 12 12 12 12 12 12 12 12 12 12 12 12 11
248_1_4 4 5 4 8 5 1 1 3 3 2 2 4 1 4 3 2 26 11 12 12 12 12 12 12 12 12 12 12 12 12 12 12 13 12 13 12 12 12 12 12 12 12 12 12 12 12 12 12 12 12 12 12 12 13 12 13 12 12 12 12 12 12 12 12 12 12 12 12 12 12 11
249_1_0 4 4 8 5 5 0 3 2 2 2 3 1 3 3 4 3 26 11 12 12 13 12 13 12 12 12 12 12 12 12 12 12 12 12 12 12 12 12 12 12 12 12 12 12 12 12 12 12 12 12 12 12 12 12 12 12 12 12 12 12 12 12 12 12 12 13 12 13 12 12 11
250_1_0 4 4 8 5 5 0 2 3 2 2 3 2 4 2 4 2 26 11 12 12 12 12 12 12 12 12 12 12 12 12 12 12 12 12 12 13 12 13 12 12 12 12 12 12 12 12 12 12 12 12 13 12 13 12 12 12 12 12 12 12 12 12 12 12 12 12 12 12 12 12 11
251_1_0 3 7 5 7 4 0 3 2 2 2 3 1 3 3 4 3 26 11 12 12 12 13 12 13 12 12 12 12 12 12 12 12 12 12 12 12 12 12 12 12 12 12 12 12 12 12 12 12 12 12 12 12 12 12 12 12 12 12 12 12 12 12 12 12 13 12 13 12 12 12 11
252_1_0 3 7 5 7 4 0 2 2 4 2 2 4 2 3 3 2 26 11 12 12 12 12 12 12 12 12 13 12 13 12 12 12 12 12 12 12 12 12 12 12 12 12 12 12 12 12 12 12 12 12 12 12 12 12 12 12 12 12 12 13 12 13 12 12 12 12 12 12 12 12 11
254_0_2 3 4 7 5 7 1 1 2 3 1 4 2 2 3 3 4 26 11 12 12 12 12 12 12 12 12 12 12 12 12 12 13 12 13 12 12 12 12 12 12 12 12 12 12 12 12 12 12 12 12 12 12 12 12 13 12 13 12 12 12 12 12 12 12 12 12 12 12 12 12 11
254_1_4 3 7 5 7 4 1 1 3 3 2 2 4 1 4 3 2 26 11 12 12 12 12 12 12 12 12 12 12 12 12 12 13 12 13 12 12 12 12 12 12 12 12 12 12 12 12 12 12 12 12 12 12 12 12 13 12 13 12 12 12 12 12 12 12 12 12 12 12 12 12 11
255_1_2 4 5 4 8 5 1 1 2 2 2 3 3 2 3 2 5 26 11 12 12 12 12 12 13 12 13 12 12 12 12 12 12 12 12 12 12 12 12 12 12 12 12 12 12 12 12 12 12 12 12 12 12 12 12 12 12 12 12 12 12 12 12 13 12 13 12 12 12 12 12 11
257_1_0 3 7 5 7 4 0 2 3 2 2 3 2 4 2 4 2 26 11 12 12 12 12 12 12 12 12 12 12 12 12 12 12 12 12 12 12 12 12 12 13 12 13 12 12 12 12 13 12 13 12 12 12 12 12 12 12 12 12 12 12 12 12 12 12 12 12 12 12 12 12 11
259_0_2 4 4 5 5 8 1 1 2 2 2 3 3 2 3 2 5 26 11 12 12 12 12 12 12 12 12 12 12 12 12 12 12 12 12 12 12 12 12 12 12 13 12 13 12 12 13 12 13 12 12 12 12 12 12 12 12 12 12 12 12 12 12 12 12 12 12 12 12 12 12 11
260_0_2 3 4 7 5 7 1 1 2 2 2 3 3 2 3 2 5 26 11 12 12 12 12 12 12 12 12 12 12 12 13 12 13 12 12 12 12 12 12 12 12 12 12 12 12 12 12 12 12 12 12 12 12 12 12 12 12 13 12 13 12 12 12 12 12 12 12 12 12 12 12 11
262_0_0 4 5 4 5 8 0 3 3 2 1 2 2 3 3 3 4 26 11 12 12 12 12 12 12 12 12 12 12 12 12 12 12 12 12 13 13 12 12 12 12 12 12 12 12 12 12 12 12 12 12 12 12 13 13 12 12 12 12 12 12 12 12 12 12 12 12 12 12 12 12 11
264_0_2 3 4 7 5 7 1 1 2 3 1 4 2 2 3 3 4 26 11 12 12 12 12 12 12 12 12 12 12 12 12 12 13 12 12 12 12 12 12 12 12 12 12 12 13 13 12 12 12 12 12 12 12 12 12 12 12 13 12 12 12 12 12 12 12 12 12 12 12 12 12 11
264_1_4 3 7 5 7 4 1 1 3 3 2 2 4 1 4 3 2 26 11 12 12 12 12 12 12 12 12 12 12 12 12 12 13 12 12 12 12 12 12 12 12 12 12 12 13 13 12 12 12 12 12 12 12 12 12 12 12 13 12 12 12 12 12 12 12 12 12 12 12 12 12 11
265_1_0 4 5 4 8 5 0 3 2 2 2 3 1 3 3 4 3 26 11 12 12 13 12 12 12 12 12 12 12 12 12 12 12 12 12 12 12 12 12 12 12 12 12 12 13 13 12 12 12 12 12 12 12 12 12 12 12 12 12 12 12 12 12 12 12 12 12 12 13 12 12 11
266_1_0 4 5 4 8 5 0 2 2 4 3 2 2 4 2 2 3 26 11 12 12 12 12 12 12 12 12 12 12 12 12 12 12 12 12 12 12 12 13 12 12 12 12 12 13 13 12 12 12 12 12 13 12 12 12 12 12 12 12 12 12 12 12 12 12 12 12 12 12 12 12 11
267_1_2 4 5 4 8 5 0 4 3 2 4 2 3 2 3 2 1 26 12 12 12 12 11 12 12 12 12 12 12 12 12 12 12 12 12 12 12 12 12 13 12 12 13 12 12 12 12 13 12 12 13 12 12 12 12 12 12 12 12 12 12 12 12 12 12 12 12 11 12 12 12 12
268_1_2 4 5 4 8 5 0 3 2 3 1 2 3 4 2 4 2 26 11 12 12 12 12 12 12 12 12 12 13 12 12 12 12 12 12 12 12 12 12 12 12 12 12 12 13 13 12 12 12 12 12 12 12 12 12 12 12 12 12 12 12 13 12 12 12 12 12 12 12 12 12 11
270_0_2 3 4 7 5 7 1 2 2 3 2 2 1 3 2 3 5 26 11 12 12 12 13 12 12 12 12 12 12 12 12 12 12 12 12 12 12 12 12 12 12 12 12 12 13 13 12 12 12 12 12 12 12 12 12 12 12 12 12 12 12 12 12 12 12 12 12 13 12 12 12 11
271_0_2 4 4 5 5 8 1 2 1 2 3 4 1 3 4 2 3 26 12 12 12 12 11 12 12 12 12 12 12 12 12 12 12 12 12 12 12 12 12 12 12 13 13 12 12 12 12 13 13 12 12 12 12 12 12 12 12 12 12 12 12 12 12 12 12 12 12 11 12 12 12 12
271_1_4 4 4 8 5 5 1 2 3 1 2 4 4 2 3 1 3 26 12 12 12 12 11 12 12 12 12 12 12 12 12 12 12 12 12 12 12 12 12 12 12 13 13 12 12 12 12 13 13 12 12 12 12 12 12 12 12 12 12 12 12 12 12 12 12 12 12 11 12 12 12 12
273_0_2 4 4 5 5 8 1 2 2 1 2 5 2 3 2 3 3 26 12 12 12 12 11 12 12 12 12 12 12 12 12 12 12 12 12 12 13 12 12 12 12 12 13 12 12 12 12 13 12 12 12 12 12 13 12 12 12 12 12 12 12 12 12 12 12 12 12 11 12 12 12 12
274_0_2 4 5 4 5 8 1 2 2 3 2 2 1 3 2 3 5 26 11 12 12 12 12 12 12 12 12 12 12 12 12 12 12 13 12 12 12 12 12 12 12 12 12 12 13 13 12 12 12 12 12 12 12 12 12 12 13 12 12 12 12 12 12 12 12 12 12 12 12 12 12 11
275_0_2 4 5 4 5 8 1 2 2 3 2 2 1 3 2 3 5 26 11 12 12 12 12 13 12 12 12 12 12 12 12 12 12 12 12 12 12 12 12 12 12 12 12 12 13 13 12 12 12 12 12 12 12 12 12 12 12 12 12 12 12 12 12 12 12 12 13 12 12 12 12 11
276_1_0 4 5 4 8 5 0 2 3 2 2 3 2 4 2 4 2 26 12 12 12 12 11 12 12 12 12 12 12 12 12 12 12 12 12 12 12 12 12 12 12 12 13 12 13 13 12 13 12 12 12 12 12 12 12 12 12 12 12 12 12 12 12 12 12 12 12 11 12 12 12 12
278_1_0 4 5 4 8 5 1 2 1 3 4 3 2 3 2 1 4 26 11 12 12 12 12 12 12 12 12 12 12 12 12 12 12 12 12 12 12 12 12 12 12 13 12 12 13 13 12 12 13 12 12 12 12 12 12 12 12 12 12 12 12 12 12 12 12 12 12 12 12 12 12 11
280_0_2 3 4 6 5 7 1 1 1 3 3 3 2 3 3 1 4 25 11 11 11 11 11 11 11 11 11 11 11 11 12 11 11 11 11 12 11 11 11 11 11 12 11 11 11 11 11 11 12 11 11 11 11 11 12 11 11 11 11 12 11 11 11 11 11 11 11 11 11 11 11 11
280_2_2 3 7 5 6 4 1 1 1 3 3 3 2 3 3 1 4 25 11 11 11 11 11 11 11 11 11 11 11 11 12 11 11 11 11 12 11 11 11 11 11 12 11 11 11 11 11 11 12 11 11 11 11 11 12 11 11 11 11 12 11 11 11 11 11 11 11 11 11 11 11 11
281_0_2 3 4 6 5 7 1 1 1 2 3 3 3 3 2 1 5 25 11 11 11 11 11 11 11 11 11 11 12 11 11 11 11 11 11 11 11 11 11 12 11 11 11 11 12 12 11 11 11 11 12 11 11 11 11 11 11 11 11 11 11 12 11 11 11 11 11 11 11 11 11 11
281_2_2 3 7 5 6 4 1 1 1 2 3 3 3 3 2 1 5 25 11 11 11 11 11 11 11 11 11 11 12 11 11 11 11 11 11 11 11 11 11 12 11 11 11 11 12 12 11 11 11 11 12 11 11 11 11 11 11 11 11 11 11 12 11 11 11 11 11 11 11 11 11 11
282_1_0 3 5 4 7 6 1 1 2 2 4 2 4 2 1 3 3 25 11 11 11 11 11 11 11 11 11 11 11 11 11 11 11 11 12 11 12 11 12 11 11 11 11 11 11 11 11 11 11 11 11 12 11 12 11 12 11 11 11 11 11 11 11 11 11 11 11 11 11 11 11 11
283_1_0 3 7 6 6 5 1 1 2 4 3 3 2 3 3 1 4 27 12 13 13 14 12 14 13 13 13 13 13 13 13 13 13 13 13 13 13 13 13 13 13 13 13 13 13 13 13 13 13 13 13 13 13 13 13 13 13 13 13 13 13 13 13 13 13 13 14 12 14 13 13 12
285_1_0 3 7 6 6 5 1 1 3 1 3 2 3 2 3 3 5 27 12 13 13 13 13 13 13 13 14 12 14 13 13 13 13 13 13 13 13 13 13 13 13 13 13 13 13 13 13 13 13 13 13 13 13 13 13 13 13 13 13 13 13 14 12 14 13 13 13 13 13 13 13 12
286_1_2 3 7 6 6 5 1 2 3 4 3 3 1 3 1 2 4 27 12 13 13 13 13 13 13 13 13 13 13 13 13 14 12 14 13 13 13 13 13 13 13 13 13 13 13 13 13 13 13 13 13 13 13 13 13 13 14 12 14 13 13 13 13 13 13 13 13 13 13 13 13 12
288_0_2 3 5 6 6 7 1 2 3 2 3 1 4 4 3 1 3 27 12 13 13 13 13 13 13 13 13 13 13 13 13 13 13 13 13 13 13 13 13 13 13 14 12 14 13 13 14 12 14 13 13 13 13 13 13 13 13 13 13 13 13 13 13 13 13 13 13 13 13 13 13 12
289_0_2 3 6 5 7 6 1 2 3 3 1 3 3 4 3 1 3 27 13 13 13 13 12 13 13 13 13 13 13 13 13 13 13 13 14 13 13 13 13 12 13 13 13 13 14 14 13 13 13 13 12 13 13 13 13 14 13 13 13 13 13 13 13 13 13 13 13 12 13 13 13 13
289_1_4 3 6 7 5 6 1 2 5 2 3 2 3 3 2 2 2 27 13 13 13 13 12 13 13 13 13 13 13 13 13 13 13 13 14 13 13 13 13 12 13 13 13 13 14 14 13 13 13 13 12 13 13 13 13 14 13 13 13 13 13 13 13 13 13 13 13 12 13 13 13 13
292_0_0 2 6 6 6 6 0 3 2 2 2 3 1 3 3 4 3 26 11 12 12 13 13 12 12 12 12 12 12 12 12 12 12 12 12 12 12 12 12 12 12 12 12 12 12 12 12 12 12 12 12 12 12 12 12 12 12 12 12 12 12 12 12 12 12 12 12 13 13 12 12 11
293_0_2 2 6 6 6 6 1 2 2 3 2 2 1 3 2 3 5 26 11 12 12 12 13 13 12 12 12 12 12 12 12 12 12 12 12 12 12 12 12 12 12 12 12 12 12 12 12 12 12 12 12 12 12 12 12 12 12 12 12 12 12 12 12 12 12 12 13 13 12 12 12 11
294_1_2 4 5 4 8 5 1 2 2 3 2 2 1 3 2 3 5 26 11 12 12 12 12 12 12 12 12 12 12 12 12 12 12 13 13 12 12 12 12 12 12 12 12 12 12 12 12 12 12 12 12 12 12 12 12 13 13 12 12 12 12 12 12 12 12 12 12 12 12 12 12 11
296_0_2 2 6 6 6 6 1 1 2 3 1 4 2 2 3 3 4 26 11 12 12 12 12 12 12 12 12 12 12 12 12 12 13 13 12 12 12 12 12 12 12 12 12 12 12 12 12 12 12 12 12 12 12 12 12 12 13 13 12 12 12 12 12 12 12 12 12 12 12 12 12 11
297_0_4 4 5 4 5 8 1 1 3 3 2 2 4 1 4 3 2 26 11 12 12 12 12 13 13 12 12 12 12 12 12 12 12 12 12 12 12 12 12 12 12 12 12 12 12 12 12 12 12 12 12 12 12 12 12 12 12 12 12 12 12 12 12 12 12 13 13 12 12 12 12 11
298_0_0 2 6 6 6 6 0 2 2 2 3 4 3 2 2 2 4 26 11 12 12 12 12 12 12 12 12 12 12 12 12 12 12 12 12 12 12 13 13 12 12 12 12 12 12 12 12 12 12 12 12 13 13 12 12 12 12 12 12 12 12 12 12 12 12 12 12 12 12 12 12 11
301_0_0 2 6 6 6 6 0 2 2 2 3 4 3 2 2 2 4 26 11 12 12 12 12 12 12 12 13 13 12 12 12 12 12 12 12 12 12 12 12 12 12 12 12 12 12 12 12 12 12 12 12 12 12 12 12 12 12 12 12 12 12 12 13 13 12 12 12 12 12 12 12 11
304_1_0 4 5 4 8 5 0 1 3 2 3 3 3 2 3 2 4 26 11 12 12 12 12 12 12 12 12 12 12 12 13 13 12 12 12 12 12 12 12 12 12 12 12 12 12 12 12 12 12 12 12 12 12 12 12 12 12 12 13 13 12 12 12 12 12 12 12 12 12 12 12 11
305_1_2 3 6 7 5 6 1 2 4 4 1 4 2 3 2 2 2 27 12 14 13 14 12 13 13 13 13 13 13 13 13 13 13 13 13 13 13 13 13 13 13 13 13 13 13 13 13 13 13 13 13 13 13 13 13 13 13 13 13 13 13 13 13 13 13 13 13 12 14 13 14 12
306_1_2 4 5 4 8 6 1 2 3 4 3 3 1 3 1 2 4 27 12 13 13 13 13 13 13 13 13 13 13 13 13 13 13 14 13 12 14 13 13 13 13 13 13 13 13 13 13 13 13 13 13 13 13 14 12 13 14 13 13 13 13 13 13 13 13 13 13 13 13 13 13 12
307_3_0 3 7 6 4 5 1 1 2 2 4 2 4 2 1 3 3 25 11 11 11 11 11 11 11 11 11 11 11 11 11 11 11 11 12 11 12 11 11 11 12 11 11 11 11 11 11 11 11 12 11 11 11 12 11 12 11 11 11 11 11 11 11 11 11 11 11 11 11 11 11 11
308_3_0 3 6 7 4 5 1 1 2 3 2 4 3 2 2 1 4 25 11 11 11 11 11 11 11 11 11 11 11 11 11 11 11 11 11 12 12 11 11 11 11 12 11 11 11 11 11 11 12 11 11 11 11 12 12 11 11 11 11 11 11 11 11 11 11 11 11 11 11 11 11 11
309_3_0 3 7 6 4 5 0 1 3 3 1 3 3 2 4 2 3 25 11 11 11 11 11 11 11 11 11 11 11 11 11 11 11 11 11 12 12 11 11 12 11 11 11 11 11 11 11 11 11 11 12 11 11 12 12 11 11 11 11 11 11 11 11 11 11 11 11 11 11 11 11 11
310_3_0 3 7 6 4 5 0 3 1 2 3 4 3 2 1 3 3 25 11 11 11 11 11 11 11 11 11 11 11 11 11 11 11 11 12 11 12 11 11 12 11 11 11 11 11 11 11 11 11 11 12 11 11 12 11 12 11 11 11 11 11 11 11 11 11 11 11 11 11 11 11 11
311_3_0 3 8 5 5 4 0 1 3 3 1 3 3 2 4 2 3 25 11 11 11 11 11 11 11 11 11 11 11 11 11 11 12 11 11 11 11 11 11 12 11 11 12 11 11 11 11 12 11 11 12 11 11 11 11 11 11 12 11 11 11 11 11 11 11 11 11 11 11 11 11 11
312_3_0 3 6 7 4 5 1 2 2 2 3 1 2 4 4 1 3 25 11 11 11 11 11 11 11 11 11 11 11 11 11 11 11 11 12 11 12 11 11 11 11 11 11 12 11 11 12 11 11 11 11 11 11 12 11 12 11 11 11 11 11 11 11 11 11 11 11 11 11 11 11 11
313_1_2 3 5 4 7 6 1 2 1 3 1 3 3 1 3 4 3 25 11 11 11 11 11 11 11 11 11 11 11 11 11 11 11 11 11 12 12 11 11 11 11 11 11 12 11 11 12 11 11 11 11 11 11 12 12 11 11 11 11 11 11 11 11 11 11 11 11 11 11 11 11 11
313_3_2 3 6 7 4 5 1 2 1 3 1 3 3 1 3 4 3 25 11 11 11 11 11 11 11 11 11 11 11 11 11 11 11 11 11 12 12 11 11 11 11 11 11 12 11 11 12 11 11 11 11 11 11 12 12 11 11 11 11 11 11 11 11 11 11 11 11 11 11 11 11 11
314_1_2 3 5 4 6 7 1 1 2 4 3 3 1 3 3 1 3 25 11 11 11 11 11 11 11 11 11 11 11 11 11 11 11 11 12 11 11 11 12 11 11 11 11 11 12 12 11 11 11 11 11 12 11 11 11 12 11 11 11 11 11 11 11 11 11 11 11 11 11 11 11 11
314_3_2 3 7 6 4 5 1 1 2 4 3 3 1 3 3 1 3 25 11 11 11 11 11 11 11 11 11 11 11 11 11 11 11 11 12 11 11 11 12 11 11 11 11 11 12 12 11 11 11 11 11 12 11 11 11 12 11 11 11 11 11 11 11 11 11 11 11 11 11 11 11 11
315_1_2 3 5 4 6 7 1 1 2 4 3 3 1 3 3 1 3 25 11 11 11 11 11 11 11 11 11 11 11 11 11 11 11 12 11 11 11 11 11 11 12 11 11 11 12 12 11 11 11 12 11 11 11 11 11 11 12 11 11 11 11 11 11 11 11 11 11 11 11 11 11 11
315_3_2 3 7 6 4 5 1 1 2 4 3 3 1 3 3 1 3 25 11 11 11 11 11 11 11 11 11 11 11 11 11 11 11 12 11 11 11 11 11 11 12 11 11 11 12 12 11 11 11 12 11 11 11 11 11 11 12 11 11 11 11 11 11 11 11 11 11 11 11 11 11 11
316_3_0 3 5 8 4 5 1 1 2 3 2 4 3 2 2 1 4 25 11 11 11 11 11 11 11 11 11 11 11 11 11 11 12 11 11 11 11 11 11 11 11 12 12 11 11 11 11 12 12 11 11 11 11 11 11 11 11 12 11 11 11 11 11 11 11 11 11 11 11 11 11 11
317_1_2 2 6 5 7 5 1 2 1 3 1 3 3 1 3 4 3 25 11 11 11 11 11 11 11 11 11 11 11 11 11 11 12 11 11 11 11 11 11 11 11 11 12 12 11 11 12 12 11 11 11 11 11 11 11 11 11 12 11 11 11 11 11 11 11 11 11 11 11 11 11 11
317_3_2 3 5 8 4 5 1 2 1 3 1 3 3 1 3 4 3 25 11 11 11 11 11 11 11 11 11 11 11 11 11 11 12 11 11 11 11 11 11 11 11 11 12 12 11 11 12 12 11 11 11 11 11 11 11 11 11 12 11 11 11 11 11 11 11 11 11 11 11 11 11 11
318_1_2 2 6 5 7 5 1 2 1 2 4 1 2 3 4 2 3 25 11 11 11 11 11 11 11 11 11 11 11 11 11 11 12 11 11 11 11 12 11 11 11 11 11 12 11 11 12 11 11 11 11 11 12 11 11 11 11 12 11 11 11 11 11 11 11 11 11 11 11 11 11 11
318_3_2 3 5 8 4 5 1 2 1 2 4 1 2 3 4 2 3 25 11 11 11 11 11 11 11 11 11 11 11 11 11 11 12 11 11 11 11 12 11 11 11 11 11 12 11 11 12 11 11 11 11 11 12 11 11 11 11 12 11 11 11 11 11 11 11 11 11 11 11 11 11 11
319_3_0 3 8 5 5 4 1 2 2 2 3 1 2 4 4 1 3 25 11 11 11 11 11 11 11 11 11 11 11 11 11 11 12 11 11 11 11 11 11 11 11 11 12 11 12 12 11 12 11 11 11 11 11 11 11 11 11 12 11 11 11 11 11 11 11 11 11 11 11 11 11 11
320_1_2 3 5 4 7 6 1 2 1 2 3 2 3 1 4 4 2 25 11 11 11 11 11 11 11 11 11 11 11 11 11 11 11 12 11 11 11 11 12 11 12 11 11 11 11 11 11 11 11 12 11 12 11 11 11 11 12 11 11 11 11 11 11 11 11 11 11 11 11 11 11 11
320_3_2 3 6 7 4 5 1 2 1 2 3 2 3 1 4 4 2 25 11 11 11 11 11 11 11 11 11 11 11 11 11 11 11 12 11 11 11 11 12 11 12 11 11 11 11 11 11 11 11 12 11 12 11 11 11 11 12 11 11 11 11 11 11 11 11 11 11 11 11 11 11 11
321_1_2 3 5 4 6 7 1 1 3 3 4 2 2 2 2 1 4 25 11 11 11 11 11 11 11 11 11 11 11 11 11 11 11 11 12 11 12 11 11 11 11 11 11 11 12 12 11 11 11 11 11 11 11 12 11 12 11 11 11 11 11 11 11 11 11 11 11 11 11 11 11 11
321_3_2 3 7 6 4 5 1 1 3 3 4 2 2 2 2 1 4 25 11 11 11 11 11 11 11 11 11 11 11 11 11 11 11 11 12 11 12 11 11 11 11 11 11 11 12 12 11 11 11 11 11 11 11 12 11 12 11 11 11 11 11 11 11 11 11 11 11 11 11 11 11 11
322_1_2 3 5 4 6 7 1 2 1 2 3 2 3 1 4 4 2 25 11 11 11 11 11 11 11 11 11 11 11 11 11 11 11 11 12 11 11 11 12 11 12 11 11 11 11 11 11 11 11 12 11 12 11 11 11 12 11 11 11 11 11 11 11 11 11 11 11 11 11 11 11 11
322_3_2 3 7 6 4 5 1 2 1 2 3 2 3 1 4 4 2 25 11 11 11 11 11 11 11 11 11 11 11 11 11 11 11 11 12 11 11 11 12 11 12 11 11 11 11 11 11 11 11 12 11 12 11 11 11 12 11 11 11 11 11 11 11 11 11 11 11 11 11 11 11 11
323_3_0 3 6 7 4 5 1 2 2 2 3 1 2 4 4 1 3 25 11 11 11 11 11 11 11 11 11 11 11 11 11 12 11 11 11 11 11 11 11 11 11 11 11 12 12 12 12 11 11 11 11 11 11 11 11 11 11 11 12 11 11 11 11 11 11 11 11 11 11 11 11 11
324_1_2 3 6 7 5 6 1 2 3 2 3 1 4 4 3 1 3 27 12 14 13 13 13 13 13 13 13 13 13 13 13 13 13 13 13 13 13 13 13 13 13 13 12 14 13 13 14 12 13 13 13 13 13 13 13 13 13 13 13 13 13 13 13 13 13 13 13 13 13 13 14 12
325_3_0 3 6 7 4 5 1 2 2 1 2 3 4 3 2 1 4 25 11 11 11 11 11 11 11 11 11 11 11 11 11 11 11 11 12 11 11 11 12 11 11 12 11 11 11 11 11 11 12 11 11 12 11 11 11 12 11 11 11 11 11 11 11 11 11 11 11 11 11 11 11 11
326_1_2 3 6 7 5 6 1 2 3 4 3 3 1 3 1 2 4 27 12 13 13 13 13 13 13 14 13 13 13 13 13 13 12 14 13 13 13 13 13 13 13 13 13 13 13 13 13 13 13 13 13 13 13 13 13 13 14 12 13 13 13 13 13 13 14 13 13 13 13 13 13 12
328_0_2 3 6 5 7 6 1 3 2 2 2 3 1 3 2 5 3 27 12 13 13 13 13 13 13 13 14 12 13 13 13 13 13 13 13 14 13 13 13 13 13 13 13 13 13 13 13 13 13 13 13 13 13 13 14 13 13 13 13 13 13 13 12 14 13 13 13 13 13 13 13 12
329_0_2 4 4 6 5 8 1 2 3 2 3 1 4 4 3 1 3 27 12 13 13 13 13 13 13 13 13 13 13 13 14 12 13 13 13 13 13 13 13 13 13 13 13 14 13 13 14 13 13 13 13 13 13 13 13 13 13 13 12 14 13 13 13 13 13 13 13 13 13 13 13 12
330_0_2 4 5 4 6 8 1 2 3 3 2 2 3 5 1 3 2 27 12 13 13 13 13 13 13 13 13 13 13 13 12 14 13 13 13 13 13 13 13 13 13 13 13 14 13 13 14 13 13 13 13 13 13 13 13 13 13 13 14 12 13 13 13 13 13 13 13 13 13 13 13 12
331_1_0 3 5 4 6 7 1 2 2 2 3 1 2 4 4 1 3 25 11 11 11 11 11 11 11 11 11 11 11 11 11 11 11 11 11 12 12 11 11 11 11 11 11 11 12 12 11 11 11 11 11 11 11 12 12 11 11 11 11 11 11 11 11 11 11 11 11 11 11 11 11 11
332_1_0 3 6 7 5 6 0 2 3 2 3 1 4 3 3 3 3 27 12 13 13 13 13 13 13 13 14 12 13 13 13 13 13 13 13 13 13 13 13 13 14 13 13 13 13 13 13 13 13 14 13 13 13 13 13 13 13 13 13 13 13 13 12 14 13 13 13 13 13 13 13 12
333_1_0 3 7 6 6 5 1 1 3 1 3 3 3 2 3 3 4 27 13 13 13 13 12 13 13 13 13 13 13 13 13 13 13 13 14 13 14 13 13 12 13 13 13 13 13 13 13 13 13 13 12 13 13 14 13 14 13 13 13 13 13 13 13 13 13 13 13 12 13 13 13 13
334_0_2 4 4 6 5 8 1 2 3 3 1 3 3 4 3 1 3 27 12 13 13 13 13 14 13 13 13 13 12 14 13 13 13 13 13 13 13 13 13 13 13 13 13 13 13 13 13 13 13 13 13 13 13 13 13 13 13 13 13 13 14 12 13 13 13 13 14 13 13 13 13 12
334_1_4 4 4 8 5 6 1 2 5 2 3 2 3 3 2 2 2 27 12 13 13 13 13 14 13 13 13 13 12 14 13 13 13 13 13 13 13 13 13 13 13 13 13 13 13 13 13 13 13 13 13 13 13 13 13 13 13 13 13 13 14 12 13 13 13 13 14 13 13 13 13 12
335_1_2 4 4 8 5 6 1 2 4 4 1 4 2 3 2 2 2 27 12 13 13 13 13 12 14 13 13 13 13 13 13 13 13 13 13 13 13 13 13 13 13 14 13 13 13 13 13 13 14 13 13 13 13 13 13 13 13 13 13 13 13 13 13 13 13 14 12 13 13 13 13 12
336_1_2 3 6 7 5 6 1 2 3 2 3 1 4 4 3 1 3 27 12 13 13 13 13 13 13 13 13 13 13 13 14 13 13 13 13 13 13 13 13 13 13 13 12 14 13 13 14 12 13 13 13 13 13 13 13 13 13 13 13 14 13 13 13 13 13 13 13 13 13 13 13 12
337_1_2 4 5 4 8 6 1 2 3 4 3 3 1 3 1 2 4 27 12 13 13 13 13 14 13 13 13 13 13 13 13 13 13 13 13 12 14 13 13 13 13 13 13 13 13 13 13 13 13 13 13 13 13 14 12 13 13 13 13 13 13 13 13 13 13 13 14 13 13 13 13 12
339_0_2 3 6 5 7 6 1 2 2 2 5 2 2 3 4 2 2 27 13 13 13 13 12 13 13 13 13 13 13 13 13 13 14 13 13 13 13 12 13 13 14 13 13 13 13 13 13 13 13 14 13 13 12 13 13 13 13 14 13 13 13 13 13 13 13 13 13 12 13 13 13 13
340_1_0 3 6 7 5 6 0 1 3 3 3 2 3 3 3 2 4 27 13 13 13 13 12 13 13 13 13 13 13 13 13 13 14 13 13 13 13 12 13 13 13 13 13 13 14 14 13 13 13 13 13 13 12 13 13 13 13 14 13 13 13 13 13 13 13 13 13 12 13 13 13 13
341_1_2 3 7 6 6 5 1 2 2 3 1 4 2 2 4 4 2 27 13 13 13 13 12 13 13 13 13 13 13 13 13 13 14 13 13 13 13 12 13 13 13 13 13 14 13 13 14 13 13 13 13 13 12 13 13 13 13 14 13 13 13 13 13 13 13 13 13 12 13 13 13 13
342_1_2 3 7 6 6 5 1 1 3 3 1 2 3 3 4 2 4 27 13 13 13 13 12 13 13 13 13 13 13 13 13 13 14 13 13 13 14 12 13 13 13 13 13 13 13 13 13 13 13 13 13 13 12 14 13 13 13 14 13 13 13 13 13 13 13 13 13 12 13 13 13 13
343_1_2 4 5 4 8 6 1 2 2 3 2 4 2 2 5 2 2 27 12 13 13 13 13 13 13 13 13 13 13 13 13 13 13 13 13 12 14 13 13 13 13 14 13 13 13 13 13 13 14 13 13 13 13 14 12 13 13 13 13 13 13 13 13 13 13 13 13 13 13 13 13 12
345_0_2 3 5 8 5 6 1 2 3 4 3 3 1 3 1 2 4 27 12 13 13 13 14 13 13 13 13 13 13 13 13 13 13 13 13 12 14 13 13 13 13 13 13 13 13 13 13 13 13 13 13 13 13 14 12 13 13 13 13 13 13 13 13 13 13 13 13 14 13 13 13 12
346_0_2 4 5 4 6 8 1 2 2 2 2 4 3 4 1 2 4 27 12 13 13 13 13 13 13 13 13 13 13 13 13 14 13 13 13 12 14 13 13 13 13 13 13 13 13 13 13 13 13 13 13 13 13 14 12 13 13 13 14 13 13 13 13 13 13 13 13 13 13 13 13 12
347_0_2 3 5 8 5 6 1 2 2 2 2 4 3 4 1 2 4 27 12 13 13 13 13 13 13 13 13 13 13 13 13 13 13 13 13 12 14 13 13 13 13 13 14 13 13 13 13 14 13 13 13 13 13 14 12 13 13 13 13 13 13 13 13 13 13 13 13 13 13 13 13 12
348_0_2 3 5 7 5 7 1 2 3 3 2 2 3 5 1 3 2 27 12 13 13 13 13 13 13 14 12 13 13 13 13 13 13 13 13 14 13 13 13 13 13 13 13 13 13 13 13 13 13 13 13 13 13 13 14 13 13 13 13 13 13 13 13 12 14 13 13 13 13 13 13 12
349_1_0 3 6 7 5 6 1 1 2 4 1 3 3 2 4 3 3 27 12 13 13 13 13 13 13 13 13 13 13 13 13 13 12 14 13 13 13 13 13 13 14 13 13 13 13 13 13 13 13 14 13 13 13 13 13 13 14 12 13 13 13 13 13 13 13 13 13 13 13 13 13 12
350_1_2 3 7 5 7 5 1 2 2 2 2 4 3 4 1 2 4 27 12 13 14 12 13 13 13 14 13 13 13 13 13 13 13 13 13 13 13 13 13 13 13 13 13 13 13 13 13 13 13 13 13 13 13 13 13 13 13 13 13 13 13 13 13 13 14 13 13 13 12 14 13 12
351_1_2 4 5 4 8 6 1 2 3 2 2 2 2 4 2 5 2 27 12 13 13 13 13 13 13 12 14 13 13 13 13 13 13 14 13 13 13 13 13 13 13 13 13 13 13 13 13 13 13 13 13 13 13 13 13 13 14 13 13 13 13 13 13 14 12 13 13 13 13 13 13 12
353_0_2 4 4 6 5 8 1 2 1 3 3 1 3 3 3 3 4 27 12 13 13 13 13 13 13 13 13 13 12 14 13 13 13 13 13 13 13 13 13 13 13 14 13 13 13 13 13 13 14 13 13 13 13 13 13 13 13 13 13 13 14 12 13 13 13 13 13 13 13 13 13 12
353_1_4 4 4 8 5 6 1 2 2 5 2 3 3 2 2 3 2 27 12 13 13 13 13 13 13 13 13 13 12 14 13 13 13 13 13 13 13 13 13 13 13 14 13 13 13 13 13 13 14 13 13 13 13 13 13 13 13 13 13 13 14 12 13 13 13 13 13 13 13 13 13 12
354_1_0 3 7 5 7 5 1 1 2 3 2 4 3 2 3 2 4 27 12 14 13 13 13 13 13 13 13 13 12 14 13 13 13 13 13 13 13 13 13 13 13 13 13 13 13 13 13 13 13 13 13 13 13 13 13 13 13 13 13 13 14 12 13 13 13 13 13 13 13 13 14 12
355_0_2 3 6 5 7 6 1 2 2 3 2 2 2 5 3 2 3 27 13 13 13 13 12 13 13 13 13 13 12 13 13 13 13 14 13 13 13 13 13 13 14 13 13 13 13 13 13 13 13 14 13 13 13 13 13 13 14 13 13 13 13 12 13 13 13 13 13 12 13 13 13 13
355_1_4 3 6 7 5 6 1 2 2 4 3 1 4 3 3 2 2 27 13 13 13 13 12 13 13 13 13 13 12 13 13 13 13 14 13 13 13 13 13 13 14 13 13 13 13 13 13 13 13 14 13 13 13 13 13 13 14 13 13 13 13 12 13 13 13 13 13 12 13 13 13 13
356_1_0 4 4 8 5 6 1 1 2 3 2 4 3 2 3 2 4 27 12 14 13 13 13 13 13 13 13 13 13 13 13 13 13 13 13 13 13 13 13 12 14 13 13 13 13 13 13 13 13 14 12 13 13 13 13 13 13 13 13 13 13 13 13 13 13 13 13 13 13 13 14 12
357_0_2 3 6 5 7 6 1 2 3 2 3 1 4 4 3 1 3 27 12 13 13 13 13 13 14 13 13 13 13 13 13 13 13 13 13 13 13 13 13 13 13 14 12 13 13 13 13 12 14 13 13 13 13 13 13 13 13 13 13 13 13 13 13 13 13 14 13 13 13 13 13 12
358_1_0 3 7 5 7 5 0 1 3 3 3 2 3 3 3 2 4 27 12 13 13 13 13 13 14 13 13 13 13 13 13 13 13 13 13 13 13 13 13 13 14 12 13 13 13 13 13 13 12 14 13 13 13 13 13 13 13 13 13 13 13 13 13 13 13 14 13 13 13 13 13 12
360_1_0 3 6 7 5 6 1 1 3 1 3 2 3 2 3 3 5 27 12 14 13 13 13 13 13 13 13 12 14 13 13 13 13 13 13 13 13 13 13 13 13 13 13 13 13 13 13 13 13 13 13 13 13 13 13 13 13 13 13 13 13 14 12 13 13 13 13 13 13 13 14 12
362_1_0 3 6 7 5 6 1 1 2 4 3 3 2 3 3 1 4 27 12 13 14 13 13 13 13 13 13 13 13 13 13 13 13 13 13 13 13 13 13 13 13 13 12 14 13 13 14 12 13 13 13 13 13 13 13 13 13 13 13 13 13 13 13 13 13 13 13 13 13 14 13 12
364_0_2 3 6 5 7 6 1 2 2 3 2 4 2 2 5 2 2 27 12 14 13 13 13 13 13 13 13 13 13 13 13 14 12 13 13 13 13 13 13 13 13 13 13 13 13 13 13 13 13 13 13 13 13 13 13 13 13 12 14 13 13 13 13 13 13 13 13 13 13 13 14 12
365_1_0 4 4 8 5 6 1 1 2 4 1 4 3 2 3 3 3 27 12 13 13 13 13 12 14 13 13 13 13 13 13 14 13 13 13 13 13 13 13 13 13 13 13 13 13 13 13 13 13 13 13 13 13 13 13 13 13 13 14 13 13 13 13 13 13 14 12 13 13 13 13 12
366_1_2 4 5 4 8 6 1 2 3 4 3 3 1 3 1 2 4 27 12 13 13 13 13 14 12 13 13 13 13 13 13 14 13 13 13 13 13 13 13 13 13 13 13 13 13 13 13 13 13 13 13 13 13 13 13 13 13 13 14 13 13 13 13 13 13 12 14 13 13 13 13 12
367_1_2 3 6 7 5 6 1 2 1 2 4 2 2 3 4 2 4 27 12 14 13 13 13 13 13 13 13 13 13 13 13 13 13 13 13 13 13 13 13 13 13 14 12 13 13 13 13 12 14 13 13 13 13 13 13 13 13 13 13 13 13 13 13 13 13 13 13 13 13 13 14 12
369_1_0 3 6 5 8 5 0 2 3 2 3 1 4 3 3 3 3 27 12 13 13 13 13 13 13 13 13 13 13 13 13 13 13 14 12 13 13 14 13 13 13 13 13 13 13 13 13 13 13 13 13 13 14 13 13 12 14 13 13 13 13 13 13 13 13 13 13 13 13 13 13 12
371_1_0 4 4 8 5 6 1 2 3 1 4 3 4 2 1 3 3 27 12 13 13 13 13 13 13 14 12 13 13 13 13 13 13 13 13 13 14 13 13 13 13 13 13 13 13 13 13 13 13 13 13 13 13 14 13 13 13 13 13 13 13 13 13 12 14 13 13 13 13 13 13 12
373_0_2 2 6 6 6 6 1 2 1 2 3 4 1 3 4 2 3 26 12 12 12 12 11 12 12 12 12 12 12 12 12 12 12 12 12 12 12 13 12 12 12 12 13 12 12 12 12 13 12 12 12 12 13 12 12 12 12 12 12 12 12 12 12 12 12 12 12 11 12 12 12 12
375_0_0 3 6 5 7 6 0 1 3 3 3 2 3 3 3 2 4 27 12 13 13 13 13 13 14 13 13 13 13 13 13 13 13 13 13 13 13 12 14 13 13 13 13 13 13 13 13 13 13 13 13 14 12 13 13 13 13 13 13 13 13 13 13 13 13 14 13 13 13 13 13 12
376_1_0 3 6 7 5 6 0 2 3 4 2 3 2 4 2 2 3 27 12 13 13 13 13 13 13 13 13 13 13 13 13 13 13 13 13 14 13 13 13 13 13 14 12 13 13 13 13 12 14 13 13 13 13 13 14 13 13 13 13 13 13 13 13 13 13 13 13 13 13 13 13 12
377_1_0 4 4 8 5 6 0 2 3 3 3 4 2 2 2 2 4 27 12 13 13 13 13 13 13 13 13 13 13 13 13 14 13 13 13 13 13 13 13 13 13 13 13 12 14 14 12 13 13 13 13 13 13 13 13 13 13 13 14 13 13 13 13 13 13 13 13 13 13 13 13 12
379_0_0 3 6 5 7 6 0 2 3 2 3 1 4 3 3 3 3 27 12 13 14 13 13 13 13 13 13 13 13 13 13 13 13 13 13 13 13 13 13 13 13 14 12 13 13 13 13 12 14 13 13 13 13 13 13 13 13 13 13 13 13 13 13 13 13 13 13 13 13 14 13 12
380_1_0 4 4 8 5 6 1 1 2 3 3 3 2 4 1 4 3 27 12 13 13 13 13 14 13 13 13 13 13 13 14 12 13 13 13 13 13 13 13 13 13 13 13 13 13 13 13 13 13 13 13 13 13 13 13 13 13 13 12 14 13 13 13 13 13 13 14 13 13 13 13 12
382_0_0 4 5 4 6 8 1 1 2 4 1 3 3 2 4 3 3 27 12 13 13 13 13 14 12 13 13 13 13 13 13 13 13 13 13 13 13 13 14 13 13 13 13 13 13 13 13 13 13 13 13 14 13 13 13 13 13 13 13 13 13 13 13 13 13 12 14 13 13 13 13 12
383_1_0 4 4 8 5 6 1 1 2 3 3 3 2 4 1 4 3 27 12 14 13 13 14 13 13 13 13 13 13 13 13 13 13 13 13 13 13 13 13 13 13 13 12 13 13 13 13 12 13 13 13 13 13 13 13 13 13 13 13 13 13 13 13 13 13 13 13 14 13 13 14 12
384_1_0 3 8 6 5 5 1 1 3 2 3 4 3 1 4 2 3 27 12 13 13 13 13 13 12 14 13 13 13 13 13 13 13 13 13 13 13 14 13 13 13 13 13 13 13 13 13 13 13 13 13 13 14 13 13 13 13 13 13 13 13 13 13 13 14 12 13 13 13 13 13 12
386_0_0 3 6 5 7 6 1 2 3 1 4 3 4 2 1 3 3 27 12 13 14 13 13 13 13 13 13 13 13 13 13 13 13 13 13 13 14 12 13 13 13 13 13 13 13 13 13 13 13 13 13 13 12 14 13 13 13 13 13 13 13 13 13 13 13 13 13 13 13 14 13 12
388_0_0 3 6 5 7 6 1 2 3 1 4 3 4 2 1 3 3 27 12 13 13 13 13 13 13 14 13 13 13 13 13 13 13 13 13 13 14 12 13 13 13 13 13 13 13 13 13 13 13 13 13 13 12 14 13 13 13 13 13 13 13 13 13 13 14 13 13 13 13 13 13 12
390_0_0 3 5 6 6 7 1 1 3 1 3 3 2 3 2 5 3 27 12 13 13 13 13 13 13 13 13 13 14 13 13 13 13 13 13 13 13 12 14 13 13 13 13 13 13 13 13 13 13 13 13 14 12 13 13 13 13 13 13 13 13 14 13 13 13 13 13 13 13 13 13 12
392_0_0 4 4 6 5 8 1 1 3 1 3 3 2 3 2 5 3 27 12 13 13 13 13 13 13 13 13 13 13 14 12 13 13 13 13 13 13 13 13 14 13 13 13 13 13 13 13 13 13 13 14 13 13 13 13 13 13 13 13 12 14 13 13 13 13 13 13 13 13 13 13 12
393_0_4 3 6 5 7 6 1 2 2 4 3 1 4 3 3 2 2 27 13 13 13 13 12 13 13 13 13 13 12 14 13 13 13 14 13 13 13 13 13 13 13 13 13 13 13 13 13 13 13 13 13 13 13 13 13 13 14 13 13 13 14 12 13 13 13 13 13 12 13 13 13 13
394_0_0 4 5 4 6 8 1 1 2 3 2 4 3 2 3 2 4 27 12 13 13 13 13 13 13 13 14 13 13 13 13 13 13 13 13 13 13 13 14 12 13 13 13 13 13 13 13 13 13 13 12 14 13 13 13 13 13 13 13 13 13 13 13 14 13 13 13 13 13 13 13 12
394_1_2 4 5 4 8 6 1 2 1 3 3 1 3 3 3 3 4 27 12 13 13 13 13 13 13 13 14 13 13 13 13 13 13 13 13 13 13 13 14 12 13 13 13 13 13 13 13 13 13 13 12 14 13 13 13 13 13 13 13 13 13 13 13 14 13 13 13 13 13 13 13 12
395_0_4 3 6 5 7 6 1 2 2 4 3 1 4 3 3 2 2 27 13 13 13 13 12 13 13 13 13 13 13 13 13 13 13 13 14 13 13 13 13 12 14 13 13 13 13 13 13 13 13 14 12 13 13 13 13 14 13 13 13 13 13 13 13 13 13 13 13 12 13 13 13 13
396_0_0 4 4 6 5 8 1 1 2 3 2 4 3 2 3 2 4 27 12 13 13 13 13 13 13 13 14 13 12 14 13 13 13 13 13 13 13 13 13 13 13 13 13 13 13 13 13 13 13 13 13 13 13 13 13 13 13 13 13 13 14 12 13 14 13 13 13 13 13 13 13 12
396_1_2 4 4 8 5 6 1 2 1 3 3 1 3 3 3 3 4 27 12 13 13 13 13 13 13 13 14 13 12 14 13 13 13 13 13 13 13 13 13 13 13 13 13 13 13 13 13 13 13 13 13 13 13 13 13 13 13 13 13 13 14 12 13 14 13 13 13 13 13 13 13 12
397_0_4 3 5 5 6 8 1 2 2 5 2 3 3 2 2 3 2 27 12 13 13 13 13 13 13 13 13 13 13 13 13 13 13 13 13 13 13 14 13 12 14 13 13 13 13 13 13 13 13 14 12 13 14 13 13 13 13 13 13 13 13 13 13 13 13 13 13 13 13 13 13 12
398_0_0 4 4 6 5 8 1 1 2 3 2 4 3 2 3 2 4 27 12 13 13 13 13 13 13 13 13 13 13 13 14 13 13 13 13 13 13 13 13 12 14 13 13 13 13 13 13 13 13 14 12 13 13 13 13 13 13 13 13 14 13 13 13 13 13 13 13 13 13 13 13 12
398_1_2 4 4 8 5 6 1 2 1 3 3 1 3 3 3 3 4 27 12 13 13 13 13 13 13 13 13 13 13 13 14 13 13 13 13 13 13 13 13 12 14 13 13 13 13 13 13 13 13 14 12 13 13 13 13 13 13 13 13 14 13 13 13 13 13 13 13 13 13 13 13 12
399_0_4 3 5 5 6 8 1 2 2 5 2 3 3 2 2 3 2 27 12 13 13 13 13 13 13 13 13 14 12 13 13 13 13 13 13 13 13 13 13 13 13 14 13 13 13 13 13 13 14 13 13 13 13 13 13 13 13 13 13 13 13 12 14 13 13 13 13 13 13 13 13 12
400_0_0 4 5 4 6 8 1 1 2 3 2 4 3 2 3 2 4 27 12 13 13 13 13 13 13 13 13 13 13 13 13 13 13 13 13 13 13 13 14 12 13 14 13 13 13 13 13 13 14 13 12 14 13 13 13 13 13 13 13 13 13 13 13 13 13 13 13 13 13 13 13 12
400_1_2 4 5 4 8 6 1 2 1 3 3 1 3 3 3 3 4 27 12 13 13 13 13 13 13 13 13 13 13 13 13 13 13 13 13 13 13 13 14 12 13 14 13 13 13 13 13 13 14 13 12 14 13 13 13 13 13 13 13 13 13 13 13 13 13 13 13 13 13 13 13 12
401_1_0 4 4 8 5 6 0 3 3 2 1 2 3 4 3 2 4 27 12 13 13 13 13 13 13 13 13 13 13 13 13 13 13 14 13 13 13 13 12 14 13 13 13 13 13 13 13 13 13 13 14 12 13 13 13 13 14 13 13 13 13 13 13 13 13 13 13 13 13 13 13 12
402_1_0 3 6 7 5 6 0 3 3 2 1 2 3 4 3 2 4 27 12 13 13 13 13 13 13 13 13 12 14 13 13 13 13 13 14 13 13 13 13 13 13 13 13 13 13 13 13 13 13 13 13 13 13 13 13 14 13 13 13 13 13 14 12 13 13 13 13 13 13 13 13 12
403_1_0 3 7 6 6 5 0 3 3 2 1 2 3 4 3 2 4 27 12 13 13 13 13 14 13 13 13 12 14 13 13 13 13 13 13 13 13 13 13 13 13 13 13 13 13 13 13 13 13 13 13 13 13 13 13 13 13 13 13 13 13 14 12 13 13 13 14 13 13 13 13 12
405_0_0 3 5 6 6 7 1 2 2 4 3 3 1 4 3 1 3 27 12 13 13 14 13 13 13 13 14 12 13 13 13 13 13 13 13 13 13 13 13 13 13 13 13 13 13 13 13 13 13 13 13 13 13 13 13 13 13 13 13 13 13 13 12 14 13 13 13 13 14 13 13 12
406_0_0 4 4 6 5 8 0 3 3 2 1 2 3 4 3 2 4 27 12 13 13 13 13 13 13 13 13 13 13 13 13 13 13 13 14 13 13 13 13 14 12 13 13 13 13 13 13 13 13 12 14 13 13 13 13 14 13 13 13 13 13 13 13 13 13 13 13 13 13 13 13 12
407_0_0 4 4 6 5 8 1 2 2 4 3 3 1 4 3 1 3 27 12 13 13 13 13 13 14 13 13 13 13 12 14 13 13 13 13 13 13 13 13 13 13 13 13 13 13 13 13 13 13 13 13 13 13 13 13 13 13 13 13 14 12 13 13 13 13 14 13 13 13 13 13 12
408_0_0 3 5 5 6 8 0 3 3 2 1 2 3 4 3 2 4 27 12 13 13 13 14 13 13 13 13 13 13 13 13 13 13 13 13 13 13 13 13 14 12 13 13 13 13 13 13 13 13 12 14 13 13 13 13 13 13 13 13 13 13 13 13 13 13 13 13 14 13 13 13 12
409_0_0 4 4 6 5 8 0 2 3 2 3 1 4 3 3 3 3 27 12 13 13 13 13 13 13 13 14 13 13 13 13 13 13 12 14 13 13 13 13 13 13 13 13 13 13 13 13 13 13 13 13 13 13 13 13 14 12 13 13 13 13 13 13 14 13 13 13 13 13 13 13 12
410_1_0 4 4 8 5 6 1 1 2 3 3 3 2 4 1 4 3 27 12 13 13 13 13 13 13 13 13 13 13 13 14 12 13 14 13 13 13 13 13 13 13 13 13 13 13 13 13 13 13 13 13 13 13 13 13 13 14 13 12 14 13 13 13 13 13 13 13 13 13 13 13 12
412_0_0 3 5 6 6 7 0 2 4 3 2 3 3 3 3 1 3 27 12 13 13 13 13 13 13 13 13 13 13 13 13 14 12 13 13 13 13 13 14 13 13 13 13 13 13 13 13 13 13 13 13 14 13 13 13 13 13 12 14 13 13 13 13 13 13 13 13 13 13 13 13 12
413_1_0 3 8 6 5 5 0 2 3 4 3 3 2 3 1 3 3 27 12 13 13 13 13 13 13 13 12 14 13 13 13 13 13 13 13 13 13 13 14 13 13 13 13 13 13 13 13 13 13 13 13 14 13 13 13 13 13 13 13 13 13 13 14 12 13 13 13 13 13 13 13 12
414_1_0 4 4 8 5 6 0 2 3 4 3 3 2 3 1 3 3 27 12 13 13 13 13 13 13 13 13 13 13 14 12 13 13 13 13 13 13 13 13 13 14 13 13 13 13 13 13 13 13 14 13 13 13 13 13 13 13 13 13 12 14 13 13 13 13 13 13 13 13 13 13 12
415_1_0 3 6 7 5 6 0 2 3 4 3 3 2 3 1 3 3 27 12 13 13 13 13 13 13 13 13 13 13 14 13 13 13 13 13 13 13 12 14 13 13 13 13 13 13 13 13 13 13 13 13 14 12 13 13 13 13 13 13 13 14 13 13 13 13 13 13 13 13 13 13 12
416_0_4 3 6 5 7 6 1 2 5 2 3 2 3 3 2 2 2 27 13 13 13 13 12 13 13 13 13 13 12 13 13 13 13 14 14 13 13 13 13 13 13 13 13 13 13 13 13 13 13 13 13 13 13 13 13 14 14 13 13 13 13 12 13 13 13 13 13 12 13 13 13 13
417_0_0 3 5 8 5 6 1 1 3 3 1 3 2 4 3 3 3 27 12 13 13 13 13 13 13 13 13 14 13 13 13 13 13 13 13 13 13 13 14 12 13 13 13 13 13 13 13 13 13 13 12 14 13 13 13 13 13 13 13 13 13 13 14 13 13 13 13 13 13 13 13 12
417_1_2 3 6 5 8 5 1 2 2 3 2 2 2 5 3 2 3 27 12 13 13 13 13 13 13 13 13 14 13 13 13 13 13 13 13 13 13 13 14 12 13 13 13 13 13 13 13 13 13 13 12 14 13 13 13 13 13 13 13 13 13 13 14 13 13 13 13 13 13 13 13 12
418_0_4 4 4 6 5 8 1 2 2 4 3 1 4 3 3 2 2 27 12 13 13 13 13 13 13 13 13 13 13 14 13 13 13 13 13 13 13 13 13 12 14 13 13 13 13 13 13 13 13 14 12 13 13 13 13 13 13 13 13 13 14 13 13 13 13 13 13 13 13 13 13 12
419_0_0 4 4 6 5 8 1 1 3 3 1 3 2 4 3 3 3 27 12 13 13 13 13 13 13 13 13 13 12 14 13 13 13 13 13 13 13 13 14 13 13 13 13 13 13 13 13 13 13 13 13 14 13 13 13 13 13 13 13 13 14 12 13 13 13 13 13 13 13 13 13 12
419_1_2 4 4 8 5 6 1 2 2 3 2 2 2 5 3 2 3 27 12 13 13 13 13 13 13 13 13 13 12 14 13 13 13 13 13 13 13 13 14 13 13 13 13 13 13 13 13 13 13 13 13 14 13 13 13 13 13 13 13 13 14 12 13 13 13 13 13 13 13 13 13 12
420_1_0 3 6 7 5 6 0 3 3 2 1 3 2 4 3 3 3 27 12 13 13 13 12 14 13 13 13 13 13 13 13 13 13 13 14 13 13 13 13 13 13 13 13 13 13 13 13 13 13 13 13 13 13 13 13 14 13 13 13 13 13 13 13 13 13 13 14 12 13 13 13 12
421_0_4 3 5 6 6 7 1 2 3 3 1 3 4 2 4 2 2 27 13 13 13 13 12 13 13 13 13 13 12 13 13 14 13 14 13 13 13 13 13 13 13 13 13 13 13 13 13 13 13 13 13 13 13 13 13 13 14 13 14 13 13 12 13 13 13 13 13 12 13 13 13 13
422_0_0 3 5 6 6 7 1 2 3 1 4 4 3 1 3 2 3 27 12 13 13 14 12 13 13 13 13 13 13 13 13 13 13 13 13 13 13 13 13 13 13 13 13 14 13 13 14 13 13 13 13 13 13 13 13 13 13 13 13 13 13 13 13 13 13 13 13 12 14 13 13 12
423_0_4 3 5 5 6 8 1 2 5 2 3 2 3 3 2 2 2 27 12 13 13 13 14 13 13 13 13 13 13 13 13 13 13 13 13 13 13 13 13 12 14 13 13 13 13 13 13 13 13 14 12 13 13 13 13 13 13 13 13 13 13 13 13 13 13 13 13 14 13 13 13 12
424_0_0 4 4 6 5 8 1 2 2 2 3 3 2 3 2 5 2 27 12 13 13 13 13 13 13 13 13 13 12 14 13 13 13 14 13 13 13 13 13 13 13 13 13 13 13 13 13 13 13 13 13 13 13 13 13 13 14 13 13 13 14 12 13 13 13 13 13 13 13 13 13 12
424_1_2 4 4 8 5 6 1 2 3 3 1 3 3 4 3 1 3 27 12 13 13 13 13 13 13 13 13 13 12 14 13 13 13 14 13 13 13 13 13 13 13 13 13 13 13 13 13 13 13 13 13 13 13 13 13 13 14 13 13 13 14 12 13 13 13 13 13 13 13 13 13 12
425_0_4 4 5 4 6 8 1 2 5 2 3 2 3 3 2 2 2 27 12 13 13 13 13 14 13 13 13 13 13 13 13 13 13 13 13 13 13 13 14 12 13 13 13 13 13 13 13 13 13 13 12 14 13 13 13 13 13 13 13 13 13 13 13 13 13 13 14 13 13 13 13 12
426_0_0 4 5 4 5 8 0 3 2 2 2 3 1 3 3 4 3 26 11 12 12 12 12 12 12 12 12 12 12 12 12 12 12 12 12 12 12 12 12 12 12 12 12 13 13 13 13 12 12 12 12 12 12 12 12 12 12 12 12 12 12 12 12 12 12 12 12 12 12 12 12 11
426_1_2 4 5 4 8 5 1 1 2 3 1 4 2 2 3 3 4 26 11 12 12 12 12 12 12 12 12 12 12 12 12 12 12 12 12 12 12 12 12 12 12 12 12 13 13 13 13 12 12 12 12 12 12 12 12 12 12 12 12 12 12 12 12 12 12 12 12 12 12 12 12 11
427_1_0 3 7 6 6 5 0 2 3 3 3 4 2 2 2 2 4 27 12 13 13 13 13 13 13 13 13 13 13 13 13 13 12 14 13 13 14 13 13 13 13 13 13 13 13 13 13 13 13 13 13 13 13 14 13 13 14 12 13 13 13 13 13 13 13 13 13 13 13 13 13 12
428_1_0 3 7 6 6 5 1 1 2 3 3 3 2 4 1 4 3 27 12 13 13 13 13 13 13 13 13 13 13 13 13 13 13 14 13 13 13 13 13 13 13 14 12 13 13 13 13 12 14 13 13 13 13 13 13 13 14 13 13 13 13 13 13 13 13 13 13 13 13 13 13 12
429_1_0 4 5 4 8 6 0 2 2 3 3 1 3 4 3 2 4 27 12 13 13 13 13 13 13 13 13 13 14 12 13 14 13 13 13 13 13 13 13 13 13 13 13 13 13 13 13 13 13 13 13 13 13 13 13 13 13 13 14 13 12 14 13 13 13 13 13 13 13 13 13 12
430_0_4 3 5 5 6 8 1 2 2 4 4 3 1 3 2 1 4 27 12 13 13 12 14 13 13 13 13 13 14 13 13 13 13 13 13 13 13 13 13 13 13 13 13 13 13 13 13 13 13 13 13 13 13 13 13 13 13 13 13 13 13 14 13 13 13 13 13 14 12 13 13 12
430_1_4 3 8 6 5 5 1 2 2 4 4 3 1 3 2 1 4 27 12 13 13 12 14 13 13 13 13 13 14 13 13 13 13 13 13 13 13 13 13 13 13 13 13 13 13 13 13 13 13 13 13 13 13 13 13 13 13 13 13 13 13 14 13 13 13 13 13 14 12 13 13 12
432_0_0 4 4 6 5 8 1 1 3 2 3 4 3 1 4 2 3 27 12 13 13 13 13 13 12 14 13 13 13 13 14 13 13 13 13 13 13 13 13 13 13 13 13 13 13 13 13 13 13 13 13 13 13 13 13 13 13 13 13 14 13 13 13 13 14 12 13 13 13 13 13 12
433_0_0 4 4 6 5 8 0 2 3 4 2 3 2 4 2 2 3 27 12 13 13 13 13 13 14 12 13 13 13 13 14 13 13 13 13 13 13 13 13 13 13 13 13 13 13 13 13 13 13 13 13 13 13 13 13 13 13 13 13 14 13 13 13 13 12 14 13 13 13 13 13 12
434_0_0 3 5 5 6 8 1 1 3 1 3 3 3 2 3 3 4 27 12 13 13 13 13 13 13 13 13 14 12 13 13 13 13 13 13 13 14 13 13 13 13 13 13 13 13 13 13 13 13 13 13 13 13 14 13 13 13 13 13 13 13 12 14 13 13 13 13 13 13 13 13 12
434_1_2 3 8 6 5 5 1 2 2 4 2 4 3 1 3 3 2 27 12 13 13 13 13 13 13 13 13 14 12 13 13 13 13 13 13 13 14 13 13 13 13 13 13 13 13 13 13 13 13 13 13 13 13 14 13 13 13 13 13 13 13 12 14 13 13 13 13 13 13 13 13 12
435_1_0 3 6 7 5 6 1 2 2 2 3 2 4 1 4 4 2 27 12 13 13 14 12 13 13 13 13 13 13 13 14 13 13 13 13 13 13 13 13 13 13 13 13 13 13 13 13 13 13 13 13 13 13 13 13 13 13 13 13 14 13 13 13 13 13 13 13 12 14 13 13 12
436_0_4 3 6 5 7 6 1 2 2 4 2 5 2 1 3 3 2 27 12 13 13 13 13 13 13 13 13 13 13 13 13 13 13 13 13 13 13 13 13 14 13 13 12 14 13 13 14 12 13 13 14 13 13 13 13 13 13 13 13 13 13 13 13 13 13 13 13 13 13 13 13 12
436_1_4 3 6 7 5 6 1 2 2 4 2 5 2 1 3 3 2 27 12 13 13 13 13 13 13 13 13 13 13 13 13 13 13 13 13 13 13 13 13 14 13 13 12 14 13 13 14 12 13 13 14 13 13 13 13 13 13 13 13 13 13 13 13 13 13 13 13 13 13 13 13 12
437_1_0 3 7 6 6 5 0 2 2 3 3 1 3 4 3 2 4 27 12 13 13 13 13 13 13 13 13 12 14 13 13 13 13 13 13 13 14 13 13 13 13 13 13 13 13 13 13 13 13 13 13 13 13 14 13 13 13 13 13 13 13 14 12 13 13 13 13 13 13 13 13 12
438_1_0 3 6 5 8 5 0 2 3 4 2 3 2 4 2 2 3 27 12 13 13 13 13 13 13 12 14 13 13 13 13 13 14 13 13 13 13 13 13 13 13 13 13 13 13 13 13 13 13 13 13 13 13 13 13 13 13 14 13 13 13 13 13 14 12 13 13 13 13 13 13 12
439_1_0 3 7 6 6 5 1 1 3 2 3 4 3 1 4 2 3 27 12 13 13 13 13 13 13 13 13 13 13 13 13 14 12 13 13 13 13 13 13 13 13 14 13 13 13 13 13 13 14 13 13 13 13 13 13 13 13 12 14 13 13 13 13 13 13 13 13 13 13 13 13 12
440_1_0 3 8 6 5 5 0 2 3 4 2 3 2 4 2 2 3 27 12 13 13 13 13 13 14 12 13 13 13 13 13 13 13 13 13 13 13 14 13 13 13 13 13 13 13 13 13 13 13 13 13 13 14 13 13 13 13 13 13 13 13 13 13 13 12 14 13 13 13 13 13 12
441_1_0 3 8 6 5 5 0 1 3 3 3 3 3 2 3 2 4 27 12 13 13 13 13 13 14 12 13 14 13 13 13 13 13 13 13 13 13 13 13 13 13 13 13 13 13 13 13 13 13 13 13 13 13 13 13 13 13 13 13 13 13 13 14 13 12 14 13 13 13 13 13 12
443_0_0 3 6 5 7 6 1 1 3 2 3 1 3 3 3 3 4 27 13 13 13 13 12 13 13 13 13 13 12 13 13 13 13 14 13 14 13 13 13 13 13 13 13 13 13 13 13 13 13 13 13 13 13 13 14 13 14 13 13 13 13 12 13 13 13 13 13 12 13 13 13 13
443_1_2 3 6 7 5 6 1 2 2 3 3 2 2 4 4 1 3 27 13 13 13 13 12 13 13 13 13 13 12 13 13 13 13 14 13 14 13 13 13 13 13 13 13 13 13 13 13 13 13 13 13 13 13 13 14 13 14 13 13 13 13 12 13 13 13 13 13 12 13 13 13 13
445_0_0 3 5 6 6 7 0 3 3 2 1 3 2 4 3 3 3 27 12 13 13 13 13 13 13 13 13 13 13 13 13 13 12 14 13 13 13 13 13 13 13 13 13 14 13 13 14 13 13 13 13 13 13 13 13 13 14 12 13 13 13 13 13 13 13 13 13 13 13 13 13 12
446_0_0 4 4 6 5 8 0 2 3 3 2 4 2 2 4 2 3 27 12 13 13 13 13 13 13 13 13 13 13 12 14 13 13 13 14 13 13 13 13 13 13 13 13 13 13 13 13 13 13 13 13 13 13 13 13 14 13 13 13 14 12 13 13 13 13 13 13 13 13 13 13 12
446_1_0 4 4 8 5 6 0 2 3 3 2 4 2 2 4 2 3 27 12 13 13 13 13 13 13 13 13 13 13 12 14 13 13 13 14 13 13 13 13 13 13 13 13 13 13 13 13 13 13 13 13 13 13 13 13 14 13 13 13 14 12 13 13 13 13 13 13 13 13 13 13 12
447_0_0 3 6 5 7 6 1 1 2 2 2 4 3 2 3 2 5 27 12 13 13 13 13 13 13 13 13 13 13 13 13 13 12 14 13 13 13 13 13 14 13 13 13 13 13 13 13 13 13 13 14 13 13 13 13 13 14 12 13 13 13 13 13 13 13 13 13 13 13 13 13 12
447_1_0 3 6 7 5 6 1 1 2 2 2 4 3 2 3 2 5 27 12 13 13 13 13 13 13 13 13 13 13 13 13 13 12 14 13 13 13 13 13 14 13 13 13 13 13 13 13 13 13 13 14 13 13 13 13 13 14 12 13 13 13 13 13 13 13 13 13 13 13 13 13 12
448_0_0 4 5 4 6 8 1 1 3 1 3 3 3 2 3 3 4 27 12 13 13 13 13 13 13 13 13 13 13 13 13 14 13 13 13 13 13 13 14 12 13 13 13 13 13 13 13 13 13 13 12 14 13 13 13 13 13 13 14 13 13 13 13 13 13 13 13 13 13 13 13 12
448_1_2 4 5 4 8 6 1 2 2 4 2 4 3 1 3 3 2 27 12 13 13 13 13 13 13 13 13 13 13 13 13 14 13 13 13 13 13 13 14 12 13 13 13 13 13 13 13 13 13 13 12 14 13 13 13 13 13 13 14 13 13 13 13 13 13 13 13 13 13 13 13 12
449_1_0 4 4 8 5 6 0 2 2 3 3 1 3 4 3 2 4 27 12 13 13 13 13 13 13 13 13 13 13 13 13 13 13 13 13 13 14 13 12 14 13 13 13 13 13 13 13 13 13 13 14 12 13 14 13 13 13 13 13 13 13 13 13 13 13 13 13 13 13 13 13 12
450_0_4 3 6 5 7 6 0 3 3 3 3 4 1 2 3 2 3 27 12 13 13 13 13 13 13 13 14 12 13 13 13 13 13 13 14 13 13 13 13 13 13 13 13 13 13 13 13 13 13 13 13 13 13 13 13 14 13 13 13 13 13 13 12 14 13 13 13 13 13 13 13 12
450_1_4 3 6 7 5 6 0 3 3 3 3 4 1 2 3 2 3 27 12 13 13 13 13 13 13 13 14 12 13 13 13 13 13 13 14 13 13 13 13 13 13 13 13 13 13 13 13 13 13 13 13 13 13 13 13 14 13 13 13 13 13 13 12 14 13 13 13 13 13 13 13 12
451_0_4 4 4 6 5 8 1 2 2 4 2 5 2 1 3 3 2 27 12 13 13 13 13 13 14 12 13 13 13 13 13 13 13 13 13 13 13 13 13 14 13 13 13 13 13 13 13 13 13 13 14 13 13 13 13 13 13 13 13 13 13 13 13 13 12 14 13 13 13 13 13 12
451_1_4 4 4 8 5 6 1 2 2 4 2 5 2 1 3 3 2 27 12 13 13 13 13 13 14 12 13 13 13 13 13 13 13 13 13 13 13 13 13 14 13 13 13 13 13 13 13 13 13 13 14 13 13 13 13 13 13 13 13 13 13 13 13 13 12 14 13 13 13 13 13 12
453_0_0 3 5 5 6 8 0 2 2 3 3 1 3 4 3 2 4 27 12 13 13 13 13 13 13 13 13 13 13 13 13 13 13 13 13 13 13 13 13 14 12 13 14 13 13 13 13 14 13 12 14 13 13 13 13 13 13 13 13 13 13 13 13 13 13 13 13 13 13 13 13 12
454_0_0 3 6 5 7 6 0 2 2 3 3 1 3 4 3 2 4 27 12 13 13 13 13 13 13 14 13 12 14 13 13 13 13 13 13 13 13 13 13 13 13 13 13 13 13 13 13 13 13 13 13 13 13 13 13 13 13 13 13 13 13 14 12 13 14 13 13 13 13 13 13 12
455_0_0 3 6 5 7 6 0 2 3 3 3 4 2 2 2 2 4 27 12 13 13 13 13 13 13 13 13 13 13 13 13 14 12 13 14 13 13 13 13 13 13 13 13 13 13 13 13 13 13 13 13 13 13 13 13 14 13 12 14 13 13 13 13 13 13 13 13 13 13 13 13 12
456_0_0 4 4 6 5 8 0 2 3 3 3 4 2 2 2 2 4 27 12 13 13 13 13 13 12 14 13 13 13 13 13 13 13 13 14 13 13 13 13 13 13 13 13 13 13 13 13 13 13 13 13 13 13 13 13 14 13 13 13 13 13 13 13 13 14 12 13 13 13 13 13 12
457_0_0 3 5 5 6 8 0 2 3 3 3 4 2 2 2 2 4 27 12 13 13 13 13 14 13 13 13 13 13 13 13 13 13 13 13 13 13 13 13 13 13 13 14 12 13 13 12 14 13 13 13 13 13 13 13 13 13 13 13 13 13 13 13 13 13 13 14 13 13 13 13 12
458_0_0 3 5 5 6 8 0 2 3 3 3 4 2 2 2 2 4 27 12 13 13 12 14 13 13 13 13 13 13 13 13 14 13 13 13 13 13 13 13 13 13 13 13 13 13 13 13 13 13 13 13 13 13 13 13 13 13 13 14 13 13 13 13 13 13 13 13 14 12 13 13 12
459_0_0 3 5 6 6 7 0 2 3 2 3 1 4 3 3 3 3 27 12 13 13 13 12 14 13 13 14 13 13 13 13 13 13 13 13 13 13 13 13 13 13 13 13 13 13 13 13 13 13 13 13 13 13 13 13 13 13 13 13 13 13 13 13 14 13 13 14 12 13 13 13 12
460_0_4 4 4 6 5 8 1 2 3 3 1 3 4 2 4 2 2 27 12 13 13 13 13 13 13 14 13 13 13 13 13 13 13 13 13 13 13 13 13 12 14 13 13 13 13 13 13 13 13 14 12 13 13 13 13 13 13 13 13 13 13 13 13 13 14 13 13 13 13 13 13 12
461_0_0 3 5 5 6 8 0 2 4 3 2 3 3 3 3 1 3 27 12 13 13 13 13 13 13 13 13 13 13 13 13 13 13 13 13 13 13 13 14 13 13 13 14 12 13 13 12 14 13 13 13 14 13 13 13 13 13 13 13 13 13 13 13 13 13 13 13 13 13 13 13 12
463_0_0 3 5 5 6 8 0 2 3 2 3 1 4 3 3 3 3 27 12 13 13 13 13 13 13 13 13 14 13 12 14 13 13 13 13 13 13 13 13 13 13 13 13 13 13 13 13 13 13 13 13 13 13 13 13 13 13 13 13 14 12 13 14 13 13 13 13 13 13 13 13 12
465_0_0 4 4 6 5 8 0 2 3 2 3 1 4 3 3 3 3 27 12 13 13 13 13 13 13 13 13 13 13 12 14 13 13 13 13 13 13 13 13 13 14 13 13 13 13 13 13 13 13 14 13 13 13 13 13 13 13 13 13 14 12 13 13 13 13 13 13 13 13 13 13 12
467_0_0 3 6 5 7 6 1 1 3 2 2 3 3 1 5 3 3 27 12 13 13 13 13 13 13 13 13 12 14 13 13 13 13 13 13 13 13 13 13 13 14 13 13 13 13 13 13 13 13 14 13 13 13 13 13 13 13 13 13 13 13 14 12 13 13 13 13 13 13 13 13 12
468_1_0 4 5 4 8 6 0 2 3 4 2 3 2 4 2 2 3 27 12 13 12 14 13 13 13 13 14 13 13 13 13 13 13 13 13 13 13 13 13 13 13 13 13 13 13 13 13 13 13 13 13 13 13 13 13 13 13 13 13 13 13 13 13 14 13 13 13 13 14 12 13 12
469_1_0 3 8 6 5 5 1 2 2 2 3 2 4 1 4 4 2 27 12 13 13 13 13 13 13 13 14 13 13 13 13 13 14 12 13 13 13 13 13 13 13 13 13 13 13 13 13 13 13 13 13 13 13 13 13 13 12 14 13 13 13 13 13 14 13 13 13 13 13 13 13 12
470_1_0 3 7 6 6 5 0 2 3 4 2 3 2 4 2 2 3 27 12 13 13 14 13 13 13 13 13 13 13 13 13 13 13 13 13 13 13 13 13 13 13 14 12 13 13 13 13 12 14 13 13 13 13 13 13 13 13 13 13 13 13 13 13 13 13 13 13 13 14 13 13 12
471_0_4 3 5 5 6 8 0 3 3 3 3 4 1 2 3 2 3 27 12 13 13 13 13 13 13 13 13 13 13 13 13 13 13 14 13 13 13 14 12 13 13 13 13 13 13 13 13 13 13 13 13 12 14 13 13 13 14 13 13 13 13 13 13 13 13 13 13 13 13 13 13 12
471_1_4 3 8 6 5 5 0 3 3 3 3 4 1 2 3 2 3 27 12 13 13 13 13 13 13 13 13 13 13 13 13 13 13 14 13 13 13 14 12 13 13 13 13 13 13 13 13 13 13 13 13 12 14 13 13 13 14 13 13 13 13 13 13 13 13 13 13 13 13 13 13 12
472_1_0 4 5 4 8 6 0 2 3 4 2 3 2 4 2 2 3 27 12 13 12 14 13 13 13 13 13 13 13 13 13 13 13 13 13 13 13 13 13 13 13 14 13 13 13 13 13 13 14 13 13 13 13 13 13 13 13 13 13 13 13 13 13 13 13 13 13 13 14 12 13 12
473_1_0 3 6 7 5 6 0 1 3 3 3 3 3 2 3 2 4 27 12 13 13 13 13 13 13 13 13 13 13 13 13 13 13 13 13 13 13 13 13 13 14 13 12 14 13 13 14 12 13 14 13 13 13 13 13 13 13 13 13 13 13 13 13 13 13 13 13 13 13 13 13 12
474_1_0 4 5 4 8 6 1 1 3 2 3 4 3 1 4 2 3 27 12 13 13 13 13 13 13 13 14 13 13 13 13 13 13 13 13 12 14 13 13 13 13 13 13 13 13 13 13 13 13 13 13 13 13 14 12 13 13 13 13 13 13 13 13 14 13 13 13 13 13 13 13 12
475_0_4 4 5 4 6 8 1 2 2 4 2 5 2 1 3 3 2 27 12 13 12 14 13 13 13 13 13 13 14 13 13 13 13 13 13 13 13 13 13 13 13 13 13 13 13 13 13 13 13 13 13 13 13 13 13 13 13 13 13 13 13 14 13 13 13 13 13 13 14 12 13 12
475_1_4 4 5 4 8 6 1 2 2 4 2 5 2 1 3 3 2 27 12 13 12 14 13 13 13 13 13 13 14 13 13 13 13 13 13 13 13 13 13 13 13 13 13 13 13 13 13 13 13 13 13 13 13 13 13 13 13 13 13 13 13 14 13 13 13 13 13 13 14 12 13 12
477_0_0 3 5 8 5 6 1 1 2 4 3 3 2 3 3 1 4 27 12 13 12 14 13 13 13 13 13 13 13 13 13 13 13 13 13 13 13 13 13 13 13 13 14 13 13 13 13 14 13 13 13 13 13 13 13 13 13 13 13 13 13 13 13 13 13 13 13 13 14 12 13 12
478_1_0 3 7 5 7 5 0 2 3 4 2 3 2 4 2 2 3 27 12 13 13 13 13 13 13 13 13 13 13 13 14 12 13 13 13 14 13 13 13 13 13 13 13 13 13 13 13 13 13 13 13 13 13 13 14 13 13 13 12 14 13 13 13 13 13 13 13 13 13 13 13 12
480_0_0 4 4 6 5 8 0 2 3 2 3 1 4 3 3 3 3 27 12 13 13 13 13 13 13 13 13 13 13 13 13 13 13 12 14 13 13 13 13 13 13 14 13 13 13 13 13 13 14 13 13 13 13 13 13 14 12 13 13 13 13 13 13 13 13 13 13 13 13 13 13 12
482_0_0 4 4 6 5 8 1 2 2 4 1 2 3 4 2 4 2 27 12 13 13 13 13 13 14 12 13 13 13 13 13 13 13 13 13 14 13 13 13 13 13 13 13 13 13 13 13 13 13 13 13 13 13 13 14 13 13 13 13 13 13 13 13 13 12 14 13 13 13 13 13 12
483_0_0 3 5 7 5 7 0 2 4 3 2 3 3 3 3 1 3 27 12 13 14 12 13 13 13 13 13 13 13 14 13 13 13 13 13 13 13 13 13 13 13 13 13 13 13 13 13 13 13 13 13 13 13 13 13 13 13 13 13 13 14 13 13 13 13 13 13 13 12 14 13 12
485_0_0 4 4 6 5 8 1 1 2 4 3 3 2 3 3 1 4 27 12 14 13 13 13 13 13 13 13 13 13 13 13 13 14 13 13 13 13 12 13 13 13 13 13 13 13 13 13 13 13 13 13 13 12 13 13 13 13 14 13 13 13 13 13 13 13 13 13 13 13 13 14 12
487_0_0 4 4 6 5 8 0 2 2 3 2 3 2 4 2 4 3 27 12 13 13 13 13 13 13 13 13 13 13 13 14 12 13 13 13 13 13 13 13 13 13 14 13 13 13 13 13 13 14 13 13 13 13 13 13 13 13 13 12 14 13 13 13 13 13 13 13 13 13 13 13 12
488_0_0 3 5 7 5 7 1 1 2 3 2 3 4 1 4 3 3 27 12 14 13 13 13 12 13 13 13 13 13 14 13 13 13 13 13 13 13 13 13 13 13 13 13 13 13 13 13 13 13 13 13 13 13 13 13 13 13 13 13 13 14 13 13 13 13 13 12 13 13 13 14 12
489_1_0 4 4 8 5 6 1 2 2 2 3 2 4 1 4 4 2 27 12 13 13 13 13 13 13 13 13 13 13 13 14 13 13 13 12 14 13 13 13 13 13 13 13 13 13 13 13 13 13 13 13 13 13 13 14 12 13 13 13 14 13 13 13 13 13 13 13 13 13 13 13 12
491_0_0 3 5 8 5 6 1 2 1 3 2 3 4 1 3 4 3 27 12 13 13 13 13 13 13 13 13 14 13 13 12 14 13 13 13 13 13 13 13 13 13 13 13 13 13 13 13 13 13 13 13 13 13 13 13 13 13 13 14 12 13 13 14 13 13 13 13 13 13 13 13 12
492_0_4 4 4 6 5 8 1 3 2 2 2 2 5 3 2 2 3 27 12 13 13 13 13 13 13 13 13 13 13 13 13 13 13 13 13 14 13 13 13 12 14 13 13 13 13 13 13 13 13 14 12 13 13 13 14 13 13 13 13 13 13 13 13 13 13 13 13 13 13 13 13 12
493_0_0 3 6 5 7 6 1 2 2 1 3 2 4 2 2 3 5 27 12 13 13 13 13 13 13 13 13 12 14 13 13 13 13 13 13 14 13 13 13 13 13 13 13 13 13 13 13 13 13 13 13 13 13 13 14 13 13 13 13 13 13 14 12 13 13 13 13 13 13 13 13 12
495_0_0 4 5 4 6 8 1 2 3 1 4 3 4 2 1 3 3 27 12 13 13 13 13 13 13 13 13 13 13 13 12 14 13 13 13 13 14 13 13 13 13 13 13 13 13 13 13 13 13 13 13 13 13 14 13 13 13 13 14 12 13 13 13 13 13 13 13 13 13 13 13 12
497_0_0 3 6 5 7 6 1 2 2 4 1 2 3 4 2 4 2 27 12 13 13 13 13 13 13 13 13 13 13 13 13 13 13 13 13 14 13 13 13 13 13 13 12 14 13 13 14 12 13 13 13 13 13 13 14 13 13 13 13 13 13 13 13 13 13 13 13 13 13 13 13 12
498_0_0 3 5 7 5 7 1 1 2 3 3 3 2 4 1 4 3 27 12 13 13 13 13 13 13 13 13 13 13 13 14 12 13 13 14 13 13 13 13 13 13 13 13 13 13 13 13 13 13 13 13 13 13 13 13 14 13 13 12 14 13 13 13 13 13 13 13 13 13 13 13 12
499_0_0 3 5 7 5 7 1 2 2 1 3 2 4 2 2 3 5 27 12 13 13 13 13 13 13 13 13 13 13 13 13 13 13 13 13 14 13 13 12 14 13 13 13 13 13 13 13 13 13 13 14 12 13 13 14 13 13 13 13 13 13 13 13 13 13 13 13 13 13 13 13 12
500_0_4 3 5 7 5 7 1 3 2 2 2 2 5 3 2 2 3 27 12 13 13 13 13 13 13 13 13 13 12 14 13 13 13 13 13 14 13 13 13 13 13 13 13 13 13 13 13 13 13 13 13 13 13 13 14 13 13 13 13 13 14 12 13 13 13 13 13 13 13 13 13 12
501_0_0 3 6 5 7 6 1 2 1 3 2 3 4 1 3 4 3 27 12 13 14 13 13 13 13 13 13 13 13 13 13 13 13 13 13 13 13 12 14 13 13 13 13 13 13 13 13 13 13 13 13 14 12 13 13 13 13 13 13 13 13 13 13 13 13 13 13 13 13 14 13 12
502_1_0 3 8 6 5 5 0 2 3 3 3 4 2 2 2 2 4 27 12 13 13 13 14 13 13 13 13 13 13 13 13 13 12 13 13 13 13 13 13 13 13 13 14 13 13 13 13 14 13 13 13 13 13 13 13 13 13 12 13 13 13 13 13 13 13 13 13 14 13 13 13 12
504_0_0 3 5 5 6 8 1 2 2 3 4 2 4 2 1 2 4 27 12 13 13 13 13 13 13 13 13 13 13 13 13 13 14 13 13 13 13 12 13 13 13 13 14 13 13 13 13 14 13 13 13 13 12 13 13 13 13 14 13 13 13 13 13 13 13 13 13 13 13 13 13 12
505_0_0 3 5 5 6 8 1 2 2 4 3 3 1 4 3 1 3 27 12 13 13 13 13 13 13 13 13 12 13 13 13 13 14 13 13 13 13 14 13 13 13 13 13 13 13 13 13 13 13 13 13 13 14 13 13 13 13 14 13 13 13 13 12 13 13 13 13 13 13 13 13 12
506_0_0 3 5 5 6 8 1 1 2 3 2 3 4 1 4 3 3 27 12 13 13 13 12 13 13 13 13 14 13 13 13 13 13 13 13 13 13 14 13 13 13 13 13 13 13 13 13 13 13 13 13 13 14 13 13 13 13 13 13 13 13 13 14 13 13 13 13 12 13 13 13 12
507_1_0 3 6 7 5 6 0 2 2 3 3 1 3 4 3 2 4 27 12 13 14 13 13 13 13 13 13 12 14 13 13 13 13 13 13 13 13 13 13 13 13 13 13 13 13 13 13 13 13 13 13 13 13 13 13 13 13 13 13 13 13 14 12 13 13 13 13 13 13 14 13 12
508_1_0 3 6 7 5 6 0 2 3 2 3 4 2 2 4 2 3 27 12 13 14 13 13 13 13 13 13 13 13 13 13 14 12 13 13 13 13 13 13 13 13 13 13 13 13 13 13 13 13 13 13 13 13 13 13 13 13 12 14 13 13 13 13 13 13 13 13 13 13 14 13 12
510_0_0 3 6 5 7 6 1 2 1 3 2 3 4 1 3 4 3 27 12 13 13 13 13 13 13 13 13 13 13 13 13 13 13 13 13 13 14 12 13 13 14 13 13 13 13 13 13 13 13 14 13 13 12 14 13 13 13 13 13 13 13 13 13 13 13 13 13 13 13 13 13 12
511_2_0 3 6 5 7 4 1 2 1 2 2 3 2 3 1 4 4 25 11 11 11 11 11 11 11 11 11 11 11 11 11 11 11 12 11 11 11 11 11 11 11 12 11 11 12 12 11 11 12 11 11 11 11 11 11 11 12 11 11 11 11 11 11 11 11 11 11 11 11 11 11 11
512_0_4 4 4 6 5 8 1 3 2 2 2 2 5 3 2 2 3 27 12 13 13 13 13 13 14 13 13 13 13 13 13 13 13 13 13 13 13 13 13 12 14 13 13 13 13 13 13 13 13 14 12 13 13 13 13 13 13 13 13 13 13 13 13 13 13 14 13 13 13 13 13 12
513_0_0 3 4 6 5 7 1 1 2 4 2 4 3 1 2 2 3 25 11 11 11 11 11 11 11 11 11 11 11 11 11 11 11 11 11 12 11 11 12 11 12 11 11 11 11 11 11 11 11 12 11 12 11 11 12 11 11 11 11 11 11 11 11 11 11 11 11 11 11 11 11 11
514_0_0 3 5 5 6 8 1 1 3 2 3 1 3 3 3 3 4 27 12 13 13 14 13 13 13 13 13 14 12 13 13 13 13 13 13 13 13 13 13 13 13 13 13 13 13 13 13 13 13 13 13 13 13 13 13 13 13 13 13 13 13 12 14 13 13 13 13 13 14 13 13 12
514_1_2 3 8 6 5 5 1 2 2 3 3 2 2 4 4 1 3 27 12 13 13 14 13 13 13 13 13 14 12 13 13 13 13 13 13 13 13 13 13 13 13 13 13 13 13 13 13 13 13 13 13 13 13 13 13 13 13 13 13 13 13 12 14 13 13 13 13 13 14 13 13 12
516_0_0 4 4 6 5 8 0 2 2 3 2 3 2 4 2 4 3 27 12 13 13 13 13 13 13 13 14 13 13 13 14 12 13 13 13 13 13 13 13 13 13 13 13 13 13 13 13 13 13 13 13 13 13 13 13 13 13 13 12 14 13 13 13 14 13 13 13 13 13 13 13 12
517_0_0 3 4 7 5 6 0 2 3 1 2 2 2 2 4 3 4 25 11 11 11 11 11 11 11 11 11 11 11 11 11 11 11 11 11 11 12 11 11 12 11 12 11 11 11 11 11 11 12 11 12 11 11 12 11 11 11 11 11 11 11 11 11 11 11 11 11 11 11 11 11 11
518_0_0 3 6 5 7 6 1 1 2 4 3 3 2 3 3 1 4 27 12 13 13 13 13 13 13 14 13 13 13 13 13 13 13 13 13 13 13 13 13 13 13 13 12 14 13 13 14 12 13 13 13 13 13 13 13 13 13 13 13 13 13 13 13 13 14 13 13 13 13 13 13 12
519_1_0 3 5 4 7 6 1 1 3 3 3 3 3 1 2 1 4 25 11 11 11 11 11 11 11 11 11 11 11 11 11 11 11 11 11 12 11 11 11 11 11 12 11 12 11 11 12 11 12 11 11 11 11 11 12 11 11 11 11 11 11 11 11 11 11 11 11 11 11 11 11 11
519_3_0 3 6 7 4 5 1 1 3 3 3 3 3 1 2 1 4 25 11 11 11 11 11 11 11 11 11 11 11 11 11 11 11 11 11 12 11 11 11 11 11 12 11 12 11 11 12 11 12 11 11 11 11 11 12 11 11 11 11 11 11 11 11 11 11 11 11 11 11 11 11 11
520_1_0 4 5 4 8 6 0 2 2 3 3 1 3 4 3 2 4 27 12 13 13 13 13 13 13 13 13 13 14 12 13 13 13 13 13 13 14 13 13 13 13 13 13 13 13 13 13 13 13 13 13 13 13 14 13 13 13 13 13 13 12 14 13 13 13 13 13 13 13 13 13 12
522_0_0 3 4 6 5 7 0 3 1 2 3 4 3 2 1 3 3 25 11 11 11 11 11 11 11 11 11 11 11 11 11 11 11 11 11 11 12 11 11 12 11 11 11 11 12 12 11 11 11 11 12 11 11 12 11 11 11 11 11 11 11 11 11 11 11 11 11 11 11 11 11 11
523_0_0 3 4 7 5 6 0 1 4 1 3 2 3 3 3 3 2 25 11 11 11 11 11 11 11 11 11 11 11 11 11 11 11 11 11 11 11 11 12 12 11 12 11 11 11 11 11 11 12 11 12 12 11 11 11 11 11 11 11 11 11 11 11 11 11 11 11 11 11 11 11 11
524_0_0 4 4 6 5 8 0 2 3 4 2 3 2 4 2 2 3 27 12 13 13 14 13 13 13 13 13 13 13 13 14 12 13 13 13 13 13 13 13 13 13 13 13 13 13 13 13 13 13 13 13 13 13 13 13 13 13 13 12 14 13 13 13 13 13 13 13 13 14 13 13 12
525_0_0 3 5 7 5 7 1 1 3 1 3 3 3 2 3 3 4 27 12 13 14 13 13 13 13 13 13 13 12 14 13 13 13 13 13 13 13 13 13 13 13 13 13 13 13 13 13 13 13 13 13 13 13 13 13 13 13 13 13 13 14 12 13 13 13 13 13 13 13 14 13 12
525_1_2 3 7 5 7 5 1 2 2 4 2 4 3 1 3 3 2 27 12 13 14 13 13 13 13 13 13 13 12 14 13 13 13 13 13 13 13 13 13 13 13 13 13 13 13 13 13 13 13 13 13 13 13 13 13 13 13 13 13 13 14 12 13 13 13 13 13 13 13 14 13 12
526_0_4 4 4 6 5 8 1 2 3 3 1 3 4 2 4 2 2 27 12 13 14 13 13 13 13 13 13 13 13 13 13 13 13 13 13 13 13 13 13 12 14 13 13 13 13 13 13 13 13 14 12 13 13 13 13 13 13 13 13 13 13 13 13 13 13 13 13 13 13 14 13 12
527_0_0 3 5 7 5 7 0 2 3 2 3 1 4 3 3 3 3 27 12 13 13 13 13 13 13 14 13 13 13 13 14 12 13 13 13 13 13 13 13 13 13 13 13 13 13 13 13 13 13 13 13 13 13 13 13 13 13 13 12 14 13 13 13 13 14 13 13 13 13 13 13 12
528_1_0 3 6 7 5 6 0 2 3 3 3 4 2 2 2 2 4 27 12 13 14 13 13 13 13 13 13 13 13 13 13 13 12 14 13 13 13 13 13 13 13 13 13 13 13 13 13 13 13 13 13 13 13 13 13 13 14 12 13 13 13 13 13 13 13 13 13 13 13 14 13 12
529_1_0 3 7 5 7 5 0 2 2 3 3 1 3 4 3 2 4 27 12 13 13 13 13 13 13 14 13 13 13 13 13 13 13 13 13 13 13 13 12 14 13 13 13 13 13 13 13 13 13 13 14 12 13 13 13 13 13 13 13 13 13 13 13 13 14 13 13 13 13 13 13 12
530_2_0 3 6 5 7 4 1 1 2 2 4 2 4 2 1 3 3 25 11 11 11 11 11 11 11 11 11 11 11 11 11 11 11 11 11 11 12 11 12 11 11 11 11 11 12 12 11 11 11 11 11 12 11 12 11 11 11 11 11 11 11 11 11 11 11 11 11 11 11 11 11 11
531_1_0 4 4 8 5 6 0 1 3 3 3 3 3 2 3 2 4 27 12 13 13 13 13 13 14 12 13 13 13 14 13 13 13 13 13 13 13 13 13 13 13 13 13 13 13 13 13 13 13 13 13 13 13 13 13 13 13 13 13 13 14 13 13 13 12 14 13 13 13 13 13 12
533_0_0 3 4 6 5 7 0 1 2 3 2 2 2 4 3 2 4 25 11 11 11 11 11 11 11 11 11 11 11 11 11 11 11 11 11 11 12 11 11 12 12 11 11 11 11 11 11 11 11 12 12 11 11 12 11 11 11 11 11 11 11 11 11 11 11 11 11 11 11 11 11 11
534_0_0 3 5 5 6 8 1 1 2 4 1 3 3 2 4 3 3 27 12 13 13 12 14 13 13 13 13 13 13 13 13 13 13 13 13 13 13 13 14 13 13 13 13 13 13 13 13 13 13 13 13 14 13 13 13 13 13 13 13 13 13 13 13 13 13 13 13 14 12 13 13 12
535_0_4 3 5 7 5 7 1 3 2 2 2 2 5 3 2 2 3 27 12 13 13 13 13 13 14 13 13 13 12 14 13 13 13 13 13 13 13 13 13 13 13 13 13 13 13 13 13 13 13 13 13 13 13 13 13 13 13 13 13 13 14 12 13 13 13 14 13 13 13 13 13 12
536_0_0 3 6 5 7 6 1 2 2 3 1 4 2 2 5 3 2 27 12 13 13 13 13 13 13 13 13 13 13 13 13 14 12 13 13 13 13 13 13 14 13 13 13 13 13 13 13 13 13 13 14 13 13 13 13 13 13 12 14 13 13 13 13 13 13 13 13 13 13 13 13 12
537_0_4 3 5 8 5 6 1 3 2 2 2 2 5 3 2 2 3 27 12 13 13 13 13 13 13 13 13 13 13 13 13 13 14 13 13 13 13 13 14 12 13 13 13 13 13 13 13 13 13 13 12 14 13 13 13 13 13 14 13 13 13 13 13 13 13 13 13 13 13 13 13 12
538_0_0 4 4 6 5 8 0 2 4 3 2 3 3 3 3 1 3 27 12 13 13 13 13 13 12 14 13 13 13 14 13 13 13 13 13 13 13 13 13 13 13 13 13 13 13 13 13 13 13 13 13 13 13 13 13 13 13 13 13 13 14 13 13 13 14 12 13 13 13 13 13 12
540_0_0 3 5 6 6 7 1 1 2 4 3 3 2 3 3 1 4 27 12 13 13 14 12 13 13 13 13 13 13 13 13 13 13 14 13 13 13 13 13 13 13 13 13 13 13 13 13 13 13 13 13 13 13 13 13 13 14 13 13 13 13 13 13 13 13 13 13 12 14 13 13 12
542_0_0 3 4 7 5 6 0 2 3 4 3 2 2 3 2 1 3 25 11 11 11 11 11 11 11 11 11 11 11 11 11 11 11 11 11 11 11 11 12 11 12 12 11 11 11 11 11 11 12 12 11 12 11 11 11 11 11 11 11 11 11 11 11 11 11 11 11 11 11 11 11 11
542_2_0 3 6 5 7 4 0 2 3 4 3 2 2 3 2 1 3 25 11 11 11 11 11 11 11 11 11 11 11 11 11 11 11 11 11 11 11 11 12 11 12 12 11 11 11 11 11 11 12 12 11 12 11 11 11 11 11 11 11 11 11 11 11 11 11 11 11 11 11 11 11 11
543_0_0 3 5 6 6 7 0 1 3 3 3 2 3 3 3 2 4 27 12 13 13 14 13 13 13 13 13 13 13 13 13 13 13 13 13 13 13 12 14 13 13 13 13 13 13 13 13 13 13 13 13 14 12 13 13 13 13 13 13 13 13 13 13 13 13 13 13 13 14 13 13 12
545_0_0 4 5 4 6 8 1 1 3 2 3 1 3 3 3 3 4 27 12 13 13 13 13 13 13 13 13 13 13 13 13 13 13 13 13 13 13 13 14 12 13 13 13 14 13 13 14 13 13 13 12 14 13 13 13 13 13 13 13 13 13 13 13 13 13 13 13 13 13 13 13 12
545_1_2 4 5 4 8 6 1 2 2 3 3 2 2 4 4 1 3 27 12 13 13 13 13 13 13 13 13 13 13 13 13 13 13 13 13 13 13 13 14 12 13 13 13 14 13 13 14 13 13 13 12 14 13 13 13 13 13 13 13 13 13 13 13 13 13 13 13 13 13 13 13 12
546_1_0 3 7 6 6 5 1 1 3 2 3 4 3 1 4 2 3 27 12 13 13 13 13 13 13 13 14 13 13 13 13 14 12 13 13 13 13 13 13 13 13 13 13 13 13 13 13 13 13 13 13 13 13 13 13 13 13 12 14 13 13 13 13 14 13 13 13 13 13 13 13 12
548_0_0 3 5 6 6 7 1 2 2 1 3 2 4 2 2 3 5 27 12 13 13 13 13 13 13 13 13 12 14 13 13 13 13 13 13 13 13 13 13 13 13 13 13 14 13 13 14 13 13 13 13 13 13 13 13 13 13 13 13 13 13 14 12 13 13 13 13 13 13 13 13 12
550_0_0 3 5 6 6 7 1 1 2 4 3 3 2 3 3 1 4 27 12 13 13 13 13 13 13 13 13 13 13 13 13 13 13 13 13 13 14 13 13 13 13 13 12 14 13 13 14 12 13 13 13 13 13 14 13 13 13 13 13 13 13 13 13 13 13 13 13 13 13 13 13 12
551_1_0 3 8 6 5 5 0 2 3 4 2 3 2 4 2 2 3 27 12 13 13 13 13 13 13 13 13 13 13 13 13 13 13 13 13 13 12 14 13 13 13 13 13 14 13 13 14 13 13 13 13 13 14 12 13 13 13 13 13 13 13 13 13 13 13 13 13 13 13 13 13 12
552_1_0 4 4 8 5 6 1 1 3 2 3 4 3 1 4 2 3 27 12 14 13 13 13 13 13 13 13 13 13 13 13 13 12 13 13 13 13 13 13 13 13 13 14 13 13 13 13 14 13 13 13 13 13 13 13 13 13 12 13 13 13 13 13 13 13 13 13 13 13 13 14 12
553_0_4 3 5 6 6 7 0 3 3 3 3 4 1 2 3 2 3 27 12 13 13 13 13 13 13 13 14 12 13 13 13 13 13 14 13 13 13 13 13 13 13 13 13 13 13 13 13 13 13 13 13 13 13 13 13 13 14 13 13 13 13 13 12 14 13 13 13 13 13 13 13 12
553_1_4 3 7 6 6 5 0 3 3 3 3 4 1 2 3 2 3 27 12 13 13 13 13 13 13 13 14 12 13 13 13 13 13 14 13 13 13 13 13 13 13 13 13 13 13 13 13 13 13 13 13 13 13 13 13 13 14 13 13 13 13 13 12 14 13 13 13 13 13 13 13 12
555_0_0 3 5 6 6 7 1 1 2 3 2 2 2 3 4 2 5 27 12 13 13 13 13 13 13 13 13 13 14 13 13 13 13 13 13 13 13 13 13 13 13 14 12 13 13 13 13 12 14 13 13 13 13 13 13 13 13 13 13 13 13 14 13 13 13 13 13 13 13 13 13 12
556_1_0 3 8 6 5 5 1 2 2 4 3 3 1 4 3 1 3 27 12 13 13 13 13 13 13 13 13 13 13 12 14 13 14 13 13 13 13 13 13 13 13 13 13 13 13 13 13 13 13 13 13 13 13 13 13 13 13 14 13 14 12 13 13 13 13 13 13 13 13 13 13 12
558_0_0 3 4 6 5 7 0 2 3 1 3 2 2 2 4 3 3 25 11 11 11 11 11 11 11 11 11 11 11 11 11 11 11 12 11 12 11 11 11 11 11 11 11 11 12 12 11 11 11 11 11 11 11 11 12 11 12 11 11 11 11 11 11 11 11 11 11 11 11 11 11 11
558_2_0 3 7 5 6 4 0 2 3 1 3 2 2 2 4 3 3 25 11 11 11 11 11 11 11 11 11 11 11 11 11 11 11 12 11 12 11 11 11 11 11 11 11 11 12 12 11 11 11 11 11 11 11 11 12 11 12 11 11 11 11 11 11 11 11 11 11 11 11 11 11 11
559_0_0 4 4 6 5 8 1 1 2 4 3 3 2 3 3 1 4 27 12 13 13 13 13 13 13 13 13 13 13 13 13 13 13 12 14 13 13 13 13 13 13 13 13 14 13 13 14 13 13 13 13 13 13 13 13 14 12 13 13 13 13 13 13 13 13 13 13 13 13 13 13 12
560_0_4 3 5 7 5 7 1 2 3 3 1 3 4 2 4 2 2 27 12 13 13 13 13 13 13 14 13 13 12 14 13 13 13 13 13 13 13 13 13 13 13 13 13 13 13 13 13 13 13 13 13 13 13 13 13 13 13 13 13 13 14 12 13 13 14 13 13 13 13 13 13 12
561_0_0 3 6 5 7 6 1 1 3 2 3 1 3 3 3 3 4 27 13 13 13 13 12 13 13 13 13 13 13 13 13 13 13 13 14 14 13 13 13 12 13 13 13 13 13 13 13 13 13 13 12 13 13 13 14 14 13 13 13 13 13 13 13 13 13 13 13 12 13 13 13 13
561_1_2 3 6 7 5 6 1 2 2 3 3 2 2 4 4 1 3 27 13 13 13 13 12 13 13 13 13 13 13 13 13 13 13 13 14 14 13 13 13 12 13 13 13 13 13 13 13 13 13 13 12 13 13 13 14 14 13 13 13 13 13 13 13 13 13 13 13 12 13 13 13 13
563_0_0 3 5 6 6 7 1 1 2 3 2 4 3 2 3 2 4 27 13 13 13 13 12 13 13 13 13 13 13 13 13 13 13 13 13 13 13 13 13 12 13 14 13 13 14 14 13 13 14 13 12 13 13 13 13 13 13 13 13 13 13 13 13 13 13 13 13 12 13 13 13 13
563_1_2 3 7 6 6 5 1 2 1 3 3 1 3 3 3 3 4 27 13 13 13 13 12 13 13 13 13 13 13 13 13 13 13 13 13 13 13 13 13 12 13 14 13 13 14 14 13 13 14 13 12 13 13 13 13 13 13 13 13 13 13 13 13 13 13 13 13 12 13 13 13 13
564_2_0 3 6 5 7 4 0 3 2 2 1 2 4 4 2 2 3 25 11 11 11 11 11 11 11 11 11 11 11 11 11 11 11 11 11 11 11 11 12 12 11 11 11 12 11 11 12 11 11 11 12 12 11 11 11 11 11 11 11 11 11 11 11 11 11 11 11 11 11 11 11 11
565_1_0 3 6 7 5 6 1 2 2 3 4 2 4 2 1 2 4 27 12 13 13 13 13 13 14 13 13 13 13 13 13 13 13 13 13 13 14 12 13 13 13 13 13 13 13 13 13 13 13 13 13 13 12 14 13 13 13 13 13 13 13 13 13 13 13 14 13 13 13 13 13 12
567_0_0 3 5 6 6 7 0 2 2 3 2 3 2 4 2 4 3 27 12 13 13 13 13 13 13 13 14 13 13 13 13 13 13 13 13 13 13 13 13 13 13 14 12 13 13 13 13 12 14 13 13 13 13 13 13 13 13 13 13 13 13 13 13 14 13 13 13 13 13 13 13 12
568_0_0 4 4 6 5 8 1 1 3 2 3 1 3 3 3 3 4 27 12 13 13 13 13 13 13 13 13 13 12 14 13 13 13 13 13 13 13 13 13 13 13 13 13 14 13 13 14 13 13 13 13 13 13 13 13 13 13 13 13 13 14 12 13 13 13 13 13 13 13 13 13 12
568_1_2 4 4 8 5 6 1 2 2 3 3 2 2 4 4 1 3 27 12 13 13 13 13 13 13 13 13 13 12 14 13 13 13 13 13 13 13 13 13 13 13 13 13 14 13 13 14 13 13 13 13 13 13 13 13 13 13 13 13 13 14 12 13 13 13 13 13 13 13 13 13 12
570_0_0 3 5 5 6 8 1 2 2 2 3 3 2 3 2 5 2 27 12 13 13 13 13 13 13 13 13 14 12 13 13 13 13 14 13 13 13 13 13 13 13 13 13 13 13 13 13 13 13 13 13 13 13 13 13 13 14 13 13 13 13 12 14 13 13 13 13 13 13 13 13 12
570_1_2 3 8 6 5 5 1 2 3 3 1 3 3 4 3 1 3 27 12 13 13 13 13 13 13 13 13 14 12 13 13 13 13 14 13 13 13 13 13 13 13 13 13 13 13 13 13 13 13 13 13 13 13 13 13 13 14 13 13 13 13 12 14 13 13 13 13 13 13 13 13 12
571_0_4 3 5 8 5 6 1 2 5 2 3 2 3 3 2 2 2 27 12 13 13 13 14 13 13 13 13 13 13 13 13 13 13 13 13 13 13 13 14 12 13 13 13 13 13 13 13 13 13 13 12 14 13 13 13 13 13 13 13 13 13 13 13 13 13 13 13 14 13 13 13 12
572_0_0 3 6 5 7 6 1 2 2 4 1 2 3 4 2 4 2 27 12 13 13 13 13 13 14 13 13 13 13 13 13 13 13 13 13 13 13 13 13 13 13 13 12 14 13 13 14 12 13 13 13 13 13 13 13 13 13 13 13 13 13 13 13 13 13 14 13 13 13 13 13 12
573_0_0 4 5 4 6 8 1 2 2 1 3 2 4 2 2 3 5 27 12 13 13 13 13 13 13 13 13 13 14 12 13 13 13 13 13 13 13 13 13 13 13 13 13 14 13 13 14 13 13 13 13 13 13 13 13 13 13 13 13 13 12 14 13 13 13 13 13 13 13 13 13 12
575_0_0 3 5 6 6 7 1 1 3 1 3 3 3 2 3 3 4 27 13 13 13 13 12 13 13 13 13 13 12 13 13 13 13 14 13 13 14 13 13 13 13 13 13 13 13 13 13 13 13 13 13 13 13 14 13 13 14 13 13 13 13 12 13 13 13 13 13 12 13 13 13 13
575_1_2 3 7 6 6 5 1 2 2 4 2 4 3 1 3 3 2 27 13 13 13 13 12 13 13 13 13 13 12 13 13 13 13 14 13 13 14 13 13 13 13 13 13 13 13 13 13 13 13 13 13 13 13 14 13 13 14 13 13 13 13 12 13 13 13 13 13 12 13 13 13 13
576_1_0 3 8 6 5 5 1 1 3 2 3 4 3 1 4 2 3 27 12 13 13 13 13 13 13 13 14 13 13 13 13 13 13 13 13 13 13 13 13 13 13 13 14 12 13 13 12 14 13 13 13 13 13 13 13 13 13 13 13 13 13 13 13 14 13 13 13 13 13 13 13 12
577_0_4 3 5 7 5 7 1 2 5 2 3 2 3 3 2 2 2 27 12 13 13 13 13 13 13 13 13 13 12 14 13 13 13 13 14 13 13 13 13 13 13 13 13 13 13 13 13 13 13 13 13 13 13 13 13 14 13 13 13 13 14 12 13 13 13 13 13 13 13 13 13 12
578_0_0 3 5 5 6 8 1 1 3 1 3 3 3 2 3 3 4 27 12 13 13 13 13 13 13 13 13 14 12 13 13 14 13 13 13 13 13 13 13 13 13 13 13 13 13 13 13 13 13 13 13 13 13 13 13 13 13 13 14 13 13 12 14 13 13 13 13 13 13 13 13 12
578_1_2 3 8 6 5 5 1 2 2 4 2 4 3 1 3 3 2 27 12 13 13 13 13 13 13 13 13 14 12 13 13 14 13 13 13 13 13 13 13 13 13 13 13 13 13 13 13 13 13 13 13 13 13 13 13 13 13 13 14 13 13 12 14 13 13 13 13 13 13 13 13 12
580_0_0 3 5 6 6 7 0 2 3 3 3 4 2 2 2 2 4 27 12 13 13 13 13 14 13 13 13 13 13 13 13 14 12 13 13 13 13 13 13 13 13 13 13 13 13 13 13 13 13 13 13 13 13 13 13 13 13 12 14 13 13 13 13 13 13 13 14 13 13 13 13 12
581_0_0 3 5 5 6 8 0 2 3 3 2 4 2 2 4 2 3 27 12 13 13 13 14 13 13 13 13 13 13 12 14 13 13 13 13 13 13 13 13 13 13 13 13 13 13 13 13 13 13 13 13 13 13 13 13 13 13 13 13 14 12 13 13 13 13 13 13 14 13 13 13 12
581_1_0 3 8 6 5 5 0 2 3 3 2 4 2 2 4 2 3 27 12 13 13 13 14 13 13 13 13 13 13 12 14 13 13 13 13 13 13 13 13 13 13 13 13 13 13 13 13 13 13 13 13 13 13 13 13 13 13 13 13 14 12 13 13 13 13 13 13 14 13 13 13 12
582_0_0 3 4 6 5 7 1 1 3 2 1 3 1 3 3 4 3 25 11 11 11 11 11 11 11 11 11 11 11 11 11 11 11 11 11 11 11 11 12 11 12 11 11 11 12 12 11 11 11 12 11 12 11 11 11 11 11 11 11 11 11 11 11 11 11 11 11 11 11 11 11 11
582_2_0 3 7 5 6 4 1 1 3 2 1 3 1 3 3 4 3 25 11 11 11 11 11 11 11 11 11 11 11 11 11 11 11 11 11 11 11 11 12 11 12 11 11 11 12 12 11 11 11 12 11 12 11 11 11 11 11 11 11 11 11 11 11 11 11 11 11 11 11 11 11 11
583_0_0 3 5 5 6 8 0 2 3 3 3 4 2 2 2 2 4 27 12 13 13 12 14 13 13 13 13 13 13 13 13 13 13 13 13 13 14 13 13 13 13 13 13 13 13 13 13 13 13 13 13 13 13 14 13 13 13 13 13 13 13 13 13 13 13 13 13 14 12 13 13 12
584_0_0 3 5 6 6 7 1 1 2 2 2 4 3 2 3 2 5 27 12 13 13 13 13 13 13 13 13 13 14 13 13 13 12 14 13 13 13 13 13 13 13 13 13 13 13 13 13 13 13 13 13 13 13 13 13 13 14 12 13 13 13 14 13 13 13 13 13 13 13 13 13 12
584_1_0 3 7 6 6 5 1 1 2 2 2 4 3 2 3 2 5 27 12 13 13 13 13 13 13 13 13 13 14 13 13 13 12 14 13 13 13 13 13 13 13 13 13 13 13 13 13 13 13 13 13 13 13 13 13 13 14 12 13 13 13 14 13 13 13 13 13 13 13 13 13 12
585_0_0 3 5 6 6 7 1 1 2 4 1 4 3 2 3 3 3 27 12 13 13 14 12 13 13 13 13 13 13 13 13 13 13 13 13 13 14 13 13 13 13 13 13 13 13 13 13 13 13 13 13 13 13 14 13 13 13 13 13 13 13 13 13 13 13 13 13 12 14 13 13 12
586_0_4 3 5 5 6 8 1 3 2 2 2 2 5 3 2 2 3 27 12 13 13 13 13 13 13 13 13 13 13 13 13 13 14 13 13 13 13 13 13 12 14 13 13 13 13 13 13 13 13 14 12 13 13 13 13 13 13 14 13 13 13 13 13 13 13 13 13 13 13 13 13 12
587_0_0 3 4 6 5 7 0 2 1 4 2 3 3 2 2 4 2 25 11 11 11 11 11 11 11 11 11 11 11 11 11 11 11 11 11 11 11 11 11 12 11 12 11 11 12 12 11 11 12 11 12 11 11 11 11 11 11 11 11 11 11 11 11 11 11 11 11 11 11 11 11 11
588_0_0 3 5 6 6 7 1 1 2 3 2 4 3 2 3 2 4 27 13 13 13 13 12 13 13 13 13 13 12 13 13 13 13 14 13 13 13 13 13 13 13 14 13 13 13 13 13 13 14 13 13 13 13 13 13 13 14 13 13 13 13 12 13 13 13 13 13 12 13 13 13 13
588_1_2 3 7 6 6 5 1 2 1 3 3 1 3 3 3 3 4 27 13 13 13 13 12 13 13 13 13 13 12 13 13 13 13 14 13 13 13 13 13 13 13 14 13 13 13 13 13 13 14 13 13 13 13 13 13 13 14 13 13 13 13 12 13 13 13 13 13 12 13 13 13 13
589_1_0 3 8 6 5 5 0 2 3 2 3 4 2 2 4 2 3 27 12 13 13 13 13 13 12 14 13 13 13 13 13 13 13 13 13 13 13 13 13 13 13 13 14 13 13 13 13 14 13 13 13 13 13 13 13 13 13 13 13 13 13 13 13 13 14 12 13 13 13 13 13 12
590_1_0 3 8 6 5 5 0 2 2 3 2 3 2 4 2 4 3 27 12 13 13 13 13 13 13 13 13 13 13 13 13 13 13 13 13 13 12 14 13 13 13 14 13 13 13 13 13 13 14 13 13 13 14 12 13 13 13 13 13 13 13 13 13 13 13 13 13 13 13 13 13 12
591_1_0 3 8 6 5 5 1 2 2 4 3 3 1 4 3 1 3 27 12 13 13 13 13 13 13 13 13 13 13 13 13 13 13 13 13 13 13 14 12 13 13 13 13 14 13 13 14 13 13 13 13 12 14 13 13 13 13 13 13 13 13 13 13 13 13 13 13 13 13 13 13 12
592_1_0 3 8 6 5 5 1 1 3 4 3 3 2 2 3 1 4 27 12 13 13 12 14 13 13 13 13 13 13 13 13 13 13 14 13 13 13 13 13 13 13 13 13 13 13 13 13 13 13 13 13 13 13 13 13 13 14 13 13 13 13 13 13 13 13 13 13 14 12 13 13 12
593_0_4 4 5 4 6 8 1 3 2 2 2 2 5 3 2 2 3 27 12 13 13 14 13 13 13 13 13 13 13 13 13 13 13 13 13 13 13 13 14 12 13 13 13 13 13 13 13 13 13 13 12 14 13 13 13 13 13 13 13 13 13 13 13 13 13 13 13 13 14 13 13 12
594_0_0 3 5 5 6 8 1 1 3 2 3 1 3 3 3 3 4 27 12 13 13 13 13 13 13 13 13 14 12 13 13 13 13 13 13 13 13 13 13 13 13 13 13 14 13 13 14 13 13 13 13 13 13 13 13 13 13 13 13 13 13 12 14 13 13 13 13 13 13 13 13 12
594_1_2 3 8 6 5 5 1 2 2 3 3 2 2 4 4 1 3 27 12 13 13 13 13 13 13 13 13 14 12 13 13 13 13 13 13 13 13 13 13 13 13 13 13 14 13 13 14 13 13 13 13 13 13 13 13 13 13 13 13 13 13 12 14 13 13 13 13 13 13 13 13 12
595_1_0 3 7 6 6 5 0 3 3 2 1 3 2 4 3 3 3 27 12 13 13 14 13 13 13 13 13 13 13 13 13 13 12 14 13 13 13 13 13 13 13 13 13 13 13 13 13 13 13 13 13 13 13 13 13 13 14 12 13 13 13 13 13 13 13 13 13 13 14 13 13 12
596_1_0 3 7 6 6 5 1 2 2 3 4 2 4 2 1 2 4 27 12 13 13 13 13 13 13 13 13 13 13 13 13 13 13 13 13 13 14 12 13 13 13 13 13 14 13 13 14 13 13 13 13 13 12 14 13 13 13 13 13 13 13 13 13 13 13 13 13 13 13 13 13 12
597_0_4 3 5 8 5 6 1 2 3 3 1 3 4 2 4 2 2 27 12 13 13 13 13 13 13 13 13 13 13 13 13 13 13 13 13 13 13 13 14 12 13 13 14 13 13 13 13 14 13 13 12 14 13 13 13 13 13 13 13 13 13 13 13 13 13 13 13 13 13 13 13 12
598_0_0 3 6 5 7 6 1 2 2 4 3 3 1 4 3 1 3 27 12 14 13 14 13 13 13 13 13 12 13 13 13 13 13 13 13 13 13 13 13 13 13 13 13 13 13 13 13 13 13 13 13 13 13 13 13 13 13 13 13 13 13 13 12 13 13 13 13 13 14 13 14 12
599_0_0 3 5 6 6 7 0 1 3 3 3 2 3 3 3 2 4 27 12 13 13 13 13 13 13 13 13 13 13 13 13 13 13 13 13 13 13 12 14 13 13 13 13 14 13 13 14 13 13 13 13 14 12 13 13 13 13 13 13 13 13 13 13 13 13 13 13 13 13 13 13 12
600_0_4 3 6 5 7 6 1 2 2 5 2 3 3 2 2 3 2 27 13 13 13 13 12 13 13 13 13 13 12 13 14 13 13 14 13 13 13 13 13 13 13 13 13 13 13 13 13 13 13 13 13 13 13 13 13 13 14 13 13 14 13 12 13 13 13 13 13 12 13 13 13 13
601_0_0 4 4 6 5 8 1 1 3 1 3 3 3 2 3 3 4 27 12 13 13 13 13 13 13 13 13 13 12 14 13 13 13 13 13 13 14 13 13 13 13 13 13 13 13 13 13 13 13 13 13 13 13 14 13 13 13 13 13 13 14 12 13 13 13 13 13 13 13 13 13 12
601_1_2 4 4 8 5 6 1 2 2 4 2 4 3 1 3 3 2 27 12 13 13 13 13 13 13 13 13 13 12 14 13 13 13 13 13 13 14 13 13 13 13 13 13 13 13 13 13 13 13 13 13 13 13 14 13 13 13 13 13 13 14 12 13 13 13 13 13 13 13 13 13 12
602_1_0 3 7 6 6 5 0 2 3 2 3 4 2 2 4 2 3 27 12 13 13 13 13 13 13 13 13 13 13 13 13 14 12 13 13 13 14 13 13 13 13 13 13 13 13 13 13 13 13 13 13 13 13 14 13 13 13 12 14 13 13 13 13 13 13 13 13 13 13 13 13 12
604_0_0 4 4 6 5 8 1 2 2 1 3 2 4 2 2 3 5 27 12 13 13 13 13 13 13 13 13 13 13 13 13 13 13 13 13 13 13 13 12 14 13 13 13 14 13 13 14 13 13 13 14 12 13 13 13 13 13 13 13 13 13 13 13 13 13 13 13 13 13 13 13 12
605_2_0 3 7 5 6 4 1 2 1 2 2 3 2 3 1 4 4 25 11 11 11 11 11 11 11 11 11 11 11 11 11 11 11 11 12 11 11 11 11 11 11 12 11 11 12 12 11 11 12 11 11 11 11 11 11 12 11 11 11 11 11 11 11 11 11 11 11 11 11 11 11 11
606_1_0 3 6 7 5 6 1 1 2 3 3 3 2 4 1 4 3 27 12 13 13 13 13 13 13 13 13 13 13 13 13 13 13 13 14 13 13 13 13 13 13 14 12 13 13 13 13 12 14 13 13 13 13 13 13 14 13 13 13 13 13 13 13 13 13 13 13 13 13 13 13 12
608_0_0 4 5 4 6 8 1 1 2 4 3 3 2 3 3 1 4 27 12 13 12 14 13 13 13 13 13 13 13 13 13 13 13 13 13 13 14 13 13 13 13 13 13 13 13 13 13 13 13 13 13 13 13 14 13 13 13 13 13 13 13 13 13 13 13 13 13 13 14 12 13 12
609_0_4 3 5 6 6 7 1 2 2 4 2 5 2 1 3 3 2 27 12 13 13 13 13 13 13 13 13 13 14 13 13 13 13 13 13 13 13 13 13 13 13 13 12 14 13 13 14 12 13 13 13 13 13 13 13 13 13 13 13 13 13 14 13 13 13 13 13 13 13 13 13 12
609_1_4 3 7 6 6 5 1 2 2 4 2 5 2 1 3 3 2 27 12 13 13 13 13 13 13 13 13 13 14 13 13 13 13 13 13 13 13 13 13 13 13 13 12 14 13 13 14 12 13 13 13 13 13 13 13 13 13 13 13 13 13 14 13 13 13 13 13 13 13 13 13 12
611_0_0 3 5 6 6 7 1 1 3 4 3 3 2 2 3 1 4 27 12 13 13 13 13 14 13 13 13 13 13 13 13 13 12 14 13 13 13 13 13 13 13 13 13 13 13 13 13 13 13 13 13 13 13 13 13 13 14 12 13 13 13 13 13 13 13 13 14 13 13 13 13 12
612_0_0 3 5 6 6 7 0 2 3 2 3 1 4 3 3 3 3 27 12 13 13 13 13 13 13 13 13 13 13 13 13 14 13 13 13 13 13 13 13 13 13 14 12 13 13 13 13 12 14 13 13 13 13 13 13 13 13 13 14 13 13 13 13 13 13 13 13 13 13 13 13 12
613_0_4 3 5 6 6 7 0 3 3 3 3 4 1 2 3 2 3 27 12 13 13 13 13 14 13 13 14 12 13 13 13 13 13 13 13 13 13 13 13 13 13 13 13 13 13 13 13 13 13 13 13 13 13 13 13 13 13 13 13 13 13 13 12 14 13 13 14 13 13 13 13 12
613_1_4 3 7 6 6 5 0 3 3 3 3 4 1 2 3 2 3 27 12 13 13 13 13 14 13 13 14 12 13 13 13 13 13 13 13 13 13 13 13 13 13 13 13 13 13 13 13 13 13 13 13 13 13 13 13 13 13 13 13 13 13 13 12 14 13 13 14 13 13 13 13 12
614_1_0 3 7 6 6 5 0 2 2 3 3 1 3 4 3 2 4 27 12 13 13 13 13 13 13 13 13 12 14 13 13 14 13 13 13 13 13 13 13 13 13 13 13 13 13 13 13 13 13 13 13 13 13 13 13 13 13 13 14 13 13 14 12 13 13 13 13 13 13 13 13 12
616_0_0 4 5 4 6 8 1 1 2 4 3 3 2 3 3 1 4 27 12 13 12 14 13 13 13 13 13 13 13 13 13 14 13 13 13 13 13 13 13 13 13 13 13 13 13 13 13 13 13 13 13 13 13 13 13 13 13 13 14 13 13 13 13 13 13 13 13 13 14 12 13 12
617_1_0 3 6 7 5 6 0 2 3 4 2 3 2 4 2 2 3 27 12 14 13 14 13 13 13 13 13 13 13 13 13 13 13 13 13 13 13 13 13 13 13 13 12 13 13 13 13 12 13 13 13 13 13 13 13 13 13 13 13 13 13 13 13 13 13 13 13 13 14 13 14 12
619_0_0 3 6 5 7 6 1 1 2 3 2 4 3 2 3 2 4 27 13 13 13 13 12 13 13 13 13 13 13 13 14 13 13 13 14 13 13 13 13 12 13 13 13 13 13 13 13 13 13 13 12 13 13 13 13 14 13 13 13 14 13 13 13 13 13 13 13 12 13 13 13 13
619_1_2 3 6 7 5 6 1 2 1 3 3 1 3 3 3 3 4 27 13 13 13 13 12 13 13 13 13 13 13 13 14 13 13 13 14 13 13 13 13 12 13 13 13 13 13 13 13 13 13 13 12 13 13 13 13 14 13 13 13 14 13 13 13 13 13 13 13 12 13 13 13 13
620_1_0 4 5 4 8 6 0 1 3 3 3 3 3 2 3 2 4 27 12 13 12 14 13 13 13 13 13 13 13 13 13 13 13 13 13 13 13 13 14 13 13 13 13 13 13 13 13 13 13 13 13 14 13 13 13 13 13 13 13 13 13 13 13 13 13 13 13 13 14 12 13 12
621_1_0 3 7 6 6 5 0 2 3 4 2 3 2 4 2 2 3 27 12 13 13 13 13 13 13 13 14 13 13 13 13 13 13 13 13 13 13 13 13 13 13 13 12 14 13 13 14 12 13 13 13 13 13 13 13 13 13 13 13 13 13 13 13 14 13 13 13 13 13 13 13 12
622_0_4 3 5 6 6 7 1 3 2 2 2 2 5 3 2 2 3 27 13 13 13 13 12 13 13 13 13 13 13 13 13 13 13 13 13 13 13 13 13 12 13 13 13 14 14 14 14 13 13 13 12 13 13 13 13 13 13 13 13 13 13 13 13 13 13 13 13 12 13 13 13 13
623_0_0 3 5 6 6 7 1 2 2 1 3 2 4 2 2 3 5 27 12 13 13 14 13 13 13 13 13 12 14 13 13 13 13 13 13 13 13 13 13 13 13 13 13 13 13 13 13 13 13 13 13 13 13 13 13 13 13 13 13 13 13 14 12 13 13 13 13 13 14 13 13 12
624_1_0 3 7 6 6 5 1 2 2 2 3 2 4 1 4 4 2 27 12 13 13 14 12 13 13 13 13 13 13 13 13 13 13 13 13 13 13 13 13 13 13 14 13 13 13 13 13 13 14 13 13 13 13 13 13 13 13 13 13 13 13 13 13 13 13 13 13 12 14 13 13 12
625_1_0 3 7 6 6 5 0 3 3 2 1 2 3 4 3 2 4 27 12 13 13 13 13 13 13 13 13 12 14 13 13 13 13 14 13 13 13 13 13 13 13 13 13 13 13 13 13 13 13 13 13 13 13 13 13 13 14 13 13 13 13 14 12 13 13 13 13 13 13 13 13 12
626_2_0 3 7 5 6 4 1 2 1 2 3 4 1 2 4 2 3 25 11 11 11 11 11 11 11 11 11 11 11 11 11 11 11 11 11 12 11 11 11 11 11 11 11 12 12 12 12 11 11 11 11 11 11 11 12 11 11 11 11 11 11 11 11 11 11 11 11 11 11 11 11 11
628_0_0 3 6 5 7 6 1 2 1 3 2 3 4 1 3 4 3 27 12 13 13 13 13 13 13 14 13 13 13 13 13 13 13 13 13 13 13 12 14 13 13 13 13 13 13 13 13 13 13 13 13 14 12 13 13 13 13 13 13 13 13 13 13 13 14 13 13 13 13 13 13 12
630_0_0 3 4 7 5 6 1 2 2 2 3 1 2 4 4 1 3 25 11 11 11 11 11 11 11 11 11 11 11 11 11 11 11 11 11 11 12 11 11 11 11 11 11 12 12 12 12 11 11 11 11 11 11 12 11 11 11 11 11 11 11 11 11 11 11 11 11 11 11 11 11 11
631_0_0 3 6 5 7 6 0 2 3 3 3 4 2 2 2 2 4 27 12 13 13 13 13 13 13 13 13 13 13 13 13 14 12 13 13 13 13 13 13 13 13 13 13 13 14 14 13 13 13 13 13 13 13 13 13 13 13 12 14 13 13 13 13 13 13 13 13 13 13 13 13 12
632_0_0 3 5 8 5 6 0 2 3 4 2 3 2 4 2 2 3 27 12 13 12 14 13 13 13 13 13 13 13 13 13 13 13 13 13 13 13 14 13 13 13 13 13 13 13 13 13 13 13 13 13 13 14 13 13 13 13 13 13 13 13 13 13 13 13 13 13 13 14 12 13 12
633_0_0 2 5 5 6 7 0 2 3 1 2 2 2 2 4 3 4 25 11 11 11 11 11 11 11 11 11 11 11 11 11 11 11 11 11 11 11 12 11 12 11 11 12 11 11 11 11 12 11 11 12 11 12 11 11 11 11 11 11 11 11 11 11 11 11 11 11 11 11 11 11 11
634_0_0 4 4 6 5 8 1 1 3 2 3 1 3 3 3 3 4 27 12 13 13 14 13 13 13 13 13 13 12 14 13 13 13 13 13 13 13 13 13 13 13 13 13 13 13 13 13 13 13 13 13 13 13 13 13 13 13 13 13 13 14 12 13 13 13 13 13 13 14 13 13 12
634_1_2 4 4 8 5 6 1 2 2 3 3 2 2 4 4 1 3 27 12 13 13 14 13 13 13 13 13 13 12 14 13 13 13 13 13 13 13 13 13 13 13 13 13 13 13 13 13 13 13 13 13 13 13 13 13 13 13 13 13 13 14 12 13 13 13 13 13 13 14 13 13 12
635_1_0 3 6 5 8 5 1 2 2 4 1 2 3 4 2 4 2 27 12 13 12 14 13 13 13 13 13 13 13 13 13 13 14 13 13 13 13 13 13 13 13 13 13 13 13 13 13 13 13 13 13 13 13 13 13 13 13 14 13 13 13 13 13 13 13 13 13 13 14 12 13 12
636_2_0 3 5 4 8 5 1 1 2 2 4 2 2 3 4 1 3 25 11 11 11 11 11 11 11 11 11 11 11 11 11 11 11 11 11 11 11 12 11 11 11 12 12 11 11 11 11 12 12 11 11 11 12 11 11 11 11 11 11 11 11 11 11 11 11 11 11 11 11 11 11 11
637_1_0 2 6 5 7 5 0 3 2 2 1 2 3 4 2 3 3 25 11 11 11 11 11 11 11 11 11 11 11 11 11 11 11 11 11 11 12 12 11 11 11 11 12 11 11 11 11 12 11 11 11 11 12 12 11 11 11 11 11 11 11 11 11 11 11 11 11 11 11 11 11 11
637_3_0 3 5 8 4 5 0 3 2 2 1 2 3 4 2 3 3 25 11 11 11 11 11 11 11 11 11 11 11 11 11 11 11 11 11 11 12 12 11 11 11 11 12 11 11 11 11 12 11 11 11 11 12 12 11 11 11 11 11 11 11 11 11 11 11 11 11 11 11 11 11 11
638_2_0 3 5 4 8 5 1 1 2 3 2 4 3 2 2 1 4 25 11 11 11 11 11 11 11 11 11 11 11 11 11 11 11 11 11 11 11 12 11 11 11 11 12 12 11 11 12 12 11 11 11 11 12 11 11 11 11 11 11 11 11 11 11 11 11 11 11 11 11 11 11 11
639_1_0 3 5 4 7 6 0 2 3 1 3 2 2 2 4 3 3 25 11 11 11 11 11 11 11 11 11 11 11 11 11 11 11 12 11 11 11 11 11 11 11 11 11 12 12 12 12 11 11 11 11 11 11 11 11 11 12 11 11 11 11 11 11 11 11 11 11 11 11 11 11 11
639_3_0 3 6 7 4 5 0 2 3 1 3 2 2 2 4 3 3 25 11 11 11 11 11 11 11 11 11 11 11 11 11 11 11 12 11 11 11 11 11 11 11 11 11 12 12 12 12 11 11 11 11 11 11 11 11 11 12 11 11 11 11 11 11 11 11 11 11 11 11 11 11 11
641_0_0 3 4 7 5 6 1 1 2 4 2 4 3 1 2 2 3 25 11 11 11 11 11 11 11 11 11 11 11 11 11 11 11 11 11 11 11 11 12 11 12 11 11 12 11 11 12 11 11 12 11 12 11 11 11 11 11 11 11 11 11 11 11 11 11 11 11 11 11 11 11 11
642_0_0 3 4 6 5 7 0 2 1 3 2 3 3 2 2 4 3 25 11 11 11 11 11 11 11 11 11 11 11 11 11 11 11 11 11 12 11 11 11 11 12 11 11 12 11 11 12 11 11 12 11 11 11 11 12 11 11 11 11 11 11 11 11 11 11 11 11 11 11 11 11 11
642_2_0 3 7 5 6 4 0 2 1 3 2 3 3 2 2 4 3 25 11 11 11 11 11 11 11 11 11 11 11 11 11 11 11 11 11 12 11 11 11 11 12 11 11 12 11 11 12 11 11 12 11 11 11 11 12 11 11 11 11 11 11 11 11 11 11 11 11 11 11 11 11 11
643_0_0 3 4 6 5 7 0 3 2 2 1 2 4 4 2 2 3 25 11 11 11 11 11 11 11 11 11 11 11 11 11 11 11 11 11 11 11 11 11 12 12 11 11 12 11 11 12 11 11 12 12 11 11 11 11 11 11 11 11 11 11 11 11 11 11 11 11 11 11 11 11 11
644_0_0 3 4 6 5 7 0 2 3 1 3 2 2 2 4 3 3 25 11 11 11 11 11 11 11 11 11 11 11 11 11 11 11 11 12 11 11 11 11 11 11 11 11 12 12 12 12 11 11 11 11 11 11 11 11 12 11 11 11 11 11 11 11 11 11 11 11 11 11 11 11 11
644_2_0 3 7 5 6 4 0 2 3 1 3 2 2 2 4 3 3 25 11 11 11 11 11 11 11 11 11 11 11 11 11 11 11 11 12 11 11 11 11 11 11 11 11 12 12 12 12 11 11 11 11 11 11 11 11 12 11 11 11 11 11 11 11 11 11 11 11 11 11 11 11 11
645_0_0 3 4 7 5 6 1 1 2 2 3 2 4 1 3 4 2 25 11 11 11 11 11 11 11 11 11 11 11 11 11 11 11 11 11 11 11 11 11 11 12 12 11 12 11 11 12 11 12 12 11 11 11 11 11 11 11 11 11 11 11 11 11 11 11 11 11 11 11 11 11 11
646_0_0 3 4 6 5 7 0 2 2 2 3 4 1 3 2 4 2 25 11 11 11 11 11 11 11 11 11 11 11 11 11 11 11 11 11 11 11 11 11 12 11 11 11 12 12 12 12 11 11 11 12 11 11 11 11 11 11 11 11 11 11 11 11 11 11 11 11 11 11 11 11 11
647_0_0 4 5 4 6 8 1 2 2 3 4 3 1 3 4 1 3 27 12 13 13 13 13 13 13 13 13 13 13 13 12 14 13 14 13 13 13 13 13 13 13 13 13 13 13 13 13 13 13 13 13 13 13 13 13 13 14 13 14 12 13 13 13 13 13 13 13 13 13 13 13 12
648_1_0 3 6 7 5 6 0 3 3 2 1 3 2 4 3 3 3 27 12 13 13 13 13 13 13 13 13 13 13 13 13 13 12 14 13 14 13 13 13 13 13 13 13 13 13 13 13 13 13 13 13 13 13 13 14 13 14 12 13 13 13 13 13 13 13 13 13 13 13 13 13 12
650_0_0 3 6 5 7 6 0 2 3 2 2 4 1 4 3 4 2 27 12 13 13 13 13 13 13 13 13 13 14 13 13 13 13 13 13 13 13 13 13 14 13 13 12 13 13 13 13 12 13 13 14 13 13 13 13 13 13 13 13 13 13 14 13 13 13 13 13 13 13 13 13 12
651_1_0 4 4 8 5 6 1 2 2 4 3 3 1 4 3 1 3 27 12 13 13 13 13 13 13 13 13 13 13 12 14 13 13 13 13 14 13 13 13 13 13 13 13 13 13 13 13 13 13 13 13 13 13 13 14 13 13 13 13 14 12 13 13 13 13 13 13 13 13 13 13 12
653_0_0 4 4 6 5 8 0 2 1 4 2 2 4 2 3 4 3 27 12 13 13 12 13 13 13 13 13 13 14 13 13 13 13 13 13 13 13 13 13 14 13 13 13 13 13 13 13 13 13 13 14 13 13 13 13 13 13 13 13 13 13 14 13 13 13 13 13 13 12 13 13 12
655_0_0 4 4 6 5 8 0 2 3 2 2 4 1 4 3 4 2 27 12 13 13 13 13 13 13 13 13 13 14 13 13 13 13 13 13 13 12 13 13 14 13 13 13 13 13 13 13 13 13 13 14 13 13 12 13 13 13 13 13 13 13 14 13 13 13 13 13 13 13 13 13 12
656_1_0 3 7 5 7 5 0 2 3 3 3 4 2 2 2 2 4 27 12 13 14 13 13 13 13 13 13 13 13 13 13 13 13 13 13 13 13 13 13 13 13 13 13 12 14 14 12 13 13 13 13 13 13 13 13 13 13 13 13 13 13 13 13 13 13 13 13 13 13 14 13 12
658_0_0 3 6 5 7 6 1 1 3 1 3 2 3 2 3 3 5 27 12 13 13 13 13 13 13 13 14 12 13 13 13 13 13 13 13 13 13 13 13 14 13 13 13 13 13 13 13 13 13 13 14 13 13 13 13 13 13 13 13 13 13 13 12 14 13 13 13 13 13 13 13 12
660_0_0 4 4 6 5 8 1 1 3 1 3 2 3 2 3 3 5 27 12 13 13 13 13 13 13 13 13 13 13 12 14 13 13 13 13 13 13 13 13 14 13 13 13 13 13 13 13 13 13 13 14 13 13 13 13 13 13 13 13 14 12 13 13 13 13 13 13 13 13 13 13 12
662_0_0 3 6 5 7 6 1 1 3 1 3 2 3 2 3 3 5 27 12 13 13 13 13 13 13 13 13 12 14 13 14 13 13 13 13 13 13 13 13 13 13 13 13 13 13 13 13 13 13 13 13 13 13 13 13 13 13 13 13 14 13 14 12 13 13 13 13 13 13 13 13 12
664_0_0 4 4 6 5 8 1 1 3 1 3 2 3 2 3 3 5 27 12 13 13 13 13 13 13 13 13 13 13 13 13 13 13 13 13 13 13 13 12 14 13 14 13 13 13 13 13 13 14 13 14 12 13 13 13 13 13 13 13 13 13 13 13 13 13 13 13 13 13 13 13 12
666_0_0 4 4 6 5 8 0 2 3 3 3 4 2 2 2 2 4 27 12 13 14 13 13 14 13 13 13 13 13 13 13 13 13 13 13 13 13 13 13 13 13 13 13 12 13 13 12 13 13 13 13 13 13 13 13 13 13 13 13 13 13 13 13 13 13 13 14 13 13 14 13 12
667_0_0 4 5 4 6 8 1 1 3 1 3 3 3 2 3 3 4 27 12 13 13 13 13 13 13 13 13 13 13 13 13 13 13 13 13 13 14 13 14 12 13 13 13 13 13 13 13 13 13 13 12 14 13 14 13 13 13 13 13 13 13 13 13 13 13 13 13 13 13 13 13 12
667_1_2 4 5 4 8 6 1 2 2 4 2 4 3 1 3 3 2 27 12 13 13 13 13 13 13 13 13 13 13 13 13 13 13 13 13 13 14 13 14 12 13 13 13 13 13 13 13 13 13 13 12 14 13 14 13 13 13 13 13 13 13 13 13 13 13 13 13 13 13 13 13 12
668_1_0 3 7 6 6 5 1 2 2 3 4 2 4 2 1 2 4 27 12 13 13 14 13 13 13 13 13 13 13 13 13 13 13 13 13 13 14 12 13 13 13 13 13 13 13 13 13 13 13 13 13 13 12 14 13 13 13 13 13 13 13 13 13 13 13 13 13 13 14 13 13 12
670_0_0 3 6 5 7 6 1 1 2 3 2 2 2 3 4 2 5 27 12 13 13 13 13 13 13 13 13 13 13 13 13 13 13 13 13 13 13 13 13 14 13 14 12 13 13 13 13 12 14 13 14 13 13 13 13 13 13 13 13 13 13 13 13 13 13 13 13 13 13 13 13 12
671_1_0 3 6 7 5 6 1 2 2 4 3 3 1 4 3 1 3 27 12 13 13 13 13 13 14 13 14 12 13 13 13 13 13 13 13 13 13 13 13 13 13 13 13 13 13 13 13 13 13 13 13 13 13 13 13 13 13 13 13 13 13 13 12 14 13 14 13 13 13 13 13 12
672_0_4 3 5 5 6 8 1 2 3 3 1 3 4 2 4 2 2 27 12 13 13 13 13 13 13 13 13 13 13 13 13 13 13 13 13 13 13 13 13 12 14 13 14 13 13 13 13 14 13 14 12 13 13 13 13 13 13 13 13 13 13 13 13 13 13 13 13 13 13 13 13 12
673_0_0 3 5 6 6 7 1 1 3 2 3 1 3 3 3 3 4 27 13 13 13 13 12 13 13 13 13 13 12 13 13 13 13 14 13 13 13 13 13 13 13 13 13 14 13 13 14 13 13 13 13 13 13 13 13 13 14 13 13 13 13 12 13 13 13 13 13 12 13 13 13 13
673_1_2 3 7 6 6 5 1 2 2 3 3 2 2 4 4 1 3 27 13 13 13 13 12 13 13 13 13 13 12 13 13 13 13 14 13 13 13 13 13 13 13 13 13 14 13 13 14 13 13 13 13 13 13 13 13 13 14 13 13 13 13 12 13 13 13 13 13 12 13 13 13 13
675_0_0 4 4 6 5 8 1 1 2 4 1 4 3 2 3 3 3 27 12 13 13 13 13 12 14 13 13 13 13 13 13 13 13 13 13 13 14 13 13 13 13 13 13 13 13 13 13 13 13 13 13 13 13 14 13 13 13 13 13 13 13 13 13 13 13 14 12 13 13 13 13 12
677_0_0 3 5 5 6 8 0 2 4 3 2 3 3 3 3 1 3 27 12 13 13 13 13 13 12 14 13 14 13 13 13 13 13 13 13 13 13 13 13 13 13 13 13 13 13 13 13 13 13 13 13 13 13 13 13 13 13 13 13 13 13 13 14 13 14 12 13 13 13 13 13 12
678_1_0 4 4 8 5 6 1 2 2 2 3 2 4 1 4 4 2 27 12 13 13 13 13 12 14 13 14 13 13 13 13 13 13 13 13 13 13 13 13 13 13 13 13 13 13 13 13 13 13 13 13 13 13 13 13 13 13 13 13 13 13 13 13 14 13 14 12 13 13 13 13 12
680_0_0 3 5 6 6 7 0 1 3 3 3 3 3 2 3 2 4 27 12 13 13 13 13 13 13 13 13 13 13 13 13 13 13 13 13 13 13 13 14 13 13 13 12 14 13 13 14 12 13 13 13 14 13 13 13 13 13 13 13 13 13 13 13 13 13 13 13 13 13 13 13 12
681_0_0 4 5 4 6 8 0 2 2 3 2 3 2 4 2 4 3 27 12 13 13 13 13 13 13 12 14 13 13 13 13 13 13 13 13 13 13 13 13 13 13 14 13 13 13 13 13 13 14 13 13 13 13 13 13 13 13 13 13 13 13 13 13 14 12 13 13 13 13 13 13 12
682_0_0 3 5 6 6 7 1 2 2 3 1 4 2 2 5 3 2 27 12 13 13 13 13 13 13 13 13 13 14 13 13 14 12 13 13 13 13 13 13 13 13 13 13 13 13 13 13 13 13 13 13 13 13 13 13 13 13 12 14 13 13 14 13 13 13 13 13 13 13 13 13 12
683_1_0 3 7 6 6 5 1 2 2 4 3 3 1 4 3 1 3 27 12 13 13 13 13 13 13 13 14 12 13 13 13 13 13 13 13 13 13 13 13 13 13 13 13 14 13 13 14 13 13 13 13 13 13 13 13 13 13 13 13 13 13 13 12 14 13 13 13 13 13 13 13 12
684_0_4 4 5 4 6 8 1 2 5 2 3 2 3 3 2 2 2 27 12 13 13 13 13 13 13 13 13 13 13 13 13 13 13 14 13 13 13 13 14 12 13 13 13 13 13 13 13 13 13 13 12 14 13 13 13 13 14 13 13 13 13 13 13 13 13 13 13 13 13 13 13 12
685_0_0 3 6 5 7 6 0 2 3 4 3 3 2 3 1 3 3 27 12 13 13 13 13 13 13 13 13 13 13 13 13 13 13 13 13 13 13 12 14 13 14 13 13 13 13 13 13 13 13 14 13 14 12 13 13 13 13 13 13 13 13 13 13 13 13 13 13 13 13 13 13 12
686_0_0 3 5 6 6 7 0 3 3 2 1 3 2 4 3 3 3 27 12 13 13 13 12 14 13 13 13 13 13 13 13 13 13 14 13 13 13 13 13 13 13 13 13 13 13 13 13 13 13 13 13 13 13 13 13 13 14 13 13 13 13 13 13 13 13 13 14 12 13 13 13 12
687_0_0 4 4 6 5 8 0 2 3 4 3 3 2 3 1 3 3 27 12 13 13 13 13 13 13 13 13 13 13 13 13 13 13 13 13 13 13 13 14 13 14 12 13 13 13 13 13 13 12 14 13 14 13 13 13 13 13 13 13 13 13 13 13 13 13 13 13 13 13 13 13 12
688_0_0 3 5 5 6 8 0 2 3 4 3 3 2 3 1 3 3 27 12 13 13 13 13 13 13 13 13 14 13 14 12 13 13 13 13 13 13 13 13 13 13 13 13 13 13 13 13 13 13 13 13 13 13 13 13 13 13 13 13 12 14 13 14 13 13 13 13 13 13 13 13 12
689_0_0 3 6 5 7 6 0 2 3 2 3 4 2 2 4 2 3 27 12 13 13 13 13 13 13 14 13 13 13 13 13 14 12 13 13 13 13 13 13 13 13 13 13 13 13 13 13 13 13 13 13 13 13 13 13 13 13 12 14 13 13 13 13 13 14 13 13 13 13 13 13 12
690_0_0 4 4 6 5 8 1 2 2 2 3 3 2 3 2 5 2 27 12 13 13 13 13 13 13 13 13 13 13 13 13 13 13 13 14 13 13 13 13 12 14 13 13 13 13 13 13 13 13 14 12 13 13 13 13 14 13 13 13 13 13 13 13 13 13 13 13 13 13 13 13 12
690_1_2 4 4 8 5 6 1 2 3 3 1 3 3 4 3 1 3 27 12 13 13 13 13 13 13 13 13 13 13 13 13 13 13 13 14 13 13 13 13 12 14 13 13 13 13 13 13 13 13 14 12 13 13 13 13 14 13 13 13 13 13 13 13 13 13 13 13 13 13 13 13 12
691_0_4 3 5 5 6 8 1 2 5 2 3 2 3 3 2 2 2 27 12 13 13 13 13 14 13 13 13 14 12 13 13 13 13 13 13 13 13 13 13 13 13 13 13 13 13 13 13 13 13 13 13 13 13 13 13 13 13 13 13 13 13 12 14 13 13 13 14 13 13 13 13 12
692_0_0 3 5 6 6 7 1 1 3 1 3 3 3 2 3 3 4 27 13 13 13 13 12 13 13 13 13 13 13 13 13 13 13 13 13 13 14 13 13 12 13 13 13 13 14 14 13 13 13 13 12 13 13 14 13 13 13 13 13 13 13 13 13 13 13 13 13 12 13 13 13 13
692_1_2 3 7 6 6 5 1 2 2 4 2 4 3 1 3 3 2 27 13 13 13 13 12 13 13 13 13 13 13 13 13 13 13 13 13 13 14 13 13 12 13 13 13 13 14 14 13 13 13 13 12 13 13 14 13 13 13 13 13 13 13 13 13 13 13 13 13 12 13 13 13 13
694_0_0 4 5 4 6 8 0 2 3 2 3 1 4 3 3 3 3 27 12 13 13 13 13 13 13 13 14 13 13 13 13 13 13 14 12 13 13 13 13 13 13 13 13 13 13 13 13 13 13 13 13 13 13 13 13 12 14 13 13 13 13 13 13 14 13 13 13 13 13 13 13 12
695_0_4 4 4 6 5 8 1 2 3 3 1 3 4 2 4 2 2 27 12 13 13 13 13 13 13 13 13 13 12 14 13 14 13 13 13 13 13 13 13 13 13 13 13 13 13 13 13 13 13 13 13 13 13 13 13 13 13 13 14 13 14 12 13 13 13 13 13 13 13 13 13 12
696_0_0 3 5 5 6 8 0 3 3 2 1 3 2 4 3 3 3 27 12 13 13 12 14 13 13 13 13 13 13 13 13 13 13 13 13 13 13 13 13 13 13 13 13 14 13 13 14 13 13 13 13 13 13 13 13 13 13 13 13 13 13 13 13 13 13 13 13 14 12 13 13 12
697_0_0 3 6 5 7 6 0 3 3 2 1 3 2 4 3 3 3 27 12 13 13 13 13 13 14 13 13 13 13 13 13 13 12 14 13 13 13 13 13 13 13 13 13 13 13 13 13 13 13 13 13 13 13 13 13 13 14 12 13 13 13 13 13 13 13 14 13 13 13 13 13 12
698_0_0 3 6 5 7 6 1 1 2 4 3 3 2 3 3 1 4 27 12 14 13 14 13 13 13 13 13 13 13 13 13 13 13 13 13 13 13 12 13 13 13 13 13 13 13 13 13 13 13 13 13 13 12 13 13 13 13 13 13 13 13 13 13 13 13 13 13 13 14 13 14 12
699_1_0 3 6 7 5 6 0 1 3 3 3 3 3 2 3 2 4 27 12 13 13 13 13 13 13 13 13 13 13 14 13 13 13 13 13 13 13 13 13 13 13 13 12 14 13 13 14 12 13 13 13 13 13 13 13 13 13 13 13 13 14 13 13 13 13 13 13 13 13 13 13 12
700_1_0 3 6 5 8 5 0 1 3 3 3 3 3 2 3 2 4 27 12 13 12 14 13 13 13 13 13 14 13 13 13 13 13 13 13 13 13 13 13 13 13 13 13 13 13 13 13 13 13 13 13 13 13 13 13 13 13 13 13 13 13 13 14 13 13 13 13 13 14 12 13 12
701_1_0 3 6 7 5 6 0 2 2 3 2 3 2 4 2 4 3 27 12 13 13 13 13 13 13 13 13 13 13 13 14 13 13 13 13 13 13 13 13 13 13 14 12 13 13 13 13 12 14 13 13 13 13 13 13 13 13 13 13 14 13 13 13 13 13 13 13 13 13 13 13 12
702_1_0 3 5 4 7 6 0 2 2 2 3 4 1 3 3 3 2 25 11 11 11 11 11 11 11 11 11 11 11 11 11 11 11 11 11 11 12 11 12 11 12 11 11 11 11 11 11 11 11 12 11 12 11 12 11 11 11 11 11 11 11 11 11 11 11 11 11 11 11 11 11 11
702_3_0 3 6 7 4 5 0 2 2 2 3 4 1 3 3 3 2 25 11 11 11 11 11 11 11 11 11 11 11 11 11 11 11 11 11 11 12 11 12 11 12 11 11 11 11 11 11 11 11 12 11 12 11 12 11 11 11 11 11 11 11 11 11 11 11 11 11 11 11 11 11 11
704_0_0 4 4 6 5 8 1 2 2 4 3 3 1 4 3 1 3 27 12 13 13 13 13 13 13 13 13 13 13 13 14 13 13 13 13 13 13 13 12 13 13 13 13 14 13 13 14 13 13 13 13 12 13 13 13 13 13 13 13 14 13 13 13 13 13 13 13 13 13 13 13 12
705_0_0 4 4 6 5 8 1 2 2 3 4 2 4 2 1 2 4 27 12 13 13 13 13 13 14 13 13 13 13 13 13 14 13 13 13 13 13 13 13 13 13 12 13 13 13 13 13 13 12 13 13 13 13 13 13 13 13 13 14 13 13 13 13 13 13 14 13 13 13 13 13 12
706_0_0 3 5 5 6 8 0 2 3 2 3 4 2 2 4 2 3 27 12 13 13 13 13 13 13 13 13 13 13 13 13 14 13 13 13 13 13 13 13 13 13 13 14 12 13 13 12 14 13 13 13 13 13 13 13 13 13 13 14 13 13 13 13 13 13 13 13 13 13 13 13 12
707_0_0 4 4 6 5 8 0 2 3 3 3 4 2 2 2 2 4 27 12 13 13 12 13 13 13 14 13 13 13 13 13 13 13 14 13 13 13 13 13 13 13 13 13 13 13 13 13 13 13 13 13 13 13 13 13 13 14 13 13 13 13 13 13 13 14 13 13 13 12 13 13 12
708_0_0 3 6 6 6 6 0 3 2 1 3 2 2 2 4 4 4 27 13 13 13 13 12 13 13 13 13 13 14 13 13 13 12 13 13 13 13 13 13 14 13 13 13 13 13 13 13 13 13 13 14 13 13 13 13 13 13 12 13 13 13 14 13 13 13 13 13 12 13 13 13 13
709_3_0 3 7 6 4 5 0 1 4 1 3 2 3 3 3 3 2 25 11 11 11 11 11 11 11 11 11 11 11 11 11 11 11 11 11 11 11 11 11 12 12 12 11 11 11 11 11 11 12 12 12 11 11 11 11 11 11 11 11 11 11 11 11 11 11 11 11 11 11 11 11 11
710_3_0 3 6 7 4 5 0 2 2 3 3 1 3 4 3 1 3 25 11 11 11 11 11 11 11 11 11 11 11 11 11 11 11 11 11 11 11 11 11 12 11 12 11 12 11 11 12 11 12 11 12 11 11 11 11 11 11 11 11 11 11 11 11 11 11 11 11 11 11 11 11 11
711_3_0 3 6 7 4 5 1 2 2 1 2 3 4 3 2 1 4 25 11 11 11 11 11 11 11 11 11 11 11 11 11 11 11 11 11 11 11 11 12 11 11 12 11 11 12 12 11 11 12 11 11 12 11 11 11 11 11 11 11 11 11 11 11 11 11 11 11 11 11 11 11 11
712_3_0 3 7 6 4 5 1 2 2 1 2 3 4 3 2 1 4 25 11 11 11 11 11 11 11 11 11 11 11 11 11 11 11 11 11 11 11 11 11 11 12 12 11 11 12 12 11 11 12 12 11 11 11 11 11 11 11 11 11 11 11 11 11 11 11 11 11 11 11 11 11 11
714_1_0 4 4 8 5 6 1 1 2 3 2 3 4 1 4 3 3 27 12 13 13 13 13 12 13 13 13 13 13 14 13 13 13 13 13 13 13 13 13 13 13 14 13 13 13 13 13 13 14 13 13 13 13 13 13 13 13 13 13 13 14 13 13 13 13 13 12 13 13 13 13 12
715_1_2 4 4 8 5 6 1 1 2 5 2 3 3 2 3 2 3 27 12 13 13 13 13 13 14 12 13 13 13 13 13 13 13 13 13 13 13 13 13 13 14 13 13 13 13 13 13 13 13 14 13 13 13 13 13 13 13 13 13 13 13 13 13 13 12 14 13 13 13 13 13 12
717_0_2 3 6 5 7 6 1 2 3 3 2 2 3 5 1 3 2 27 12 13 13 13 13 13 13 13 13 13 13 13 13 13 13 13 13 14 14 12 13 13 13 13 13 13 13 13 13 13 13 13 13 13 12 14 14 13 13 13 13 13 13 13 13 13 13 13 13 13 13 13 13 12
718_1_0 4 4 8 5 6 1 2 3 1 4 3 4 2 1 3 3 27 12 12 14 13 13 13 13 14 13 13 13 13 13 13 13 13 13 13 13 13 13 13 13 13 13 13 13 13 13 13 13 13 13 13 13 13 13 13 13 13 13 13 13 13 13 13 14 13 13 13 13 14 12 12
719_1_2 4 4 8 5 6 1 1 2 5 2 3 3 2 3 2 3 27 12 13 13 13 13 13 13 13 13 13 13 13 13 13 13 13 13 14 12 13 14 13 13 13 13 13 13 13 13 13 13 13 13 14 13 12 14 13 13 13 13 13 13 13 13 13 13 13 13 13 13 13 13 12
720_1_2 3 6 7 5 6 1 2 2 3 2 3 3 1 5 3 2 27 12 14 13 13 13 13 13 13 13 13 13 13 13 13 13 14 13 13 13 12 13 13 13 13 13 13 13 13 13 13 13 13 13 13 12 13 13 13 14 13 13 13 13 13 13 13 13 13 13 13 13 13 14 12
721_1_2 3 7 5 7 5 1 2 2 3 2 4 2 2 5 2 2 27 12 14 13 12 13 13 13 14 13 13 13 13 13 13 13 13 13 13 13 13 13 13 13 13 13 13 13 13 13 13 13 13 13 13 13 13 13 13 13 13 13 13 13 13 13 13 14 13 13 13 12 13 14 12
723_1_0 3 6 7 5 6 0 2 3 2 3 1 4 3 3 3 3 27 12 14 13 13 13 13 13 13 13 13 13 13 13 13 12 13 13 13 13 13 13 13 13 13 13 14 13 13 14 13 13 13 13 13 13 13 13 13 13 12 13 13 13 13 13 13 13 13 13 13 13 13 14 12
725_0_2 4 4 6 5 8 1 2 2 3 2 4 2 2 5 2 2 27 12 13 13 13 13 13 13 13 13 13 13 13 14 13 12 13 13 13 13 13 13 13 13 13 14 13 13 13 13 14 13 13 13 13 13 13 13 13 13 12 13 14 13 13 13 13 13 13 13 13 13 13 13 12
726_0_2 3 5 7 5 7 1 2 2 3 2 3 3 1 5 3 2 27 12 13 13 13 13 13 13 14 13 13 13 13 13 13 13 13 14 13 12 13 13 13 13 13 13 13 13 13 13 13 13 13 13 13 13 12 13 14 13 13 13 13 13 13 13 13 14 13 13 13 13 13 13 12
727_0_2 4 4 6 5 8 1 2 2 3 2 2 2 5 3 2 3 27 13 13 13 13 12 13 13 13 13 14 12 13 13 13 13 13 13 13 13 13 13 13 13 13 13 13 14 14 13 13 13 13 13 13 13 13 13 13 13 13 13 13 13 12 14 13 13 13 13 12 13 13 13 13
727_1_4 4 4 8 5 6 1 2 2 4 3 1 4 3 3 2 2 27 13 13 13 13 12 13 13 13 13 14 12 13 13 13 13 13 13 13 13 13 13 13 13 13 13 13 14 14 13 13 13 13 13 13 13 13 13 13 13 13 13 13 13 12 14 13 13 13 13 12 13 13 13 13
728_0_6 3 5 8 5 6 1 2 2 2 4 2 4 1 3 4 2 27 12 13 13 13 14 13 13 13 14 13 13 13 13 13 13 13 13 13 13 13 13 13 12 13 13 13 13 13 13 13 13 12 13 13 13 13 13 13 13 13 13 13 13 13 13 14 13 13 13 14 13 13 13 12
728_1_6 3 6 5 8 5 1 2 2 2 4 2 4 1 3 4 2 27 12 13 13 13 14 13 13 13 14 13 13 13 13 13 13 13 13 13 13 13 13 13 12 13 13 13 13 13 13 13 13 12 13 13 13 13 13 13 13 13 13 13 13 13 13 14 13 13 13 14 13 13 13 12
729_1_0 4 4 8 5 6 1 1 2 3 2 4 3 2 3 2 4 27 12 14 13 13 13 13 13 13 13 13 12 13 13 13 13 13 13 13 13 13 14 13 13 13 13 13 13 13 13 13 13 13 13 14 13 13 13 13 13 13 13 13 13 12 13 13 13 13 13 13 13 13 14 12
730_0_2 4 4 6 5 8 1 2 1 3 3 1 3 3 3 3 4 27 12 13 13 13 13 13 13 13 14 13 12 13 13 13 13 13 13 13 13 13 13 13 14 13 13 13 13 13 13 13 13 14 13 13 13 13 13 13 13 13 13 13 13 12 13 14 13 13 13 13 13 13 13 12
730_1_4 4 4 8 5 6 1 2 2 5 2 3 3 2 2 3 2 27 12 13 13 13 13 13 13 13 14 13 12 13 13 13 13 13 13 13 13 13 13 13 14 13 13 13 13 13 13 13 13 14 13 13 13 13 13 13 13 13 13 13 13 12 13 14 13 13 13 13 13 13 13 12
731_1_0 3 6 7 5 6 1 1 3 3 1 3 2 4 3 3 3 27 13 13 13 13 12 13 13 13 13 13 12 13 13 13 13 13 14 13 13 13 14 13 13 13 13 13 13 13 13 13 13 13 13 14 13 13 13 14 13 13 13 13 13 12 13 13 13 13 13 12 13 13 13 13
732_0_2 3 5 5 6 8 1 2 1 3 3 1 3 3 3 3 4 27 12 14 13 13 13 13 13 13 13 14 13 13 13 13 13 13 13 13 13 13 13 12 13 13 13 13 13 13 13 13 13 13 12 13 13 13 13 13 13 13 13 13 13 13 14 13 13 13 13 13 13 13 14 12
732_1_4 3 8 6 5 5 1 2 2 5 2 3 3 2 2 3 2 27 12 14 13 13 13 13 13 13 13 14 13 13 13 13 13 13 13 13 13 13 13 12 13 13 13 13 13 13 13 13 13 13 12 13 13 13 13 13 13 13 13 13 13 13 14 13 13 13 13 13 13 13 14 12
733_1_0 4 4 8 5 6 1 1 2 3 2 4 3 2 3 2 4 27 12 14 13 13 13 13 13 13 13 13 13 14 13 13 13 13 13 13 13 13 13 12 13 13 13 13 13 13 13 13 13 13 12 13 13 13 13 13 13 13 13 13 14 13 13 13 13 13 13 13 13 13 14 12
734_0_2 4 4 6 5 8 1 2 1 3 3 1 3 3 3 3 4 27 12 13 13 13 13 13 13 13 13 13 12 13 14 13 13 13 13 13 13 13 14 13 13 13 13 13 13 13 13 13 13 13 13 14 13 13 13 13 13 13 13 14 13 12 13 13 13 13 13 13 13 13 13 12
734_1_4 4 4 8 5 6 1 2 2 5 2 3 3 2 2 3 2 27 12 13 13 13 13 13 13 13 13 13 12 13 14 13 13 13 13 13 13 13 14 13 13 13 13 13 13 13 13 13 13 13 13 14 13 13 13 13 13 13 13 14 13 12 13 13 13 13 13 13 13 13 13 12
735_1_0 3 7 5 7 5 1 1 2 3 2 4 3 2 3 2 4 27 12 14 13 13 13 13 13 13 13 13 12 13 13 13 13 13 13 13 13 13 13 13 14 13 13 13 13 13 13 13 13 14 13 13 13 13 13 13 13 13 13 13 13 12 13 13 13 13 13 13 13 13 14 12
736_0_2 3 6 5 7 6 1 2 3 2 2 2 2 4 2 5 2 27 12 13 13 13 13 13 13 13 13 13 13 13 13 13 13 13 13 13 13 13 13 13 13 14 12 13 14 14 13 12 14 13 13 13 13 13 13 13 13 13 13 13 13 13 13 13 13 13 13 13 13 13 13 12
737_1_0 3 7 5 7 5 0 2 2 3 3 4 2 3 1 4 3 27 12 13 13 13 13 13 13 13 13 13 13 13 13 13 13 13 14 13 12 13 13 14 13 13 13 13 13 13 13 13 13 13 14 13 13 12 13 14 13 13 13 13 13 13 13 13 13 13 13 13 13 13 13 12
738_0_6 4 4 6 5 8 1 2 2 2 4 2 4 1 3 4 2 27 12 13 13 13 13 13 13 13 13 13 13 12 14 13 13 13 13 13 13 13 13 13 13 13 13 13 14 14 13 13 13 13 13 13 13 13 13 13 13 13 13 14 12 13 13 13 13 13 13 13 13 13 13 12
738_1_6 4 4 8 5 6 1 2 2 2 4 2 4 1 3 4 2 27 12 13 13 13 13 13 13 13 13 13 13 12 14 13 13 13 13 13 13 13 13 13 13 13 13 13 14 14 13 13 13 13 13 13 13 13 13 13 13 13 13 14 12 13 13 13 13 13 13 13 13 13 13 12
739_1_2 4 4 8 5 6 1 2 3 3 2 2 3 5 1 3 2 27 12 12 14 13 13 13 13 13 13 13 13 13 13 13 13 13 13 14 13 13 13 13 13 13 13 13 13 13 13 13 13 13 13 13 13 13 14 13 13 13 13 13 13 13 13 13 13 13 13 13 13 14 12 12
740_0_6 3 6 5 7 6 1 2 2 2 4 2 4 1 3 4 2 27 12 14 13 13 13 14 13 13 13 12 13 13 13 13 13 13 13 13 13 13 13 13 13 13 13 13 13 13 13 13 13 13 13 13 13 13 13 13 13 13 13 13 13 13 12 13 13 13 14 13 13 13 14 12
740_1_6 3 6 7 5 6 1 2 2 2 4 2 4 1 3 4 2 27 12 14 13 13 13 14 13 13 13 12 13 13 13 13 13 13 13 13 13 13 13 13 13 13 13 13 13 13 13 13 13 13 13 13 13 13 13 13 13 13 13 13 13 13 12 13 13 13 14 13 13 13 14 12
741_1_2 3 7 5 7 5 1 2 2 3 2 3 3 1 5 3 2 27 12 13 13 13 13 13 13 13 13 13 13 13 13 13 13 13 13 14 13 13 13 13 13 13 13 12 14 14 12 13 13 13 13 13 13 13 14 13 13 13 13 13 13 13 13 13 13 13 13 13 13 13 13 12
742_0_6 3 6 5 7 6 1 2 2 2 4 2 4 1 3 4 2 27 12 13 13 13 13 13 13 13 14 12 13 13 13 13 13 13 13 13 13 13 13 13 13 13 13 13 14 14 13 13 13 13 13 13 13 13 13 13 13 13 13 13 13 13 12 14 13 13 13 13 13 13 13 12
742_1_6 3 6 7 5 6 1 2 2 2 4 2 4 1 3 4 2 27 12 13 13 13 13 13 13 13 14 12 13 13 13 13 13 13 13 13 13 13 13 13 13 13 13 13 14 14 13 13 13 13 13 13 13 13 13 13 13 13 13 13 13 13 12 14 13 13 13 13 13 13 13 12
743_1_2 3 7 6 6 5 1 2 4 4 1 4 2 3 2 2 2 27 13 13 13 13 12 13 13 13 13 12 13 13 13 13 14 13 13 13 13 13 13 13 13 14 13 13 13 13 13 13 14 13 13 13 13 13 13 13 13 14 13 13 13 13 12 13 13 13 13 12 13 13 13 13
745_1_0 3 6 7 5 6 1 1 2 4 3 3 2 3 3 1 4 27 13 13 13 13 12 13 13 13 13 12 13 13 13 13 14 13 13 13 13 13 13 13 13 13 13 13 14 14 13 13 13 13 13 13 13 13 13 13 13 14 13 13 13 13 12 13 13 13 13 12 13 13 13 13
747_0_2 3 6 5 7 6 1 2 2 3 2 4 2 2 5 2 2 27 12 14 13 13 13 13 13 13 13 13 13 13 13 13 12 13 13 13 14 13 13 13 13 13 13 13 13 13 13 13 13 13 13 13 13 14 13 13 13 12 13 13 13 13 13 13 13 13 13 13 13 13 14 12
748_0_2 3 5 8 5 6 1 2 2 3 2 4 2 2 5 2 2 27 12 13 13 13 13 13 13 13 13 13 13 13 13 13 13 13 13 12 14 14 13 13 13 13 13 13 13 13 13 13 13 13 13 13 14 14 12 13 13 13 13 13 13 13 13 13 13 13 13 13 13 13 13 12
749_1_0 3 7 5 7 5 1 1 2 4 1 3 3 2 4 3 3 27 12 13 13 13 13 13 13 13 13 13 13 13 13 13 13 13 13 13 13 13 13 13 14 13 13 12 14 14 12 13 13 14 13 13 13 13 13 13 13 13 13 13 13 13 13 13 13 13 13 13 13 13 13 12
750_1_2 4 4 8 5 6 1 2 3 3 2 2 3 5 1 3 2 27 12 13 13 13 13 13 13 13 12 13 13 13 13 14 13 13 13 14 13 13 13 13 13 13 13 13 13 13 13 13 13 13 13 13 13 13 14 13 13 13 14 13 13 13 13 12 13 13 13 13 13 13 13 12
751_1_2 3 6 7 5 6 1 2 2 3 2 3 3 1 5 3 2 27 12 13 14 13 13 14 13 13 13 13 13 13 13 13 13 13 13 13 13 13 13 13 13 13 12 13 13 13 13 12 13 13 13 13 13 13 13 13 13 13 13 13 13 13 13 13 13 13 14 13 13 14 13 12
752_1_2 4 4 8 5 6 1 2 2 3 2 3 3 1 5 3 2 27 12 14 13 13 14 13 13 13 13 13 13 13 13 13 13 13 13 13 13 12 13 13 13 13 13 13 13 13 13 13 13 13 13 13 12 13 13 13 13 13 13 13 13 13 13 13 13 13 13 14 13 13 14 12
753_0_6 3 5 7 5 7 1 2 3 1 3 4 4 2 2 1 4 27 12 13 13 13 13 13 13 13 13 13 13 13 13 13 13 13 13 13 13 13 13 14 13 13 13 12 14 14 12 13 13 13 14 13 13 13 13 13 13 13 13 13 13 13 13 13 13 13 13 13 13 13 13 12
753_1_6 3 7 5 7 5 1 2 3 1 3 4 4 2 2 1 4 27 12 13 13 13 13 13 13 13 13 13 13 13 13 13 13 13 13 13 13 13 13 14 13 13 13 12 14 14 12 13 13 13 14 13 13 13 13 13 13 13 13 13 13 13 13 13 13 13 13 13 13 13 13 12
755_1_0 3 8 6 5 5 1 2 1 3 2 3 4 1 3 4 3 27 12 12 14 13 13 13 13 13 13 14 13 13 13 13 13 13 13 13 13 13 13 13 13 13 13 13 13 13 13 13 13 13 13 13 13 13 13 13 13 13 13 13 13 13 14 13 13 13 13 13 13 14 12 12
756_1_2 3 7 5 7 5 1 1 2 5 2 3 3 2 3 2 3 27 12 13 13 13 13 13 13 13 13 13 13 13 13 13 13 13 13 14 12 13 13 13 14 13 13 13 13 13 13 13 13 14 13 13 13 12 14 13 13 13 13 13 13 13 13 13 13 13 13 13 13 13 13 12
757_1_2 3 7 5 7 5 1 2 3 2 3 1 4 4 3 1 3 27 12 13 13 13 13 13 14 13 13 13 13 13 14 12 13 13 13 13 13 13 13 13 13 13 13 13 13 13 13 13 13 13 13 13 13 13 13 13 13 13 12 14 13 13 13 13 13 14 13 13 13 13 13 12
758_1_2 3 7 5 7 5 1 2 3 3 2 2 3 5 1 3 2 27 12 13 14 13 13 13 14 13 13 13 13 13 13 13 13 13 13 13 13 13 13 13 13 12 13 13 13 13 13 13 12 13 13 13 13 13 13 13 13 13 13 13 13 13 13 13 13 14 13 13 13 14 13 12
760_0_2 3 5 7 5 7 1 2 2 2 2 4 1 2 4 3 4 27 12 13 13 13 13 13 13 13 13 13 13 13 13 13 13 13 14 13 13 13 13 13 13 13 13 12 14 14 12 13 13 13 13 13 13 13 13 14 13 13 13 13 13 13 13 13 13 13 13 13 13 13 13 12
761_0_2 4 4 6 5 8 1 2 2 2 2 4 1 2 4 3 4 27 12 13 13 13 13 14 13 13 13 13 13 13 13 13 13 13 13 13 13 13 13 13 13 13 13 12 14 14 12 13 13 13 13 13 13 13 13 13 13 13 13 13 13 13 13 13 13 13 14 13 13 13 13 12
762_1_0 4 4 8 5 6 1 2 1 3 2 3 4 1 3 4 3 27 12 12 14 13 13 13 13 13 13 13 13 14 13 13 13 13 13 13 13 13 13 13 13 13 13 13 13 13 13 13 13 13 13 13 13 13 13 13 13 13 13 13 14 13 13 13 13 13 13 13 13 14 12 12
763_1_2 3 8 6 5 5 1 2 3 3 2 2 3 5 1 3 2 27 12 12 14 13 13 13 13 13 13 13 13 13 13 13 14 13 13 13 13 13 13 13 13 13 13 13 13 13 13 13 13 13 13 13 13 13 13 13 13 14 13 13 13 13 13 13 13 13 13 13 13 14 12 12
765_0_2 3 6 5 7 6 1 2 3 3 2 2 3 5 1 3 2 27 12 13 14 13 13 13 13 13 13 13 13 13 13 13 13 13 13 13 13 12 13 13 13 13 13 14 13 13 14 13 13 13 13 13 12 13 13 13 13 13 13 13 13 13 13 13 13 13 13 13 13 14 13 12
766_0_2 3 5 7 5 7 1 2 3 2 3 1 4 4 3 1 3 27 12 13 13 13 13 13 13 13 13 13 13 13 14 13 13 13 13 14 12 13 13 13 13 13 13 13 13 13 13 13 13 13 13 13 13 12 14 13 13 13 13 14 13 13 13 13 13 13 13 13 13 13 13 12
767_1_0 3 7 5 7 5 1 1 2 4 1 3 3 2 4 3 3 27 12 13 13 13 13 13 13 13 13 13 13 14 13 13 13 13 13 13 13 13 13 13 13 13 13 12 14 14 12 13 13 13 13 13 13 13 13 13 13 13 13 13 14 13 13 13 13 13 13 13 13 13 13 12
768_1_2 4 4 8 5 6 1 2 3 3 2 2 3 5 1 3 2 27 12 12 14 13 13 13 14 13 13 13 13 13 13 13 13 13 13 13 13 13 13 13 13 13 13 13 13 13 13 13 13 13 13 13 13 13 13 13 13 13 13 13 13 13 13 13 13 14 13 13 13 14 12 12
769_0_6 4 4 6 5 8 1 2 3 1 3 4 4 2 2 1 4 27 12 13 13 13 13 13 13 13 13 13 14 13 13 13 13 13 13 13 13 13 13 13 13 13 13 12 14 14 12 13 13 13 13 13 13 13 13 13 13 13 13 13 13 14 13 13 13 13 13 13 13 13 13 12
769_1_6 4 4 8 5 6 1 2 3 1 3 4 4 2 2 1 4 27 12 13 13 13 13 13 13 13 13 13 14 13 13 13 13 13 13 13 13 13 13 13 13 13 13 12 14 14 12 13 13 13 13 13 13 13 13 13 13 13 13 13 13 14 13 13 13 13 13 13 13 13 13 12
770_1_2 4 4 8 5 6 1 2 3 4 3 3 1 3 1 2 4 27 12 13 14 13 13 13 13 13 13 13 13 13 13 13 13 14 13 13 13 13 13 13 13 13 13 12 13 13 12 13 13 13 13 13 13 13 13 13 14 13 13 13 13 13 13 13 13 13 13 13 13 14 13 12
772_0_2 4 4 6 5 8 1 2 4 4 1 4 2 3 2 2 2 27 12 13 13 13 13 13 13 13 14 13 13 13 13 13 13 12 13 14 13 13 13 13 13 13 13 13 13 13 13 13 13 13 13 13 13 13 14 13 12 13 13 13 13 13 13 14 13 13 13 13 13 13 13 12
773_0_2 4 4 6 5 8 1 2 4 4 2 3 1 3 1 3 3 27 12 13 13 13 13 13 13 13 13 13 13 13 13 13 13 13 13 14 12 13 13 13 13 13 13 14 13 13 14 13 13 13 13 13 13 12 14 13 13 13 13 13 13 13 13 13 13 13 13 13 13 13 13 12
774_1_0 3 7 5 7 5 0 3 2 3 4 3 3 1 2 3 3 27 12 13 13 13 13 13 13 13 13 13 13 14 13 13 13 13 14 13 12 13 13 13 13 13 13 13 13 13 13 13 13 13 13 13 13 12 13 14 13 13 13 13 14 13 13 13 13 13 13 13 13 13 13 12
776_0_2 3 6 5 7 6 1 2 4 4 1 4 2 3 2 2 2 27 12 13 13 13 12 13 13 13 14 13 13 13 13 13 13 13 13 14 13 13 13 13 13 13 13 13 13 13 13 13 13 13 13 13 13 13 14 13 13 13 13 13 13 13 13 14 13 13 13 12 13 13 13 12
777_0_2 4 4 6 5 8 1 2 3 4 3 3 1 3 1 2 4 27 12 13 13 13 13 13 13 13 13 13 13 13 13 13 13 13 13 13 14 13 13 13 13 13 13 12 14 14 12 13 13 13 13 13 13 14 13 13 13 13 13 13 13 13 13 13 13 13 13 13 13 13 13 12
778_1_0 4 4 8 5 6 1 2 2 3 4 3 1 3 4 1 3 27 12 12 14 13 13 13 13 13 13 13 13 13 13 13 13 13 14 13 13 13 13 13 13 13 13 13 13 13 13 13 13 13 13 13 13 13 13 14 13 13 13 13 13 13 13 13 13 13 13 13 13 14 12 12
780_0_2 3 6 5 7 6 1 2 3 4 3 3 1 3 1 2 4 27 12 13 14 13 13 14 13 13 13 13 13 13 13 13 12 13 13 13 13 13 13 13 13 13 13 13 13 13 13 13 13 13 13 13 13 13 13 13 13 12 13 13 13 13 13 13 13 13 14 13 13 14 13 12
781_0_2 4 5 4 6 8 1 3 2 2 2 3 1 3 2 5 3 27 12 13 13 14 13 13 13 13 14 13 13 13 13 13 13 13 13 13 13 13 13 13 12 13 13 13 13 13 13 13 13 12 13 13 13 13 13 13 13 13 13 13 13 13 13 14 13 13 13 13 14 13 13 12
782_0_2 4 4 6 5 8 1 3 2 2 2 3 1 3 2 5 3 27 12 13 13 14 13 13 13 13 13 13 13 13 14 13 13 13 13 13 13 13 12 13 13 13 13 13 13 13 13 13 13 13 13 12 13 13 13 13 13 13 13 14 13 13 13 13 13 13 13 13 14 13 13 12
783_1_0 3 7 5 7 5 1 2 2 3 4 3 1 3 4 1 3 27 12 13 13 13 13 13 13 14 12 13 13 13 13 13 13 13 13 13 13 13 13 13 13 13 13 13 14 14 13 13 13 13 13 13 13 13 13 13 13 13 13 13 13 13 13 12 14 13 13 13 13 13 13 12
784_1_2 4 4 8 5 6 1 2 2 3 3 3 1 5 3 2 2 27 12 13 13 12 13 13 13 13 14 13 13 13 13 13 13 13 13 13 13 13 13 13 14 13 13 13 13 13 13 13 13 14 13 13 13 13 13 13 13 13 13 13 13 13 13 14 13 13 13 13 12 13 13 12
785_1_2 3 6 7 5 6 1 3 2 2 2 3 1 3 2 5 3 27 12 13 13 13 13 13 14 13 13 12 13 13 13 13 13 13 13 13 13 13 13 13 13 14 13 13 13 13 13 13 14 13 13 13 13 13 13 13 13 13 13 13 13 13 12 13 13 14 13 13 13 13 13 12
786_1_2 3 6 7 5 6 1 2 4 4 1 4 2 3 2 2 2 27 12 13 13 13 12 13 14 13 13 13 13 13 13 13 13 13 13 13 13 13 13 13 13 14 13 13 13 13 13 13 14 13 13 13 13 13 13 13 13 13 13 13 13 13 13 13 13 14 13 12 13 13 13 12
787_1_2 3 6 5 8 5 1 2 2 3 5 2 2 3 3 1 3 27 12 13 13 13 13 13 13 13 13 13 13 13 13 13 13 13 12 13 13 13 14 13 13 13 14 13 13 13 13 14 13 13 13 14 13 13 13 12 13 13 13 13 13 13 13 13 13 13 13 13 13 13 13 12
789_0_2 3 6 5 7 6 1 2 2 2 2 4 1 2 4 3 4 27 12 13 13 13 13 13 13 13 13 13 13 13 13 13 12 14 13 13 13 13 13 13 13 13 13 13 14 14 13 13 13 13 13 13 13 13 13 13 14 12 13 13 13 13 13 13 13 13 13 13 13 13 13 12
790_0_2 3 6 5 7 6 1 2 2 3 3 3 1 5 3 2 2 27 12 13 13 13 13 13 13 13 13 13 13 14 13 13 12 13 13 13 13 13 13 13 13 14 13 13 13 13 13 13 14 13 13 13 13 13 13 13 13 12 13 13 14 13 13 13 13 13 13 13 13 13 13 12
791_0_2 4 4 6 5 8 1 2 2 3 2 3 3 1 5 3 2 27 12 13 13 13 13 13 13 13 13 13 13 13 13 14 13 13 14 13 12 13 13 13 13 13 13 13 13 13 13 13 13 13 13 13 13 12 13 14 13 13 14 13 13 13 13 13 13 13 13 13 13 13 13 12
792_0_2 3 5 8 5 6 1 3 2 2 2 3 1 3 2 5 3 27 12 13 13 13 13 13 13 13 13 13 13 12 13 13 14 13 13 13 13 13 13 13 13 14 13 13 13 13 13 13 14 13 13 13 13 13 13 13 13 14 13 13 12 13 13 13 13 13 13 13 13 13 13 12
793_0_2 4 4 6 5 8 1 2 3 2 2 2 2 4 2 5 2 27 12 13 13 13 13 13 13 13 14 13 13 13 13 13 13 13 14 13 12 13 13 13 13 13 13 13 13 13 13 13 13 13 13 13 13 12 13 14 13 13 13 13 13 13 13 14 13 13 13 13 13 13 13 12
794_0_2 3 6 5 7 6 1 3 2 2 2 3 1 3 2 5 3 27 12 13 13 13 13 13 13 13 13 12 13 13 14 13 13 13 13 13 13 13 13 13 13 13 13 14 13 13 14 13 13 13 13 13 13 13 13 13 13 13 13 14 13 13 12 13 13 13 13 13 13 13 13 12
795_0_2 3 5 7 5 7 1 2 3 4 3 3 1 3 1 2 4 27 12 13 13 12 13 13 13 14 13 13 13 13 13 13 13 13 14 13 13 13 13 13 13 13 13 13 13 13 13 13 13 13 13 13 13 13 13 14 13 13 13 13 13 13 13 13 14 13 13 13 12 13 13 12
796_1_0 4 5 4 8 6 1 2 2 3 3 4 2 1 5 2 2 27 12 13 13 13 13 13 13 13 13 13 14 13 12 13 13 13 13 13 13 13 13 13 13 13 13 14 13 13 14 13 13 13 13 13 13 13 13 13 13 13 13 12 13 14 13 13 13 13 13 13 13 13 13 12
797_1_2 3 7 5 7 5 1 2 1 3 2 3 3 3 1 4 4 27 12 13 13 13 13 13 14 13 12 13 13 13 13 13 13 13 13 14 13 13 13 13 13 13 13 13 13 13 13 13 13 13 13 13 13 13 14 13 13 13 13 13 13 13 13 12 13 14 13 13 13 13 13 12
798_1_2 3 6 7 5 6 1 2 2 3 3 3 1 5 3 2 2 27 12 14 13 13 13 13 13 13 13 13 13 13 13 13 12 13 13 13 13 13 14 13 13 13 13 13 13 13 13 13 13 13 13 14 13 13 13 13 13 12 13 13 13 13 13 13 13 13 13 13 13 13 14 12
800_1_0 4 4 8 5 6 0 2 3 2 3 1 4 3 3 3 3 27 12 13 13 12 13 13 13 13 14 13 13 13 13 13 13 13 13 14 13 13 13 13 13 13 13 13 13 13 13 13 13 13 13 13 13 13 14 13 13 13 13 13 13 13 13 14 13 13 13 13 12 13 13 12
801_1_2 4 5 4 8 6 1 2 2 3 2 3 3 1 5 3 2 27 12 13 13 13 13 13 13 12 13 13 13 13 13 13 13 14 13 13 14 13 13 13 13 13 13 13 13 13 13 13 13 13 13 13 13 14 13 13 14 13 13 13 13 13 13 13 12 13 13 13 13 13 13 12
803_1_0 4 4 8 5 6 1 2 3 1 3 1 3 2 3 5 3 27 12 13 13 13 13 13 13 13 13 13 14 13 13 13 13 12 13 13 13 13 13 13 14 13 13 13 13 13 13 13 13 14 13 13 13 13 13 13 12 13 13 13 13 14 13 13 13 13 13 13 13 13 13 12
805_1_0 4 5 4 8 6 1 2 3 1 3 1 3 2 3 5 3 27 12 13 13 13 13 13 13 13 13 13 14 13 13 13 13 13 12 13 13 13 14 13 13 13 13 13 13 13 13 13 13 13 13 14 13 13 13 12 13 13 13 13 13 14 13 13 13 13 13 13 13 13 13 12
806_1_2 3 6 7 5 6 1 3 2 2 2 3 1 3 2 5 3 27 12 14 13 13 13 13 13 13 13 12 13 13 13 13 13 13 13 13 13 13 13 13 13 13 13 14 13 13 14 13 13 13 13 13 13 13 13 13 13 13 13 13 13 13 12 13 13 13 13 13 13 13 14 12
808_1_0 3 7 5 7 5 1 2 3 1 3 1 3 2 3 5 3 27 12 13 13 13 13 12 13 13 13 13 13 14 13 13 13 13 13 13 13 13 13 14 13 13 13 13 13 13 13 13 13 13 14 13 13 13 13 13 13 13 13 13 14 13 13 13 13 13 12 13 13 13 13 12
810_0_2 4 4 6 5 8 0 3 2 3 2 1 4 3 3 3 3 27 12 13 13 13 13 13 13 13 13 12 13 13 13 13 13 13 14 13 13 14 13 13 13 13 13 13 13 13 13 13 13 13 13 13 14 13 13 14 13 13 13 13 13 13 12 13 13 13 13 13 13 13 13 12
810_1_2 4 4 8 5 6 0 3 2 3 2 1 4 3 3 3 3 27 12 13 13 13 13 13 13 13 13 12 13 13 13 13 13 13 14 13 13 14 13 13 13 13 13 13 13 13 13 13 13 13 13 13 14 13 13 14 13 13 13 13 13 13 12 13 13 13 13 13 13 13 13 12
811_1_0 3 6 7 5 6 0 2 3 2 3 1 4 3 3 3 3 27 12 14 13 13 13 13 13 13 13 12 13 13 13 13 13 13 13 13 13 13 14 13 13 13 13 13 13 13 13 13 13 13 13 14 13 13 13 13 13 13 13 13 13 13 12 13 13 13 13 13 13 13 14 12
813_1_0 4 4 8 5 6 0 2 3 2 3 1 4 3 3 3 3 27 12 13 13 13 13 13 13 13 13 12 13 14 13 13 13 13 13 13 13 14 13 13 13 13 13 13 13 13 13 13 13 13 13 13 14 13 13 13 13 13 13 13 14 13 12 13 13 13 13 13 13 13 13 12
815_1_0 4 5 4 8 6 0 2 3 2 3 1 4 3 3 3 3 27 12 13 13 13 13 13 13 13 14 13 13 13 13 13 13 13 13 13 13 13 14 13 12 13 13 13 13 13 13 13 13 12 13 14 13 13 13 13 13 13 13 13 13 13 13 14 13 13 13 13 13 13 13 12
816_1_2 4 4 8 5 6 1 2 3 3 2 2 3 5 1 3 2 27 12 13 13 13 13 13 13 14 13 13 13 13 13 13 14 13 13 13 13 12 13 13 13 13 13 13 13 13 13 13 13 13 13 13 12 13 13 13 13 14 13 13 13 13 13 13 14 13 13 13 13 13 13 12
818_1_0 3 6 7 5 6 1 1 3 2 2 3 3 1 5 3 3 27 12 14 13 13 13 13 13 13 13 13 14 13 13 13 13 13 13 13 13 12 13 13 13 13 13 13 13 13 13 13 13 13 13 13 12 13 13 13 13 13 13 13 13 14 13 13 13 13 13 13 13 13 14 12
819_0_6 3 6 5 7 6 1 2 3 2 1 3 4 2 5 2 2 27 13 13 13 13 12 13 13 13 13 13 13 13 13 13 12 13 13 13 13 14 13 14 13 13 13 13 13 13 13 13 13 13 14 13 14 13 13 13 13 12 13 13 13 13 13 13 13 13 13 12 13 13 13 13
819_1_6 3 6 7 5 6 1 2 3 2 1 3 4 2 5 2 2 27 13 13 13 13 12 13 13 13 13 13 13 13 13 13 12 13 13 13 13 14 13 14 13 13 13 13 13 13 13 13 13 13 14 13 14 13 13 13 13 12 13 13 13 13 13 13 13 13 13 12 13 13 13 13
820_1_2 3 6 7 5 6 1 2 3 4 3 3 1 3 1 2 4 27 12 13 13 13 13 13 13 13 13 13 13 13 13 13 12 13 14 13 14 13 13 13 13 13 13 13 13 13 13 13 13 13 13 13 13 14 13 14 13 12 13 13 13 13 13 13 13 13 13 13 13 13 13 12
821_1_2 3 6 7 5 6 1 1 3 3 4 3 3 2 2 1 4 27 13 13 13 13 12 13 13 13 13 13 13 13 13 13 12 13 13 13 13 14 13 13 14 13 13 13 13 13 13 13 13 14 13 13 14 13 13 13 13 12 13 13 13 13 13 13 13 13 13 12 13 13 13 13
822_1_2 3 7 6 6 5 1 2 1 3 2 2 2 4 2 4 4 27 13 13 13 13 12 13 13 13 13 13 13 13 13 13 12 13 13 13 13 14 13 13 13 14 13 13 13 13 13 13 14 13 13 13 14 13 13 13 13 12 13 13 13 13 13 13 13 13 13 12 13 13 13 13
823_1_2 3 6 7 5 6 1 2 2 3 3 3 1 5 3 2 2 27 13 13 13 13 12 13 13 13 13 13 13 13 13 13 12 13 13 13 13 14 13 13 13 13 13 13 14 14 13 13 13 13 13 13 14 13 13 13 13 12 13 13 13 13 13 13 13 13 13 12 13 13 13 13
825_0_2 4 4 6 5 8 0 3 2 3 2 1 4 3 3 3 3 27 12 13 13 13 13 14 13 13 13 13 13 13 14 13 13 13 13 13 13 13 12 13 13 13 13 13 13 13 13 13 13 13 13 12 13 13 13 13 13 13 13 14 13 13 13 13 13 13 14 13 13 13 13 12
825_1_2 4 4 8 5 6 0 3 2 3 2 1 4 3 3 3 3 27 12 13 13 13 13 14 13 13 13 13 13 13 14 13 13 13 13 13 13 13 12 13 13 13 13 13 13 13 13 13 13 13 13 12 13 13 13 13 13 13 13 14 13 13 13 13 13 13 14 13 13 13 13 12
826_1_0 4 4 8 5 6 1 1 2 3 2 3 4 1 4 3 3 27 12 13 13 13 13 12 13 13 13 13 13 13 14 13 13 13 13 13 13 13 14 13 13 13 13 13 13 13 13 13 13 13 13 14 13 13 13 13 13 13 13 14 13 13 13 13 13 13 12 13 13 13 13 12
828_1_0 3 6 7 5 6 1 1 2 4 3 3 2 3 3 1 4 27 12 13 13 14 12 13 13 13 13 13 13 13 13 13 13 13 13 13 13 13 13 13 13 13 13 13 14 14 13 13 13 13 13 13 13 13 13 13 13 13 13 13 13 13 13 13 13 13 13 12 14 13 13 12
830_0_2 3 6 5 7 6 1 2 2 4 2 4 3 1 3 3 2 27 13 13 13 13 12 13 13 13 13 13 12 13 13 13 13 13 14 13 14 13 13 13 13 13 13 13 13 13 13 13 13 13 13 13 13 14 13 14 13 13 13 13 13 12 13 13 13 13 13 12 13 13 13 13
830_1_4 3 6 7 5 6 1 2 3 3 1 3 4 2 4 2 2 27 13 13 13 13 12 13 13 13 13 13 12 13 13 13 13 13 14 13 14 13 13 13 13 13 13 13 13 13 13 13 13 13 13 13 13 14 13 14 13 13 13 13 13 12 13 13 13 13 13 12 13 13 13 13
831_1_2 3 6 7 5 6 1 2 4 4 1 4 2 3 2 2 2 27 12 14 13 13 12 13 13 13 13 13 13 13 13 13 13 13 13 13 13 13 13 13 13 13 13 14 13 13 14 13 13 13 13 13 13 13 13 13 13 13 13 13 13 13 13 13 13 13 13 12 13 13 14 12
833_1_0 3 7 5 7 5 0 3 3 1 2 2 3 3 4 3 3 27 12 13 13 13 13 13 13 13 13 13 13 14 13 13 13 12 13 13 13 13 13 13 14 13 13 13 13 13 13 13 13 14 13 13 13 13 13 13 12 13 13 13 14 13 13 13 13 13 13 13 13 13 13 12
834_1_0 3 7 5 7 5 1 2 2 2 3 3 2 3 2 5 2 27 12 13 13 13 13 13 13 13 13 13 12 14 13 13 13 13 13 13 13 13 13 13 13 13 13 13 14 14 13 13 13 13 13 13 13 13 13 13 13 13 13 13 14 12 13 13 13 13 13 13 13 13 13 12
835_0_2 3 6 5 7 6 1 2 2 3 2 3 3 1 5 3 2 27 12 13 13 13 13 13 13 13 13 12 13 13 13 13 13 13 14 13 13 13 14 13 13 13 13 13 13 13 13 13 13 13 13 14 13 13 13 14 13 13 13 13 13 13 12 13 13 13 13 13 13 13 13 12
836_0_2 3 6 5 7 6 1 2 3 3 1 3 1 2 3 3 5 27 12 13 13 13 13 13 13 13 13 12 14 13 13 13 13 13 13 13 13 13 13 13 13 13 13 13 14 14 13 13 13 13 13 13 13 13 13 13 13 13 13 13 13 14 12 13 13 13 13 13 13 13 13 12
837_1_0 3 6 5 8 5 0 3 3 1 2 2 3 3 4 3 3 27 12 13 13 13 13 13 13 13 13 14 13 13 13 13 13 13 12 13 13 13 14 13 13 13 13 13 13 13 13 13 13 13 13 14 13 13 13 12 13 13 13 13 13 13 14 13 13 13 13 13 13 13 13 12
838_1_2 3 6 7 5 6 1 2 2 3 2 3 3 1 5 3 2 27 12 13 13 13 13 14 13 13 13 12 13 14 13 13 13 13 13 13 13 13 13 13 13 13 13 13 13 13 13 13 13 13 13 13 13 13 13 13 13 13 13 13 14 13 12 13 13 13 14 13 13 13 13 12
839_1_2 4 4 8 5 6 1 2 3 3 1 3 1 2 3 3 5 27 12 13 13 13 13 13 13 13 13 13 13 13 13 13 13 13 13 13 13 13 13 14 12 13 13 13 14 14 13 13 13 12 14 13 13 13 13 13 13 13 13 13 13 13 13 13 13 13 13 13 13 13 13 12
840_1_2 3 7 5 7 5 1 2 3 3 1 3 1 2 3 3 5 27 12 13 13 13 13 13 13 13 13 13 13 13 13 13 13 13 13 13 13 13 12 14 13 13 13 13 14 14 13 13 13 13 14 12 13 13 13 13 13 13 13 13 13 13 13 13 13 13 13 13 13 13 13 12
842_0_2 3 5 7 5 7 1 2 2 3 2 3 3 1 5 3 2 27 12 13 13 13 13 13 13 13 13 13 13 13 13 13 13 12 14 13 13 13 13 13 13 13 13 13 14 14 13 13 13 13 13 13 13 13 13 14 12 13 13 13 13 13 13 13 13 13 13 13 13 13 13 12
843_0_2 4 4 6 5 8 1 2 3 4 3 3 1 3 1 2 4 27 12 13 13 13 13 13 12 14 13 13 13 13 13 13 13 13 13 13 13 13 13 13 13 13 13 13 14 14 13 13 13 13 13 13 13 13 13 13 13 13 13 13 13 13 13 13 14 12 13 13 13 13 13 12
844_0_2 3 6 5 7 6 1 2 2 3 2 3 3 1 5 3 2 27 12 13 13 13 12 14 13 13 13 13 13 13 13 13 13 13 13 13 13 13 13 13 13 13 13 13 14 14 13 13 13 13 13 13 13 13 13 13 13 13 13 13 13 13 13 13 13 13 14 12 13 13 13 12
845_0_2 4 4 6 5 8 1 2 2 3 2 3 3 1 5 3 2 27 12 13 13 13 13 13 13 13 13 13 13 13 13 13 13 14 13 13 13 13 12 13 14 13 13 13 13 13 13 13 13 14 13 12 13 13 13 13 14 13 13 13 13 13 13 13 13 13 13 13 13 13 13 12
846_0_2 4 4 6 5 8 1 2 3 3 1 3 3 4 3 1 3 27 12 13 13 13 13 13 13 13 13 13 13 13 13 13 13 13 13 13 13 13 13 12 14 13 13 13 14 14 13 13 13 14 12 13 13 13 13 13 13 13 13 13 13 13 13 13 13 13 13 13 13 13 13 12
846_1_4 4 4 8 5 6 1 2 5 2 3 2 3 3 2 2 2 27 12 13 13 13 13 13 13 13 13 13 13 13 13 13 13 13 13 13 13 13 13 12 14 13 13 13 14 14 13 13 13 14 12 13 13 13 13 13 13 13 13 13 13 13 13 13 13 13 13 13 13 13 13 12
847_1_0 4 4 8 5 6 1 2 2 2 3 3 2 3 2 5 2 27 12 13 13 13 13 13 13 13 13 13 12 13 13 13 13 13 14 13 13 13 14 13 13 13 13 13 13 13 13 13 13 13 13 14 13 13 13 14 13 13 13 13 13 12 13 13 13 13 13 13 13 13 13 12
848_0_2 3 5 8 5 6 1 2 3 2 2 2 2 4 2 5 2 27 12 13 13 13 13 13 13 12 13 13 13 13 13 13 13 14 13 13 13 14 13 13 13 13 13 13 13 13 13 13 13 13 13 13 14 13 13 13 14 13 13 13 13 13 13 13 12 13 13 13 13 13 13 12
849_0_2 4 4 6 5 8 1 2 2 3 3 3 1 5 3 2 2 27 12 13 13 13 13 13 13 13 13 13 13 14 13 13 13 13 13 13 13 13 13 13 13 14 13 12 13 13 12 13 14 13 13 13 13 13 13 13 13 13 13 13 14 13 13 13 13 13 13 13 13 13 13 12
850_0_2 4 4 6 5 8 1 2 3 3 1 3 3 4 3 1 3 27 12 13 13 13 13 13 13 13 13 13 12 13 13 13 13 14 13 13 13 13 13 13 14 13 13 13 13 13 13 13 13 14 13 13 13 13 13 13 14 13 13 13 13 12 13 13 13 13 13 13 13 13 13 12
850_1_4 4 4 8 5 6 1 2 5 2 3 2 3 3 2 2 2 27 12 13 13 13 13 13 13 13 13 13 12 13 13 13 13 14 13 13 13 13 13 13 14 13 13 13 13 13 13 13 13 14 13 13 13 13 13 13 14 13 13 13 13 12 13 13 13 13 13 13 13 13 13 12
851_0_6 3 5 8 5 6 1 2 2 2 4 2 4 1 3 4 2 27 12 13 13 13 14 13 13 13 13 13 13 12 13 13 13 13 13 13 13 13 13 13 13 14 13 13 13 13 13 13 14 13 13 13 13 13 13 13 13 13 13 13 12 13 13 13 13 13 13 14 13 13 13 12
851_1_6 3 6 5 8 5 1 2 2 2 4 2 4 1 3 4 2 27 12 13 13 13 14 13 13 13 13 13 13 12 13 13 13 13 13 13 13 13 13 13 13 14 13 13 13 13 13 13 14 13 13 13 13 13 13 13 13 13 13 13 12 13 13 13 13 13 13 14 13 13 13 12
852_0_6 4 5 4 6 8 1 2 2 2 4 2 4 1 3 4 2 27 12 13 13 13 13 13 13 13 13 13 13 12 13 13 13 14 13 13 13 13 13 13 13 14 13 13 13 13 13 13 14 13 13 13 13 13 13 13 14 13 13 13 12 13 13 13 13 13 13 13 13 13 13 12
852_1_6 4 5 4 8 6 1 2 2 2 4 2 4 1 3 4 2 27 12 13 13 13 13 13 13 13 13 13 13 12 13 13 13 14 13 13 13 13 13 13 13 14 13 13 13 13 13 13 14 13 13 13 13 13 13 13 14 13 13 13 12 13 13 13 13 13 13 13 13 13 13 12
854_1_0 3 6 7 5 6 0 3 2 3 4 3 3 1 2 3 3 27 12 13 13 13 13 14 13 13 13 13 13 14 13 13 13 13 13 13 13 13 13 13 13 13 12 13 13 13 13 12 13 13 13 13 13 13 13 13 13 13 13 13 14 13 13 13 13 13 14 13 13 13 13 12
856_0_2 3 6 5 7 6 1 2 2 3 3 3 1 5 3 2 2 27 12 13 13 13 13 13 13 13 13 13 13 13 14 13 12 13 13 13 13 13 14 13 13 13 13 13 13 13 13 13 13 13 13 14 13 13 13 13 13 12 13 14 13 13 13 13 13 13 13 13 13 13 13 12
857_1_0 3 7 5 7 5 0 2 4 3 2 3 3 3 3 1 3 27 12 13 13 12 13 13 13 14 13 13 13 13 13 13 13 13 13 13 13 13 13 13 14 13 13 13 13 13 13 13 13 14 13 13 13 13 13 13 13 13 13 13 13 13 13 13 14 13 13 13 12 13 13 12
858_1_2 4 5 4 8 6 1 2 2 3 5 2 2 3 3 1 3 27 12 13 13 13 13 13 13 13 13 13 13 13 13 14 13 13 12 13 13 13 14 13 13 13 13 13 13 13 13 13 13 13 13 14 13 13 13 12 13 13 14 13 13 13 13 13 13 13 13 13 13 13 13 12
860_0_2 3 6 5 7 6 1 2 3 3 2 2 3 5 1 3 2 27 12 13 13 14 13 13 13 14 13 13 13 13 13 13 13 13 13 13 13 12 13 13 13 13 13 13 13 13 13 13 13 13 13 13 12 13 13 13 13 13 13 13 13 13 13 13 14 13 13 13 14 13 13 12
861_0_2 3 5 7 5 7 1 2 2 3 5 2 2 3 3 1 3 27 12 13 13 13 13 12 13 14 13 13 13 14 13 13 13 13 13 13 13 13 13 13 13 13 13 13 13 13 13 13 13 13 13 13 13 13 13 13 13 13 13 13 14 13 13 13 14 13 12 13 13 13 13 12
862_1_0 3 7 5 7 5 1 1 2 4 3 3 2 3 3 1 4 27 12 13 13 13 13 12 14 13 13 13 13 13 13 13 13 13 13 13 13 13 13 13 13 13 13 13 14 14 13 13 13 13 13 13 13 13 13 13 13 13 13 13 13 13 13 13 13 14 12 13 13 13 13 12
864_0_2 4 5 4 6 8 1 2 1 3 2 3 3 3 1 4 4 27 12 13 13 14 13 13 13 13 13 13 13 13 12 13 13 13 13 13 13 13 13 13 13 13 13 14 13 13 14 13 13 13 13 13 13 13 13 13 13 13 13 12 13 13 13 13 13 13 13 13 14 13 13 12
865_0_2 3 5 7 5 7 1 2 3 3 2 2 3 5 1 3 2 27 12 13 14 13 13 13 13 13 12 13 13 13 13 13 13 13 13 14 13 13 13 13 13 13 13 13 13 13 13 13 13 13 13 13 13 13 14 13 13 13 13 13 13 13 13 12 13 13 13 13 13 14 13 12
866_1_0 3 6 7 5 6 1 1 2 3 2 3 4 1 4 3 3 27 12 13 13 13 12 13 13 13 13 13 13 13 14 13 13 13 13 13 13 13 14 13 13 13 13 13 13 13 13 13 13 13 13 14 13 13 13 13 13 13 13 14 13 13 13 13 13 13 13 12 13 13 13 12
868_0_2 3 5 7 5 7 1 2 3 2 2 2 2 4 2 5 2 27 12 13 13 13 13 13 13 13 13 13 13 13 14 13 13 13 14 13 12 13 13 13 13 13 13 13 13 13 13 13 13 13 13 13 13 12 13 14 13 13 13 14 13 13 13 13 13 13 13 13 13 13 13 12
869_1_0 3 6 5 8 5 0 3 2 3 4 3 3 1 2 3 3 27 12 13 13 13 13 13 13 12 13 14 13 13 13 13 13 14 13 13 13 13 13 13 13 13 13 13 13 13 13 13 13 13 13 13 13 13 13 13 14 13 13 13 13 13 14 13 12 13 13 13 13 13 13 12
870_1_2 4 4 8 5 6 1 2 1 3 2 3 3 3 1 4 4 27 12 13 13 14 13 13 14 13 13 13 13 13 13 13 13 13 13 13 13 13 13 13 13 12 13 13 13 13 13 13 12 13 13 13 13 13 13 13 13 13 13 13 13 13 13 13 13 14 13 13 14 13 13 12
872_1_0 3 6 5 8 5 0 1 3 3 3 2 3 3 3 2 4 27 12 13 13 13 13 13 13 13 13 14 13 13 12 13 13 13 13 13 13 13 13 13 13 13 13 14 13 13 14 13 13 13 13 13 13 13 13 13 13 13 13 12 13 13 14 13 13 13 13 13 13 13 13 12
873_1_2 4 4 8 5 6 1 2 1 3 2 3 3 3 1 4 4 27 12 13 13 13 13 13 14 13 13 13 13 13 13 13 13 13 13 13 13 13 13 13 13 12 13 14 13 13 14 13 12 13 13 13 13 13 13 13 13 13 13 13 13 13 13 13 13 14 13 13 13 13 13 12
874_1_2 4 5 4 8 6 1 2 2 3 2 4 2 2 5 2 2 27 12 13 13 13 13 13 12 13 14 13 13 13 13 14 13 13 13 13 13 13 13 13 13 13 13 13 13 13 13 13 13 13 13 13 13 13 13 13 13 13 14 13 13 13 13 14 13 12 13 13 13 13 13 12
876_0_2 3 6 5 7 6 1 2 3 2 2 2 2 4 2 5 2 27 12 14 13 13 13 13 13 13 13 13 13 13 13 13 13 14 13 13 13 13 13 13 13 13 12 13 13 13 13 12 13 13 13 13 13 13 13 13 14 13 13 13 13 13 13 13 13 13 13 13 13 13 14 12
877_1_0 3 6 7 5 6 1 1 2 4 3 3 2 3 3 1 4 27 12 14 13 13 13 13 13 13 13 13 13 13 13 13 13 13 13 13 13 12 13 13 13 13 13 14 13 13 14 13 13 13 13 13 12 13 13 13 13 13 13 13 13 13 13 13 13 13 13 13 13 13 14 12
879_1_0 3 6 7 5 6 1 1 2 4 1 3 3 2 4 3 3 27 12 13 13 13 13 13 13 13 13 13 13 13 13 13 12 13 14 13 13 13 14 13 13 13 13 13 13 13 13 13 13 13 13 14 13 13 13 14 13 12 13 13 13 13 13 13 13 13 13 13 13 13 13 12
881_1_0 4 4 8 5 6 0 2 2 3 3 4 2 3 1 4 3 27 12 13 13 13 13 13 13 13 13 13 14 13 13 13 13 13 14 13 12 13 13 13 13 13 13 13 13 13 13 13 13 13 13 13 13 12 13 14 13 13 13 13 13 14 13 13 13 13 13 13 13 13 13 12
883_0_2 4 4 6 5 8 1 2 1 3 2 3 3 3 1 4 4 27 12 13 13 13 13 13 14 13 13 13 13 13 13 13 14 13 13 13 13 12 13 13 13 13 13 13 13 13 13 13 13 13 13 13 12 13 13 13 13 14 13 13 13 13 13 13 13 14 13 13 13 13 13 12
884_1_0 4 4 8 5 6 0 2 4 3 2 3 3 3 3 1 3 27 12 13 13 13 13 13 13 13 13 13 13 14 13 13 12 13 13 13 13 13 13 13 13 13 14 13 13 13 13 14 13 13 13 13 13 13 13 13 13 12 13 13 14 13 13 13 13 13 13 13 13 13 13 12
886_0_2 4 4 6 5 8 1 2 3 4 3 3 1 3 1 2 4 27 12 13 13 13 13 13 13 13 13 13 13 13 13 13 12 13 14 13 13 13 13 13 13 13 14 13 13 13 13 14 13 13 13 13 13 13 13 14 13 12 13 13 13 13 13 13 13 13 13 13 13 13 13 12
887_1_0 3 8 6 5 5 1 2 3 4 2 4 2 1 3 2 3 27 12 14 13 13 14 13 13 13 13 13 13 13 13 13 13 13 13 13 13 13 13 12 13 13 13 13 13 13 13 13 13 13 12 13 13 13 13 13 13 13 13 13 13 13 13 13 13 13 13 14 13 13 14 12
889_1_0 3 7 5 7 5 0 2 3 2 3 1 4 3 3 3 3 27 12 14 13 13 13 13 13 13 13 13 12 13 13 13 13 13 13 13 13 13 13 14 13 13 13 13 13 13 13 13 13 13 14 13 13 13 13 13 13 13 13 13 13 12 13 13 13 13 13 13 13 13 14 12
891_0_2 4 4 6 5 8 1 2 4 4 1 4 2 3 2 2 2 27 12 13 13 13 13 12 13 13 13 13 13 13 14 13 13 13 13 13 13 13 13 13 13 13 13 14 13 13 14 13 13 13 13 13 13 13 13 13 13 13 13 14 13 13 13 13 13 13 12 13 13 13 13 12
892_0_2 4 4 6 5 8 1 2 3 4 3 3 1 3 1 2 4 27 12 13 13 12 13 14 13 14 13 13 13 13 13 13 13 13 13 13 13 13 13 13 13 13 13 13 13 13 13 13 13 13 13 13 13 13 13 13 13 13 13 13 13 13 13 13 14 13 14 13 12 13 13 12
893_0_2 4 5 4 6 8 1 2 3 2 2 2 2 4 2 5 2 27 12 13 12 13 13 14 13 13 13 13 13 13 13 13 13 13 13 13 13 13 13 13 13 14 13 13 13 13 13 13 14 13 13 13 13 13 13 13 13 13 13 13 13 13 13 13 13 13 14 13 13 12 13 12
894_0_2 3 6 5 7 6 1 2 3 1 3 1 3 2 3 4 4 27 12 14 13 13 12 13 13 13 14 13 13 13 13 13 13 13 13 13 13 13 13 13 13 13 13 13 13 13 13 13 13 13 13 13 13 13 13 13 13 13 13 13 13 13 13 14 13 13 13 12 13 13 14 12
895_1_0 3 6 7 5 6 0 3 1 2 4 3 3 2 3 3 3 27 12 14 13 13 13 13 13 13 13 13 13 13 13 13 12 13 13 13 13 13 13 13 13 14 13 13 13 13 13 13 14 13 13 13 13 13 13 13 13 12 13 13 13 13 13 13 13 13 13 13 13 13 14 12
896_1_2 4 4 8 5 6 1 2 2 3 2 4 2 2 5 2 2 27 12 13 13 12 13 13 13 14 13 13 13 13 13 13 13 13 13 13 13 13 13 13 13 14 13 13 13 13 13 13 14 13 13 13 13 13 13 13 13 13 13 13 13 13 13 13 14 13 13 13 12 13 13 12
898_0_2 4 5 4 6 8 1 2 4 4 2 3 1 3 1 3 3 27 12 13 12 14 13 13 13 13 13 13 13 13 13 13 13 13 13 13 13 13 13 13 13 13 13 14 13 13 14 13 13 13 13 13 13 13 13 13 13 13 13 13 13 13 13 13 13 13 13 13 14 12 13 12
899_0_2 4 4 6 5 8 1 2 3 3 2 2 3 5 1 3 2 27 12 13 13 13 13 13 14 13 13 13 13 13 13 13 13 13 13 13 14 13 13 13 13 12 13 13 13 13 13 13 12 13 13 13 13 14 13 13 13 13 13 13 13 13 13 13 13 14 13 13 13 13 13 12
900_0_2 3 6 5 7 6 1 1 2 3 2 3 2 3 3 2 5 27 12 13 13 13 13 13 13 14 13 12 13 13 13 13 13 14 13 13 13 13 13 13 13 13 13 13 13 13 13 13 13 13 13 13 13 13 13 13 14 13 13 13 13 13 12 13 14 13 13 13 13 13 13 12
901_1_0 3 7 5 7 5 1 1 2 4 3 3 2 3 3 1 4 27 12 13 13 13 13 13 14 13 13 13 13 13 14 13 13 13 13 13 13 13 13 13 13 12 13 13 13 13 13 13 12 13 13 13 13 13 13 13 13 13 13 14 13 13 13 13 13 14 13 13 13 13 13 12
903_0_2 3 5 8 5 6 1 2 3 4 3 3 1 3 1 2 4 27 12 13 13 13 14 13 12 13 13 13 13 13 13 14 13 13 13 13 13 13 13 13 13 13 13 13 13 13 13 13 13 13 13 13 13 13 13 13 13 13 14 13 13 13 13 13 13 12 13 14 13 13 13 12
904_0_2 3 5 7 5 7 1 2 2 3 5 2 2 3 3 1 3 27 12 13 14 13 13 13 13 13 13 13 13 13 13 13 13 12 13 13 13 13 13 13 14 13 13 13 13 13 13 13 13 14 13 13 13 13 13 13 12 13 13 13 13 13 13 13 13 13 13 13 13 14 13 12
905_0_2 4 4 6 5 8 1 2 4 4 1 4 2 3 2 2 2 27 12 13 13 13 13 12 13 13 14 13 13 13 13 13 13 13 13 14 13 13 13 13 13 13 13 13 13 13 13 13 13 13 13 13 13 13 14 13 13 13 13 13 13 13 13 14 13 13 12 13 13 13 13 12
906_0_2 4 4 6 5 8 1 3 2 2 2 3 1 3 2 5 3 27 12 14 13 13 13 13 13 13 13 12 13 13 13 13 14 13 13 13 13 13 13 13 13 13 13 13 13 13 13 13 13 13 13 13 13 13 13 13 13 14 13 13 13 13 12 13 13 13 13 13 13 13 14 12
907_1_0 3 6 7 5 6 0 2 3 2 3 1 4 3 3 3 3 27 12 13 13 13 13 13 13 13 13 12 13 14 13 13 13 13 13 13 13 13 13 13 13 14 13 13 13 13 13 13 14 13 13 13 13 13 13 13 13 13 13 13 14 13 12 13 13 13 13 13 13 13 13 12
909_1_0 3 6 7 5 6 0 2 3 2 3 1 4 3 3 3 3 27 12 13 13 13 13 13 13 13 13 12 13 13 14 13 13 13 13 13 13 13 14 13 13 13 13 13 13 13 13 13 13 13 13 14 13 13 13 13 13 13 13 14 13 13 12 13 13 13 13 13 13 13 13 12
910_1_2 4 4 8 5 6 1 2 2 3 3 3 1 5 3 2 2 27 12 14 13 13 13 13 13 13 13 14 13 13 13 13 12 13 13 13 13 13 13 13 13 13 13 13 13 13 13 13 13 13 13 13 13 13 13 13 13 12 13 13 13 13 14 13 13 13 13 13 13 13 14 12
912_0_2 4 4 6 5 8 1 2 3 2 2 2 2 4 2 5 2 27 12 13 13 13 13 13 13 13 13 13 13 13 13 13 13 13 14 13 12 13 13 13 13 14 13 13 13 13 13 13 14 13 13 13 13 12 13 14 13 13 13 13 13 13 13 13 13 13 13 13 13 13 13 12
913_0_2 3 5 8 5 6 1 2 2 3 2 3 3 1 5 3 2 27 12 13 12 13 13 14 13 13 13 13 13 13 13 13 13 13 13 13 13 13 13 13 13 13 14 13 13 13 13 14 13 13 13 13 13 13 13 13 13 13 13 13 13 13 13 13 13 13 14 13 13 12 13 12
914_0_2 4 4 6 5 8 1 2 2 2 2 4 3 4 1 2 4 27 12 13 14 13 13 13 13 13 13 13 13 13 13 13 13 13 13 13 14 13 13 13 13 13 13 12 13 13 12 13 13 13 13 13 13 14 13 13 13 13 13 13 13 13 13 13 13 13 13 13 13 14 13 12
915_0_2 4 4 6 5 8 1 2 1 2 4 2 2 3 4 2 4 27 12 14 13 13 13 13 13 13 13 13 13 13 13 13 13 13 13 13 13 14 13 13 13 13 12 13 13 13 13 12 13 13 13 13 14 13 13 13 13 13 13 13 13 13 13 13 13 13 13 13 13 13 14 12
916_1_0 4 4 8 5 6 1 2 2 3 1 4 2 2 5 3 2 27 12 13 14 13 13 13 13 13 13 13 14 13 13 13 13 13 13 13 13 13 13 13 13 13 13 12 13 13 12 13 13 13 13 13 13 13 13 13 13 13 13 13 13 14 13 13 13 13 13 13 13 14 13 12
917_1_2 4 4 8 5 6 1 2 2 3 5 2 2 3 3 1 3 27 12 13 13 13 13 13 13 13 13 13 13 13 13 14 13 12 13 13 13 13 13 13 14 13 13 13 13 13 13 13 13 14 13 13 13 13 13 13 12 13 14 13 13 13 13 13 13 13 13 13 13 13 13 12
919_1_0 3 6 7 5 6 1 2 2 3 4 3 1 3 4 1 3 27 12 13 14 13 13 14 13 13 13 13 13 13 13 13 13 13 13 13 13 12 13 13 13 13 13 13 13 13 13 13 13 13 13 13 12 13 13 13 13 13 13 13 13 13 13 13 13 13 14 13 13 14 13 12
921_1_0 3 6 7 5 6 1 1 2 4 1 4 3 2 3 3 3 27 12 13 14 13 12 13 13 13 13 13 13 13 13 13 13 13 13 13 13 13 13 13 13 13 13 14 13 13 14 13 13 13 13 13 13 13 13 13 13 13 13 13 13 13 13 13 13 13 13 12 13 14 13 12
924_0_0 4 5 4 6 8 1 1 2 3 2 3 4 1 4 3 3 27 12 13 13 13 13 13 13 13 13 13 13 13 13 13 13 13 12 13 13 13 14 13 13 14 13 13 13 13 13 13 14 13 13 14 13 13 13 12 13 13 13 13 13 13 13 13 13 13 13 13 13 13 13 12
925_1_0 4 5 4 8 6 1 2 2 4 3 3 1 4 3 1 3 27 12 13 13 14 13 13 13 13 13 13 13 12 13 13 13 13 13 13 13 13 13 13 13 14 13 13 13 13 13 13 14 13 13 13 13 13 13 13 13 13 13 13 12 13 13 13 13 13 13 13 14 13 13 12
927_0_0 3 6 5 7 6 1 1 2 3 3 3 2 4 1 4 3 27 12 14 13 13 13 14 13 13 13 13 13 13 13 13 13 13 13 13 13 13 13 13 13 13 12 13 13 13 13 12 13 13 13 13 13 13 13 13 13 13 13 13 13 13 13 13 13 13 14 13 13 13 14 12
928_0_0 4 4 6 5 8 1 1 2 3 2 3 4 1 4 3 3 27 12 13 13 13 13 13 13 13 13 13 13 13 14 13 13 12 13 13 13 13 14 13 13 13 13 13 13 13 13 13 13 13 13 14 13 13 13 13 12 13 13 14 13 13 13 13 13 13 13 13 13 13 13 12
929_1_0 4 4 8 5 6 0 3 3 2 1 3 2 4 3 3 3 27 12 13 14 13 14 13 13 13 13 13 13 13 13 13 13 13 13 13 13 13 13 13 13 13 12 13 13 13 13 12 13 13 13 13 13 13 13 13 13 13 13 13 13 13 13 13 13 13 13 14 13 14 13 12
930_1_0 4 4 8 5 6 1 2 2 4 3 3 1 4 3 1 3 27 12 13 13 13 13 13 13 13 13 12 13 13 13 13 13 13 13 14 13 14 13 13 13 13 13 13 13 13 13 13 13 13 13 13 14 13 14 13 13 13 13 13 13 13 12 13 13 13 13 13 13 13 13 12
932_0_0 4 4 6 5 8 1 2 2 3 4 2 4 2 1 2 4 27 12 13 14 13 13 13 13 13 13 13 13 13 13 13 14 13 13 13 13 12 13 13 13 13 13 13 13 13 13 13 13 13 13 13 12 13 13 13 13 14 13 13 13 13 13 13 13 13 13 13 13 14 13 12
933_0_0 3 5 7 5 7 0 2 3 2 3 4 2 2 4 2 3 27 12 13 14 13 13 13 13 14 13 13 13 13 13 13 13 13 13 13 13 13 13 13 13 13 13 12 13 13 12 13 13 13 13 13 13 13 13 13 13 13 13 13 13 13 13 13 14 13 13 13 13 14 13 12
934_0_0 4 4 6 5 8 0 2 2 3 3 1 4 3 3 3 3 27 12 13 13 12 13 13 13 13 13 13 13 14 13 13 13 13 13 13 13 13 13 13 13 14 13 13 13 13 13 13 14 13 13 13 13 13 13 13 13 13 13 13 14 13 13 13 13 13 13 13 12 13 13 12
935_0_0 4 4 6 5 8 0 2 2 3 3 1 4 3 3 3 3 27 12 13 13 13 13 13 13 13 14 13 13 13 13 13 13 13 13 13 13 13 13 13 14 13 13 12 13 13 12 13 13 14 13 13 13 13 13 13 13 13 13 13 13 13 13 14 13 13 13 13 13 13 13 12
936_0_0 3 6 5 7 6 0 2 3 2 3 1 4 3 3 3 3 27 12 13 13 13 13 13 13 13 14 13 13 13 13 13 12 13 13 14 13 13 13 13 13 13 13 13 13 13 13 13 13 13 13 13 13 13 14 13 13 12 13 13 13 13 13 14 13 13 13 13 13 13 13 12
937_1_0 4 4 8 5 6 0 2 3 2 3 4 2 2 4 2 3 27 12 13 14 13 13 13 13 13 13 13 13 13 13 13 12 13 13 13 13 13 13 13 13 13 14 13 13 13 13 14 13 13 13 13 13 13 13 13 13 12 13 13 13 13 13 13 13 13 13 13 13 14 13 12
939_0_0 4 4 6 5 8 0 2 4 3 2 3 3 3 3 1 3 27 12 13 14 13 13 13 13 13 13 13 13 13 13 13 13 13 13 13 13 13 14 13 13 13 13 12 13 13 12 13 13 13 13 14 13 13 13 13 13 13 13 13 13 13 13 13 13 13 13 13 13 14 13 12
941_0_0 4 4 6 5 8 1 1 3 2 2 3 3 1 4 3 4 27 12 13 13 13 13 13 13 13 13 13 13 13 13 13 14 13 13 14 13 12 13 13 13 13 13 13 13 13 13 13 13 13 13 13 12 13 14 13 13 14 13 13 13 13 13 13 13 13 13 13 13 13 13 12
942_0_0 4 4 6 5 8 0 3 1 2 3 3 3 2 3 4 3 27 12 13 14 13 12 13 13 13 13 14 13 13 13 13 13 13 13 13 13 13 13 13 13 13 13 13 13 13 13 13 13 13 13 13 13 13 13 13 13 13 13 13 13 13 14 13 13 13 13 12 13 14 13 12
943_0_0 4 5 4 6 8 0 2 2 3 3 4 2 3 1 4 3 27 12 13 12 13 13 14 13 13 13 13 14 13 13 13 13 13 13 13 13 13 13 13 13 13 13 13 13 13 13 13 13 13 13 13 13 13 13 13 13 13 13 13 13 14 13 13 13 13 14 13 13 12 13 12
944_1_0 4 4 8 5 6 1 2 2 4 3 3 1 4 3 1 3 27 12 13 13 13 13 13 13 13 14 13 13 13 13 13 13 13 13 14 13 13 12 13 13 13 13 13 13 13 13 13 13 13 13 12 13 13 14 13 13 13 13 13 13 13 13 14 13 13 13 13 13 13 13 12
946_0_0 3 5 7 5 7 1 1 2 3 2 3 4 1 4 3 3 27 12 13 13 13 13 13 13 13 13 13 13 13 14 13 13 12 13 13 13 13 13 13 14 13 13 13 13 13 13 13 13 14 13 13 13 13 13 13 12 13 13 14 13 13 13 13 13 13 13 13 13 13 13 12
948_0_0 3 5 7 5 7 1 2 2 4 3 3 1 4 3 1 3 27 12 13 13 13 13 13 13 13 13 13 13 13 14 13 13 13 13 14 13 13 12 13 13 13 13 13 13 13 13 13 13 13 13 12 13 13 14 13 13 13 13 14 13 13 13 13 13 13 13 13 13 13 13 12
949_0_0 3 6 5 7 6 0 3 1 2 4 3 3 2 3 3 3 27 12 14 13 13 13 13 13 13 14 13 13 13 13 13 12 13 13 13 13 13 13 13 13 13 13 13 13 13 13 13 13 13 13 13 13 13 13 13 13 12 13 13 13 13 13 14 13 13 13 13 13 13 14 12
950_0_4 4 5 4 6 8 0 3 3 3 3 4 1 2 3 2 3 27 12 13 13 13 13 14 13 13 14 13 13 13 13 13 13 13 13 13 13 13 13 13 12 13 13 13 13 13 13 13 13 12 13 13 13 13 13 13 13 13 13 13 13 13 13 14 13 13 14 13 13 13 13 12
950_1_4 4 5 4 8 6 0 3 3 3 3 4 1 2 3 2 3 27 12 13 13 13 13 14 13 13 14 13 13 13 13 13 13 13 13 13 13 13 13 13 12 13 13 13 13 13 13 13 13 12 13 13 13 13 13 13 13 13 13 13 13 13 13 14 13 13 14 13 13 13 13 12
951_1_0 4 5 4 8 6 1 2 2 4 3 3 1 4 3 1 3 27 12 13 13 13 13 13 13 13 14 13 13 13 13 13 13 13 13 13 13 13 13 13 12 13 13 14 13 13 14 13 13 12 13 13 13 13 13 13 13 13 13 13 13 13 13 14 13 13 13 13 13 13 13 12
952_1_0 4 4 8 5 6 0 2 3 2 3 4 2 2 4 2 3 27 12 13 13 12 13 13 13 14 13 13 13 13 13 13 13 13 13 13 14 13 13 13 13 13 13 13 13 13 13 13 13 13 13 13 13 14 13 13 13 13 13 13 13 13 13 13 14 13 13 13 12 13 13 12
953_1_0 4 4 8 5 6 1 1 3 2 3 4 3 1 4 2 3 27 12 13 14 13 13 13 13 13 14 13 13 13 13 13 13 13 13 13 13 13 13 13 13 13 13 12 13 13 12 13 13 13 13 13 13 13 13 13 13 13 13 13 13 13 13 14 13 13 13 13 13 14 13 12
955_0_0 4 4 6 5 8 1 2 2 3 3 4 2 1 5 2 2 27 12 13 13 13 13 13 14 13 13 13 14 13 13 13 13 13 13 13 13 13 13 13 13 12 13 13 13 13 13 13 12 13 13 13 13 13 13 13 13 13 13 13 13 14 13 13 13 14 13 13 13 13 13 12
957_0_0 4 5 4 6 8 1 2 2 3 4 2 4 2 1 2 4 27 12 13 13 13 13 13 13 13 13 13 13 13 12 13 13 13 13 13 14 13 13 13 13 13 13 14 13 13 14 13 13 13 13 13 13 14 13 13 13 13 13 12 13 13 13 13 13 13 13 13 13 13 13 12
958_0_0 4 4 6 5 8 0 2 2 3 3 1 3 3 3 3 4 27 12 13 13 13 14 13 13 13 13 13 13 13 13 13 13 13 14 13 13 13 13 13 13 13 12 13 13 13 13 12 13 13 13 13 13 13 13 14 13 13 13 13 13 13 13 13 13 13 13 14 13 13 13 12
960_0_0 3 5 7 5 7 0 2 3 3 3 4 2 2 2 2 4 27 12 13 14 13 13 13 13 13 13 13 13 13 13 13 13 13 14 13 13 13 13 13 13 13 13 12 13 13 12 13 13 13 13 13 13 13 13 14 13 13 13 13 13 13 13 13 13 13 13 13 13 14 13 12
961_0_0 4 4 6 5 8 0 2 4 3 2 3 3 3 3 1 3 27 12 13 13 12 13 13 13 14 13 13 13 13 13 13 13 13 13 13 13 13 14 13 13 13 13 13 13 13 13 13 13 13 13 14 13 13 13 13 13 13 13 13 13 13 13 13 14 13 13 13 12 13 13 12
963_0_0 3 5 8 5 6 1 1 3 2 3 4 3 1 4 2 3 27 12 13 13 13 13 13 12 13 13 13 13 13 13 14 13 13 13 13 13 14 13 13 13 13 13 13 13 13 13 13 13 13 13 13 14 13 13 13 13 13 14 13 13 13 13 13 13 12 13 13 13 13 13 12
964_0_0 3 6 5 7 6 1 2 2 3 4 2 4 2 1 2 4 27 12 13 13 13 13 13 14 13 13 13 13 13 13 14 13 13 13 13 13 12 13 13 13 13 13 13 13 13 13 13 13 13 13 13 12 13 13 13 13 13 14 13 13 13 13 13 13 14 13 13 13 13 13 12
965_0_0 3 6 5 7 6 1 1 2 4 1 3 3 2 4 3 3 27 12 13 13 13 13 14 13 13 13 13 13 14 13 13 12 13 13 13 13 13 13 13 13 13 13 13 13 13 13 13 13 13 13 13 13 13 13 13 13 12 13 13 14 13 13 13 13 13 14 13 13 13 13 12
967_0_0 4 4 6 5 8 1 1 2 4 1 3 3 2 4 3 3 27 12 13 13 13 13 14 13 13 13 13 13 14 13 13 13 13 13 13 13 13 13 13 13 13 13 12 13 13 12 13 13 13 13 13 13 13 13 13 13 13 13 13 14 13 13 13 13 13 14 13 13 13 13 12
969_0_0 3 6 5 7 6 1 1 2 3 1 4 2 3 3 3 4 27 12 14 13 13 12 13 13 13 13 13 13 13 13 13 13 13 13 13 13 13 13 13 13 14 13 13 13 13 13 13 14 13 13 13 13 13 13 13 13 13 13 13 13 13 13 13 13 13 13 12 13 13 14 12
970_0_0 3 6 5 7 6 1 1 2 3 2 2 2 3 4 2 5 27 12 14 13 13 13 13 13 13 13 13 14 13 13 13 13 13 13 13 13 13 13 13 13 13 12 13 13 13 13 12 13 13 13 13 13 13 13 13 13 13 13 13 13 14 13 13 13 13 13 13 13 13 14 12
972_0_0 3 6 5 7 6 0 2 3 3 2 4 2 2 4 2 3 27 12 14 13 13 13 13 13 13 13 12 13 13 13 13 13 14 13 13 13 13 13 13 13 13 13 13 13 13 13 13 13 13 13 13 13 13 13 13 14 13 13 13 13 13 12 13 13 13 13 13 13 13 14 12
972_1_0 3 6 7 5 6 0 2 3 3 2 4 2 2 4 2 3 27 12 14 13 13 13 13 13 13 13 12 13 13 13 13 13 14 13 13 13 13 13 13 13 13 13 13 13 13 13 13 13 13 13 13 13 13 13 13 14 13 13 13 13 13 12 13 13 13 13 13 13 13 14 12
973_0_0 3 5 8 5 6 1 1 2 4 3 3 2 3 3 1 4 27 12 13 13 13 13 13 13 13 13 13 13 13 12 13 13 13 13 13 13 14 13 13 13 13 13 14 13 13 14 13 13 13 13 13 14 13 13 13 13 13 13 12 13 13 13 13 13 13 13 13 13 13 13 12
974_1_0 4 5 4 8 6 0 3 3 2 1 3 2 4 3 3 3 27 12 13 12 13 13 14 13 13 13 13 13 13 13 14 13 13 13 13 13 13 13 13 13 13 13 13 13 13 13 13 13 13 13 13 13 13 13 13 13 13 14 13 13 13 13 13 13 13 14 13 13 12 13 12
975_1_0 4 5 4 8 6 0 2 3 2 3 4 2 2 4 2 3 27 12 13 13 13 13 13 12 13 13 13 13 13 13 14 13 13 13 13 14 13 13 13 13 13 13 13 13 13 13 13 13 13 13 13 13 14 13 13 13 13 14 13 13 13 13 13 13 12 13 13 13 13 13 12
976_1_0 4 4 8 5 6 0 3 3 2 2 1 3 3 3 3 4 27 12 13 13 13 13 13 13 14 13 13 13 13 13 13 13 14 13 13 13 13 12 13 13 13 13 13 13 13 13 13 13 13 13 12 13 13 13 13 14 13 13 13 13 13 13 13 14 13 13 13 13 13 13 12
977_1_0 4 4 8 5 6 0 3 3 2 1 3 2 4 3 3 3 27 12 13 13 13 14 13 13 14 13 13 13 13 13 13 13 13 13 13 13 13 13 13 13 13 12 13 13 13 13 12 13 13 13 13 13 13 13 13 13 13 13 13 13 13 13 13 14 13 13 14 13 13 13 12
979_0_0 4 4 7 5 7 0 2 3 4 2 3 2 4 2 2 3 27 12 14 13 13 13 13 13 13 13 13 13 13 13 13 13 13 13 14 13 13 13 13 13 13 12 13 13 13 13 12 13 13 13 13 13 13 14 13 13 13 13 13 13 13 13 13 13 13 13 13 13 13 14 12
979_2_0 4 8 5 5 5 0 2 3 4 2 3 2 4 2 2 3 27 12 14 13 13 13 13 13 13 13 13 13 13 13 13 13 13 13 14 13 13 13 13 13 13 12 13 13 13 13 12 13 13 13 13 13 13 14 13 13 13 13 13 13 13 13 13 13 13 13 13 13 13 14 12
981_0_0 3 5 8 5 6 0 2 3 2 3 4 2 2 4 2 3 27 12 13 13 13 13 13 12 13 13 13 13 13 13 14 13 13 13 13 13 13 13 13 13 13 14 13 13 13 13 14 13 13 13 13 13 13 13 13 13 13 14 13 13 13 13 13 13 12 13 13 13 13 13 12
982_0_0 3 6 5 7 6 0 2 3 2 3 1 4 3 3 3 3 27 12 13 13 13 13 13 13 13 13 13 13 13 14 13 12 13 13 13 13 13 13 13 13 13 13 14 13 13 14 13 13 13 13 13 13 13 13 13 13 12 13 14 13 13 13 13 13 13 13 13 13 13 13 12
983_1_0 3 6 5 8 5 1 1 3 2 2 3 3 1 4 3 4 27 12 13 13 13 13 13 13 13 13 13 13 13 12 13 14 13 13 13 13 13 13 13 13 13 13 14 13 13 14 13 13 13 13 13 13 13 13 13 13 14 13 12 13 13 13 13 13 13 13 13 13 13 13 12
984_1_0 3 6 7 5 6 1 2 2 2 3 2 4 1 4 4 2 27 12 13 13 13 12 13 13 13 13 13 13 13 14 13 13 13 13 13 13 13 13 13 13 13 13 14 13 13 14 13 13 13 13 13 13 13 13 13 13 13 13 14 13 13 13 13 13 13 13 12 13 13 13 12
986_0_0 3 6 5 7 6 0 2 3 4 2 3 2 4 2 2 3 27 12 13 13 13 13 13 13 13 14 13 13 13 13 13 13 13 13 14 13 13 13 13 13 13 12 13 13 13 13 12 13 13 13 13 13 13 14 13 13 13 13 13 13 13 13 14 13 13 13 13 13 13 13 12
987_0_0 4 4 6 5 8 0 2 3 2 2 3 2 2 4 3 4 27 12 13 13 13 13 14 13 13 12 13 13 13 13 13 13 13 13 14 13 13 13 13 13 13 13 13 13 13 13 13 13 13 13 13 13 13 14 13 13 13 13 13 13 13 13 12 13 13 14 13 13 13 13 12
987_1_0 4 4 8 5 6 0 2 3 2 2 3 2 2 4 3 4 27 12 13 13 13 13 14 13 13 12 13 13 13 13 13 13 13 13 14 13 13 13 13 13 13 13 13 13 13 13 13 13 13 13 13 13 13 14 13 13 13 13 13 13 13 13 12 13 13 14 13 13 13 13 12
988_0_0 3 6 5 7 6 1 1 2 4 3 3 2 3 3 1 4 27 12 13 13 13 13 13 14 13 13 13 13 13 13 14 13 13 13 13 13 13 13 13 13 13 12 13 13 13 13 12 13 13 13 13 13 13 13 13 13 13 14 13 13 13 13 13 13 14 13 13 13 13 13 12
990_0_0 3 6 6 6 6 1 2 1 3 2 3 4 1 3 4 3 27 13 13 13 13 12 13 13 13 13 13 13 13 13 13 13 13 14 13 14 12 13 13 13 13 13 13 13 13 13 13 13 13 13 13 12 14 13 14 13 13 13 13 13 13 13 13 13 13 13 12 13 13 13 13
991_0_6 3 5 8 5 6 1 2 5 3 2 2 3 2 3 1 3 27 12 13 13 13 14 13 13 13 13 13 13 13 12 13 13 13 13 13 13 13 13 13 13 13 13 14 13 13 14 13 13 13 13 13 13 13 13 13 13 13 13 12 13 13 13 13 13 13 13 14 13 13 13 12
991_1_6 3 6 5 8 5 1 2 5 3 2 2 3 2 3 1 3 27 12 13 13 13 14 13 13 13 13 13 13 13 12 13 13 13 13 13 13 13 13 13 13 13 13 14 13 13 14 13 13 13 13 13 13 13 13 13 13 13 13 12 13 13 13 13 13 13 13 14 13 13 13 12
993_1_0 4 4 8 5 6 0 1 3 3 3 2 3 3 3 2 4 27 12 13 13 13 13 13 13 13 13 13 13 14 13 13 14 13 13 13 13 12 13 13 13 13 13 13 13 13 13 13 13 13 13 13 12 13 13 13 13 14 13 13 14 13 13 13 13 13 13 13 13 13 13 12
994_1_2 4 4 8 5 6 1 3 2 2 2 3 1 3 2 5 3 27 12 13 13 13 13 13 14 13 13 12 13 13 13 13 13 13 13 13 13 14 13 13 13 13 13 13 13 13 13 13 13 13 13 13 14 13 13 13 13 13 13 13 13 13 12 13 13 14 13 13 13 13 13 12
996_0_2 3 6 5 7 6 1 2 1 2 4 2 2 3 4 2 4 27 12 14 13 13 13 13 13 13 14 13 13 13 13 13 13 13 13 13 13 13 13 13 13 13 12 13 13 13 13 12 13 13 13 13 13 13 13 13 13 13 13 13 13 13 13 14 13 13 13 13 13 13 14 12
997_1_0 4 5 4 8 6 0 2 2 3 3 1 3 3 3 3 4 27 12 13 12 13 13 14 13 13 13 13 13 13 13 13 13 14 13 13 13 13 13 13 13 13 13 13 13 13 13 13 13 13 13 13 13 13 13 13 14 13 13 13 13 13 13 13 13 13 14 13 13 12 13 12
999_0_2 3 6 6 6 6 1 2 2 3 5 2 2 3 3 1 3 27 13 13 13 13 12 13 13 13 13 13 13 13 13 13 12 13 13 14 14 13 13 13 13 13 13 13 13 13 13 13 13 13 13 13 13 14 14 13 13 12 13 13 13 13 13 13 13 13 13 12 13 13 13 13
1000_1_2 4 4 8 5 6 1 2 2 2 2 4 3 4 1 2 4 27 12 13 13 12 13 13 13 14 13 13 13 13 13 14 13 13 13 13 13 13 13 13 13 13 13 13 13 13 13 13 13 13 13 13 13 13 13 13 13 13 14 13 13 13 13 13 14 13 13 13 12 13 13 12
1001_1_2 4 4 8 5 6 1 2 1 3 4 2 3 3 2 2 4 27 12 13 13 13 13 13 13 14 13 13 12 13 13 13 13 14 13 13 13 13 13 13 13 13 13 13 13 13 13 13 13 13 13 13 13 13 13 13 14 13 13 13 13 12 13 13 14 13 13 13 13 13 13 12
1002_1_2 3 6 7 5 6 1 1 2 3 2 3 2 3 3 2 5 27 12 13 13 13 13 13 13 13 13 12 13 13 13 13 13 13 14 13 14 13 13 13 13 13 13 13 13 13 13 13 13 13 13 13 13 14 13 14 13 13 13 13 13 13 12 13 13 13 13 13 13 13 13 12
1003_1_2 4 5 4 8 6 1 2 2 3 2 3 3 1 5 3 2 27 12 13 12 13 13 14 13 13 13 13 13 13 13 13 13 13 13 13 14 13 13 13 13 13 13 13 13 13 13 13 13 13 13 13 13 14 13 13 13 13 13 13 13 13 13 13 13 13 14 13 13 12 13 12
1005_1_0 4 5 5 5 8 1 1 2 4 3 3 2 3 3 1 4 27 12 14 13 13 13 13 14 13 13 13 13 13 13 13 13 13 13 13 13 12 13 13 13 13 13 13 13 13 13 13 13 13 13 13 12 13 13 13 13 13 13 13 13 13 13 13 13 14 13 13 13 13 14 12
1006_1_0 3 6 7 5 6 0 3 3 2 1 3 2 4 3 3 3 27 12 14 13 13 13 14 13 13 13 13 13 13 13 13 13 13 13 13 13 12 13 13 13 13 13 13 13 13 13 13 13 13 13 13 12 13 13 13 13 13 13 13 13 13 13 13 13 13 14 13 13 13 14 12
1007_1_0 4 5 5 5 8 1 1 2 3 3 3 2 4 1 4 3 27 12 14 13 13 13 13 13 13 13 13 13 13 13 13 13 13 14 13 13 13 13 13 13 13 12 13 13 13 13 12 13 13 13 13 13 13 13 14 13 13 13 13 13 13 13 13 13 13 13 13 13 13 14 12
1008_0_0 3 6 5 7 6 0 2 3 2 3 1 4 3 3 3 3 27 12 13 13 13 13 13 14 13 13 13 13 13 13 13 12 13 13 13 13 13 13 13 13 14 13 13 13 13 13 13 14 13 13 13 13 13 13 13 13 12 13 13 13 13 13 13 13 14 13 13 13 13 13 12
1010_0_0 4 4 7 5 7 0 2 3 2 3 1 4 3 3 3 3 27 12 14 13 13 13 13 13 14 13 13 13 13 13 13 13 13 13 13 13 13 13 13 13 13 12 13 13 13 13 12 13 13 13 13 13 13 13 13 13 13 13 13 13 13 13 13 14 13 13 13 13 13 14 12
1011_0_2 4 4 7 5 7 0 3 2 3 2 1 4 3 3 3 3 27 12 14 13 13 13 13 13 13 13 12 13 13 13 13 13 13 14 13 13 13 13 13 13 13 13 13 13 13 13 13 13 13 13 13 13 13 13 14 13 13 13 13 13 13 12 13 13 13 13 13 13 13 14 12
1011_1_2 4 5 5 5 8 0 3 2 3 2 1 4 3 3 3 3 27 12 14 13 13 13 13 13 13 13 12 13 13 13 13 13 13 14 13 13 13 13 13 13 13 13 13 13 13 13 13 13 13 13 13 13 13 13 14 13 13 13 13 13 13 12 13 13 13 13 13 13 13 14 12
1011_2_2 4 8 5 5 5 0 3 2 3 2 1 4 3 3 3 3 27 12 14 13 13 13 13 13 13 13 12 13 13 13 13 13 13 14 13 13 13 13 13 13 13 13 13 13 13 13 13 13 13 13 13 13 13 13 14 13 13 13 13 13 13 12 13 13 13 13 13 13 13 14 12
1012_1_0 4 4 8 5 6 0 1 3 3 3 2 3 3 3 2 4 27 12 13 13 13 13 13 14 13 13 13 13 13 13 13 13 13 13 13 13 13 14 13 13 12 13 13 13 13 13 13 12 13 13 14 13 13 13 13 13 13 13 13 13 13 13 13 13 14 13 13 13 13 13 12
1014_1_0 4 5 5 5 8 0 1 4 2 3 3 3 2 4 2 3 27 12 14 13 13 13 13 13 13 13 13 13 13 13 13 12 13 13 13 13 13 13 14 13 13 13 13 13 13 13 13 13 13 14 13 13 13 13 13 13 12 13 13 13 13 13 13 13 13 13 13 13 13 14 12
1015_1_0 3 6 7 5 6 0 3 2 2 2 3 2 3 3 4 3 27 13 13 13 13 12 13 13 13 13 13 12 13 13 13 13 13 13 14 14 13 13 13 13 13 13 13 13 13 13 13 13 13 13 13 13 14 14 13 13 13 13 13 13 12 13 13 13 13 13 12 13 13 13 13
1017_0_0 4 4 6 5 8 1 2 2 2 2 3 2 3 2 5 3 27 13 13 13 13 12 13 13 13 13 14 12 13 13 13 13 13 13 14 13 13 13 13 13 13 13 13 13 13 13 13 13 13 13 13 13 13 14 13 13 13 13 13 13 12 14 13 13 13 13 12 13 13 13 13
1019_0_0 4 4 6 5 8 1 1 2 4 3 3 2 3 3 1 4 27 12 13 13 13 13 13 14 13 14 13 13 13 13 13 13 13 13 13 13 13 13 13 13 12 13 13 13 13 13 13 12 13 13 13 13 13 13 13 13 13 13 13 13 13 13 14 13 14 13 13 13 13 13 12
1020_1_0 4 4 8 5 6 1 2 2 2 3 2 4 1 4 4 2 27 12 14 13 13 12 13 13 13 13 13 13 13 13 13 14 13 13 13 13 13 13 13 13 13 13 13 13 13 13 13 13 13 13 13 13 13 13 13 13 14 13 13 13 13 13 13 13 13 13 12 13 13 14 12
1022_0_0 3 5 7 5 7 1 2 2 4 3 3 1 4 3 1 3 27 12 13 13 13 13 13 14 13 13 13 13 13 14 13 13 13 13 13 13 13 12 13 13 13 13 13 13 13 13 13 13 13 13 12 13 13 13 13 13 13 13 14 13 13 13 13 13 14 13 13 13 13 13 12
1023_0_0 4 4 6 5 8 0 2 3 3 2 4 2 2 4 2 3 27 12 13 13 13 13 13 13 13 13 13 13 13 14 13 13 14 13 13 13 13 12 13 13 13 13 13 13 13 13 13 13 13 13 12 13 13 13 13 14 13 13 14 13 13 13 13 13 13 13 13 13 13 13 12
1023_1_0 4 4 8 5 6 0 2 3 3 2 4 2 2 4 2 3 27 12 13 13 13 13 13 13 13 13 13 13 13 14 13 13 14 13 13 13 13 12 13 13 13 13 13 13 13 13 13 13 13 13 12 13 13 13 13 14 13 13 14 13 13 13 13 13 13 13 13 13 13 13 12
1024_0_0 4 4 6 5 8 0 2 3 4 2 3 2 4 2 2 3 27 12 13 13 13 13 13 13 13 13 13 13 13 14 13 13 13 13 13 12 13 13 13 13 13 13 14 13 13 14 13 13 13 13 13 13 12 13 13 13 13 13 14 13 13 13 13 13 13 13 13 13 13 13 12
1025_0_0 4 4 6 5 8 1 2 3 4 2 4 2 1 3 2 3 27 12 14 13 13 13 13 13 13 13 13 13 13 13 13 13 13 14 13 13 13 13 12 13 13 13 13 13 13 13 13 13 13 12 13 13 13 13 14 13 13 13 13 13 13 13 13 13 13 13 13 13 13 14 12
1026_1_0 3 7 5 7 5 0 3 3 2 1 3 2 4 3 3 3 27 12 13 14 13 13 13 13 13 13 13 13 13 13 13 13 13 14 13 12 13 13 13 13 13 13 13 13 13 13 13 13 13 13 13 13 12 13 14 13 13 13 13 13 13 13 13 13 13 13 13 13 14 13 12
1027_1_0 4 4 8 5 6 1 1 3 2 2 3 3 1 4 3 4 27 12 13 13 14 13 13 13 13 12 13 13 13 13 13 13 13 13 14 13 13 13 13 13 13 13 13 13 13 13 13 13 13 13 13 13 13 14 13 13 13 13 13 13 13 13 12 13 13 13 13 14 13 13 12
1028_1_0 4 4 8 5 6 1 1 2 3 1 4 2 3 3 3 4 27 12 14 13 13 12 13 13 13 13 13 13 13 13 13 13 13 13 13 13 14 13 13 13 13 13 13 13 13 13 13 13 13 13 13 14 13 13 13 13 13 13 13 13 13 13 13 13 13 13 12 13 13 14 12
1029_1_0 3 6 5 8 5 1 1 2 3 3 3 2 4 1 4 3 27 12 13 12 13 13 14 13 13 13 13 13 13 13 13 13 13 13 13 13 14 13 13 13 13 13 13 13 13 13 13 13 13 13 13 14 13 13 13 13 13 13 13 13 13 13 13 13 13 14 13 13 12 13 12
1031_0_0 4 4 6 5 8 0 2 2 3 3 1 4 3 3 3 3 27 12 13 13 12 13 13 13 13 13 13 13 13 14 13 13 13 13 13 13 13 14 13 13 13 13 13 13 13 13 13 13 13 13 14 13 13 13 13 13 13 13 14 13 13 13 13 13 13 13 13 12 13 13 12
1032_0_0 4 4 6 5 8 1 2 2 3 4 3 1 3 4 1 3 27 12 13 13 13 13 13 13 13 13 13 13 13 13 13 13 13 14 13 14 13 13 13 13 12 13 13 13 13 13 13 12 13 13 13 13 14 13 14 13 13 13 13 13 13 13 13 13 13 13 13 13 13 13 12
1033_1_0 4 4 8 5 6 0 2 3 2 3 4 2 2 4 2 3 27 12 13 14 13 13 13 13 13 13 13 13 13 13 14 13 13 13 13 13 13 13 13 13 13 13 12 13 13 12 13 13 13 13 13 13 13 13 13 13 13 14 13 13 13 13 13 13 13 13 13 13 14 13 12
1035_0_0 4 4 6 5 8 0 3 1 2 3 3 3 2 3 4 3 27 12 13 13 13 12 13 13 14 13 14 13 13 13 13 13 13 13 13 13 13 13 13 13 13 13 13 13 13 13 13 13 13 13 13 13 13 13 13 13 13 13 13 13 13 14 13 14 13 13 12 13 13 13 12
1036_0_0 4 4 6 5 8 1 2 2 3 2 2 2 5 2 3 3 27 12 14 13 13 13 13 13 13 13 13 12 13 13 13 13 13 13 13 14 13 13 13 13 13 13 13 13 13 13 13 13 13 13 13 13 14 13 13 13 13 13 13 13 12 13 13 13 13 13 13 13 13 14 12
1037_1_0 4 5 4 8 6 0 3 3 2 1 3 2 4 3 3 3 27 12 13 13 13 13 13 13 12 13 13 13 13 13 14 13 14 13 13 13 13 13 13 13 13 13 13 13 13 13 13 13 13 13 13 13 13 13 13 14 13 14 13 13 13 13 13 12 13 13 13 13 13 13 12
1038_1_0 4 5 4 8 6 0 2 3 3 3 4 2 2 2 2 4 27 12 13 13 13 13 13 12 13 13 13 13 13 13 14 13 14 13 13 13 13 13 13 13 13 13 13 13 13 13 13 13 13 13 13 13 13 13 13 14 13 14 13 13 13 13 13 13 12 13 13 13 13 13 12
1039_1_0 4 4 8 5 6 0 3 1 2 3 3 3 2 3 4 3 27 12 13 13 13 13 13 13 13 13 13 13 13 13 13 13 12 13 13 14 13 13 13 14 13 13 13 13 13 13 13 13 14 13 13 13 14 13 13 12 13 13 13 13 13 13 13 13 13 13 13 13 13 13 12
1040_1_0 4 5 5 5 8 1 2 2 2 3 2 4 1 4 4 2 27 12 14 13 13 12 13 13 13 13 13 13 13 13 13 13 13 13 14 13 13 13 13 13 13 13 13 13 13 13 13 13 13 13 13 13 13 14 13 13 13 13 13 13 13 13 13 13 13 13 12 13 13 14 12
1041_0_0 4 4 6 5 8 0 3 2 3 4 3 3 1 2 3 3 27 12 13 13 13 14 13 13 13 13 13 13 14 13 13 13 13 13 13 13 13 13 13 13 13 12 13 13 13 13 12 13 13 13 13 13 13 13 13 13 13 13 13 14 13 13 13 13 13 13 14 13 13 13 12
1042_0_4 4 4 6 5 8 1 1 3 2 3 4 2 3 1 4 3 27 12 13 13 13 13 13 13 13 12 13 13 13 13 13 13 14 13 14 13 13 13 13 13 13 13 13 13 13 13 13 13 13 13 13 13 13 14 13 14 13 13 13 13 13 13 12 13 13 13 13 13 13 13 12
1042_1_4 4 4 8 5 6 1 1 3 2 3 4 2 3 1 4 3 27 12 13 13 13 13 13 13 13 12 13 13 13 13 13 13 14 13 14 13 13 13 13 13 13 13 13 13 13 13 13 13 13 13 13 13 13 14 13 14 13 13 13 13 13 13 12 13 13 13 13 13 13 13 12
1043_1_0 4 4 8 5 6 1 2 2 2 3 2 4 1 4 4 2 27 12 13 13 13 13 13 14 13 13 13 13 13 13 13 13 12 13 13 13 13 13 13 13 14 13 13 13 13 13 13 14 13 13 13 13 13 13 13 12 13 13 13 13 13 13 13 13 14 13 13 13 13 13 12
1044_1_0 4 4 8 5 6 1 1 3 2 3 4 3 1 4 2 3 27 12 13 14 13 13 13 13 13 13 13 13 13 13 13 13 13 13 13 13 13 13 13 13 14 13 12 13 13 12 13 14 13 13 13 13 13 13 13 13 13 13 13 13 13 13 13 13 13 13 13 13 14 13 12
1045_1_0 4 4 8 5 6 1 1 2 3 3 3 2 4 1 4 3 27 12 13 13 13 14 13 13 13 13 13 13 13 14 13 13 13 13 13 13 13 13 13 13 13 12 13 13 13 13 12 13 13 13 13 13 13 13 13 13 13 13 14 13 13 13 13 13 13 13 14 13 13 13 12
1046_0_4 3 6 5 7 6 1 1 2 2 3 2 3 3 3 2 5 27 12 14 13 13 12 13 13 13 13 13 13 13 13 14 13 13 13 13 13 13 13 13 13 13 13 13 13 13 13 13 13 13 13 13 13 13 13 13 13 13 14 13 13 13 13 13 13 13 13 12 13 13 14 12
1046_1_4 3 6 7 5 6 1 1 2 2 3 2 3 3 3 2 5 27 12 14 13 13 12 13 13 13 13 13 13 13 13 14 13 13 13 13 13 13 13 13 13 13 13 13 13 13 13 13 13 13 13 13 13 13 13 13 13 13 14 13 13 13 13 13 13 13 13 12 13 13 14 12
1048_0_0 4 4 6 5 8 1 2 3 4 2 4 2 1 3 2 3 27 12 14 13 13 13 14 13 13 13 13 12 13 13 13 13 13 13 13 13 13 13 13 13 13 13 13 13 13 13 13 13 13 13 13 13 13 13 13 13 13 13 13 13 12 13 13 13 13 14 13 13 13 14 12
1049_1_0 4 5 5 5 8 1 2 2 4 3 3 1 4 3 1 3 27 12 14 13 13 13 13 13 13 13 12 13 13 13 13 13 13 13 14 13 13 13 13 13 13 13 13 13 13 13 13 13 13 13 13 13 13 14 13 13 13 13 13 13 13 12 13 13 13 13 13 13 13 14 12
1050_0_0 3 6 5 7 6 0 3 3 2 1 3 2 4 3 3 3 27 12 13 13 13 13 13 13 13 13 12 13 13 13 13 13 14 13 13 13 13 13 13 14 13 13 13 13 13 13 13 13 14 13 13 13 13 13 13 14 13 13 13 13 13 12 13 13 13 13 13 13 13 13 12
1051_0_0 3 5 6 6 7 0 3 2 2 2 3 2 3 3 4 3 27 13 13 13 13 12 13 13 13 13 13 13 13 13 13 13 13 13 14 14 13 13 12 13 13 13 13 13 13 13 13 13 13 12 13 13 14 14 13 13 13 13 13 13 13 13 13 13 13 13 12 13 13 13 13
1052_0_0 4 4 6 5 8 0 2 3 3 2 3 2 4 2 3 3 27 12 13 14 13 13 14 13 13 13 13 12 13 13 13 13 13 13 13 13 13 13 13 13 13 13 13 13 13 13 13 13 13 13 13 13 13 13 13 13 13 13 13 13 12 13 13 13 13 14 13 13 14 13 12
1053_0_0 4 4 6 5 8 0 2 3 2 3 1 4 3 3 3 3 27 12 13 13 12 13 13 13 13 13 13 13 13 14 13 13 13 13 13 13 13 13 13 13 13 13 14 13 13 14 13 13 13 13 13 13 13 13 13 13 13 13 14 13 13 13 13 13 13 13 13 12 13 13 12
1054_0_4 4 5 4 6 8 1 1 3 2 3 4 2 3 1 4 3 27 12 13 13 13 13 14 13 13 13 13 13 13 12 13 13 13 13 13 13 13 13 13 13 13 13 14 13 13 14 13 13 13 13 13 13 13 13 13 13 13 13 12 13 13 13 13 13 13 14 13 13 13 13 12
1054_1_4 4 5 4 8 6 1 1 3 2 3 4 2 3 1 4 3 27 12 13 13 13 13 14 13 13 13 13 13 13 12 13 13 13 13 13 13 13 13 13 13 13 13 14 13 13 14 13 13 13 13 13 13 13 13 13 13 13 13 12 13 13 13 13 13 13 14 13 13 13 13 12
1055_1_0 3 6 7 5 6 0 3 3 2 1 3 2 4 3 3 3 27 12 13 13 13 13 13 13 13 13 13 13 13 13 13 13 13 14 13 14 13 13 13 13 13 12 13 13 13 13 12 13 13 13 13 13 14 13 14 13 13 13 13 13 13 13 13 13 13 13 13 13 13 13 12
1057_0_0 4 4 7 5 7 0 2 2 3 3 1 4 3 3 3 3 27 12 14 13 13 13 13 13 13 13 13 13 13 13 13 12 13 13 13 13 13 13 13 14 13 13 13 13 13 13 13 13 14 13 13 13 13 13 13 13 12 13 13 13 13 13 13 13 13 13 13 13 13 14 12
1057_2_0 4 8 5 5 5 0 2 2 3 3 1 4 3 3 3 3 27 12 14 13 13 13 13 13 13 13 13 13 13 13 13 12 13 13 13 13 13 13 13 14 13 13 13 13 13 13 13 13 14 13 13 13 13 13 13 13 12 13 13 13 13 13 13 13 13 13 13 13 13 14 12
1058_2_0 4 8 5 5 5 0 2 3 2 3 1 4 3 3 3 3 27 12 14 13 13 12 13 13 13 13 13 13 13 13 13 13 13 14 13 13 13 13 13 13 13 13 13 13 13 13 13 13 13 13 13 13 13 13 14 13 13 13 13 13 13 13 13 13 13 13 12 13 13 14 12
1059_1_2 4 5 5 5 8 1 2 2 3 2 4 2 2 5 2 2 27 12 14 13 13 13 13 13 14 13 13 13 13 13 13 12 13 13 13 13 13 13 13 13 13 13 13 13 13 13 13 13 13 13 13 13 13 13 13 13 12 13 13 13 13 13 13 14 13 13 13 13 13 14 12
1060_1_0 4 5 4 8 6 1 1 2 3 2 3 4 1 4 3 3 27 12 13 13 13 13 13 13 13 14 13 13 13 13 13 13 13 12 13 13 13 14 13 13 13 13 13 13 13 13 13 13 13 13 14 13 13 13 12 13 13 13 13 13 13 13 14 13 13 13 13 13 13 13 12
1062_0_0 4 4 6 5 8 0 2 3 3 3 4 2 2 2 2 4 27 12 13 13 12 13 13 13 13 13 13 13 13 13 13 13 13 14 13 14 13 13 13 13 13 13 13 13 13 13 13 13 13 13 13 13 14 13 14 13 13 13 13 13 13 13 13 13 13 13 13 12 13 13 12
1063_0_0 3 6 5 7 6 0 2 3 2 3 1 4 3 3 3 3 27 12 14 13 13 12 13 13 13 13 13 13 13 13 13 13 14 13 13 13 13 13 13 13 13 13 13 13 13 13 13 13 13 13 13 13 13 13 13 14 13 13 13 13 13 13 13 13 13 13 12 13 13 14 12
1065_0_0 4 4 7 5 7 0 2 3 2 3 1 4 3 3 3 3 27 12 14 13 13 13 13 13 13 13 13 13 13 14 13 13 13 13 13 13 12 13 13 13 13 13 13 13 13 13 13 13 13 13 13 12 13 13 13 13 13 13 14 13 13 13 13 13 13 13 13 13 13 14 12
1066_1_0 4 5 5 5 8 1 2 1 2 3 2 5 2 2 3 4 27 12 14 13 13 12 13 13 13 13 13 13 13 13 13 13 13 13 13 13 13 13 14 13 13 13 13 13 13 13 13 13 13 14 13 13 13 13 13 13 13 13 13 13 13 13 13 13 13 13 12 13 13 14 12
1068_0_0 4 4 6 5 8 0 2 3 3 2 3 2 4 2 3 3 27 12 13 13 13 13 13 13 13 13 13 12 13 13 13 13 13 14 13 14 13 13 13 13 13 13 13 13 13 13 13 13 13 13 13 13 14 13 14 13 13 13 13 13 12 13 13 13 13 13 13 13 13 13 12
1069_0_0 4 4 7 5 7 0 2 2 3 2 3 2 4 2 4 3 27 12 14 13 13 13 13 13 13 13 13 13 13 14 13 13 13 13 13 13 13 13 13 13 13 12 13 13 13 13 12 13 13 13 13 13 13 13 13 13 13 13 14 13 13 13 13 13 13 13 13 13 13 14 12
1069_2_0 4 8 5 5 5 0 2 2 3 2 3 2 4 2 4 3 27 12 14 13 13 13 13 13 13 13 13 13 13 14 13 13 13 13 13 13 13 13 13 13 13 12 13 13 13 13 12 13 13 13 13 13 13 13 13 13 13 13 14 13 13 13 13 13 13 13 13 13 13 14 12
1071_0_0 4 4 6 5 8 0 2 3 2 3 4 2 2 4 2 3 27 12 13 13 13 13 13 13 14 13 13 13 13 13 13 12 13 13 13 13 13 13 13 13 13 14 13 13 13 13 14 13 13 13 13 13 13 13 13 13 12 13 13 13 13 13 13 14 13 13 13 13 13 13 12
1072_0_0 4 4 6 5 8 0 2 3 2 3 1 4 3 3 3 3 27 12 13 13 13 13 13 13 13 13 12 13 13 13 13 13 13 13 13 13 14 13 13 14 13 13 13 13 13 13 13 13 14 13 13 14 13 13 13 13 13 13 13 13 13 12 13 13 13 13 13 13 13 13 12
1073_2_0 4 8 5 5 5 1 1 2 3 2 3 4 1 4 3 3 27 12 14 13 13 12 13 13 13 13 13 13 13 13 13 13 13 13 13 13 13 13 13 14 13 13 13 13 13 13 13 13 14 13 13 13 13 13 13 13 13 13 13 13 13 13 13 13 13 13 12 13 13 14 12
1075_1_0 4 5 5 5 8 0 2 3 2 3 1 4 3 3 3 3 27 12 14 13 13 13 13 13 13 13 12 13 13 13 13 13 13 13 13 13 13 13 13 14 13 13 13 13 13 13 13 13 14 13 13 13 13 13 13 13 13 13 13 13 13 12 13 13 13 13 13 13 13 14 12
1076_1_0 4 4 8 5 6 0 3 1 2 3 3 3 2 3 4 3 27 12 13 13 13 13 12 13 13 13 13 13 14 13 14 13 13 13 13 13 13 13 13 13 13 13 13 13 13 13 13 13 13 13 13 13 13 13 13 13 13 14 13 14 13 13 13 13 13 12 13 13 13 13 12
1077_1_0 4 5 5 5 8 0 2 3 4 2 3 2 4 2 2 3 27 12 14 13 13 13 13 14 13 13 13 13 13 13 13 13 13 13 13 13 13 13 13 13 13 12 13 13 13 13 12 13 13 13 13 13 13 13 13 13 13 13 13 13 13 13 13 13 14 13 13 13 13 14 12
1078_0_0 4 4 6 5 8 1 1 2 4 3 3 2 3 3 1 4 27 12 13 13 13 13 13 13 13 13 13 13 13 14 13 14 13 13 13 13 12 13 13 13 13 13 13 13 13 13 13 13 13 13 13 12 13 13 13 13 14 13 14 13 13 13 13 13 13 13 13 13 13 13 12
1079_1_0 4 4 8 5 6 0 2 3 3 3 4 2 2 2 2 4 27 12 13 13 13 13 13 13 13 13 13 13 13 13 13 13 13 14 13 14 13 13 13 13 13 13 12 13 13 12 13 13 13 13 13 13 14 13 14 13 13 13 13 13 13 13 13 13 13 13 13 13 13 13 12
1080_1_0 4 5 4 8 6 1 2 2 4 3 3 1 4 3 1 3 27 12 13 13 13 13 13 13 13 13 13 13 12 13 13 13 13 13 13 13 13 13 13 13 14 13 14 13 13 14 13 14 13 13 13 13 13 13 13 13 13 13 13 12 13 13 13 13 13 13 13 13 13 13 12
1081_0_4 3 6 5 7 6 1 1 2 2 3 2 3 3 3 2 5 27 12 14 13 13 12 13 13 13 13 13 13 13 13 13 13 13 13 13 14 13 13 13 13 13 13 13 13 13 13 13 13 13 13 13 13 14 13 13 13 13 13 13 13 13 13 13 13 13 13 12 13 13 14 12
1081_1_4 3 6 7 5 6 1 1 2 2 3 2 3 3 3 2 5 27 12 14 13 13 12 13 13 13 13 13 13 13 13 13 13 13 13 13 14 13 13 13 13 13 13 13 13 13 13 13 13 13 13 13 13 14 13 13 13 13 13 13 13 13 13 13 13 13 13 12 13 13 14 12
1082_1_0 4 5 5 5 8 1 1 2 3 1 4 2 3 3 3 4 27 12 14 13 13 12 13 13 13 13 13 13 13 14 13 13 13 13 13 13 13 13 13 13 13 13 13 13 13 13 13 13 13 13 13 13 13 13 13 13 13 13 14 13 13 13 13 13 13 13 12 13 13 14 12
1083_0_0 3 5 7 5 7 1 1 3 2 2 3 3 1 4 3 4 27 12 13 13 13 13 13 14 13 13 13 13 13 13 13 13 13 13 14 13 13 13 13 13 12 13 13 13 13 13 13 12 13 13 13 13 13 14 13 13 13 13 13 13 13 13 13 13 14 13 13 13 13 13 12
1084_0_0 3 5 7 5 7 1 2 2 3 1 4 2 2 5 3 2 27 12 13 14 13 13 13 13 13 13 13 13 13 13 13 13 13 13 13 13 13 13 14 13 13 13 12 13 13 12 13 13 13 14 13 13 13 13 13 13 13 13 13 13 13 13 13 13 13 13 13 13 14 13 12
1085_1_0 3 6 7 5 6 0 2 2 3 3 1 4 3 3 3 3 27 12 13 13 13 13 13 13 13 14 13 13 13 13 13 12 13 13 13 13 13 13 13 14 13 13 13 13 13 13 13 13 14 13 13 13 13 13 13 13 12 13 13 13 13 13 14 13 13 13 13 13 13 13 12
1086_1_0 3 6 5 8 5 0 3 3 2 1 3 2 4 3 3 3 27 12 13 13 13 13 13 13 12 13 13 13 13 13 13 13 14 13 13 13 13 13 13 13 13 14 13 13 13 13 14 13 13 13 13 13 13 13 13 14 13 13 13 13 13 13 13 12 13 13 13 13 13 13 12
1087_1_0 3 6 7 5 6 0 3 3 2 2 1 3 3 3 3 4 27 12 13 14 13 13 14 13 13 13 12 13 13 13 13 13 13 13 13 13 13 13 13 13 13 13 13 13 13 13 13 13 13 13 13 13 13 13 13 13 13 13 13 13 13 12 13 13 13 14 13 13 14 13 12
1088_2_0 4 8 5 5 5 0 2 3 2 3 1 4 3 3 3 3 27 12 14 13 13 13 13 13 13 13 13 13 13 13 13 12 13 13 14 13 13 13 13 13 13 13 13 13 13 13 13 13 13 13 13 13 13 14 13 13 12 13 13 13 13 13 13 13 13 13 13 13 13 14 12
1089_1_2 4 4 8 5 6 1 2 2 3 5 2 2 3 3 1 3 27 12 13 13 13 13 12 13 13 13 13 13 14 13 13 13 13 13 13 14 13 13 13 13 13 13 13 13 13 13 13 13 13 13 13 13 14 13 13 13 13 13 13 14 13 13 13 13 13 12 13 13 13 13 12
1091_1_0 4 5 4 8 6 1 1 3 1 3 2 3 2 3 3 5 27 12 13 13 13 13 13 13 13 14 13 14 13 13 13 13 13 13 13 13 13 13 13 12 13 13 13 13 13 13 13 13 12 13 13 13 13 13 13 13 13 13 13 13 14 13 14 13 13 13 13 13 13 13 12
1093_0_0 4 4 6 5 8 1 1 3 1 3 2 3 2 3 3 5 27 12 13 13 13 13 13 13 13 13 13 14 13 14 13 13 13 13 13 13 13 12 13 13 13 13 13 13 13 13 13 13 13 13 12 13 13 13 13 13 13 13 14 13 14 13 13 13 13 13 13 13 13 13 12
1094_0_4 4 4 6 5 8 1 1 3 2 3 4 2 3 1 4 3 27 12 13 13 13 13 13 13 13 13 13 13 13 13 13 14 13 14 13 13 12 13 13 13 13 13 13 13 13 13 13 13 13 13 13 12 13 13 14 13 14 13 13 13 13 13 13 13 13 13 13 13 13 13 12
1094_1_4 4 4 8 5 6 1 1 3 2 3 4 2 3 1 4 3 27 12 13 13 13 13 13 13 13 13 13 13 13 13 13 14 13 14 13 13 12 13 13 13 13 13 13 13 13 13 13 13 13 13 13 12 13 13 14 13 14 13 13 13 13 13 13 13 13 13 13 13 13 13 12
1095_1_0 3 7 5 7 5 1 1 3 2 3 4 3 1 4 2 3 27 12 13 13 12 13 13 13 14 13 13 13 13 14 13 13 13 13 13 13 13 13 13 13 13 13 13 13 13 13 13 13 13 13 13 13 13 13 13 13 13 13 14 13 13 13 13 14 13 13 13 12 13 13 12
1097_0_0 4 4 6 5 8 0 2 3 2 3 1 4 3 3 3 3 27 12 13 13 13 13 13 13 13 14 13 13 13 13 13 13 13 13 14 13 13 13 13 13 13 13 12 13 13 12 13 13 13 13 13 13 13 14 13 13 13 13 13 13 13 13 14 13 13 13 13 13 13 13 12
1098_1_0 4 4 8 5 6 1 1 3 2 2 3 3 1 4 3 4 27 12 13 13 13 13 13 13 13 12 13 13 13 13 13 13 13 13 14 13 13 13 13 13 13 13 14 13 13 14 13 13 13 13 13 13 13 14 13 13 13 13 13 13 13 13 12 13 13 13 13 13 13 13 12
1100_0_0 4 4 6 5 8 1 2 2 3 2 2 2 5 2 3 3 27 12 14 13 13 13 13 13 13 13 13 12 13 13 14 13 13 13 13 13 13 13 13 13 13 13 13 13 13 13 13 13 13 13 13 13 13 13 13 13 13 14 13 13 12 13 13 13 13 13 13 13 13 14 12
1101_2_0 4 8 5 5 5 1 1 2 3 2 3 4 1 4 3 3 27 12 14 13 13 12 13 13 13 13 13 13 14 13 13 13 13 13 13 13 13 13 13 13 13 13 13 13 13 13 13 13 13 13 13 13 13 13 13 13 13 13 13 14 13 13 13 13 13 13 12 13 13 14 12
1103_0_2 3 6 5 7 6 1 2 2 3 2 3 3 1 5 3 2 27 12 13 13 13 13 13 13 14 13 13 13 13 13 13 13 14 13 13 13 13 13 13 13 13 12 13 13 13 13 12 13 13 13 13 13 13 13 13 14 13 13 13 13 13 13 13 14 13 13 13 13 13 13 12
1104_0_2 4 4 7 5 7 1 3 2 2 2 3 1 3 2 5 3 27 12 14 13 13 13 13 14 13 13 12 13 13 13 13 13 13 13 13 13 13 13 13 13 13 13 13 13 13 13 13 13 13 13 13 13 13 13 13 13 13 13 13 13 13 12 13 13 14 13 13 13 13 14 12
1104_2_2 4 8 5 5 5 1 3 2 2 2 3 1 3 2 5 3 27 12 14 13 13 13 13 14 13 13 12 13 13 13 13 13 13 13 13 13 13 13 13 13 13 13 13 13 13 13 13 13 13 13 13 13 13 13 13 13 13 13 13 13 13 12 13 13 14 13 13 13 13 14 12
1105_1_2 3 6 5 8 5 1 3 2 2 2 3 1 3 2 5 3 27 12 13 13 13 13 13 13 13 14 13 13 13 13 13 14 13 13 13 13 13 13 13 12 13 13 13 13 13 13 13 13 12 13 13 13 13 13 13 13 14 13 13 13 13 13 14 13 13 13 13 13 13 13 12
1106_1_2 4 5 5 5 8 1 2 2 3 3 3 1 5 3 2 2 27 12 14 13 13 13 13 13 13 13 13 13 14 13 13 12 13 13 13 13 13 13 13 13 13 13 13 13 13 13 13 13 13 13 13 13 13 13 13 13 12 13 13 14 13 13 13 13 13 13 13 13 13 14 12
1107_1_0 4 5 5 5 8 1 1 2 3 2 2 2 3 4 2 5 27 12 14 13 13 13 13 13 13 13 13 13 13 13 13 13 13 13 13 13 13 13 14 13 13 12 13 13 13 13 12 13 13 14 13 13 13 13 13 13 13 13 13 13 13 13 13 13 13 13 13 13 13 14 12
1109_0_0 3 6 5 7 6 1 1 3 2 3 4 3 1 4 2 3 27 12 13 13 13 13 13 13 13 13 13 13 13 14 14 12 13 13 13 13 13 13 13 13 13 13 13 13 13 13 13 13 13 13 13 13 13 13 13 13 12 14 14 13 13 13 13 13 13 13 13 13 13 13 12
1110_0_0 3 5 5 6 8 1 1 2 3 3 3 2 4 1 4 3 27 12 13 12 13 14 13 13 13 13 13 13 13 14 13 13 13 13 13 13 13 13 13 13 13 13 13 13 13 13 13 13 13 13 13 13 13 13 13 13 13 13 14 13 13 13 13 13 13 13 14 13 12 13 12
1111_0_0 3 5 7 5 7 1 1 2 4 3 3 2 3 3 1 4 27 12 13 13 13 13 13 13 13 13 13 13 13 13 13 13 12 14 14 13 13 13 13 13 13 13 13 13 13 13 13 13 13 13 13 13 13 14 14 12 13 13 13 13 13 13 13 13 13 13 13 13 13 13 12
1113_0_0 3 5 7 5 7 1 1 2 3 3 3 2 4 1 4 3 27 12 14 13 13 13 13 13 13 13 13 13 13 13 13 13 13 14 13 12 13 13 13 13 13 13 13 13 13 13 13 13 13 13 13 13 12 13 14 13 13 13 13 13 13 13 13 13 13 13 13 13 13 14 12
1114_0_0 4 5 4 6 8 1 2 2 3 4 3 1 3 4 1 3 27 12 13 13 13 13 13 13 13 13 13 13 13 12 13 13 14 13 13 14 13 13 13 13 13 13 13 13 13 13 13 13 13 13 13 13 14 13 13 14 13 13 12 13 13 13 13 13 13 13 13 13 13 13 12
1116_0_0 4 4 6 5 8 1 2 3 1 4 4 3 1 3 2 3 27 12 13 13 13 12 13 14 13 13 13 13 13 13 13 14 13 13 13 13 13 13 13 13 13 13 13 13 13 13 13 13 13 13 13 13 13 13 13 13 14 13 13 13 13 13 13 13 14 13 12 13 13 13 12
1118_0_0 4 4 6 5 8 1 2 2 4 4 3 1 3 3 1 3 27 12 13 13 13 13 13 13 13 13 14 13 13 13 13 13 13 13 13 13 13 13 13 14 13 12 13 13 13 13 12 13 14 13 13 13 13 13 13 13 13 13 13 13 13 14 13 13 13 13 13 13 13 13 12
1119_1_0 4 4 8 5 6 1 2 2 2 3 2 4 1 4 4 2 27 12 13 13 13 13 13 13 13 13 13 13 13 13 13 13 12 13 14 13 13 13 13 13 14 13 13 13 13 13 13 14 13 13 13 13 13 14 13 12 13 13 13 13 13 13 13 13 13 13 13 13 13 13 12
1121_0_0 3 5 5 6 8 1 1 2 4 3 3 2 3 3 1 4 27 12 13 13 13 13 13 12 13 13 13 13 13 13 13 14 13 13 14 13 13 13 13 13 13 13 13 13 13 13 13 13 13 13 13 13 13 14 13 13 14 13 13 13 13 13 13 13 12 13 13 13 13 13 12
1122_1_0 3 6 5 8 5 1 2 2 3 4 2 4 2 1 2 4 27 12 12 13 14 13 13 13 13 13 13 13 13 13 13 13 13 13 13 13 13 13 13 13 13 14 13 13 13 13 14 13 13 13 13 13 13 13 13 13 13 13 13 13 13 13 13 13 13 13 13 14 13 12 12
1123_1_0 3 6 7 5 6 0 3 3 2 1 3 2 4 3 3 3 27 12 13 13 13 13 13 13 13 13 13 13 13 13 13 12 13 14 13 13 13 13 13 13 13 13 14 13 13 14 13 13 13 13 13 13 13 13 14 13 12 13 13 13 13 13 13 13 13 13 13 13 13 13 12
1125_0_0 3 5 8 5 6 1 2 3 1 4 4 3 1 3 2 3 27 12 13 13 13 13 13 13 13 13 13 13 13 13 13 14 13 12 13 13 13 13 13 13 13 13 14 13 13 14 13 13 13 13 13 13 13 13 12 13 14 13 13 13 13 13 13 13 13 13 13 13 13 13 12
1126_1_0 4 5 4 8 6 1 1 3 2 3 4 3 1 4 2 3 27 12 13 13 13 13 13 12 13 14 13 13 13 13 13 13 13 13 13 14 13 13 13 13 13 13 13 13 13 13 13 13 13 13 13 13 14 13 13 13 13 13 13 13 13 13 14 13 12 13 13 13 13 13 12
1127_1_0 3 7 5 7 5 0 3 1 2 3 3 3 2 3 4 3 27 12 13 13 13 13 12 13 14 13 13 13 13 13 13 13 13 13 13 13 13 13 13 14 13 13 13 13 13 13 13 13 14 13 13 13 13 13 13 13 13 13 13 13 13 13 13 14 13 12 13 13 13 13 12
1128_1_0 3 6 7 5 6 1 1 3 2 3 4 3 1 4 2 3 27 12 13 14 13 13 13 13 13 14 13 13 13 13 13 12 13 13 13 13 13 13 13 13 13 13 13 13 13 13 13 13 13 13 13 13 13 13 13 13 12 13 13 13 13 13 14 13 13 13 13 13 14 13 12
1129_1_0 4 4 8 5 6 1 2 2 3 4 2 4 2 1 2 4 27 12 13 13 13 13 13 14 13 12 13 13 13 13 13 13 13 13 13 14 13 13 13 13 13 13 13 13 13 13 13 13 13 13 13 13 14 13 13 13 13 13 13 13 13 13 12 13 14 13 13 13 13 13 12
1131_0_0 3 5 8 5 6 1 1 3 1 3 3 3 2 3 3 4 27 12 13 13 13 13 13 13 13 13 14 13 13 13 13 13 13 13 13 14 13 13 12 13 13 13 13 13 13 13 13 13 13 12 13 13 14 13 13 13 13 13 13 13 13 14 13 13 13 13 13 13 13 13 12
1131_1_2 3 6 5 8 5 1 2 2 4 2 4 3 1 3 3 2 27 12 13 13 13 13 13 13 13 13 14 13 13 13 13 13 13 13 13 14 13 13 12 13 13 13 13 13 13 13 13 13 13 12 13 13 14 13 13 13 13 13 13 13 13 14 13 13 13 13 13 13 13 13 12
1132_1_0 3 8 6 5 5 1 1 3 4 3 3 2 2 3 1 4 27 12 13 13 12 14 14 13 13 13 13 13 13 13 13 13 13 13 13 13 13 13 13 13 13 13 13 13 13 13 13 13 13 13 13 13 13 13 13 13 13 13 13 13 13 13 13 13 13 14 14 12 13 13 12
1133_1_0 3 8 6 5 5 1 2 2 3 4 2 4 2 1 2 4 27 12 13 13 13 13 13 13 13 13 13 13 13 13 13 13 13 13 13 13 13 13 13 13 12 14 14 13 13 14 14 12 13 13 13 13 13 13 13 13 13 13 13 13 13 13 13 13 13 13 13 13 13 13 12
1135_0_0 3 6 5 7 6 1 1 3 2 2 3 3 1 5 3 3 27 12 13 13 13 13 13 13 13 13 12 14 14 13 13 13 13 13 13 13 13 13 13 13 13 13 13 13 13 13 13 13 13 13 13 13 13 13 13 13 13 13 13 14 14 12 13 13 13 13 13 13 13 13 12
1137_0_0 3 5 5 6 8 1 1 3 2 2 3 3 1 5 3 3 27 12 13 13 13 13 13 13 13 13 14 13 13 13 13 13 13 13 13 13 13 13 14 12 13 13 13 13 13 13 13 13 12 14 13 13 13 13 13 13 13 13 13 13 13 14 13 13 13 13 13 13 13 13 12
1139_0_0 3 6 5 7 6 1 2 3 1 3 1 3 2 3 5 3 27 12 13 13 13 12 13 13 13 13 13 14 13 13 13 13 13 13 13 13 13 13 13 14 13 13 13 13 13 13 13 13 14 13 13 13 13 13 13 13 13 13 13 13 14 13 13 13 13 13 12 13 13 13 12
1140_1_0 3 7 6 6 5 1 1 2 3 3 3 2 4 1 4 3 27 12 13 13 13 13 14 13 13 13 13 13 13 13 13 13 13 13 13 13 13 13 13 13 14 12 13 13 13 13 12 14 13 13 13 13 13 13 13 13 13 13 13 13 13 13 13 13 13 14 13 13 13 13 12
1141_1_0 3 8 6 5 5 1 1 3 2 3 4 3 1 4 2 3 27 12 13 13 13 13 13 13 13 13 13 13 13 13 13 13 13 13 13 13 13 13 13 13 14 14 12 13 13 12 14 14 13 13 13 13 13 13 13 13 13 13 13 13 13 13 13 13 13 13 13 13 13 13 12
1143_0_0 3 5 5 6 8 1 1 3 2 3 4 3 1 4 2 3 27 12 13 13 13 13 13 12 13 13 13 13 13 14 13 13 13 13 13 13 13 13 13 13 13 14 13 13 13 13 14 13 13 13 13 13 13 13 13 13 13 13 14 13 13 13 13 13 12 13 13 13 13 13 12
1144_0_0 3 5 8 5 6 1 1 3 2 2 3 3 1 5 3 3 27 12 13 13 13 13 13 13 13 13 13 14 13 12 13 13 13 13 13 13 14 13 13 13 13 13 13 13 13 13 13 13 13 13 13 14 13 13 13 13 13 13 12 13 14 13 13 13 13 13 13 13 13 13 12
1145_0_4 3 5 5 6 8 1 2 3 3 1 3 4 2 4 2 2 27 12 13 13 13 13 13 13 13 13 13 13 14 13 13 13 13 13 13 13 13 13 12 13 13 14 13 13 13 13 14 13 13 12 13 13 13 13 13 13 13 13 13 14 13 13 13 13 13 13 13 13 13 13 12
1146_0_0 3 6 5 7 6 0 3 3 2 1 3 2 4 3 3 3 27 12 13 13 13 13 13 13 13 13 13 13 13 13 14 13 13 13 13 13 13 13 13 13 13 12 13 14 14 13 12 13 13 13 13 13 13 13 13 13 13 14 13 13 13 13 13 13 13 13 13 13 13 13 12
1147_0_0 3 5 5 6 8 1 1 3 1 3 3 2 3 2 5 3 27 12 13 13 13 13 13 13 13 12 14 14 13 13 13 13 13 13 13 13 13 13 13 13 13 13 13 13 13 13 13 13 13 13 13 13 13 13 13 13 13 13 13 13 14 14 12 13 13 13 13 13 13 13 12
1149_0_0 3 6 5 7 6 1 1 3 1 3 3 2 3 2 5 3 27 12 13 13 13 13 13 13 13 13 13 13 13 13 13 13 13 13 13 13 12 14 14 13 13 13 13 13 13 13 13 13 13 14 14 12 13 13 13 13 13 13 13 13 13 13 13 13 13 13 13 13 13 13 12
1151_0_0 3 5 6 6 7 1 2 1 3 2 3 4 1 3 4 3 27 12 13 13 13 13 13 13 13 13 13 13 13 13 14 13 13 13 13 13 12 14 13 13 13 13 13 13 13 13 13 13 13 13 14 12 13 13 13 13 13 14 13 13 13 13 13 13 13 13 13 13 13 13 12
1152_1_0 3 7 6 6 5 1 2 2 2 3 2 4 1 4 4 2 27 12 13 13 14 12 13 13 13 14 13 13 13 13 13 13 13 13 13 13 13 13 13 13 13 13 13 13 13 13 13 13 13 13 13 13 13 13 13 13 13 13 13 13 13 13 14 13 13 13 12 14 13 13 12
1153_0_4 3 6 5 7 6 1 3 2 2 2 2 5 3 2 2 3 27 13 13 13 13 12 13 13 13 13 13 12 13 13 13 13 13 14 13 13 13 13 13 13 13 13 14 13 13 14 13 13 13 13 13 13 13 13 14 13 13 13 13 13 12 13 13 13 13 13 12 13 13 13 13
1154_0_0 3 5 7 5 7 1 1 3 2 2 3 3 1 5 3 3 27 12 13 13 12 13 13 14 13 13 13 13 13 13 13 13 13 13 13 13 13 13 14 13 13 13 13 13 13 13 13 13 13 14 13 13 13 13 13 13 13 13 13 13 13 13 13 13 14 13 13 12 13 13 12
1156_0_0 4 4 6 5 8 0 2 3 2 2 3 2 2 4 3 4 27 12 13 13 13 13 13 14 13 13 13 13 13 13 13 13 14 13 13 13 13 13 13 13 12 13 13 13 13 13 13 12 13 13 13 13 13 13 13 14 13 13 13 13 13 13 13 13 14 13 13 13 13 13 12
1156_1_0 4 4 8 5 6 0 2 3 2 2 3 2 2 4 3 4 27 12 13 13 13 13 13 14 13 13 13 13 13 13 13 13 14 13 13 13 13 13 13 13 12 13 13 13 13 13 13 12 13 13 13 13 13 13 13 14 13 13 13 13 13 13 13 13 14 13 13 13 13 13 12
1157_0_0 3 5 6 6 7 1 1 3 3 1 3 2 4 3 3 3 27 13 13 13 13 12 13 13 13 13 13 12 13 13 13 13 14 13 13 13 13 14 13 13 13 13 13 13 13 13 13 13 13 13 14 13 13 13 13 14 13 13 13 13 12 13 13 13 13 13 12 13 13 13 13
1157_1_2 3 7 6 6 5 1 2 2 3 2 2 2 5 3 2 3 27 13 13 13 13 12 13 13 13 13 13 12 13 13 13 13 14 13 13 13 13 14 13 13 13 13 13 13 13 13 13 13 13 13 14 13 13 13 13 14 13 13 13 13 12 13 13 13 13 13 12 13 13 13 13
1158_1_0 3 6 7 5 6 0 1 3 3 3 3 3 2 3 2 4 27 12 13 13 14 13 13 13 13 13 13 13 13 13 13 13 13 13 13 13 13 13 13 14 13 12 13 13 13 13 12 13 14 13 13 13 13 13 13 13 13 13 13 13 13 13 13 13 13 13 13 14 13 13 12
1159_1_0 3 8 6 5 5 1 2 2 4 1 2 3 4 2 4 2 27 12 13 13 13 13 13 14 12 13 13 13 13 13 13 14 13 13 13 13 13 13 13 13 13 13 13 13 13 13 13 13 13 13 13 13 13 13 13 13 14 13 13 13 13 13 13 12 14 13 13 13 13 13 12
1160_0_4 3 5 7 5 7 1 2 2 5 2 3 3 2 2 3 2 27 12 13 13 13 13 13 13 13 13 13 12 14 14 13 13 13 13 13 13 13 13 13 13 13 13 13 13 13 13 13 13 13 13 13 13 13 13 13 13 13 13 14 14 12 13 13 13 13 13 13 13 13 13 12
1161_0_0 3 5 8 5 6 1 1 2 3 2 4 3 2 3 2 4 27 12 13 13 13 13 13 13 13 13 13 13 13 13 13 13 13 13 13 13 14 14 12 13 13 13 13 13 13 13 13 13 13 12 14 14 13 13 13 13 13 13 13 13 13 13 13 13 13 13 13 13 13 13 12
1161_1_2 3 6 5 8 5 1 2 1 3 3 1 3 3 3 3 4 27 12 13 13 13 13 13 13 13 13 13 13 13 13 13 13 13 13 13 13 14 14 12 13 13 13 13 13 13 13 13 13 13 12 14 14 13 13 13 13 13 13 13 13 13 13 13 13 13 13 13 13 13 13 12
1162_1_0 3 7 5 7 5 1 2 2 2 3 2 4 1 4 4 2 27 12 13 13 13 13 12 14 13 13 13 13 13 14 13 13 13 13 13 13 13 13 13 13 13 13 13 13 13 13 13 13 13 13 13 13 13 13 13 13 13 13 14 13 13 13 13 13 14 12 13 13 13 13 12
1164_0_0 3 6 5 7 6 1 1 2 4 3 3 2 3 3 1 4 27 12 13 13 13 12 14 14 13 13 13 13 13 13 13 13 13 13 13 13 13 13 13 13 13 13 13 13 13 13 13 13 13 13 13 13 13 13 13 13 13 13 13 13 13 13 13 13 14 14 12 13 13 13 12
1165_0_4 3 5 5 6 8 1 2 2 5 2 3 3 2 2 3 2 27 12 13 13 13 13 13 13 13 14 14 12 13 13 13 13 13 13 13 13 13 13 13 13 13 13 13 13 13 13 13 13 13 13 13 13 13 13 13 13 13 13 13 13 12 14 14 13 13 13 13 13 13 13 12
1166_0_0 3 5 7 5 7 1 1 2 4 1 4 3 2 3 3 3 27 12 13 13 13 13 12 14 14 13 13 13 13 13 13 13 13 13 13 13 13 13 13 13 13 13 13 13 13 13 13 13 13 13 13 13 13 13 13 13 13 13 13 13 13 13 13 14 14 12 13 13 13 13 12
1167_1_0 3 6 7 5 6 1 1 3 4 3 3 2 2 3 1 4 27 12 13 13 13 13 13 13 13 13 13 13 13 13 13 12 14 14 13 13 13 13 13 13 13 13 13 13 13 13 13 13 13 13 13 13 13 13 14 14 12 13 13 13 13 13 13 13 13 13 13 13 13 13 12
1169_0_0 4 5 4 6 8 0 2 3 3 2 4 2 2 4 2 3 27 12 13 13 13 13 14 13 13 13 13 13 12 13 13 13 13 13 13 13 13 13 13 13 14 13 13 13 13 13 13 14 13 13 13 13 13 13 13 13 13 13 13 12 13 13 13 13 13 14 13 13 13 13 12
1169_1_0 4 5 4 8 6 0 2 3 3 2 4 2 2 4 2 3 27 12 13 13 13 13 14 13 13 13 13 13 12 13 13 13 13 13 13 13 13 13 13 13 14 13 13 13 13 13 13 14 13 13 13 13 13 13 13 13 13 13 13 12 13 13 13 13 13 14 13 13 13 13 12
1170_0_0 4 5 4 6 8 1 1 2 4 3 3 2 3 3 1 4 27 12 12 13 14 13 13 13 13 14 13 13 13 13 13 13 13 13 13 13 13 13 13 13 13 13 13 13 13 13 13 13 13 13 13 13 13 13 13 13 13 13 13 13 13 13 14 13 13 13 13 14 13 12 12
1171_1_0 3 6 7 5 6 1 2 2 2 3 2 4 1 4 4 2 27 12 13 13 13 12 13 14 13 14 13 13 13 13 13 13 13 13 13 13 13 13 13 13 13 13 13 13 13 13 13 13 13 13 13 13 13 13 13 13 13 13 13 13 13 13 14 13 14 13 12 13 13 13 12
1172_0_4 3 5 8 5 6 0 3 3 3 3 4 1 2 3 2 3 27 12 13 13 13 13 13 13 13 13 13 13 12 13 13 13 14 13 13 13 14 13 13 13 13 13 13 13 13 13 13 13 13 13 13 14 13 13 13 14 13 13 13 12 13 13 13 13 13 13 13 13 13 13 12
1172_1_4 3 6 5 8 5 0 3 3 3 3 4 1 2 3 2 3 27 12 13 13 13 13 13 13 13 13 13 13 12 13 13 13 14 13 13 13 14 13 13 13 13 13 13 13 13 13 13 13 13 13 13 14 13 13 13 14 13 13 13 12 13 13 13 13 13 13 13 13 13 13 12
1174_0_0 3 6 5 7 6 0 3 1 2 4 3 3 2 3 3 3 27 12 13 13 13 13 13 13 13 13 13 13 13 14 13 12 13 13 13 13 13 13 13 13 14 13 13 13 13 13 13 14 13 13 13 13 13 13 13 13 12 13 14 13 13 13 13 13 13 13 13 13 13 13 12
1175_1_0 3 6 7 5 6 1 1 2 3 3 3 2 4 1 4 3 27 12 13 13 13 13 14 13 13 13 13 13 13 14 13 13 13 13 13 13 13 13 13 13 13 12 13 13 13 13 12 13 13 13 13 13 13 13 13 13 13 13 14 13 13 13 13 13 13 14 13 13 13 13 12
1177_0_0 3 5 5 6 8 0 2 2 3 3 1 4 3 3 3 3 27 12 13 13 13 13 13 12 13 13 14 13 13 14 13 13 13 13 13 13 13 13 13 13 13 13 13 13 13 13 13 13 13 13 13 13 13 13 13 13 13 13 14 13 13 14 13 13 12 13 13 13 13 13 12
1178_0_0 3 5 6 6 7 1 2 2 3 4 3 1 3 4 1 3 27 12 13 13 13 13 13 13 13 13 13 13 13 13 13 13 14 13 13 14 12 13 13 13 13 13 13 13 13 13 13 13 13 13 13 12 14 13 13 14 13 13 13 13 13 13 13 13 13 13 13 13 13 13 12
1180_0_0 3 5 6 6 7 1 2 2 4 1 2 3 4 2 4 2 27 12 13 13 14 13 13 13 13 13 13 13 13 13 13 13 13 13 13 13 13 13 13 13 13 12 14 13 13 14 12 13 13 13 13 13 13 13 13 13 13 13 13 13 13 13 13 13 13 13 13 14 13 13 12
1181_0_0 3 5 5 6 8 1 1 2 4 1 4 3 2 3 3 3 27 12 13 13 13 13 13 13 13 13 13 13 13 13 14 14 12 13 13 13 13 13 13 13 13 13 13 13 13 13 13 13 13 13 13 13 13 13 13 12 14 14 13 13 13 13 13 13 13 13 13 13 13 13 12
1183_0_0 3 6 5 7 6 1 2 2 4 1 2 3 4 2 4 2 27 12 13 13 14 13 13 14 13 13 13 13 13 13 13 13 13 13 13 13 13 13 13 13 13 12 13 13 13 13 12 13 13 13 13 13 13 13 13 13 13 13 13 13 13 13 13 13 14 13 13 14 13 13 12
1184_0_0 3 6 5 7 6 1 2 3 1 4 3 4 2 1 3 3 27 12 13 13 13 13 13 13 14 13 13 13 13 13 14 13 13 13 13 13 12 13 13 13 13 13 13 13 13 13 13 13 13 13 13 12 13 13 13 13 13 14 13 13 13 13 13 14 13 13 13 13 13 13 12
1185_0_4 3 5 7 5 7 1 2 3 3 1 3 4 2 4 2 2 27 12 13 13 13 13 13 13 14 13 13 12 13 13 13 13 13 13 13 13 13 13 13 14 13 13 13 13 13 13 13 13 14 13 13 13 13 13 13 13 13 13 13 13 12 13 13 14 13 13 13 13 13 13 12
1186_0_0 3 5 5 6 8 1 1 3 3 1 3 2 4 3 3 3 27 12 13 13 13 13 13 13 13 13 14 12 13 13 13 13 13 13 13 13 13 14 13 13 13 13 13 13 13 13 13 13 13 13 14 13 13 13 13 13 13 13 13 13 12 14 13 13 13 13 13 13 13 13 12
1186_1_2 3 8 6 5 5 1 2 2 3 2 2 2 5 3 2 3 27 12 13 13 13 13 13 13 13 13 14 12 13 13 13 13 13 13 13 13 13 14 13 13 13 13 13 13 13 13 13 13 13 13 14 13 13 13 13 13 13 13 13 13 12 14 13 13 13 13 13 13 13 13 12
1187_0_4 3 6 5 7 6 1 2 5 2 3 2 3 3 2 2 2 27 13 13 13 13 12 13 13 13 13 13 12 13 13 13 13 14 13 13 13 13 13 13 13 13 13 13 14 14 13 13 13 13 13 13 13 13 13 13 14 13 13 13 13 12 13 13 13 13 13 12 13 13 13 13
1188_0_0 3 5 5 6 8 1 1 3 3 1 3 2 4 3 3 3 27 12 13 13 13 13 13 13 13 13 14 13 13 13 13 13 13 13 13 13 13 13 12 14 13 13 13 13 13 13 13 13 14 12 13 13 13 13 13 13 13 13 13 13 13 14 13 13 13 13 13 13 13 13 12
1188_1_2 3 8 6 5 5 1 2 2 3 2 2 2 5 3 2 3 27 12 13 13 13 13 13 13 13 13 14 13 13 13 13 13 13 13 13 13 13 13 12 14 13 13 13 13 13 13 13 13 14 12 13 13 13 13 13 13 13 13 13 13 13 14 13 13 13 13 13 13 13 13 12
1189_0_4 3 5 7 5 7 1 2 2 4 3 1 4 3 3 2 2 27 12 13 13 13 13 13 13 13 13 13 12 14 13 13 13 13 13 13 13 13 13 13 14 13 13 13 13 13 13 13 13 14 13 13 13 13 13 13 13 13 13 13 14 12 13 13 13 13 13 13 13 13 13 12
1190_0_0 4 4 6 5 8 0 2 2 3 3 1 3 3 3 3 4 27 12 13 13 13 13 13 13 13 13 13 13 13 13 12 13 14 13 13 13 13 13 13 13 13 13 13 14 14 13 13 13 13 13 13 13 13 13 13 14 13 12 13 13 13 13 13 13 13 13 13 13 13 13 12
1191_0_4 3 5 7 5 7 1 2 5 2 3 2 3 3 2 2 2 27 12 13 13 13 13 13 13 13 13 13 12 13 13 13 13 13 14 13 13 13 13 13 14 13 13 13 13 13 13 13 13 14 13 13 13 13 13 14 13 13 13 13 13 12 13 13 13 13 13 13 13 13 13 12
1192_0_0 3 5 8 5 6 1 2 3 1 4 3 4 2 1 3 3 27 12 13 13 13 13 13 13 13 13 13 13 13 12 13 13 13 13 13 14 13 13 13 13 13 14 13 13 13 13 14 13 13 13 13 13 14 13 13 13 13 13 12 13 13 13 13 13 13 13 13 13 13 13 12
1194_0_0 3 6 5 7 6 1 1 2 3 3 3 3 3 1 5 2 27 12 13 13 13 13 13 13 13 13 13 14 13 13 13 13 13 13 13 13 13 13 13 14 13 12 13 13 13 13 12 13 14 13 13 13 13 13 13 13 13 13 13 13 14 13 13 13 13 13 13 13 13 13 12
1195_0_4 3 5 5 6 8 1 2 5 2 3 2 3 3 2 2 2 27 12 13 13 13 14 13 13 13 13 13 13 14 13 13 13 13 13 13 13 13 13 12 13 13 13 13 13 13 13 13 13 13 12 13 13 13 13 13 13 13 13 13 14 13 13 13 13 13 13 14 13 13 13 12
1196_0_0 4 4 6 5 8 0 1 4 2 3 3 3 2 4 2 3 27 12 13 13 13 13 13 12 13 13 13 13 13 14 13 13 13 13 13 13 13 13 14 13 13 13 13 13 13 13 13 13 13 14 13 13 13 13 13 13 13 13 14 13 13 13 13 13 12 13 13 13 13 13 12
1197_0_4 3 5 8 5 6 1 2 5 2 3 2 3 3 2 2 2 27 12 13 13 13 13 14 13 13 13 14 13 13 13 13 13 13 13 13 13 13 13 12 13 13 13 13 13 13 13 13 13 13 12 13 13 13 13 13 13 13 13 13 13 13 14 13 13 13 14 13 13 13 13 12
1198_0_0 3 5 8 5 6 1 1 3 2 2 3 3 1 5 3 3 27 12 13 13 13 13 13 12 13 13 13 14 13 13 13 14 13 13 13 13 13 13 13 13 13 13 13 13 13 13 13 13 13 13 13 13 13 13 13 13 14 13 13 13 14 13 13 13 12 13 13 13 13 13 12
1199_0_4 3 6 5 7 6 1 2 3 3 1 3 4 2 4 2 2 27 13 13 13 13 12 13 13 13 13 13 12 13 13 13 13 13 13 13 14 13 13 13 13 13 13 13 14 14 13 13 13 13 13 13 13 14 13 13 13 13 13 13 13 12 13 13 13 13 13 12 13 13 13 13
1200_0_0 3 6 5 7 6 1 1 3 2 2 3 3 1 5 3 3 27 12 13 13 13 13 13 13 13 13 13 13 13 13 13 12 13 13 13 13 13 13 14 13 13 13 14 13 13 14 13 13 13 14 13 13 13 13 13 13 12 13 13 13 13 13 13 13 13 13 13 13 13 13 12
1201_1_0 3 6 7 5 6 1 1 3 4 3 3 2 2 3 1 4 27 12 13 13 13 13 14 13 13 13 13 13 13 13 13 12 13 14 13 13 13 13 13 13 13 13 13 13 13 13 13 13 13 13 13 13 13 13 14 13 12 13 13 13 13 13 13 13 13 14 13 13 13 13 12
1203_0_0 3 5 8 5 6 1 2 2 2 3 2 4 1 4 4 2 27 12 13 13 13 13 13 13 13 13 13 13 13 13 13 13 13 12 13 13 14 13 13 13 13 13 14 13 13 14 13 13 13 13 13 14 13 13 12 13 13 13 13 13 13 13 13 13 13 13 13 13 13 13 12
1204_0_0 3 5 8 5 6 1 1 3 2 3 4 3 1 4 2 3 27 12 13 13 13 13 13 12 13 14 13 13 13 13 13 13 13 13 13 13 13 13 13 13 13 14 13 13 13 13 14 13 13 13 13 13 13 13 13 13 13 13 13 13 13 13 14 13 12 13 13 13 13 13 12
1205_0_0 3 6 5 7 6 0 3 1 2 3 3 3 2 3 4 3 27 12 13 13 13 12 13 13 14 13 13 13 13 13 13 13 13 13 13 13 13 14 13 13 13 13 13 13 13 13 13 13 13 13 14 13 13 13 13 13 13 13 13 13 13 13 13 14 13 13 12 13 13 13 12
1206_0_0 4 5 4 6 8 1 2 3 4 2 4 2 1 3 2 3 27 12 13 13 13 13 14 13 13 13 13 13 13 13 13 13 13 13 13 13 13 13 12 13 14 13 13 13 13 13 13 14 13 12 13 13 13 13 13 13 13 13 13 13 13 13 13 13 13 14 13 13 13 13 12
1208_0_0 4 5 4 6 8 1 1 2 4 1 4 3 2 3 3 3 27 12 13 13 13 13 13 13 13 13 13 13 13 13 14 13 13 12 13 13 13 13 13 13 13 13 14 13 13 14 13 13 13 13 13 13 13 13 12 13 13 14 13 13 13 13 13 13 13 13 13 13 13 13 12
1210_0_0 3 5 8 5 6 1 2 2 4 1 2 3 4 2 4 2 27 12 13 13 13 13 13 13 12 13 13 13 13 13 13 14 13 13 13 13 13 13 13 13 13 13 14 13 13 14 13 13 13 13 13 13 13 13 13 13 14 13 13 13 13 13 13 12 13 13 13 13 13 13 12
1211_0_0 3 5 8 5 6 1 1 2 3 3 3 2 4 1 4 3 27 12 13 12 13 14 13 13 13 13 13 13 13 13 13 13 13 13 13 13 13 13 13 13 14 13 13 13 13 13 13 14 13 13 13 13 13 13 13 13 13 13 13 13 13 13 13 13 13 13 14 13 12 13 12
1212_0_0 3 6 5 7 6 1 2 2 3 4 3 1 3 4 1 3 27 12 13 13 13 13 13 13 13 13 13 13 13 13 14 13 13 13 13 13 12 13 13 13 13 13 13 14 14 13 13 13 13 13 13 12 13 13 13 13 13 14 13 13 13 13 13 13 13 13 13 13 13 13 12
1213_1_0 3 6 5 8 5 0 3 3 2 1 3 2 4 3 3 3 27 12 13 13 13 14 13 13 13 13 13 14 13 13 13 13 13 13 13 13 13 13 12 13 13 13 13 13 13 13 13 13 13 12 13 13 13 13 13 13 13 13 13 13 14 13 13 13 13 13 14 13 13 13 12
1214_1_0 4 4 8 5 6 0 3 3 2 1 3 2 4 3 3 3 27 12 13 13 13 13 13 13 13 13 13 12 13 13 13 13 14 13 13 13 13 13 14 13 13 13 13 13 13 13 13 13 13 14 13 13 13 13 13 14 13 13 13 13 12 13 13 13 13 13 13 13 13 13 12
1215_1_0 3 6 7 5 6 0 3 1 2 3 3 3 2 3 4 3 27 13 13 13 13 12 13 13 13 13 13 12 13 13 13 13 13 13 13 14 13 13 14 13 13 13 13 13 13 13 13 13 13 14 13 13 14 13 13 13 13 13 13 13 12 13 13 13 13 13 12 13 13 13 13
1216_1_0 3 7 5 7 5 0 3 3 2 1 3 2 4 3 3 3 27 12 13 13 13 13 13 13 13 13 13 12 13 13 13 13 13 14 13 13 13 13 14 13 13 13 13 13 13 13 13 13 13 14 13 13 13 13 14 13 13 13 13 13 12 13 13 13 13 13 13 13 13 13 12
1217_1_0 4 5 4 8 6 0 3 3 2 1 3 2 4 3 3 3 27 12 13 13 13 13 14 13 13 13 13 14 13 13 13 13 13 13 13 13 13 13 12 13 13 13 13 13 13 13 13 13 13 12 13 13 13 13 13 13 13 13 13 13 14 13 13 13 13 14 13 13 13 13 12
1219_0_0 3 5 8 5 6 1 2 2 4 4 3 1 3 3 1 3 27 12 13 12 13 13 13 13 13 13 14 13 13 13 13 13 13 13 13 13 13 14 13 13 13 13 13 13 13 13 13 13 13 13 14 13 13 13 13 13 13 13 13 13 13 14 13 13 13 13 13 13 12 13 12
1220_1_0 3 6 5 8 5 0 3 3 2 1 3 2 4 3 3 3 27 12 13 12 13 14 13 13 13 13 13 13 13 13 14 13 13 13 13 13 13 13 13 13 13 13 13 13 13 13 13 13 13 13 13 13 13 13 13 13 13 14 13 13 13 13 13 13 13 13 14 13 12 13 12
1222_0_0 3 5 7 5 7 1 2 2 3 4 3 1 3 4 1 3 27 12 13 14 13 13 13 13 13 13 13 13 13 13 13 13 13 14 13 13 13 13 13 13 12 13 13 13 13 13 13 12 13 13 13 13 13 13 14 13 13 13 13 13 13 13 13 13 13 13 13 13 14 13 12
1224_0_0 3 5 5 6 8 1 2 2 4 4 3 1 3 3 1 3 27 12 13 12 13 13 13 13 13 13 14 13 13 13 13 13 13 13 13 13 13 13 13 14 13 13 13 13 13 13 13 13 14 13 13 13 13 13 13 13 13 13 13 13 13 14 13 13 13 13 13 13 12 13 12
1225_1_0 3 6 5 8 5 0 3 3 2 1 3 2 4 3 3 3 27 12 13 12 13 14 13 13 13 13 13 13 13 13 13 13 13 13 13 14 13 13 13 13 13 13 13 13 13 13 13 13 13 13 13 13 14 13 13 13 13 13 13 13 13 13 13 13 13 13 14 13 12 13 12
1226_0_4 3 5 5 6 8 0 3 3 3 3 4 1 2 3 2 3 27 12 13 13 13 14 13 13 13 13 12 13 13 13 13 13 13 13 13 13 14 13 13 13 13 13 13 13 13 13 13 13 13 13 13 14 13 13 13 13 13 13 13 13 13 12 13 13 13 13 14 13 13 13 12
1226_1_4 3 8 6 5 5 0 3 3 3 3 4 1 2 3 2 3 27 12 13 13 13 14 13 13 13 13 12 13 13 13 13 13 13 13 13 13 14 13 13 13 13 13 13 13 13 13 13 13 13 13 13 14 13 13 13 13 13 13 13 13 13 12 13 13 13 13 14 13 13 13 12
1228_0_0 3 5 5 6 8 0 1 3 3 3 2 3 3 3 2 4 27 12 13 13 13 13 13 13 13 13 14 13 13 13 13 14 13 13 13 13 12 13 13 13 13 13 13 13 13 13 13 13 13 13 13 12 13 13 13 13 14 13 13 13 13 14 13 13 13 13 13 13 13 13 12
1229_1_0 3 8 6 5 5 1 1 3 2 3 4 3 1 4 2 3 27 12 13 13 13 13 13 13 13 13 13 13 13 13 13 12 13 13 13 13 14 13 13 13 13 14 13 13 13 13 14 13 13 13 13 14 13 13 13 13 12 13 13 13 13 13 13 13 13 13 13 13 13 13 12
1230_1_0 3 8 6 5 5 0 3 1 2 3 3 3 2 3 4 3 27 12 13 13 13 12 13 13 13 13 14 13 13 13 13 13 13 13 13 13 13 13 13 13 13 14 13 13 13 13 14 13 13 13 13 13 13 13 13 13 13 13 13 13 13 14 13 13 13 13 12 13 13 13 12
1232_0_0 3 5 8 5 6 0 2 2 3 3 4 2 3 1 4 3 27 12 13 12 13 14 13 13 13 13 13 14 13 13 13 13 13 13 13 13 13 13 13 13 13 13 13 13 13 13 13 13 13 13 13 13 13 13 13 13 13 13 13 13 14 13 13 13 13 13 14 13 12 13 12
1234_0_0 3 5 6 6 7 1 2 1 3 2 2 3 3 2 4 4 27 13 13 13 13 12 13 13 13 13 13 13 13 13 14 13 13 13 13 13 13 13 12 14 13 13 13 13 13 13 13 13 14 12 13 13 13 13 13 13 13 14 13 13 13 13 13 13 13 13 12 13 13 13 13
1235_0_4 3 6 5 7 6 0 3 3 3 3 4 1 2 3 2 3 27 12 13 13 13 13 13 13 13 13 12 13 13 14 13 13 14 13 13 13 13 13 13 13 13 13 13 13 13 13 13 13 13 13 13 13 13 13 13 14 13 13 14 13 13 12 13 13 13 13 13 13 13 13 12
1235_1_4 3 6 7 5 6 0 3 3 3 3 4 1 2 3 2 3 27 12 13 13 13 13 13 13 13 13 12 13 13 14 13 13 14 13 13 13 13 13 13 13 13 13 13 13 13 13 13 13 13 13 13 13 13 13 13 14 13 13 14 13 13 12 13 13 13 13 13 13 13 13 12
1237_0_0 3 6 5 7 6 1 2 1 3 2 2 3 3 2 4 4 27 13 13 13 13 12 13 13 13 13 13 12 13 13 14 13 13 13 13 13 13 13 13 14 13 13 13 13 13 13 13 13 14 13 13 13 13 13 13 13 13 14 13 13 12 13 13 13 13 13 12 13 13 13 13
1239_0_0 3 6 5 7 6 1 2 3 2 1 3 1 3 3 4 4 27 13 13 13 13 12 13 13 13 13 13 13 13 13 13 12 13 13 13 13 13 13 13 14 13 14 13 13 13 13 14 13 14 13 13 13 13 13 13 13 12 13 13 13 13 13 13 13 13 13 12 13 13 13 13
1240_0_0 3 5 6 6 7 0 2 3 3 3 4 2 3 1 3 3 27 13 13 13 13 12 13 13 13 13 13 13 13 13 13 12 13 13 13 14 13 13 13 13 13 14 13 13 13 13 14 13 13 13 13 13 14 13 13 13 12 13 13 13 13 13 13 13 13 13 12 13 13 13 13
1241_1_0 3 7 6 6 5 0 3 1 2 3 3 3 2 3 4 3 27 13 13 13 13 12 13 13 13 13 13 13 13 13 13 12 13 13 13 13 13 13 13 13 13 14 14 13 13 14 14 13 13 13 13 13 13 13 13 13 12 13 13 13 13 13 13 13 13 13 12 13 13 13 13
1243_0_0 3 6 5 7 6 0 2 4 3 2 3 3 3 3 1 3 27 13 13 13 13 12 13 13 13 13 13 13 13 13 13 12 13 13 13 13 13 13 13 13 13 14 13 14 14 13 14 13 13 13 13 13 13 13 13 13 12 13 13 13 13 13 13 13 13 13 12 13 13 13 13
1244_1_0 3 7 5 7 5 1 2 2 2 3 2 4 1 4 4 2 27 12 13 13 13 13 13 13 13 13 13 13 13 14 13 13 12 13 14 13 13 13 13 13 13 13 13 13 13 13 13 13 13 13 13 13 13 14 13 12 13 13 14 13 13 13 13 13 13 13 13 13 13 13 12
1245_1_0 3 7 5 7 5 1 2 2 2 3 2 4 1 4 4 2 27 12 13 13 13 13 13 14 13 13 13 13 13 14 13 13 12 13 13 13 13 13 13 13 13 13 13 13 13 13 13 13 13 13 13 13 13 13 13 12 13 13 14 13 13 13 13 13 14 13 13 13 13 13 12
1247_0_0 3 5 7 5 7 0 3 3 2 1 3 2 4 3 3 3 27 12 13 13 12 13 13 14 13 13 13 13 13 13 13 13 13 14 13 13 13 13 13 13 13 13 13 13 13 13 13 13 13 13 13 13 13 13 14 13 13 13 13 13 13 13 13 13 14 13 13 12 13 13 12
1248_0_0 3 6 5 7 6 0 1 3 3 3 2 3 3 3 2 4 27 12 13 13 13 13 13 13 13 13 13 13 13 13 13 13 13 13 13 13 12 13 13 14 13 13 14 13 13 14 13 13 14 13 13 12 13 13 13 13 13 13 13 13 13 13 13 13 13 13 13 13 13 13 12
1249_1_0 4 4 8 5 6 1 1 2 3 3 3 2 4 1 4 3 27 12 13 13 13 13 13 13 13 13 13 13 13 14 13 13 14 13 13 12 13 13 13 13 13 13 13 13 13 13 13 13 13 13 13 13 12 13 13 14 13 13 14 13 13 13 13 13 13 13 13 13 13 13 12
1250_0_4 3 6 5 7 6 0 3 3 3 3 4 1 2 3 2 3 27 12 13 13 13 13 13 13 13 13 12 13 13 13 13 13 13 14 13 13 13 13 13 13 14 13 13 13 13 13 13 14 13 13 13 13 13 13 14 13 13 13 13 13 13 12 13 13 13 13 13 13 13 13 12
1250_1_4 3 6 7 5 6 0 3 3 3 3 4 1 2 3 2 3 27 12 13 13 13 13 13 13 13 13 12 13 13 13 13 13 13 14 13 13 13 13 13 13 14 13 13 13 13 13 13 14 13 13 13 13 13 13 14 13 13 13 13 13 13 12 13 13 13 13 13 13 13 13 12
1253_0_0 3 6 5 7 6 0 3 1 2 3 3 3 2 3 4 3 27 12 13 13 13 12 13 13 13 13 13 13 13 13 14 13 13 13 13 13 13 13 13 14 13 13 13 13 13 13 13 13 14 13 13 13 13 13 13 13 13 14 13 13 13 13 13 13 13 13 12 13 13 13 12
1254_0_0 3 5 5 6 8 1 2 2 4 1 2 3 4 2 4 2 27 12 13 13 13 13 13 13 12 13 13 13 13 13 13 14 13 13 14 13 13 13 13 13 13 13 13 13 13 13 13 13 13 13 13 13 13 14 13 13 14 13 13 13 13 13 13 12 13 13 13 13 13 13 12
1255_0_0 4 4 6 5 8 1 1 3 4 3 3 2 2 3 1 4 27 12 13 13 12 13 14 13 13 13 13 13 13 13 13 13 13 14 13 13 13 13 13 13 13 13 13 13 13 13 13 13 13 13 13 13 13 13 14 13 13 13 13 13 13 13 13 13 13 14 13 12 13 13 12
1256_0_0 3 6 5 7 6 0 3 1 2 3 3 3 2 3 4 3 27 12 13 13 13 12 13 13 13 13 13 13 14 13 13 13 13 13 13 14 13 13 13 13 13 13 13 13 13 13 13 13 13 13 13 13 14 13 13 13 13 13 13 14 13 13 13 13 13 13 12 13 13 13 12
1257_0_0 3 6 5 7 6 1 2 2 4 1 2 3 4 2 4 2 27 12 13 13 14 13 13 13 13 13 13 13 13 13 13 13 13 13 14 13 13 13 13 13 13 12 13 13 13 13 12 13 13 13 13 13 13 14 13 13 13 13 13 13 13 13 13 13 13 13 13 14 13 13 12
1258_0_0 3 5 7 5 7 1 2 2 3 3 4 2 1 5 2 2 27 12 13 13 13 13 13 13 13 13 13 13 13 13 13 13 13 13 14 13 13 13 14 13 12 13 13 13 13 13 13 12 13 14 13 13 13 14 13 13 13 13 13 13 13 13 13 13 13 13 13 13 13 13 12
1259_1_0 3 8 6 5 5 1 2 2 4 1 2 3 4 2 4 2 27 12 13 12 13 13 13 14 13 13 13 13 13 13 13 14 13 13 13 13 13 13 13 13 13 13 13 13 13 13 13 13 13 13 13 13 13 13 13 13 14 13 13 13 13 13 13 13 14 13 13 13 12 13 12
1261_0_0 4 4 6 5 8 0 1 3 3 3 2 3 3 3 2 4 27 12 13 13 13 13 13 13 13 13 13 13 13 13 13 13 13 13 14 13 13 14 13 13 12 13 13 13 13 13 13 12 13 13 14 13 13 14 13 13 13 13 13 13 13 13 13 13 13 13 13 13 13 13 12
1263_0_0 4 4 6 5 8 1 1 3 4 3 3 2 2 3 1 4 27 12 13 13 13 14 13 13 13 13 13 13 13 13 13 12 13 14 13 13 13 13 13 13 13 13 13 13 13 13 13 13 13 13 13 13 13 13 14 13 12 13 13 13 13 13 13 13 13 13 14 13 13 13 12
1264_0_0 3 5 7 5 7 1 1 2 4 1 3 3 2 4 3 3 27 12 13 13 13 13 13 13 13 13 13 13 13 13 13 13 13 14 13 13 13 13 13 14 13 13 12 13 13 12 13 13 14 13 13 13 13 13 14 13 13 13 13 13 13 13 13 13 13 13 13 13 13 13 12
1265_0_4 3 5 7 5 7 1 2 3 3 1 3 4 2 4 2 2 27 12 13 14 13 13 13 13 13 13 13 12 13 13 13 13 13 13 13 13 13 13 13 14 13 13 13 13 13 13 13 13 14 13 13 13 13 13 13 13 13 13 13 13 12 13 13 13 13 13 13 13 14 13 12
1266_0_0 3 6 5 7 6 0 3 3 1 2 2 3 3 4 3 3 27 13 13 13 13 12 13 13 13 13 13 12 13 13 13 13 13 13 13 13 13 14 14 13 13 13 13 13 13 13 13 13 13 14 14 13 13 13 13 13 13 13 13 13 12 13 13 13 13 13 12 13 13 13 13
1268_0_0 3 5 7 5 7 0 2 3 2 3 1 4 3 3 3 3 27 12 13 13 13 13 13 13 13 13 13 12 13 14 13 13 13 13 13 13 13 13 14 13 13 13 13 13 13 13 13 13 13 14 13 13 13 13 13 13 13 13 14 13 12 13 13 13 13 13 13 13 13 13 12
1270_0_0 3 5 8 5 6 0 2 3 2 3 1 4 3 3 3 3 27 12 13 13 13 13 13 13 13 13 13 14 13 13 13 13 13 13 13 13 14 13 12 13 13 13 13 13 13 13 13 13 13 12 13 14 13 13 13 13 13 13 13 13 14 13 13 13 13 13 13 13 13 13 12
1271_1_0 3 6 5 8 5 0 3 3 2 1 3 2 4 3 3 3 27 12 13 13 13 13 13 13 13 13 13 13 13 12 13 13 14 13 13 13 14 13 13 13 13 13 13 13 13 13 13 13 13 13 13 14 13 13 13 14 13 13 12 13 13 13 13 13 13 13 13 13 13 13 12
1272_1_0 4 4 8 5 6 0 2 2 3 3 1 4 3 3 3 3 27 12 13 13 13 13 13 13 13 13 14 13 13 14 13 12 13 13 13 13 13 13 13 13 13 13 13 13 13 13 13 13 13 13 13 13 13 13 13 13 12 13 14 13 13 14 13 13 13 13 13 13 13 13 12
1273_0_4 4 4 6 5 8 1 3 2 2 2 2 5 3 2 2 3 27 13 13 13 13 12 13 13 13 13 13 12 13 13 13 14 13 13 13 13 13 13 13 13 13 13 13 14 14 13 13 13 13 13 13 13 13 13 13 13 14 13 13 13 12 13 13 13 13 13 12 13 13 13 13
1274_0_0 3 5 5 6 8 1 1 3 2 2 3 3 1 4 3 4 27 12 13 13 13 13 13 13 13 13 13 13 13 12 13 14 13 13 14 13 13 13 13 13 13 13 13 13 13 13 13 13 13 13 13 13 13 14 13 13 14 13 12 13 13 13 13 13 13 13 13 13 13 13 12
1275_0_0 4 4 6 5 8 1 2 3 1 4 4 3 1 3 2 3 27 12 13 13 13 13 13 13 13 13 13 13 13 13 13 13 12 13 14 13 13 13 13 13 13 13 14 13 13 14 13 13 13 13 13 13 13 14 13 12 13 13 13 13 13 13 13 13 13 13 13 13 13 13 12
1277_0_0 3 5 8 5 6 0 1 3 3 3 3 3 2 3 2 4 27 12 13 13 13 13 13 13 12 13 13 13 13 13 13 14 13 13 13 13 13 14 13 13 13 13 13 13 13 13 13 13 13 13 14 13 13 13 13 13 14 13 13 13 13 13 13 12 13 13 13 13 13 13 12
1278_0_0 4 4 6 5 8 1 2 1 3 3 2 1 5 3 3 3 27 12 13 13 13 13 13 13 13 13 13 14 13 13 13 13 13 13 13 13 13 13 13 14 13 13 12 13 13 12 13 13 14 13 13 13 13 13 13 13 13 13 13 13 14 13 13 13 13 13 13 13 13 13 12
1279_0_4 4 4 6 5 8 1 2 3 3 1 3 4 2 4 2 2 27 12 13 14 13 13 13 13 13 13 13 13 14 13 13 13 13 13 13 13 13 13 12 13 13 13 13 13 13 13 13 13 13 12 13 13 13 13 13 13 13 13 13 14 13 13 13 13 13 13 13 13 14 13 12
1280_0_0 3 5 7 5 7 0 3 1 2 3 3 3 2 3 4 3 27 12 13 14 13 13 12 13 13 13 13 13 14 13 13 13 13 13 13 13 13 13 13 13 13 13 13 13 13 13 13 13 13 13 13 13 13 13 13 13 13 13 13 14 13 13 13 13 13 12 13 13 14 13 12
1281_0_0 3 5 7 5 7 0 3 3 2 1 3 2 4 3 3 3 27 12 13 14 13 13 13 13 13 13 13 13 13 13 12 13 13 13 13 13 13 13 13 13 13 13 13 14 14 13 13 13 13 13 13 13 13 13 13 13 13 12 13 13 13 13 13 13 13 13 13 13 14 13 12
1282_0_0 4 4 6 5 8 1 2 3 1 4 4 3 1 3 2 3 27 12 13 13 14 13 12 13 13 13 13 13 13 13 13 13 13 13 14 13 13 13 13 13 13 13 13 13 13 13 13 13 13 13 13 13 13 14 13 13 13 13 13 13 13 13 13 13 13 12 13 14 13 13 12
1283_1_0 3 6 5 8 5 1 2 2 3 4 2 4 2 1 2 4 27 12 13 13 13 13 13 13 13 13 13 13 13 12 14 14 13 13 13 13 13 13 13 13 13 13 13 13 13 13 13 13 13 13 13 13 13 13 13 13 14 14 12 13 13 13 13 13 13 13 13 13 13 13 12
1284_1_0 3 8 6 5 5 0 3 1 2 3 3 3 2 3 4 3 27 12 13 13 13 13 12 13 13 13 14 13 13 13 13 13 13 13 13 14 13 13 13 13 13 13 13 13 13 13 13 13 13 13 13 13 14 13 13 13 13 13 13 13 13 14 13 13 13 12 13 13 13 13 12
1285_1_0 4 5 4 8 6 0 2 3 3 3 4 2 2 2 2 4 27 12 13 13 13 13 13 12 13 13 13 13 13 13 13 13 14 13 13 14 13 13 13 13 13 13 13 13 13 13 13 13 13 13 13 13 14 13 13 14 13 13 13 13 13 13 13 13 12 13 13 13 13 13 12
1286_1_0 3 8 6 5 5 0 3 1 2 3 3 3 2 3 4 3 27 12 13 13 13 13 13 13 13 13 13 13 13 13 13 13 12 13 13 13 13 14 13 13 13 14 13 13 13 13 14 13 13 13 14 13 13 13 13 12 13 13 13 13 13 13 13 13 13 13 13 13 13 13 12
1287_0_4 4 4 6 5 8 1 2 3 3 1 3 4 2 4 2 2 27 12 13 14 13 13 13 13 13 13 13 12 13 13 13 13 13 13 13 13 13 14 13 13 13 13 13 13 13 13 13 13 13 13 14 13 13 13 13 13 13 13 13 13 12 13 13 13 13 13 13 13 14 13 12
1288_0_0 3 5 8 5 6 0 3 2 3 4 3 3 1 2 3 3 27 12 13 12 13 14 13 13 13 13 13 13 13 13 13 13 13 13 13 13 13 14 13 13 13 13 13 13 13 13 13 13 13 13 14 13 13 13 13 13 13 13 13 13 13 13 13 13 13 13 14 13 12 13 12
1290_0_0 4 4 6 5 8 1 1 2 4 3 3 2 3 3 1 4 27 12 13 13 13 13 13 13 13 13 13 13 12 13 13 13 13 13 14 13 13 13 13 14 13 13 13 13 13 13 13 13 14 13 13 13 13 14 13 13 13 13 13 12 13 13 13 13 13 13 13 13 13 13 12
1291_1_0 3 7 5 7 5 1 1 2 3 3 3 2 4 1 4 3 27 12 13 13 13 13 13 13 13 13 13 13 13 14 12 13 13 13 13 13 13 13 13 13 13 13 13 14 14 13 13 13 13 13 13 13 13 13 13 13 13 12 14 13 13 13 13 13 13 13 13 13 13 13 12
1293_0_0 4 4 6 5 8 1 2 1 3 3 2 1 5 3 3 3 27 12 13 13 13 13 13 13 13 13 14 13 13 13 13 12 13 13 13 13 13 13 14 13 13 13 13 13 13 13 13 13 13 14 13 13 13 13 13 13 12 13 13 13 13 14 13 13 13 13 13 13 13 13 12
1295_0_0 4 4 6 5 8 1 1 2 3 3 3 2 4 1 4 3 27 12 13 13 13 13 13 13 13 13 13 13 13 13 13 13 13 14 13 13 14 13 13 13 13 12 13 13 13 13 12 13 13 13 13 14 13 13 14 13 13 13 13 13 13 13 13 13 13 13 13 13 13 13 12
1296_0_0 3 6 5 7 6 1 1 3 2 2 3 3 1 5 3 3 27 12 13 14 13 13 13 13 13 13 13 14 13 13 13 13 13 13 13 13 13 13 13 13 13 12 13 13 13 13 12 13 13 13 13 13 13 13 13 13 13 13 13 13 14 13 13 13 13 13 13 13 14 13 12
1298_0_0 3 5 5 6 8 1 2 2 4 3 3 1 4 3 1 3 27 12 13 13 13 13 13 13 13 13 13 13 13 13 13 14 13 13 13 13 13 12 13 13 14 13 13 13 13 13 13 14 13 13 12 13 13 13 13 13 14 13 13 13 13 13 13 13 13 13 13 13 13 13 12
1299_0_0 3 5 7 5 7 1 2 1 3 3 2 1 5 3 3 3 27 12 13 13 12 13 13 13 13 13 13 13 14 13 13 13 13 13 13 13 13 13 14 13 13 13 13 13 13 13 13 13 13 14 13 13 13 13 13 13 13 13 13 14 13 13 13 13 13 13 13 12 13 13 12
1301_0_0 3 5 8 5 6 1 1 2 4 1 4 3 2 3 3 3 27 12 13 13 14 13 13 13 13 13 13 13 13 13 13 13 13 12 13 13 13 13 13 13 13 14 13 13 13 13 14 13 13 13 13 13 13 13 12 13 13 13 13 13 13 13 13 13 13 13 13 14 13 13 12
1303_0_0 4 5 4 6 8 1 2 2 2 3 2 4 1 4 4 2 27 12 13 13 14 13 13 13 13 14 13 13 13 13 13 13 13 12 13 13 13 13 13 13 13 13 13 13 13 13 13 13 13 13 13 13 13 13 12 13 13 13 13 13 13 13 14 13 13 13 13 14 13 13 12
1304_0_0 4 4 6 5 8 1 1 2 4 3 3 2 3 3 1 4 27 12 13 13 13 13 13 13 13 13 12 13 14 13 13 14 13 13 13 13 13 13 13 13 13 13 13 13 13 13 13 13 13 13 13 13 13 13 13 13 14 13 13 14 13 12 13 13 13 13 13 13 13 13 12
1305_1_0 4 4 8 5 6 1 2 2 2 3 2 4 1 4 4 2 27 12 13 13 13 12 13 14 13 13 13 13 13 13 13 13 13 13 13 13 14 13 13 13 13 13 13 13 13 13 13 13 13 13 13 14 13 13 13 13 13 13 13 13 13 13 13 13 14 13 12 13 13 13 12
1307_0_0 3 5 5 6 8 1 1 3 1 3 3 3 2 3 3 4 27 12 13 14 13 13 13 13 13 13 14 13 13 13 13 13 13 13 13 13 13 13 12 13 13 13 13 13 13 13 13 13 13 12 13 13 13 13 13 13 13 13 13 13 13 14 13 13 13 13 13 13 14 13 12
1307_1_2 3 8 6 5 5 1 2 2 4 2 4 3 1 3 3 2 27 12 13 14 13 13 13 13 13 13 14 13 13 13 13 13 13 13 13 13 13 13 12 13 13 13 13 13 13 13 13 13 13 12 13 13 13 13 13 13 13 13 13 13 13 14 13 13 13 13 13 13 14 13 12
1309_0_0 3 6 5 7 6 1 1 2 4 3 3 2 3 3 1 4 27 12 13 13 13 13 13 13 13 13 12 13 14 13 13 13 13 13 13 13 13 13 13 13 13 13 14 13 13 14 13 13 13 13 13 13 13 13 13 13 13 13 13 14 13 12 13 13 13 13 13 13 13 13 12
1310_1_0 4 4 8 5 6 1 2 2 3 4 2 4 2 1 2 4 27 12 13 13 13 13 13 13 13 12 13 13 13 13 13 13 13 13 14 14 13 13 13 13 13 13 13 13 13 13 13 13 13 13 13 13 14 14 13 13 13 13 13 13 13 13 12 13 13 13 13 13 13 13 12
1311_1_0 4 4 8 5 6 1 1 3 2 2 3 3 1 4 3 4 27 12 13 13 13 13 13 13 13 13 13 13 13 13 13 13 13 13 14 13 13 13 13 13 12 13 14 13 13 14 13 12 13 13 13 13 13 14 13 13 13 13 13 13 13 13 13 13 13 13 13 13 13 13 12
1312_1_0 4 5 4 8 6 1 2 2 4 3 3 1 4 3 1 3 27 12 13 13 13 13 13 13 13 14 13 13 12 13 13 13 13 13 13 13 13 13 13 13 13 13 14 13 13 14 13 13 13 13 13 13 13 13 13 13 13 13 13 12 13 13 14 13 13 13 13 13 13 13 12
1313_1_0 4 5 5 5 8 0 3 3 2 1 3 2 4 3 3 3 27 12 14 13 13 13 13 13 13 13 13 13 13 13 13 13 13 14 13 13 12 13 13 13 13 13 13 13 13 13 13 13 13 13 13 12 13 13 14 13 13 13 13 13 13 13 13 13 13 13 13 13 13 14 12
1314_0_0 3 5 7 5 7 1 1 3 2 3 4 3 1 4 2 3 27 12 13 14 13 13 13 13 13 13 13 13 13 14 13 13 13 13 13 13 13 13 13 13 13 13 12 13 13 12 13 13 13 13 13 13 13 13 13 13 13 13 14 13 13 13 13 13 13 13 13 13 14 13 12
1315_0_0 4 5 4 6 8 1 2 1 3 3 2 1 5 3 3 3 27 12 13 13 13 13 13 12 13 13 13 14 13 13 13 13 13 13 13 13 13 14 13 13 13 13 13 13 13 13 13 13 13 13 14 13 13 13 13 13 13 13 13 13 14 13 13 13 12 13 13 13 13 13 12
1316_0_4 4 4 6 5 8 1 3 2 2 2 2 5 3 2 2 3 27 12 13 13 13 13 13 13 13 13 13 12 13 13 13 13 13 13 14 13 13 14 13 13 13 13 13 13 13 13 13 13 13 13 14 13 13 14 13 13 13 13 13 13 12 13 13 13 13 13 13 13 13 13 12
1317_0_0 3 5 7 5 7 1 1 3 2 3 1 3 3 3 3 4 27 12 13 13 13 13 13 13 13 13 13 12 13 13 13 13 13 13 14 13 13 13 13 14 13 13 13 13 13 13 13 13 14 13 13 13 13 14 13 13 13 13 13 13 12 13 13 13 13 13 13 13 13 13 12
1317_1_2 3 7 5 7 5 1 2 2 3 3 2 2 4 4 1 3 27 12 13 13 13 13 13 13 13 13 13 12 13 13 13 13 13 13 14 13 13 13 13 14 13 13 13 13 13 13 13 13 14 13 13 13 13 14 13 13 13 13 13 13 12 13 13 13 13 13 13 13 13 13 12
1318_1_0 4 5 4 8 6 1 1 2 3 3 3 2 4 1 4 3 27 12 13 13 13 13 14 13 12 13 13 13 13 13 13 13 13 13 13 13 13 13 13 13 14 13 13 13 13 13 13 14 13 13 13 13 13 13 13 13 13 13 13 13 13 13 13 12 13 14 13 13 13 13 12
1319_1_0 3 6 7 5 6 1 2 2 3 4 2 4 2 1 2 4 27 12 13 13 13 13 13 13 13 13 13 13 13 13 14 13 13 13 14 13 12 13 13 13 13 13 13 13 13 13 13 13 13 13 13 12 13 14 13 13 13 14 13 13 13 13 13 13 13 13 13 13 13 13 12
1320_1_0 4 5 4 8 6 1 2 2 3 4 2 4 2 1 2 4 27 12 12 13 14 13 13 13 13 13 13 13 13 13 13 13 13 13 13 14 13 13 13 13 13 13 13 13 13 13 13 13 13 13 13 13 14 13 13 13 13 13 13 13 13 13 13 13 13 13 13 14 13 12 12
1321_1_0 4 5 4 8 6 0 3 3 2 2 1 3 3 3 3 4 27 12 13 13 13 13 13 13 13 13 13 13 12 13 13 13 14 13 13 14 13 13 13 13 13 13 13 13 13 13 13 13 13 13 13 13 14 13 13 14 13 13 13 12 13 13 13 13 13 13 13 13 13 13 12
1322_1_0 3 7 6 6 5 0 3 3 2 1 3 2 4 3 3 3 27 12 13 13 13 13 13 13 13 14 13 13 13 13 13 13 14 13 13 13 12 13 13 13 13 13 13 13 13 13 13 13 13 13 13 12 13 13 13 14 13 13 13 13 13 13 14 13 13 13 13 13 13 13 12
1324_0_0 4 4 6 5 8 1 1 2 4 1 4 3 2 3 3 3 27 12 13 13 13 13 13 13 13 13 13 13 13 13 14 13 12 13 14 13 13 13 13 13 13 13 13 13 13 13 13 13 13 13 13 13 13 14 13 12 13 14 13 13 13 13 13 13 13 13 13 13 13 13 12
1326_0_0 4 4 6 5 8 0 3 1 2 3 3 3 2 3 4 3 27 12 13 13 13 13 13 13 13 13 13 13 14 13 14 13 12 13 13 13 13 13 13 13 13 13 13 13 13 13 13 13 13 13 13 13 13 13 13 12 13 14 13 14 13 13 13 13 13 13 13 13 13 13 12
1327_0_0 3 6 5 7 6 1 1 2 4 1 4 3 2 3 3 3 27 12 13 14 14 12 13 13 13 13 13 13 13 13 13 13 13 13 13 13 13 13 13 13 13 13 13 13 13 13 13 13 13 13 13 13 13 13 13 13 13 13 13 13 13 13 13 13 13 13 12 14 14 13 12
1328_1_0 3 6 7 5 6 0 3 3 2 1 3 2 4 3 3 3 27 12 13 13 13 13 13 13 13 13 12 13 14 13 13 13 14 13 13 13 13 13 13 13 13 13 13 13 13 13 13 13 13 13 13 13 13 13 13 14 13 13 13 14 13 12 13 13 13 13 13 13 13 13 12
1330_0_0 3 6 5 7 6 1 1 2 4 3 3 2 3 3 1 4 27 12 13 13 13 13 13 13 13 13 12 13 13 13 13 13 13 13 14 13 13 14 13 13 13 13 13 13 13 13 13 13 13 13 14 13 13 14 13 13 13 13 13 13 13 12 13 13 13 13 13 13 13 13 12
1332_0_0 3 5 6 6 7 1 2 1 2 3 2 5 2 2 3 4 27 12 13 13 13 12 13 13 13 13 13 14 13 13 13 13 13 13 13 13 13 13 13 13 14 13 13 13 13 13 13 14 13 13 13 13 13 13 13 13 13 13 13 13 14 13 13 13 13 13 12 13 13 13 12
1333_0_4 3 5 5 6 8 1 2 2 4 2 5 2 1 3 3 2 27 12 13 13 13 13 13 13 13 13 13 14 13 13 13 14 13 13 13 12 13 13 13 13 13 13 13 13 13 13 13 13 13 13 13 13 12 13 13 13 14 13 13 13 14 13 13 13 13 13 13 13 13 13 12
1333_1_4 3 8 6 5 5 1 2 2 4 2 5 2 1 3 3 2 27 12 13 13 13 13 13 13 13 13 13 14 13 13 13 14 13 13 13 12 13 13 13 13 13 13 13 13 13 13 13 13 13 13 13 13 12 13 13 13 14 13 13 13 14 13 13 13 13 13 13 13 13 13 12
1334_0_4 3 5 5 6 8 1 3 2 2 2 2 5 3 2 2 3 27 12 13 13 13 13 13 13 13 13 14 13 13 13 13 13 13 13 14 13 13 13 12 13 13 13 13 13 13 13 13 13 13 12 13 13 13 14 13 13 13 13 13 13 13 14 13 13 13 13 13 13 13 13 12
1335_0_0 3 6 5 7 6 1 2 2 3 3 4 2 1 5 2 2 27 12 13 13 13 13 13 13 13 13 13 13 13 13 13 13 13 13 13 13 12 13 14 13 13 13 14 13 13 14 13 13 13 14 13 12 13 13 13 13 13 13 13 13 13 13 13 13 13 13 13 13 13 13 12
1337_0_0 3 5 5 6 8 1 1 2 4 3 3 2 3 3 1 4 27 12 13 13 13 13 13 13 13 13 14 13 12 13 13 13 13 13 14 13 13 13 13 13 13 13 13 13 13 13 13 13 13 13 13 13 13 14 13 13 13 13 13 12 13 14 13 13 13 13 13 13 13 13 12
1338_1_0 3 8 6 5 5 0 3 3 2 1 3 2 4 3 3 3 27 12 13 13 13 13 13 13 13 13 14 13 12 13 13 13 13 14 13 13 13 13 13 13 13 13 13 13 13 13 13 13 13 13 13 13 13 13 14 13 13 13 13 12 13 14 13 13 13 13 13 13 13 13 12
1339_1_0 3 7 6 6 5 0 3 3 2 1 3 2 4 3 3 3 27 12 13 13 13 13 13 13 13 13 12 13 13 13 13 13 14 13 13 13 13 14 13 13 13 13 13 13 13 13 13 13 13 13 14 13 13 13 13 14 13 13 13 13 13 12 13 13 13 13 13 13 13 13 12
1340_1_0 3 8 6 5 5 1 2 2 4 1 2 3 4 2 4 2 27 12 13 13 13 13 13 13 13 13 13 13 13 13 13 14 13 13 13 12 13 13 13 13 13 13 14 13 13 14 13 13 13 13 13 13 12 13 13 13 14 13 13 13 13 13 13 13 13 13 13 13 13 13 12
1341_1_0 4 4 8 5 6 0 3 3 2 1 3 2 4 3 3 3 27 12 13 13 13 13 13 13 13 13 13 13 12 13 13 13 13 14 13 13 13 13 13 14 13 13 13 13 13 13 13 13 14 13 13 13 13 13 14 13 13 13 13 12 13 13 13 13 13 13 13 13 13 13 12
1343_0_0 4 4 6 5 8 0 3 3 2 1 2 3 4 3 2 4 27 12 13 13 13 13 13 13 13 13 13 13 12 13 13 13 13 14 13 13 13 13 14 13 13 13 13 13 13 13 13 13 13 14 13 13 13 13 14 13 13 13 13 12 13 13 13 13 13 13 13 13 13 13 12
1344_0_0 4 4 6 5 8 1 1 2 3 2 4 3 2 3 2 4 27 13 13 13 13 12 13 13 13 13 13 12 13 13 13 13 13 13 13 13 14 13 13 13 13 13 13 14 14 13 13 13 13 13 13 14 13 13 13 13 13 13 13 13 12 13 13 13 13 13 12 13 13 13 13
1344_1_2 4 4 8 5 6 1 2 1 3 3 1 3 3 3 3 4 27 13 13 13 13 12 13 13 13 13 13 12 13 13 13 13 13 13 13 13 14 13 13 13 13 13 13 14 14 13 13 13 13 13 13 14 13 13 13 13 13 13 13 13 12 13 13 13 13 13 12 13 13 13 13
1345_0_4 4 4 6 5 8 1 3 2 2 2 2 5 3 2 2 3 27 12 13 13 13 13 13 13 13 13 13 13 14 13 13 13 13 13 14 13 13 13 12 13 13 13 13 13 13 13 13 13 13 12 13 13 13 14 13 13 13 13 13 14 13 13 13 13 13 13 13 13 13 13 12
1346_0_0 3 5 6 6 7 1 1 3 2 3 4 3 1 4 2 3 27 12 13 13 13 13 13 13 13 13 13 13 13 13 13 12 13 13 13 14 13 13 13 13 14 13 13 13 13 13 13 14 13 13 13 13 14 13 13 13 12 13 13 13 13 13 13 13 13 13 13 13 13 13 12
1347_0_0 3 5 7 5 7 1 1 2 2 2 4 3 2 3 2 5 27 12 13 13 13 13 13 13 13 13 13 13 13 13 13 13 13 14 13 13 13 13 14 13 13 13 12 13 13 12 13 13 13 14 13 13 13 13 14 13 13 13 13 13 13 13 13 13 13 13 13 13 13 13 12
1347_1_0 3 7 5 7 5 1 1 2 2 2 4 3 2 3 2 5 27 12 13 13 13 13 13 13 13 13 13 13 13 13 13 13 13 14 13 13 13 13 14 13 13 13 12 13 13 12 13 13 13 14 13 13 13 13 14 13 13 13 13 13 13 13 13 13 13 13 13 13 13 13 12
1348_0_0 3 6 5 7 6 0 3 3 2 1 2 3 4 3 2 4 27 12 13 13 13 13 13 13 13 13 12 13 13 13 13 13 14 13 13 13 13 13 14 13 13 13 13 13 13 13 13 13 13 14 13 13 13 13 13 14 13 13 13 13 13 12 13 13 13 13 13 13 13 13 12
1349_0_0 3 5 5 6 8 1 2 3 4 2 4 2 1 3 2 3 27 12 13 13 13 13 13 13 13 13 13 13 13 13 13 13 13 14 13 13 14 13 12 13 13 13 13 13 13 13 13 13 13 12 13 14 13 13 14 13 13 13 13 13 13 13 13 13 13 13 13 13 13 13 12
1351_0_0 3 5 5 6 8 0 3 3 2 1 2 3 4 3 2 4 27 12 13 13 13 14 13 13 13 13 13 14 13 13 13 13 13 13 13 13 13 12 13 13 13 13 13 13 13 13 13 13 13 13 12 13 13 13 13 13 13 13 13 13 14 13 13 13 13 13 14 13 13 13 12
1352_0_0 3 5 5 6 8 1 1 2 4 3 3 2 3 3 1 4 27 12 13 13 13 13 13 13 13 13 14 13 13 13 13 13 13 13 14 13 13 13 13 12 13 13 13 13 13 13 13 13 12 13 13 13 13 14 13 13 13 13 13 13 13 14 13 13 13 13 13 13 13 13 12
1354_0_0 3 5 5 6 8 1 2 1 3 3 2 1 5 3 3 3 27 12 13 13 13 13 13 12 13 13 14 13 13 13 13 13 13 13 13 13 13 13 14 13 13 13 13 13 13 13 13 13 13 14 13 13 13 13 13 13 13 13 13 13 13 14 13 13 12 13 13 13 13 13 12
1355_0_4 4 4 6 5 8 1 1 3 2 3 4 2 3 1 4 3 27 12 13 13 13 13 13 13 13 13 13 13 13 13 13 13 13 14 13 13 13 13 13 13 12 13 14 13 13 14 13 12 13 13 13 13 13 13 14 13 13 13 13 13 13 13 13 13 13 13 13 13 13 13 12
1355_1_4 4 4 8 5 6 1 1 3 2 3 4 2 3 1 4 3 27 12 13 13 13 13 13 13 13 13 13 13 13 13 13 13 13 14 13 13 13 13 13 13 12 13 14 13 13 14 13 12 13 13 13 13 13 13 14 13 13 13 13 13 13 13 13 13 13 13 13 13 13 13 12
1356_1_0 3 8 6 5 5 0 3 3 2 1 3 2 4 3 3 3 27 12 13 13 13 13 13 13 13 13 13 13 13 12 13 13 13 14 13 13 14 13 13 13 13 13 13 13 13 13 13 13 13 13 13 14 13 13 14 13 13 13 12 13 13 13 13 13 13 13 13 13 13 13 12
1357_1_0 4 5 4 8 6 0 3 3 2 1 3 2 4 3 3 3 27 12 13 13 13 13 13 13 13 13 13 13 13 12 13 13 14 13 13 13 13 13 13 13 14 13 13 13 13 13 13 14 13 13 13 13 13 13 13 14 13 13 12 13 13 13 13 13 13 13 13 13 13 13 12
1359_0_0 3 5 7 5 7 1 2 1 2 3 2 5 2 2 3 4 27 12 13 13 13 13 12 13 13 13 13 13 13 14 13 13 13 13 13 13 13 13 14 13 13 13 13 13 13 13 13 13 13 14 13 13 13 13 13 13 13 13 14 13 13 13 13 13 13 12 13 13 13 13 12
1360_1_0 4 4 8 5 6 1 2 2 4 1 2 3 4 2 4 2 27 12 13 12 13 13 13 14 13 13 13 13 13 13 13 13 13 13 14 13 13 13 13 13 13 13 13 13 13 13 13 13 13 13 13 13 13 14 13 13 13 13 13 13 13 13 13 13 14 13 13 13 12 13 12
1362_0_0 3 6 5 7 6 0 2 3 2 3 1 4 3 3 3 3 27 12 13 13 13 13 13 13 13 13 13 13 13 13 13 12 13 13 14 13 13 13 13 13 14 13 13 13 13 13 13 14 13 13 13 13 13 14 13 13 12 13 13 13 13 13 13 13 13 13 13 13 13 13 12
1363_0_4 4 4 7 5 7 1 1 2 2 3 2 3 3 3 2 5 27 12 14 13 13 12 13 13 14 13 13 13 13 13 13 13 13 13 13 13 13 13 13 13 13 13 13 13 13 13 13 13 13 13 13 13 13 13 13 13 13 13 13 13 13 13 13 14 13 13 12 13 13 14 12
1363_1_4 4 5 5 5 8 1 1 2 2 3 2 3 3 3 2 5 27 12 14 13 13 12 13 13 14 13 13 13 13 13 13 13 13 13 13 13 13 13 13 13 13 13 13 13 13 13 13 13 13 13 13 13 13 13 13 13 13 13 13 13 13 13 13 14 13 13 12 13 13 14 12
1363_2_4 4 8 5 5 5 1 1 2 2 3 2 3 3 3 2 5 27 12 14 13 13 12 13 13 14 13 13 13 13 13 13 13 13 13 13 13 13 13 13 13 13 13 13 13 13 13 13 13 13 13 13 13 13 13 13 13 13 13 13 13 13 13 13 14 13 13 12 13 13 14 12
1365_0_0 4 4 6 5 8 1 2 1 3 2 2 4 1 3 4 4 27 12 13 13 13 13 13 13 13 13 13 13 13 13 13 13 13 13 13 12 13 13 14 13 13 13 14 13 13 14 13 13 13 14 13 13 12 13 13 13 13 13 13 13 13 13 13 13 13 13 13 13 13 13 12
1365_1_0 4 4 8 5 6 1 2 1 3 2 2 4 1 3 4 4 27 12 13 13 13 13 13 13 13 13 13 13 13 13 13 13 13 13 13 12 13 13 14 13 13 13 14 13 13 14 13 13 13 14 13 13 12 13 13 13 13 13 13 13 13 13 13 13 13 13 13 13 13 13 12
1366_0_0 3 5 7 5 7 0 3 2 3 4 3 3 1 2 3 3 27 12 13 13 13 13 13 13 13 13 13 13 13 13 12 13 13 13 13 13 13 13 13 14 13 13 13 14 14 13 13 13 14 13 13 13 13 13 13 13 13 12 13 13 13 13 13 13 13 13 13 13 13 13 12
1367_1_0 3 6 7 5 6 0 3 3 2 2 1 3 3 3 3 4 27 12 13 14 13 13 13 13 13 13 12 13 13 13 13 13 14 13 13 13 13 13 13 13 13 13 13 13 13 13 13 13 13 13 13 13 13 13 13 14 13 13 13 13 13 12 13 13 13 13 13 13 14 13 12
1369_0_0 3 5 5 6 8 1 2 3 4 2 4 2 1 3 2 3 27 12 13 13 13 13 13 13 13 13 13 12 13 13 13 13 14 13 13 13 14 13 13 13 13 13 13 13 13 13 13 13 13 13 13 14 13 13 13 14 13 13 13 13 12 13 13 13 13 13 13 13 13 13 12
1370_1_0 3 7 6 6 5 1 1 2 3 1 4 2 3 3 3 4 27 12 13 13 13 12 13 13 13 14 13 13 13 13 13 13 13 13 13 13 13 13 13 13 14 13 13 13 13 13 13 14 13 13 13 13 13 13 13 13 13 13 13 13 13 13 14 13 13 13 12 13 13 13 12
1371_1_0 3 6 7 5 6 1 1 3 2 3 4 3 1 4 2 3 27 12 13 14 13 13 13 13 13 13 13 13 13 13 13 12 13 13 13 13 13 13 13 13 14 13 13 13 13 13 13 14 13 13 13 13 13 13 13 13 12 13 13 13 13 13 13 13 13 13 13 13 14 13 12
1373_0_0 3 5 5 6 8 0 2 2 3 3 1 4 3 3 3 3 27 12 13 13 12 13 13 13 13 13 14 13 13 13 13 13 13 13 13 13 13 13 13 13 14 13 13 13 13 13 13 14 13 13 13 13 13 13 13 13 13 13 13 13 13 14 13 13 13 13 13 12 13 13 12
1374_0_0 3 6 5 7 6 0 2 4 3 2 3 3 3 3 1 3 27 12 13 14 13 13 13 13 13 13 13 13 13 13 13 12 13 13 13 13 13 14 13 13 13 13 13 13 13 13 13 13 13 13 14 13 13 13 13 13 12 13 13 13 13 13 13 13 13 13 13 13 14 13 12
1376_0_0 3 5 5 6 8 1 1 2 4 3 3 2 3 3 1 4 27 12 13 13 13 13 13 14 13 13 14 13 12 13 13 13 13 13 13 13 13 13 13 13 13 13 13 13 13 13 13 13 13 13 13 13 13 13 13 13 13 13 13 12 13 14 13 13 14 13 13 13 13 13 12
1378_0_0 4 4 6 5 8 0 3 3 2 1 3 2 4 3 3 3 27 12 13 13 13 13 13 13 13 14 13 13 13 13 13 13 13 14 13 13 13 13 13 13 12 13 13 13 13 13 13 12 13 13 13 13 13 13 14 13 13 13 13 13 13 13 14 13 13 13 13 13 13 13 12
1379_0_0 4 4 6 5 8 1 2 1 3 3 2 1 5 3 3 3 27 12 13 13 13 13 13 12 13 13 13 13 14 13 13 13 13 13 13 13 13 13 14 13 13 13 13 13 13 13 13 13 13 14 13 13 13 13 13 13 13 13 13 14 13 13 13 13 12 13 13 13 13 13 12
1381_0_0 3 5 6 6 7 0 3 3 2 1 3 2 4 3 3 3 27 12 13 13 13 13 14 13 13 13 13 13 13 13 14 13 13 13 13 13 13 13 13 13 13 12 13 13 13 13 12 13 13 13 13 13 13 13 13 13 13 14 13 13 13 13 13 13 13 14 13 13 13 13 12
1382_0_0 3 5 7 5 7 0 1 3 3 3 2 3 3 3 2 4 27 12 13 13 13 13 13 14 13 13 13 13 14 13 13 13 13 13 13 13 13 13 13 13 12 13 13 13 13 13 13 12 13 13 13 13 13 13 13 13 13 13 13 14 13 13 13 13 14 13 13 13 13 13 12
1384_0_0 4 4 7 5 7 1 1 2 4 3 3 2 3 3 1 4 27 12 13 13 13 13 13 13 13 13 12 13 14 13 13 13 13 13 14 13 13 13 13 13 13 13 13 13 13 13 13 13 13 13 13 13 13 14 13 13 13 13 13 14 13 12 13 13 13 13 13 13 13 13 12
1385_1_0 4 5 5 5 8 1 2 3 1 4 4 3 1 3 2 3 27 12 13 13 13 12 13 14 13 13 13 13 13 13 13 13 13 13 14 13 13 13 13 13 13 13 13 13 13 13 13 13 13 13 13 13 13 14 13 13 13 13 13 13 13 13 13 13 14 13 12 13 13 13 12
1387_0_0 3 5 5 6 8 0 3 3 2 1 3 2 4 3 3 3 27 12 13 13 13 13 13 13 13 13 13 13 13 13 13 13 14 13 13 12 13 13 13 13 13 14 13 13 13 13 14 13 13 13 13 13 12 13 13 14 13 13 13 13 13 13 13 13 13 13 13 13 13 13 12
1388_0_0 3 6 5 7 6 1 2 3 1 4 4 3 1 3 2 3 27 12 13 13 13 12 13 14 13 13 13 13 13 13 13 13 13 13 13 13 13 13 13 13 13 13 14 13 13 14 13 13 13 13 13 13 13 13 13 13 13 13 13 13 13 13 13 13 14 13 12 13 13 13 12
1390_0_0 4 4 6 5 8 1 2 3 1 4 3 4 2 1 3 3 27 12 13 13 13 13 13 13 14 13 13 13 13 13 14 13 13 13 13 13 13 13 13 13 12 13 13 13 13 13 13 12 13 13 13 13 13 13 13 13 13 14 13 13 13 13 13 14 13 13 13 13 13 13 12
1392_0_0 4 4 6 5 8 1 1 2 4 1 3 3 2 4 3 3 27 12 13 13 13 13 13 13 13 13 14 13 13 13 13 12 13 14 13 13 13 13 13 13 13 13 13 13 13 13 13 13 13 13 13 13 13 13 14 13 12 13 13 13 13 14 13 13 13 13 13 13 13 13 12
1394_0_0 3 5 7 5 7 1 1 2 4 3 3 2 3 3 1 4 27 12 13 13 13 13 13 13 13 13 13 13 13 13 13 13 13 13 14 13 13 12 13 14 13 13 13 13 13 13 13 13 14 13 12 13 13 14 13 13 13 13 13 13 13 13 13 13 13 13 13 13 13 13 12
1396_0_0 3 5 6 6 7 1 1 2 3 3 3 3 3 1 5 2 27 12 13 13 13 13 13 13 13 13 13 14 13 13 13 13 13 13 13 13 13 14 13 13 13 12 13 13 13 13 12 13 13 13 14 13 13 13 13 13 13 13 13 13 14 13 13 13 13 13 13 13 13 13 12
1397_1_0 3 6 7 5 6 1 1 3 2 2 3 3 1 4 3 4 27 12 13 13 14 13 13 14 13 13 13 13 13 13 13 13 13 13 13 13 12 13 13 13 13 13 13 13 13 13 13 13 13 13 13 12 13 13 13 13 13 13 13 13 13 13 13 13 14 13 13 14 13 13 12
1398_2_0 4 8 5 5 5 1 1 2 4 3 3 2 3 3 1 4 27 12 13 14 13 13 13 14 13 13 13 13 13 13 13 13 13 13 13 13 13 13 13 13 13 12 13 13 13 13 12 13 13 13 13 13 13 13 13 13 13 13 13 13 13 13 13 13 14 13 13 13 14 13 12
1400_1_0 3 8 6 5 5 1 1 2 4 3 3 2 3 3 1 4 27 12 13 13 13 13 13 13 13 13 13 13 12 13 13 14 13 13 13 13 13 13 13 14 13 13 13 13 13 13 13 13 14 13 13 13 13 13 13 13 14 13 13 12 13 13 13 13 13 13 13 13 13 13 12
1402_0_2 4 4 6 5 8 1 2 2 3 3 2 2 4 4 1 3 27 12 13 13 13 13 13 14 13 13 13 13 14 13 13 13 13 13 13 13 13 13 12 13 13 13 13 13 13 13 13 13 13 12 13 13 13 13 13 13 13 13 13 14 13 13 13 13 14 13 13 13 13 13 12
1402_1_4 4 4 8 5 6 1 3 2 2 2 2 5 3 2 2 3 27 12 13 13 13 13 13 14 13 13 13 13 14 13 13 13 13 13 13 13 13 13 12 13 13 13 13 13 13 13 13 13 13 12 13 13 13 13 13 13 13 13 13 14 13 13 13 13 14 13 13 13 13 13 12
1403_1_2 3 8 6 5 5 1 2 2 3 2 3 3 1 5 3 2 27 12 13 13 13 13 13 13 13 13 13 13 13 13 13 13 14 13 13 13 14 13 13 13 12 13 13 13 13 13 13 12 13 13 13 14 13 13 13 14 13 13 13 13 13 13 13 13 13 13 13 13 13 13 12
1405_1_0 3 7 5 7 5 1 1 3 2 2 3 3 1 5 3 3 27 12 13 13 13 13 13 13 13 13 13 13 13 13 13 13 13 13 14 13 13 13 14 13 13 13 12 13 13 12 13 13 13 14 13 13 13 14 13 13 13 13 13 13 13 13 13 13 13 13 13 13 13 13 12
1406_1_2 3 7 6 6 5 1 2 2 3 2 3 3 1 5 3 2 27 12 13 13 13 13 14 13 13 13 13 13 13 13 13 12 13 13 13 13 13 13 13 13 13 13 14 13 13 14 13 13 13 13 13 13 13 13 13 13 12 13 13 13 13 13 13 13 13 14 13 13 13 13 12
1407_0_6 3 6 5 7 6 1 2 3 1 4 2 2 3 5 2 2 27 12 13 13 13 13 13 14 13 13 13 14 13 13 13 13 13 13 13 13 13 13 13 13 13 12 13 13 13 13 12 13 13 13 13 13 13 13 13 13 13 13 13 13 14 13 13 13 14 13 13 13 13 13 12
1407_1_6 3 6 7 5 6 1 2 3 1 4 2 2 3 5 2 2 27 12 13 13 13 13 13 14 13 13 13 14 13 13 13 13 13 13 13 13 13 13 13 13 13 12 13 13 13 13 12 13 13 13 13 13 13 13 13 13 13 13 13 13 14 13 13 13 14 13 13 13 13 13 12
1408_1_2 3 7 6 6 5 1 2 2 3 5 2 2 3 3 1 3 27 12 13 13 13 12 13 13 13 13 13 13 13 13 14 13 13 13 13 13 13 14 13 13 13 13 13 13 13 13 13 13 13 13 14 13 13 13 13 13 13 14 13 13 13 13 13 13 13 13 12 13 13 13 12
1410_0_2 3 5 5 6 8 1 1 2 5 2 3 3 2 3 2 3 27 12 13 13 13 13 13 13 12 13 13 13 14 13 13 14 13 13 13 13 13 13 13 13 13 13 13 13 13 13 13 13 13 13 13 13 13 13 13 13 14 13 13 14 13 13 13 12 13 13 13 13 13 13 12
1411_1_0 3 8 6 5 5 1 2 1 2 3 2 5 2 2 3 4 27 12 13 13 13 13 13 13 13 13 13 13 13 13 13 13 13 12 13 13 14 13 14 13 13 13 13 13 13 13 13 13 13 14 13 14 13 13 12 13 13 13 13 13 13 13 13 13 13 13 13 13 13 13 12
1412_1_2 4 5 4 8 6 1 2 1 3 2 3 3 3 1 4 4 27 12 12 13 14 13 13 13 13 13 13 13 13 13 13 13 13 13 13 13 13 13 13 13 13 13 14 13 13 14 13 13 13 13 13 13 13 13 13 13 13 13 13 13 13 13 13 13 13 13 13 14 13 12 12
1414_1_0 3 6 7 5 6 1 1 3 2 2 3 3 1 5 3 3 27 12 13 13 13 13 13 13 13 13 13 13 13 13 13 13 13 13 13 14 13 13 14 13 13 12 13 13 13 13 12 13 13 14 13 13 14 13 13 13 13 13 13 13 13 13 13 13 13 13 13 13 13 13 12
1416_0_2 3 5 8 5 6 1 2 1 4 2 4 4 1 2 3 3 27 12 13 13 13 13 13 13 12 13 13 14 13 13 13 14 13 13 13 13 13 13 13 13 13 13 13 13 13 13 13 13 13 13 13 13 13 13 13 13 14 13 13 13 14 13 13 12 13 13 13 13 13 13 12
1416_1_2 3 6 5 8 5 1 2 1 4 2 4 4 1 2 3 3 27 12 13 13 13 13 13 13 12 13 13 14 13 13 13 14 13 13 13 13 13 13 13 13 13 13 13 13 13 13 13 13 13 13 13 13 13 13 13 13 14 13 13 13 14 13 13 12 13 13 13 13 13 13 12
1417_0_2 4 4 6 5 8 0 3 2 3 2 1 4 3 3 3 3 27 12 14 13 13 14 13 13 13 13 12 13 13 13 13 13 13 13 13 13 13 13 13 13 13 13 13 13 13 13 13 13 13 13 13 13 13 13 13 13 13 13 13 13 13 12 13 13 13 13 14 13 13 14 12
1417_1_2 4 4 8 5 6 0 3 2 3 2 1 4 3 3 3 3 27 12 14 13 13 14 13 13 13 13 12 13 13 13 13 13 13 13 13 13 13 13 13 13 13 13 13 13 13 13 13 13 13 13 13 13 13 13 13 13 13 13 13 13 13 12 13 13 13 13 14 13 13 14 12
1418_1_0 3 7 5 7 5 0 2 2 3 3 1 3 3 3 3 4 27 12 13 13 13 13 13 13 13 13 13 13 13 13 13 13 13 14 13 12 13 13 13 13 13 13 13 14 14 13 13 13 13 13 13 13 12 13 14 13 13 13 13 13 13 13 13 13 13 13 13 13 13 13 12
1419_1_2 3 7 5 7 5 1 2 2 3 3 3 1 5 3 2 2 27 12 13 13 12 13 13 13 13 13 13 13 13 14 13 13 13 13 13 13 13 13 13 14 13 13 13 13 13 13 13 13 14 13 13 13 13 13 13 13 13 13 14 13 13 13 13 13 13 13 13 12 13 13 12
1421_1_0 4 4 8 5 6 0 2 2 3 3 1 3 3 3 3 4 27 12 13 13 13 13 14 13 13 13 13 13 13 13 12 13 13 13 13 13 13 13 13 13 13 13 13 14 14 13 13 13 13 13 13 13 13 13 13 13 13 12 13 13 13 13 13 13 13 14 13 13 13 13 12
1423_1_0 4 5 5 5 8 1 2 2 3 4 2 4 2 1 2 4 27 12 13 14 13 13 13 14 13 13 13 13 13 13 13 13 13 13 13 13 12 13 13 13 13 13 13 13 13 13 13 13 13 13 13 12 13 13 13 13 13 13 13 13 13 13 13 13 14 13 13 13 14 13 12
1424_0_0 3 5 7 5 7 1 2 3 4 2 4 2 1 3 2 3 27 12 13 13 13 13 13 13 13 13 13 12 13 14 13 13 13 14 13 13 13 13 13 13 13 13 13 13 13 13 13 13 13 13 13 13 13 13 14 13 13 13 14 13 12 13 13 13 13 13 13 13 13 13 12
1426_0_0 3 5 6 6 7 0 3 3 2 1 3 2 4 3 3 3 27 12 13 13 13 13 14 13 13 13 13 13 13 13 13 13 13 13 13 13 12 13 13 13 14 13 13 13 13 13 13 14 13 13 13 12 13 13 13 13 13 13 13 13 13 13 13 13 13 14 13 13 13 13 12
1427_0_0 4 4 6 5 8 1 1 2 4 3 3 2 3 3 1 4 27 12 13 13 13 13 13 13 13 13 13 13 13 13 13 13 13 13 13 13 13 12 13 14 13 13 14 13 13 14 13 13 14 13 12 13 13 13 13 13 13 13 13 13 13 13 13 13 13 13 13 13 13 13 12
1429_0_0 4 4 6 5 8 1 2 2 3 4 3 1 3 4 1 3 27 12 13 13 13 13 13 13 13 13 13 13 13 13 14 13 13 13 13 13 13 13 13 13 12 13 13 14 14 13 13 12 13 13 13 13 13 13 13 13 13 14 13 13 13 13 13 13 13 13 13 13 13 13 12
1431_0_0 4 4 6 5 8 1 1 3 4 3 3 2 2 3 1 4 27 12 13 13 13 13 14 13 13 13 13 13 13 13 13 13 13 14 13 13 13 13 13 13 13 13 12 13 13 12 13 13 13 13 13 13 13 13 14 13 13 13 13 13 13 13 13 13 13 14 13 13 13 13 12
1432_0_0 3 5 5 6 8 1 1 3 2 3 1 3 3 3 3 4 27 12 13 13 13 13 13 13 13 13 13 12 13 13 13 14 13 13 13 13 13 14 13 13 13 13 13 13 13 13 13 13 13 13 14 13 13 13 13 13 14 13 13 13 12 13 13 13 13 13 13 13 13 13 12
1432_1_2 3 8 6 5 5 1 2 2 3 3 2 2 4 4 1 3 27 12 13 13 13 13 13 13 13 13 13 12 13 13 13 14 13 13 13 13 13 14 13 13 13 13 13 13 13 13 13 13 13 13 14 13 13 13 13 13 14 13 13 13 12 13 13 13 13 13 13 13 13 13 12
1433_0_4 3 6 5 7 6 1 2 2 4 4 3 1 3 2 1 4 27 12 13 13 13 13 13 13 13 13 13 14 13 13 13 12 13 14 13 13 13 13 13 13 13 13 13 13 13 13 13 13 13 13 13 13 13 13 14 13 12 13 13 13 14 13 13 13 13 13 13 13 13 13 12
1433_1_4 3 6 7 5 6 1 2 2 4 4 3 1 3 2 1 4 27 12 13 13 13 13 13 13 13 13 13 14 13 13 13 12 13 14 13 13 13 13 13 13 13 13 13 13 13 13 13 13 13 13 13 13 13 13 14 13 12 13 13 13 14 13 13 13 13 13 13 13 13 13 12
1434_1_0 3 6 5 8 5 1 1 2 3 1 4 2 3 3 3 4 27 12 13 13 13 13 13 13 13 14 13 13 13 13 13 13 13 12 13 13 14 13 13 13 13 13 13 13 13 13 13 13 13 13 13 14 13 13 12 13 13 13 13 13 13 13 14 13 13 13 13 13 13 13 12
1436_0_0 3 5 5 6 8 0 2 3 3 2 4 2 2 4 2 3 27 12 13 13 13 13 13 13 13 13 13 13 12 13 13 13 13 14 13 13 14 13 13 13 13 13 13 13 13 13 13 13 13 13 13 14 13 13 14 13 13 13 13 12 13 13 13 13 13 13 13 13 13 13 12
1436_1_0 3 8 6 5 5 0 2 3 3 2 4 2 2 4 2 3 27 12 13 13 13 13 13 13 13 13 13 13 12 13 13 13 13 14 13 13 14 13 13 13 13 13 13 13 13 13 13 13 13 13 13 14 13 13 14 13 13 13 13 12 13 13 13 13 13 13 13 13 13 13 12
1437_0_0 3 5 6 6 7 1 1 3 2 2 3 3 1 4 3 4 27 12 13 13 14 13 13 13 13 13 13 13 13 13 13 13 13 13 13 13 12 13 13 13 13 13 14 13 13 14 13 13 13 13 13 12 13 13 13 13 13 13 13 13 13 13 13 13 13 13 13 14 13 13 12
1438_0_0 3 5 6 6 7 1 2 2 3 4 2 4 2 1 2 4 27 12 13 13 13 13 13 13 13 13 13 13 13 13 14 13 13 13 13 13 12 13 13 13 13 13 14 13 13 14 13 13 13 13 13 12 13 13 13 13 13 14 13 13 13 13 13 13 13 13 13 13 13 13 12
1439_0_0 3 6 5 7 6 1 2 2 4 4 3 1 3 3 1 3 27 12 13 13 13 13 13 13 13 13 13 13 13 13 13 13 13 13 13 13 13 14 13 14 13 12 13 13 13 13 12 13 14 13 14 13 13 13 13 13 13 13 13 13 13 13 13 13 13 13 13 13 13 13 12
1440_1_0 3 8 6 5 5 0 2 3 3 3 4 2 2 2 2 4 27 12 13 13 12 13 14 13 13 13 13 13 13 13 13 13 13 13 13 13 13 13 13 13 13 14 13 13 13 13 14 13 13 13 13 13 13 13 13 13 13 13 13 13 13 13 13 13 13 14 13 12 13 13 12
1441_0_4 3 5 7 5 7 1 3 2 2 2 2 5 3 2 2 3 27 12 13 13 13 13 13 14 13 13 13 12 13 13 13 13 13 13 13 13 13 13 13 14 13 13 13 13 13 13 13 13 14 13 13 13 13 13 13 13 13 13 13 13 12 13 13 13 14 13 13 13 13 13 12
1442_0_0 3 5 6 6 7 1 1 2 2 2 4 3 2 3 2 5 27 12 13 13 13 13 14 13 13 13 13 14 13 13 13 12 13 13 13 13 13 13 13 13 13 13 13 13 13 13 13 13 13 13 13 13 13 13 13 13 12 13 13 13 14 13 13 13 13 14 13 13 13 13 12
1442_1_0 3 7 6 6 5 1 1 2 2 2 4 3 2 3 2 5 27 12 13 13 13 13 14 13 13 13 13 14 13 13 13 12 13 13 13 13 13 13 13 13 13 13 13 13 13 13 13 13 13 13 13 13 13 13 13 13 12 13 13 13 14 13 13 13 13 14 13 13 13 13 12
1443_0_0 4 4 6 5 8 0 3 2 3 4 3 3 1 2 3 3 27 12 13 13 13 13 13 13 13 13 13 13 13 13 12 13 13 13 13 13 13 14 13 13 13 13 13 14 14 13 13 13 13 13 14 13 13 13 13 13 13 12 13 13 13 13 13 13 13 13 13 13 13 13 12
1444_0_4 4 4 6 5 8 1 2 2 4 4 3 1 3 2 1 4 27 12 13 13 12 13 14 13 13 13 13 13 13 13 13 13 13 13 13 13 13 13 14 13 13 13 13 13 13 13 13 13 13 14 13 13 13 13 13 13 13 13 13 13 13 13 13 13 13 14 13 12 13 13 12
1444_1_4 4 4 8 5 6 1 2 2 4 4 3 1 3 2 1 4 27 12 13 13 12 13 14 13 13 13 13 13 13 13 13 13 13 13 13 13 13 13 14 13 13 13 13 13 13 13 13 13 13 14 13 13 13 13 13 13 13 13 13 13 13 13 13 13 13 14 13 12 13 13 12
1445_1_0 3 7 6 6 5 1 1 2 3 3 3 2 4 1 4 3 27 12 13 13 13 13 14 13 13 14 13 13 13 13 13 13 13 13 13 13 13 13 13 13 13 12 13 13 13 13 12 13 13 13 13 13 13 13 13 13 13 13 13 13 13 13 14 13 13 14 13 13 13 13 12
1446_1_0 3 6 7 5 6 0 3 3 2 1 3 2 4 3 3 3 27 12 13 13 13 13 13 13 13 14 13 13 13 13 13 13 13 14 13 13 12 13 13 13 13 13 13 13 13 13 13 13 13 13 13 12 13 13 14 13 13 13 13 13 13 13 14 13 13 13 13 13 13 13 12
1447_0_4 3 5 6 6 7 1 1 3 2 3 4 2 3 1 4 3 27 12 13 13 13 13 13 13 13 13 13 13 13 13 13 13 14 13 13 13 12 13 13 13 13 13 14 13 13 14 13 13 13 13 13 12 13 13 13 14 13 13 13 13 13 13 13 13 13 13 13 13 13 13 12
1447_1_4 3 7 6 6 5 1 1 3 2 3 4 2 3 1 4 3 27 12 13 13 13 13 13 13 13 13 13 13 13 13 13 13 14 13 13 13 12 13 13 13 13 13 14 13 13 14 13 13 13 13 13 12 13 13 13 14 13 13 13 13 13 13 13 13 13 13 13 13 13 13 12
1449_0_0 3 5 6 6 7 0 2 2 3 3 1 3 3 3 3 4 27 12 13 13 13 13 14 13 13 13 13 13 13 13 13 13 14 13 13 13 13 13 13 13 13 12 13 13 13 13 12 13 13 13 13 13 13 13 13 14 13 13 13 13 13 13 13 13 13 14 13 13 13 13 12
1451_0_0 4 4 6 5 8 1 2 3 1 3 1 3 2 3 5 3 27 12 13 13 13 13 13 13 13 13 13 13 14 13 13 13 13 12 13 13 13 13 14 13 13 13 13 13 13 13 13 13 13 14 13 13 13 13 12 13 13 13 13 14 13 13 13 13 13 13 13 13 13 13 12
1452_1_0 4 4 8 5 6 1 1 2 3 1 4 2 3 3 3 4 27 12 13 13 13 13 12 13 13 13 13 13 13 14 13 13 13 13 13 13 13 13 13 13 14 13 13 13 13 13 13 14 13 13 13 13 13 13 13 13 13 13 14 13 13 13 13 13 13 12 13 13 13 13 12
1453_0_4 3 5 6 6 7 0 3 3 3 3 4 1 2 3 2 3 27 12 13 13 13 13 13 13 13 13 12 13 13 13 13 13 14 13 13 13 13 13 13 13 14 13 13 13 13 13 13 14 13 13 13 13 13 13 13 14 13 13 13 13 13 12 13 13 13 13 13 13 13 13 12
1453_1_4 3 7 6 6 5 0 3 3 3 3 4 1 2 3 2 3 27 12 13 13 13 13 13 13 13 13 12 13 13 13 13 13 14 13 13 13 13 13 13 13 14 13 13 13 13 13 13 14 13 13 13 13 13 13 13 14 13 13 13 13 13 12 13 13 13 13 13 13 13 13 12
1455_0_0 3 5 5 6 8 1 2 2 3 4 2 4 2 1 2 4 27 12 13 13 13 13 13 13 13 12 13 13 13 13 13 14 13 13 13 14 13 13 13 13 13 13 13 13 13 13 13 13 13 13 13 13 14 13 13 13 14 13 13 13 13 13 12 13 13 13 13 13 13 13 12
1456_0_0 3 6 5 7 6 0 3 3 2 2 1 3 3 3 3 4 27 12 13 13 13 13 13 13 13 13 12 13 13 13 14 13 13 14 13 13 13 13 13 13 13 13 13 13 13 13 13 13 13 13 13 13 13 13 14 13 13 14 13 13 13 12 13 13 13 13 13 13 13 13 12
1457_0_0 3 5 5 6 8 1 1 2 3 1 4 2 3 3 3 4 27 12 13 13 13 13 13 13 13 13 13 13 13 13 13 13 12 13 13 13 14 13 13 13 14 13 13 13 13 13 13 14 13 13 13 14 13 13 13 12 13 13 13 13 13 13 13 13 13 13 13 13 13 13 12
1458_0_0 3 5 7 5 7 0 2 3 3 2 3 2 4 2 3 3 27 12 13 14 13 13 13 13 13 13 13 12 13 13 13 13 13 14 13 13 13 13 13 13 13 13 13 13 13 13 13 13 13 13 13 13 13 13 14 13 13 13 13 13 12 13 13 13 13 13 13 13 14 13 12
1459_0_0 3 6 5 7 6 1 1 3 2 2 3 3 1 5 3 3 27 12 13 13 13 13 13 13 13 13 13 13 13 13 13 13 13 13 13 13 12 13 14 13 14 13 13 13 13 13 13 14 13 14 13 12 13 13 13 13 13 13 13 13 13 13 13 13 13 13 13 13 13 13 12
1461_0_0 4 4 7 5 7 0 2 3 2 3 1 4 3 3 3 3 27 12 13 13 13 13 13 13 13 13 13 13 13 14 13 12 13 13 14 13 13 13 13 13 13 13 13 13 13 13 13 13 13 13 13 13 13 14 13 13 12 13 14 13 13 13 13 13 13 13 13 13 13 13 12
1462_1_0 3 7 5 7 5 1 2 3 4 2 4 2 1 3 2 3 27 12 14 13 13 13 13 13 13 13 13 12 13 13 13 13 13 13 13 13 13 13 13 13 13 13 13 14 14 13 13 13 13 13 13 13 13 13 13 13 13 13 13 13 12 13 13 13 13 13 13 13 13 14 12
1463_1_2 4 4 8 5 6 1 1 2 5 2 3 3 2 3 2 3 27 12 13 12 13 13 13 14 13 13 13 13 13 13 13 13 13 13 13 13 13 13 13 14 13 13 13 13 13 13 13 13 14 13 13 13 13 13 13 13 13 13 13 13 13 13 13 13 14 13 13 13 12 13 12
1465_1_0 3 7 6 6 5 1 2 3 1 3 1 3 2 3 5 3 27 12 13 13 13 12 13 13 13 13 13 14 13 13 13 13 13 13 13 13 13 14 13 13 13 13 13 13 13 13 13 13 13 13 14 13 13 13 13 13 13 13 13 13 14 13 13 13 13 13 12 13 13 13 12
1467_0_2 3 5 8 5 6 1 2 3 2 2 2 2 4 2 5 2 27 12 13 12 13 14 13 13 13 14 13 13 13 13 13 13 13 13 13 13 13 13 13 13 13 13 13 13 13 13 13 13 13 13 13 13 13 13 13 13 13 13 13 13 13 13 14 13 13 13 14 13 12 13 12
1468_0_2 4 4 6 5 8 1 2 2 3 5 2 2 3 3 1 3 27 12 13 13 13 13 13 13 14 13 13 13 13 13 13 13 13 12 13 13 13 13 13 14 13 13 13 13 13 13 13 13 14 13 13 13 13 13 12 13 13 13 13 13 13 13 13 14 13 13 13 13 13 13 12
1469_1_0 3 6 7 5 6 1 1 3 2 2 3 3 1 5 3 3 27 12 13 13 14 13 13 13 13 13 13 13 13 13 13 12 13 13 13 13 13 13 14 13 13 13 13 13 13 13 13 13 13 14 13 13 13 13 13 13 12 13 13 13 13 13 13 13 13 13 13 14 13 13 12
1471_1_0 3 8 6 5 5 0 2 3 2 3 1 4 3 3 3 3 27 12 13 13 13 13 12 13 13 13 13 13 13 13 13 13 14 13 13 13 14 13 13 13 13 13 13 13 13 13 13 13 13 13 13 14 13 13 13 14 13 13 13 13 13 13 13 13 13 12 13 13 13 13 12
1473_0_2 4 4 6 5 8 1 2 3 1 3 1 3 2 3 4 4 27 12 13 13 13 13 12 13 13 14 13 13 13 14 13 13 13 13 13 13 13 13 13 13 13 13 13 13 13 13 13 13 13 13 13 13 13 13 13 13 13 13 14 13 13 13 14 13 13 12 13 13 13 13 12
1474_1_0 4 4 8 5 6 1 2 3 1 3 1 3 2 3 5 3 27 12 13 13 13 13 12 13 13 13 13 14 13 13 13 13 13 13 13 13 13 13 13 14 13 13 13 13 13 13 13 13 14 13 13 13 13 13 13 13 13 13 13 13 14 13 13 13 13 12 13 13 13 13 12
1476_1_0 3 8 6 5 5 1 2 3 4 2 4 2 1 3 2 3 27 12 13 13 13 14 13 13 13 14 13 12 13 13 13 13 13 13 13 13 13 13 13 13 13 13 13 13 13 13 13 13 13 13 13 13 13 13 13 13 13 13 13 13 12 13 14 13 13 13 14 13 13 13 12
1477_1_0 3 6 5 8 5 1 1 3 2 3 1 3 3 3 3 4 27 12 13 13 14 13 13 13 13 13 14 13 13 13 13 13 13 13 13 13 13 13 12 13 13 13 13 13 13 13 13 13 13 12 13 13 13 13 13 13 13 13 13 13 13 14 13 13 13 13 13 14 13 13 12
1478_1_0 3 8 6 5 5 0 3 3 1 2 2 3 3 4 3 3 27 12 13 13 13 13 13 13 13 13 14 13 13 13 13 13 12 13 13 13 13 14 13 13 13 13 13 13 13 13 13 13 13 13 14 13 13 13 13 12 13 13 13 13 13 14 13 13 13 13 13 13 13 13 12
1480_1_0 3 6 5 8 5 1 2 3 4 2 4 2 1 3 2 3 27 12 13 13 13 13 13 13 13 13 13 13 13 13 13 13 14 13 13 13 14 13 12 13 13 13 13 13 13 13 13 13 13 12 13 14 13 13 13 14 13 13 13 13 13 13 13 13 13 13 13 13 13 13 12
1482_1_0 3 8 6 5 5 1 1 2 4 1 4 3 2 3 3 3 27 12 13 13 13 13 12 13 13 13 13 13 13 13 13 14 13 13 13 14 13 13 13 13 13 13 13 13 13 13 13 13 13 13 13 13 14 13 13 13 14 13 13 13 13 13 13 13 13 12 13 13 13 13 12
1484_0_2 3 5 6 6 7 1 2 4 4 1 4 2 3 2 2 2 27 12 13 13 13 12 13 13 13 14 13 13 13 13 13 13 13 13 13 13 13 13 13 13 13 13 14 13 13 14 13 13 13 13 13 13 13 13 13 13 13 13 13 13 13 13 14 13 13 13 12 13 13 13 12
1485_0_2 3 5 6 6 7 1 2 2 3 2 3 3 1 5 3 2 27 12 13 13 13 13 14 13 13 13 12 13 13 13 13 13 13 13 13 13 13 14 13 13 13 13 13 13 13 13 13 13 13 13 14 13 13 13 13 13 13 13 13 13 13 12 13 13 13 14 13 13 13 13 12
1486_0_2 4 5 4 6 8 1 2 2 3 3 3 1 5 3 2 2 27 12 13 13 13 13 13 12 13 14 13 13 13 13 13 13 13 13 13 13 13 14 13 13 13 13 13 13 13 13 13 13 13 13 14 13 13 13 13 13 13 13 13 13 13 13 14 13 12 13 13 13 13 13 12
1487_1_0 4 4 8 5 6 1 2 2 4 4 3 1 3 3 1 3 27 12 13 13 13 13 13 13 12 13 13 13 14 13 13 13 13 13 13 13 13 13 13 14 13 13 13 13 13 13 13 13 14 13 13 13 13 13 13 13 13 13 13 14 13 13 13 12 13 13 13 13 13 13 12
1488_1_2 3 6 5 8 5 1 2 1 3 2 3 3 3 1 4 4 27 12 12 13 14 13 13 13 13 13 13 13 13 13 13 14 13 13 13 13 13 13 13 13 13 13 13 13 13 13 13 13 13 13 13 13 13 13 13 13 14 13 13 13 13 13 13 13 13 13 13 14 13 12 12
1490_0_2 3 5 5 6 8 1 2 4 4 1 4 2 3 2 2 2 27 12 13 13 13 13 12 13 13 13 13 13 13 13 13 14 13 13 13 13 13 13 13 13 14 13 13 13 13 13 13 14 13 13 13 13 13 13 13 13 14 13 13 13 13 13 13 13 13 12 13 13 13 13 12
1491_0_2 4 4 6 5 8 1 2 1 3 4 2 3 3 2 2 4 27 12 13 13 13 13 13 13 13 13 13 12 13 13 14 13 13 14 13 13 13 13 13 13 13 13 13 13 13 13 13 13 13 13 13 13 13 13 14 13 13 14 13 13 12 13 13 13 13 13 13 13 13 13 12
1492_0_2 4 4 6 5 8 1 2 2 3 2 3 3 1 5 3 2 27 12 13 13 13 13 13 13 13 13 13 13 13 13 12 13 13 13 13 14 13 13 13 13 13 13 13 14 14 13 13 13 13 13 13 13 14 13 13 13 13 12 13 13 13 13 13 13 13 13 13 13 13 13 12
1493_1_0 3 8 6 5 5 1 1 2 3 3 3 3 3 1 5 2 27 12 13 12 13 13 13 13 13 13 14 13 13 13 13 13 13 13 13 13 13 13 14 13 13 13 13 13 13 13 13 13 13 14 13 13 13 13 13 13 13 13 13 13 13 14 13 13 13 13 13 13 12 13 12
1495_1_0 3 6 7 5 6 1 1 2 3 2 3 4 1 4 3 3 27 12 13 13 13 12 13 13 13 14 13 13 14 13 13 13 13 13 13 13 13 13 13 13 13 13 13 13 13 13 13 13 13 13 13 13 13 13 13 13 13 13 13 14 13 13 14 13 13 13 12 13 13 13 12
1497_1_0 4 4 8 5 6 1 2 3 4 2 4 2 1 3 2 3 27 12 13 13 13 13 14 13 13 13 13 12 13 14 13 13 13 13 13 13 13 13 13 13 13 13 13 13 13 13 13 13 13 13 13 13 13 13 13 13 13 13 14 13 12 13 13 13 13 14 13 13 13 13 12
1499_0_2 3 5 5 6 8 1 2 2 3 2 3 3 1 5 3 2 27 12 13 13 13 14 13 13 13 13 13 13 12 13 13 13 13 13 13 13 13 13 13 14 13 13 13 13 13 13 13 13 14 13 13 13 13 13 13 13 13 13 13 12 13 13 13 13 13 13 14 13 13 13 12
1500_1_0 3 6 7 5 6 1 1 3 2 2 3 3 1 5 3 3 27 12 13 13 13 13 13 13 14 13 13 14 13 13 13 13 13 13 13 13 13 13 13 13 13 12 13 13 13 13 12 13 13 13 13 13 13 13 13 13 13 13 13 13 14 13 13 14 13 13 13 13 13 13 12
1502_1_0 3 6 7 5 6 1 1 3 2 2 3 3 1 5 3 3 27 12 13 13 13 13 13 13 13 13 13 13 13 13 14 13 13 13 13 13 13 13 14 13 13 12 13 13 13 13 12 13 13 14 13 13 13 13 13 13 13 14 13 13 13 13 13 13 13 13 13 13 13 13 12
1503_0_6 3 5 5 6 8 1 2 5 3 2 2 3 2 3 1 3 27 12 13 13 13 13 13 13 13 13 13 13 13 12 13 14 13 14 13 13 13 13 13 13 13 13 13 13 13 13 13 13 13 13 13 13 13 13 14 13 14 13 12 13 13 13 13 13 13 13 13 13 13 13 12
1503_1_6 3 8 6 5 5 1 2 5 3 2 2 3 2 3 1 3 27 12 13 13 13 13 13 13 13 13 13 13 13 12 13 14 13 14 13 13 13 13 13 13 13 13 13 13 13 13 13 13 13 13 13 13 13 13 14 13 14 13 12 13 13 13 13 13 13 13 13 13 13 13 12
1505_0_2 4 5 4 6 8 0 3 3 3 3 4 1 2 2 3 3 27 12 12 13 14 13 13 13 13 13 13 13 13 13 13 13 14 13 13 13 13 13 13 13 13 13 13 13 13 13 13 13 13 13 13 13 13 13 13 14 13 13 13 13 13 13 13 13 13 13 13 14 13 12 12
1505_1_2 4 5 4 8 6 0 3 3 3 3 4 1 2 2 3 3 27 12 12 13 14 13 13 13 13 13 13 13 13 13 13 13 14 13 13 13 13 13 13 13 13 13 13 13 13 13 13 13 13 13 13 13 13 13 13 14 13 13 13 13 13 13 13 13 13 13 13 14 13 12 12
1506_1_0 3 7 5 7 5 0 2 2 3 3 4 2 3 1 4 3 27 12 13 13 13 13 13 13 13 13 13 13 13 13 12 13 13 13 13 13 13 13 14 13 13 13 13 14 14 13 13 13 13 14 13 13 13 13 13 13 13 12 13 13 13 13 13 13 13 13 13 13 13 13 12
1507_1_0 4 4 8 5 6 1 1 3 1 3 3 3 2 3 3 4 27 12 13 13 13 13 13 13 13 13 13 12 13 13 13 13 13 13 13 14 13 13 13 14 13 13 13 13 13 13 13 13 14 13 13 13 14 13 13 13 13 13 13 13 12 13 13 13 13 13 13 13 13 13 12
1508_1_0 4 4 8 5 6 1 2 1 2 3 2 5 2 2 3 4 27 12 13 13 13 13 13 13 13 14 13 13 13 13 13 13 12 13 13 13 13 13 14 13 13 13 13 13 13 13 13 13 13 14 13 13 13 13 13 12 13 13 13 13 13 13 14 13 13 13 13 13 13 13 12
1510_0_2 3 5 6 6 7 1 2 1 4 2 4 4 1 2 3 3 27 12 13 13 14 13 13 13 13 13 13 14 13 13 13 13 13 13 13 13 13 13 13 13 13 12 13 13 13 13 12 13 13 13 13 13 13 13 13 13 13 13 13 13 14 13 13 13 13 13 13 14 13 13 12
1510_1_2 3 7 6 6 5 1 2 1 4 2 4 4 1 2 3 3 27 12 13 13 14 13 13 13 13 13 13 14 13 13 13 13 13 13 13 13 13 13 13 13 13 12 13 13 13 13 12 13 13 13 13 13 13 13 13 13 13 13 13 13 14 13 13 13 13 13 13 14 13 13 12
1511_1_0 3 7 5 7 5 1 2 1 3 3 2 1 5 3 3 3 27 12 13 13 13 13 13 13 13 13 13 13 14 13 13 13 13 13 13 13 13 13 14 13 13 13 12 13 13 12 13 13 13 14 13 13 13 13 13 13 13 13 13 14 13 13 13 13 13 13 13 13 13 13 12
1513_0_2 4 4 6 5 8 1 2 2 3 3 3 1 5 3 2 2 27 12 13 13 13 13 13 12 13 13 13 13 13 14 13 13 13 13 13 13 13 13 13 14 13 13 13 13 13 13 13 13 14 13 13 13 13 13 13 13 13 13 14 13 13 13 13 13 12 13 13 13 13 13 12
1514_1_0 4 4 8 5 6 1 1 2 3 3 3 3 3 1 5 2 27 12 13 13 13 13 13 13 13 13 13 14 13 13 13 13 13 13 13 12 13 13 13 14 13 13 13 13 13 13 13 13 14 13 13 13 12 13 13 13 13 13 13 13 14 13 13 13 13 13 13 13 13 13 12
1515_1_2 3 8 6 5 5 1 2 3 1 3 1 3 2 3 4 4 27 12 13 13 13 13 12 13 13 14 13 13 13 13 13 13 13 13 13 13 14 13 13 13 13 13 13 13 13 13 13 13 13 13 13 14 13 13 13 13 13 13 13 13 13 13 14 13 13 12 13 13 13 13 12
1516_1_2 4 5 4 8 6 1 2 2 3 2 4 2 2 5 2 2 27 12 13 13 13 13 13 12 13 13 13 13 13 13 14 13 13 13 13 13 13 13 13 13 14 13 13 13 13 13 13 14 13 13 13 13 13 13 13 13 13 14 13 13 13 13 13 13 12 13 13 13 13 13 12
1517_1_2 3 6 7 5 6 1 2 3 1 3 1 3 2 3 4 4 27 12 13 13 13 12 13 13 13 13 13 13 13 14 13 13 13 13 13 13 13 13 13 13 14 13 13 13 13 13 13 14 13 13 13 13 13 13 13 13 13 13 14 13 13 13 13 13 13 13 12 13 13 13 12
1519_1_0 4 4 8 5 6 1 2 3 4 2 4 2 1 3 2 3 27 12 13 13 13 13 13 13 13 13 13 12 13 14 13 13 14 13 13 13 13 13 13 13 13 13 13 13 13 13 13 13 13 13 13 13 13 13 13 14 13 13 14 13 12 13 13 13 13 13 13 13 13 13 12
1520_0_6 4 4 6 5 8 1 2 3 1 3 4 4 2 2 1 4 27 12 13 13 13 13 13 12 13 13 13 13 13 13 13 13 13 14 13 13 13 13 14 13 13 13 13 13 13 13 13 13 13 14 13 13 13 13 14 13 13 13 13 13 13 13 13 13 12 13 13 13 13 13 12
1520_1_6 4 4 8 5 6 1 2 3 1 3 4 4 2 2 1 4 27 12 13 13 13 13 13 12 13 13 13 13 13 13 13 13 13 14 13 13 13 13 14 13 13 13 13 13 13 13 13 13 13 14 13 13 13 13 14 13 13 13 13 13 13 13 13 13 12 13 13 13 13 13 12
1521_1_2 3 7 6 6 5 1 1 2 3 2 3 2 3 3 2 5 27 12 13 13 13 13 14 13 13 13 12 13 13 13 13 13 13 13 13 14 13 13 13 13 13 13 13 13 13 13 13 13 13 13 13 13 14 13 13 13 13 13 13 13 13 12 13 13 13 14 13 13 13 13 12
1522_1_2 3 6 5 8 5 1 1 2 3 2 3 2 3 3 2 5 27 12 13 13 13 13 13 13 13 13 13 13 12 13 13 13 14 13 13 13 13 13 13 13 13 14 13 13 13 13 14 13 13 13 13 13 13 13 13 14 13 13 13 12 13 13 13 13 13 13 13 13 13 13 12
1523_1_2 4 4 8 5 6 1 2 2 3 2 3 3 1 5 3 2 27 12 13 13 12 13 14 13 13 13 13 13 13 13 13 13 13 13 14 13 13 13 13 13 13 13 13 13 13 13 13 13 13 13 13 13 13 14 13 13 13 13 13 13 13 13 13 13 13 14 13 12 13 13 12
1524_1_0 4 4 8 5 6 1 1 3 1 3 3 3 2 3 3 4 27 12 13 13 13 13 13 13 14 13 13 13 14 13 13 13 13 13 13 13 13 13 12 13 13 13 13 13 13 13 13 13 13 12 13 13 13 13 13 13 13 13 13 14 13 13 13 14 13 13 13 13 13 13 12
1525_1_0 4 4 8 5 6 0 3 3 1 2 2 3 3 4 3 3 27 12 13 13 13 13 13 13 13 13 13 13 14 13 13 13 13 12 13 13 13 13 13 14 13 13 13 13 13 13 13 13 14 13 13 13 13 13 12 13 13 13 13 14 13 13 13 13 13 13 13 13 13 13 12
1527_1_0 3 7 6 6 5 1 2 2 3 4 3 1 3 4 1 3 27 12 13 13 13 13 13 13 13 13 13 13 13 13 14 13 14 13 13 13 12 13 13 13 13 13 13 13 13 13 13 13 13 13 13 12 13 13 13 14 13 14 13 13 13 13 13 13 13 13 13 13 13 13 12
1529_0_2 4 4 6 5 8 1 2 2 3 2 3 3 1 5 3 2 27 12 13 13 13 13 13 13 13 13 13 13 14 13 13 13 14 13 13 13 13 12 13 13 13 13 13 13 13 13 13 13 13 13 12 13 13 13 13 14 13 13 13 14 13 13 13 13 13 13 13 13 13 13 12
1530_0_2 3 5 5 6 8 0 3 2 3 2 1 4 3 3 3 3 27 12 13 13 13 14 13 13 13 13 13 13 13 13 13 13 13 13 13 13 13 12 13 13 14 13 13 13 13 13 13 14 13 13 12 13 13 13 13 13 13 13 13 13 13 13 13 13 13 13 14 13 13 13 12
1530_1_2 3 8 6 5 5 0 3 2 3 2 1 4 3 3 3 3 27 12 13 13 13 14 13 13 13 13 13 13 13 13 13 13 13 13 13 13 13 12 13 13 14 13 13 13 13 13 13 14 13 13 12 13 13 13 13 13 13 13 13 13 13 13 13 13 13 13 14 13 13 13 12
1531_0_2 3 6 5 7 6 1 2 3 2 3 1 4 4 3 1 3 27 12 13 13 14 13 13 13 13 13 13 13 13 14 13 13 13 13 13 13 13 13 13 13 13 12 13 13 13 13 12 13 13 13 13 13 13 13 13 13 13 13 14 13 13 13 13 13 13 13 13 14 13 13 12
1532_1_0 3 7 6 6 5 1 2 1 2 3 2 5 2 2 3 4 27 12 13 13 13 12 13 13 13 14 13 14 13 13 13 13 13 13 13 13 13 13 13 13 13 13 13 13 13 13 13 13 13 13 13 13 13 13 13 13 13 13 13 13 14 13 14 13 13 13 12 13 13 13 12
1534_1_0 3 6 7 5 6 0 3 1 2 4 3 3 2 3 3 3 27 12 13 13 13 13 13 13 13 14 13 13 13 14 13 12 13 13 13 13 13 13 13 13 13 13 13 13 13 13 13 13 13 13 13 13 13 13 13 13 12 13 14 13 13 13 14 13 13 13 13 13 13 13 12
1535_1_2 3 8 6 5 5 1 2 2 3 2 4 2 2 5 2 2 27 12 13 13 12 13 13 13 13 14 13 13 13 13 13 13 13 13 13 13 13 13 13 13 13 14 13 13 13 13 14 13 13 13 13 13 13 13 13 13 13 13 13 13 13 13 14 13 13 13 13 12 13 13 12
1536_1_2 3 6 5 8 5 1 2 2 3 2 3 3 1 5 3 2 27 12 13 13 13 13 13 13 13 13 14 13 12 13 13 13 14 13 13 13 13 13 13 13 13 13 13 13 13 13 13 13 13 13 13 13 13 13 13 14 13 13 13 12 13 14 13 13 13 13 13 13 13 13 12
1537_1_2 3 6 7 5 6 1 1 2 3 2 3 2 4 2 3 4 27 13 13 13 13 12 13 13 13 13 13 12 13 13 14 13 13 13 14 13 13 13 13 13 13 13 13 13 13 13 13 13 13 13 13 13 13 14 13 13 13 14 13 13 12 13 13 13 13 13 12 13 13 13 13
1539_0_2 3 5 6 6 7 1 2 3 2 3 1 4 4 3 1 3 27 12 13 13 14 13 13 13 13 14 13 13 13 13 13 13 13 13 13 13 13 13 13 13 13 12 13 13 13 13 12 13 13 13 13 13 13 13 13 13 13 13 13 13 13 13 14 13 13 13 13 14 13 13 12
1540_1_0 3 7 5 7 5 0 2 4 3 2 3 3 3 3 1 3 27 12 13 13 13 13 13 13 14 13 13 13 13 13 13 13 13 13 13 13 13 13 13 14 13 13 12 13 13 12 13 13 14 13 13 13 13 13 13 13 13 13 13 13 13 13 13 14 13 13 13 13 13 13 12
1542_0_2 3 6 5 7 6 1 1 2 3 2 3 2 3 3 2 5 27 12 13 13 13 13 13 13 13 13 12 13 13 13 14 13 13 13 13 13 13 13 13 13 13 13 13 14 14 13 13 13 13 13 13 13 13 13 13 13 13 14 13 13 13 12 13 13 13 13 13 13 13 13 12
1543_0_2 4 4 7 5 7 1 2 2 3 2 3 3 1 5 3 2 27 12 14 13 13 13 13 13 13 13 13 13 13 13 13 13 13 13 13 13 12 13 13 13 13 13 13 14 14 13 13 13 13 13 13 12 13 13 13 13 13 13 13 13 13 13 13 13 13 13 13 13 13 14 12
1543_2_2 4 8 5 5 5 1 2 2 3 2 3 3 1 5 3 2 27 12 14 13 13 13 13 13 13 13 13 13 13 13 13 13 13 13 13 13 12 13 13 13 13 13 13 14 14 13 13 13 13 13 13 12 13 13 13 13 13 13 13 13 13 13 13 13 13 13 13 13 13 14 12
1544_1_2 3 6 5 8 5 1 2 1 3 4 2 3 3 2 2 4 27 12 13 13 13 14 13 13 13 13 13 13 13 13 14 13 13 13 13 13 13 13 12 13 13 13 13 13 13 13 13 13 13 12 13 13 13 13 13 13 13 14 13 13 13 13 13 13 13 13 14 13 13 13 12
1545_1_2 3 7 6 6 5 1 1 2 3 2 3 2 3 3 2 5 27 12 13 13 13 13 13 13 13 13 12 13 13 13 13 13 14 13 13 14 13 13 13 13 13 13 13 13 13 13 13 13 13 13 13 13 14 13 13 14 13 13 13 13 13 12 13 13 13 13 13 13 13 13 12
1547_0_2 3 5 5 6 8 0 3 2 3 2 1 4 3 3 3 3 27 12 13 13 13 14 13 13 13 13 13 13 13 14 13 13 13 13 13 13 13 13 13 12 13 13 13 13 13 13 13 13 12 13 13 13 13 13 13 13 13 13 14 13 13 13 13 13 13 13 14 13 13 13 12
1547_1_2 3 8 6 5 5 0 3 2 3 2 1 4 3 3 3 3 27 12 13 13 13 14 13 13 13 13 13 13 13 14 13 13 13 13 13 13 13 13 13 12 13 13 13 13 13 13 13 13 12 13 13 13 13 13 13 13 13 13 14 13 13 13 13 13 13 13 14 13 13 13 12
1548_0_2 3 6 5 7 6 1 2 2 3 3 3 1 5 3 2 2 27 12 13 13 13 13 13 13 13 14 13 13 14 13 13 12 13 13 13 13 13 13 13 13 13 13 13 13 13 13 13 13 13 13 13 13 13 13 13 13 12 13 13 14 13 13 14 13 13 13 13 13 13 13 12
1549_0_2 4 4 6 5 8 1 1 2 5 2 3 3 2 3 2 3 27 12 13 13 13 13 13 14 13 13 13 13 13 13 13 13 13 13 13 12 13 14 13 13 13 13 13 13 13 13 13 13 13 13 14 13 12 13 13 13 13 13 13 13 13 13 13 13 14 13 13 13 13 13 12
1550_0_2 4 4 6 5 8 1 2 3 3 1 3 3 4 3 1 3 27 12 13 13 13 13 14 13 13 13 13 12 13 13 13 13 13 13 13 13 13 13 13 14 13 13 13 13 13 13 13 13 14 13 13 13 13 13 13 13 13 13 13 13 12 13 13 13 13 14 13 13 13 13 12
1550_1_4 4 4 8 5 6 1 2 5 2 3 2 3 3 2 2 2 27 12 13 13 13 13 14 13 13 13 13 12 13 13 13 13 13 13 13 13 13 13 13 14 13 13 13 13 13 13 13 13 14 13 13 13 13 13 13 13 13 13 13 13 12 13 13 13 13 14 13 13 13 13 12
1551_1_2 4 5 5 5 8 1 2 2 3 2 3 3 1 5 3 2 27 12 13 13 13 13 13 13 13 13 12 13 14 13 13 13 13 14 13 13 13 13 13 13 13 13 13 13 13 13 13 13 13 13 13 13 13 13 14 13 13 13 13 14 13 12 13 13 13 13 13 13 13 13 12
1552_0_2 4 4 7 5 7 1 2 2 3 3 3 1 5 3 2 2 27 12 13 13 13 13 13 13 13 13 13 13 13 14 13 12 13 13 13 13 13 13 13 14 13 13 13 13 13 13 13 13 14 13 13 13 13 13 13 13 12 13 14 13 13 13 13 13 13 13 13 13 13 13 12
1552_2_2 4 8 5 5 5 1 2 2 3 3 3 1 5 3 2 2 27 12 13 13 13 13 13 13 13 13 13 13 13 14 13 12 13 13 13 13 13 13 13 14 13 13 13 13 13 13 13 13 14 13 13 13 13 13 13 13 12 13 14 13 13 13 13 13 13 13 13 13 13 13 12
1554_1_0 4 5 5 5 8 0 3 2 3 4 3 3 1 2 3 3 27 12 13 13 13 13 13 13 13 13 13 13 13 13 13 13 13 14 13 13 13 13 13 14 13 12 13 13 13 13 12 13 14 13 13 13 13 13 14 13 13 13 13 13 13 13 13 13 13 13 13 13 13 13 12
1555_1_0 3 8 6 5 5 0 2 3 3 2 3 2 4 2 3 3 27 12 13 13 13 13 14 13 13 13 13 12 13 13 13 13 13 13 13 13 13 13 13 13 13 14 13 13 13 13 14 13 13 13 13 13 13 13 13 13 13 13 13 13 12 13 13 13 13 14 13 13 13 13 12
1556_1_0 3 8 6 5 5 0 3 3 2 1 3 2 4 3 3 3 27 12 13 13 12 13 14 13 13 13 13 13 13 13 13 14 13 13 13 13 13 13 13 13 13 13 13 13 13 13 13 13 13 13 13 13 13 13 13 13 14 13 13 13 13 13 13 13 13 14 13 12 13 13 12
1557_0_4 3 5 8 5 6 1 2 5 2 3 2 3 3 2 2 2 27 12 13 13 13 13 13 13 13 13 14 13 13 13 13 13 14 13 13 13 13 13 12 13 13 13 13 13 13 13 13 13 13 12 13 13 13 13 13 14 13 13 13 13 13 14 13 13 13 13 13 13 13 13 12
1558_0_0 4 4 6 5 8 0 3 3 2 2 1 3 3 3 3 4 27 12 13 13 13 13 13 13 14 13 13 13 12 13 13 13 13 14 13 13 13 13 13 13 13 13 13 13 13 13 13 13 13 13 13 13 13 13 14 13 13 13 13 12 13 13 13 14 13 13 13 13 13 13 12
1559_0_0 3 5 5 6 8 0 3 1 2 3 3 3 2 3 4 3 27 12 13 13 13 13 12 13 13 13 14 13 13 13 14 13 13 13 13 13 13 13 13 13 13 13 13 13 13 13 13 13 13 13 13 13 13 13 13 13 13 14 13 13 13 14 13 13 13 12 13 13 13 13 12
1560_0_0 3 5 6 6 7 0 2 2 3 3 1 4 3 3 3 3 27 12 13 13 13 13 13 13 13 13 13 13 13 13 13 12 13 13 13 13 13 14 13 13 14 13 13 13 13 13 13 14 13 13 14 13 13 13 13 13 12 13 13 13 13 13 13 13 13 13 13 13 13 13 12
1561_0_0 4 4 6 5 8 1 1 2 4 1 3 3 2 4 3 3 27 12 13 13 13 13 13 12 13 13 13 13 14 13 13 13 13 14 13 13 13 13 13 13 13 13 13 13 13 13 13 13 13 13 13 13 13 13 14 13 13 13 13 14 13 13 13 13 12 13 13 13 13 13 12
1562_2_0 4 8 5 5 5 0 1 4 2 3 3 3 2 4 2 3 27 12 13 13 13 13 13 13 13 13 13 13 13 14 13 12 13 13 13 13 13 13 14 13 13 13 13 13 13 13 13 13 13 14 13 13 13 13 13 13 12 13 14 13 13 13 13 13 13 13 13 13 13 13 12
1564_1_0 3 8 6 5 5 1 1 2 4 1 3 3 2 4 3 3 27 12 13 13 13 13 14 13 13 13 14 13 13 13 13 13 13 13 13 13 13 13 13 13 13 13 12 13 13 12 13 13 13 13 13 13 13 13 13 13 13 13 13 13 13 14 13 13 13 14 13 13 13 13 12
1566_0_2 3 5 7 5 7 0 3 2 3 2 1 4 3 3 3 3 27 12 13 13 13 13 13 13 13 13 13 13 13 14 13 13 13 14 13 13 13 12 13 13 13 13 13 13 13 13 13 13 13 13 12 13 13 13 14 13 13 13 14 13 13 13 13 13 13 13 13 13 13 13 12
1566_1_2 3 7 5 7 5 0 3 2 3 2 1 4 3 3 3 3 27 12 13 13 13 13 13 13 13 13 13 13 13 14 13 13 13 14 13 13 13 12 13 13 13 13 13 13 13 13 13 13 13 13 12 13 13 13 14 13 13 13 14 13 13 13 13 13 13 13 13 13 13 13 12
1567_0_2 3 5 5 6 8 1 2 3 3 1 3 3 4 3 1 3 27 12 13 13 13 14 13 13 13 13 13 12 13 13 13 13 13 13 13 13 13 14 13 13 13 13 13 13 13 13 13 13 13 13 14 13 13 13 13 13 13 13 13 13 12 13 13 13 13 13 14 13 13 13 12
1567_1_4 3 8 6 5 5 1 2 5 2 3 2 3 3 2 2 2 27 12 13 13 13 14 13 13 13 13 13 12 13 13 13 13 13 13 13 13 13 14 13 13 13 13 13 13 13 13 13 13 13 13 14 13 13 13 13 13 13 13 13 13 12 13 13 13 13 13 14 13 13 13 12
1568_1_2 3 7 6 6 5 1 2 2 3 2 3 3 1 5 3 2 27 12 13 13 13 13 13 13 13 13 13 13 13 13 13 13 14 13 13 13 12 13 13 13 14 13 13 13 13 13 13 14 13 13 13 12 13 13 13 14 13 13 13 13 13 13 13 13 13 13 13 13 13 13 12
1569_1_2 4 5 4 8 6 1 2 2 3 5 2 2 3 3 1 3 27 12 13 13 13 13 13 13 13 13 13 13 13 13 13 13 13 12 13 14 13 14 13 13 13 13 13 13 13 13 13 13 13 13 14 13 14 13 12 13 13 13 13 13 13 13 13 13 13 13 13 13 13 13 12
1571_1_0 3 8 6 5 5 1 2 1 3 2 3 4 1 3 4 3 27 12 13 13 13 13 13 13 13 13 14 13 13 13 13 13 13 13 13 14 13 13 13 13 12 13 13 13 13 13 13 12 13 13 13 13 14 13 13 13 13 13 13 13 13 14 13 13 13 13 13 13 13 13 12
1572_1_0 4 5 5 5 8 1 1 3 2 3 1 3 3 3 3 4 27 13 13 13 13 12 13 13 13 13 13 12 13 13 13 13 13 14 14 13 13 13 13 13 13 13 13 13 13 13 13 13 13 13 13 13 13 14 14 13 13 13 13 13 12 13 13 13 13 13 12 13 13 13 13
1572_2_2 4 8 5 5 5 1 2 2 3 3 2 2 4 4 1 3 27 13 13 13 13 12 13 13 13 13 13 12 13 13 13 13 13 14 14 13 13 13 13 13 13 13 13 13 13 13 13 13 13 13 13 13 13 14 14 13 13 13 13 13 12 13 13 13 13 13 12 13 13 13 13
1573_1_0 3 8 6 5 5 0 3 3 2 2 1 3 3 3 3 4 27 12 13 13 13 14 13 13 13 13 13 13 13 13 13 13 13 13 13 14 13 12 13 13 13 13 13 13 13 13 13 13 13 13 12 13 14 13 13 13 13 13 13 13 13 13 13 13 13 13 14 13 13 13 12
1575_0_0 4 5 4 6 8 0 2 3 3 2 3 2 4 2 3 3 27 12 13 13 13 13 14 13 13 13 13 13 13 13 14 13 13 13 13 13 13 13 12 13 13 13 13 13 13 13 13 13 13 12 13 13 13 13 13 13 13 14 13 13 13 13 13 13 13 14 13 13 13 13 12
1576_0_0 3 5 5 6 8 1 2 2 3 4 3 1 3 4 1 3 27 12 13 13 13 14 13 13 13 12 13 13 13 13 13 13 13 13 13 14 13 13 13 13 13 13 13 13 13 13 13 13 13 13 13 13 14 13 13 13 13 13 13 13 13 13 12 13 13 13 14 13 13 13 12
1577_0_4 3 5 5 6 8 1 1 2 2 3 2 3 3 3 2 5 27 12 13 13 13 13 13 13 13 13 13 13 13 13 14 13 12 13 13 13 14 13 13 13 13 13 13 13 13 13 13 13 13 13 13 14 13 13 13 12 13 14 13 13 13 13 13 13 13 13 13 13 13 13 12
1577_1_4 3 8 6 5 5 1 1 2 2 3 2 3 3 3 2 5 27 12 13 13 13 13 13 13 13 13 13 13 13 13 14 13 12 13 13 13 14 13 13 13 13 13 13 13 13 13 13 13 13 13 13 14 13 13 13 12 13 14 13 13 13 13 13 13 13 13 13 13 13 13 12
1578_1_0 3 8 6 5 5 1 1 2 3 1 4 2 3 3 3 4 27 12 13 13 13 13 13 13 13 13 13 13 13 14 13 13 13 12 13 13 14 13 13 13 13 13 13 13 13 13 13 13 13 13 13 14 13 13 12 13 13 13 14 13 13 13 13 13 13 13 13 13 13 13 12
1580_0_0 3 5 7 5 7 0 2 3 3 2 4 2 2 4 2 3 27 12 13 13 13 13 13 13 13 13 13 13 13 14 13 13 13 13 13 13 13 12 13 13 13 13 13 14 14 13 13 13 13 13 12 13 13 13 13 13 13 13 14 13 13 13 13 13 13 13 13 13 13 13 12
1580_1_0 3 7 5 7 5 0 2 3 3 2 4 2 2 4 2 3 27 12 13 13 13 13 13 13 13 13 13 13 13 14 13 13 13 13 13 13 13 12 13 13 13 13 13 14 14 13 13 13 13 13 12 13 13 13 13 13 13 13 14 13 13 13 13 13 13 13 13 13 13 13 12
1581_0_0 4 4 6 5 8 1 1 2 2 2 4 3 2 3 2 5 27 12 13 13 12 13 13 13 13 13 13 13 13 13 13 13 14 13 13 13 13 13 14 13 13 13 13 13 13 13 13 13 13 14 13 13 13 13 13 14 13 13 13 13 13 13 13 13 13 13 13 12 13 13 12
1581_1_0 4 4 8 5 6 1 1 2 2 2 4 3 2 3 2 5 27 12 13 13 12 13 13 13 13 13 13 13 13 13 13 13 14 13 13 13 13 13 14 13 13 13 13 13 13 13 13 13 13 14 13 13 13 13 13 14 13 13 13 13 13 13 13 13 13 13 13 12 13 13 12
1582_0_0 4 5 4 6 8 0 3 3 2 2 1 3 3 3 3 4 27 12 13 13 13 13 13 13 13 13 13 13 12 13 14 13 14 13 13 13 13 13 13 13 13 13 13 13 13 13 13 13 13 13 13 13 13 13 13 14 13 14 13 12 13 13 13 13 13 13 13 13 13 13 12
1583_0_0 3 5 6 6 7 0 3 2 2 4 4 2 2 3 2 3 27 12 13 13 13 12 13 13 13 14 13 13 13 13 13 13 13 13 13 14 13 13 13 13 13 13 13 13 13 13 13 13 13 13 13 13 14 13 13 13 13 13 13 13 13 13 14 13 13 13 12 13 13 13 12
1583_1_0 3 7 6 6 5 0 3 2 2 4 4 2 2 3 2 3 27 12 13 13 13 12 13 13 13 14 13 13 13 13 13 13 13 13 13 14 13 13 13 13 13 13 13 13 13 13 13 13 13 13 13 13 14 13 13 13 13 13 13 13 13 13 14 13 13 13 12 13 13 13 12
1584_0_0 4 4 6 5 8 0 3 3 2 1 3 2 4 3 3 3 27 12 13 13 13 13 13 13 13 13 13 13 13 13 14 13 13 13 13 12 13 13 13 13 13 13 13 14 14 13 13 13 13 13 13 13 12 13 13 13 13 14 13 13 13 13 13 13 13 13 13 13 13 13 12
1585_0_0 4 5 4 7 7 1 1 3 1 3 3 3 2 3 3 4 27 13 13 13 13 12 13 13 13 13 13 13 13 13 13 13 14 13 13 14 13 13 12 13 13 13 13 13 13 13 13 13 13 12 13 13 14 13 13 14 13 13 13 13 13 13 13 13 13 13 12 13 13 13 13
1585_1_2 4 5 5 8 5 1 2 2 4 2 4 3 1 3 3 2 27 13 13 13 13 12 13 13 13 13 13 13 13 13 13 13 14 13 13 14 13 13 12 13 13 13 13 13 13 13 13 13 13 12 13 13 14 13 13 14 13 13 13 13 13 13 13 13 13 13 12 13 13 13 13
1585_2_4 4 5 8 5 5 1 2 3 3 1 3 4 2 4 2 2 27 13 13 13 13 12 13 13 13 13 13 13 13 13 13 13 14 13 13 14 13 13 12 13 13 13 13 13 13 13 13 13 13 12 13 13 14 13 13 14 13 13 13 13 13 13 13 13 13 13 12 13 13 13 13
1587_1_0 3 7 6 6 5 1 1 2 4 1 4 3 2 3 3 3 27 12 13 13 13 12 13 13 13 13 13 13 13 13 14 13 13 13 13 13 13 13 13 13 13 13 14 13 13 14 13 13 13 13 13 13 13 13 13 13 13 14 13 13 13 13 13 13 13 13 12 13 13 13 12
1588_1_2 4 4 8 5 6 1 2 1 3 4 2 3 3 2 2 4 27 12 13 13 13 13 13 13 14 13 13 13 13 13 13 13 13 14 13 13 13 13 12 13 13 13 13 13 13 13 13 13 13 12 13 13 13 13 14 13 13 13 13 13 13 13 13 14 13 13 13 13 13 13 12
1590_1_0 3 6 5 8 5 1 1 2 4 3 3 2 3 3 1 4 27 12 13 13 13 13 13 13 12 13 13 13 13 13 13 14 13 13 13 14 13 13 13 13 13 13 13 13 13 13 13 13 13 13 13 13 14 13 13 13 14 13 13 13 13 13 13 12 13 13 13 13 13 13 12
1592_1_0 4 5 5 5 8 1 1 2 4 1 3 3 2 4 3 3 27 12 13 13 13 13 13 13 13 13 13 13 14 13 13 12 13 14 13 13 13 13 13 13 13 13 13 13 13 13 13 13 13 13 13 13 13 13 14 13 12 13 13 14 13 13 13 13 13 13 13 13 13 13 12
1593_0_4 4 4 6 5 8 1 2 5 2 3 2 3 3 2 2 2 27 12 13 13 13 13 13 13 13 13 13 13 14 13 13 13 13 14 13 13 13 13 12 13 13 13 13 13 13 13 13 13 13 12 13 13 13 13 14 13 13 13 13 14 13 13 13 13 13 13 13 13 13 13 12
1594_0_0 3 5 6 6 7 1 2 1 3 3 2 1 5 3 3 3 27 12 13 13 13 13 13 13 13 13 13 14 13 13 13 12 13 13 13 13 13 14 13 13 13 13 13 13 13 13 13 13 13 13 14 13 13 13 13 13 12 13 13 13 14 13 13 13 13 13 13 13 13 13 12
1595_1_0 3 8 6 5 5 1 1 3 2 3 4 3 1 4 2 3 27 12 13 13 12 13 13 13 13 13 13 13 13 13 14 13 13 13 13 13 14 13 13 13 13 13 13 13 13 13 13 13 13 13 13 14 13 13 13 13 13 14 13 13 13 13 13 13 13 13 13 12 13 13 12
1597_0_0 4 4 6 5 8 0 2 3 3 3 4 2 2 2 2 4 27 12 13 13 12 13 13 13 13 13 13 13 13 13 14 13 13 13 13 13 13 13 13 13 13 13 13 14 14 13 13 13 13 13 13 13 13 13 13 13 13 14 13 13 13 13 13 13 13 13 13 12 13 13 12
1598_0_0 3 6 5 7 6 1 1 2 3 2 4 3 2 3 2 4 27 13 13 13 13 12 13 13 13 13 13 12 13 13 13 13 13 14 13 13 13 13 13 13 14 13 13 13 13 13 13 14 13 13 13 13 13 13 14 13 13 13 13 13 12 13 13 13 13 13 12 13 13 13 13
1598_1_2 3 6 7 5 6 1 2 1 3 3 1 3 3 3 3 4 27 13 13 13 13 12 13 13 13 13 13 12 13 13 13 13 13 14 13 13 13 13 13 13 14 13 13 13 13 13 13 14 13 13 13 13 13 13 14 13 13 13 13 13 12 13 13 13 13 13 12 13 13 13 13
1600_0_0 4 4 6 5 8 1 2 1 3 3 2 1 5 3 3 3 27 12 13 13 12 13 13 13 13 13 13 14 13 13 13 13 13 13 13 13 13 13 13 14 13 13 13 13 13 13 13 13 14 13 13 13 13 13 13 13 13 13 13 13 14 13 13 13 13 13 13 12 13 13 12
1602_0_0 3 5 8 5 6 0 3 3 2 2 1 3 3 3 3 4 27 12 13 13 13 14 13 13 13 13 13 13 12 13 14 13 13 13 13 13 13 13 13 13 13 13 13 13 13 13 13 13 13 13 13 13 13 13 13 13 13 14 13 12 13 13 13 13 13 13 14 13 13 13 12
1603_0_0 4 4 6 5 8 1 2 2 2 3 2 4 1 4 4 2 27 12 13 13 13 13 13 14 13 13 13 13 13 14 13 13 13 12 13 13 13 13 13 13 13 13 13 13 13 13 13 13 13 13 13 13 13 13 12 13 13 13 14 13 13 13 13 13 14 13 13 13 13 13 12
1604_0_0 4 4 7 5 7 0 3 1 2 3 3 3 2 3 4 3 27 12 13 13 13 12 13 13 14 13 13 13 13 13 13 13 13 13 13 13 13 13 13 14 13 13 13 13 13 13 13 13 14 13 13 13 13 13 13 13 13 13 13 13 13 13 13 14 13 13 12 13 13 13 12
1604_2_0 4 8 5 5 5 0 3 1 2 3 3 3 2 3 4 3 27 12 13 13 13 12 13 13 14 13 13 13 13 13 13 13 13 13 13 13 13 13 13 14 13 13 13 13 13 13 13 13 14 13 13 13 13 13 13 13 13 13 13 13 13 13 13 14 13 13 12 13 13 13 12
1605_0_4 3 5 5 6 8 1 3 2 2 2 2 5 3 2 2 3 27 12 13 13 13 13 13 14 13 13 14 13 13 13 13 13 13 13 13 13 13 13 12 13 13 13 13 13 13 13 13 13 13 12 13 13 13 13 13 13 13 13 13 13 13 14 13 13 14 13 13 13 13 13 12
1606_0_0 3 5 5 6 8 0 3 1 2 3 3 3 2 3 4 3 27 12 13 13 13 13 13 13 13 13 14 13 13 13 14 13 12 13 13 13 13 13 13 13 13 13 13 13 13 13 13 13 13 13 13 13 13 13 13 12 13 14 13 13 13 14 13 13 13 13 13 13 13 13 12
1607_0_0 4 4 7 5 7 1 1 2 3 2 4 3 2 3 2 4 27 13 13 13 13 12 13 13 13 13 13 12 13 14 13 13 13 14 13 13 13 13 13 13 13 13 13 13 13 13 13 13 13 13 13 13 13 13 14 13 13 13 14 13 12 13 13 13 13 13 12 13 13 13 13
1607_1_2 4 5 5 5 8 1 2 1 3 3 1 3 3 3 3 4 27 13 13 13 13 12 13 13 13 13 13 12 13 14 13 13 13 14 13 13 13 13 13 13 13 13 13 13 13 13 13 13 13 13 13 13 13 13 14 13 13 13 14 13 12 13 13 13 13 13 12 13 13 13 13
1607_2_4 4 8 5 5 5 1 2 2 5 2 3 3 2 2 3 2 27 13 13 13 13 12 13 13 13 13 13 12 13 14 13 13 13 14 13 13 13 13 13 13 13 13 13 13 13 13 13 13 13 13 13 13 13 13 14 13 13 13 14 13 12 13 13 13 13 13 12 13 13 13 13
1609_1_0 3 7 6 6 5 1 1 2 4 3 3 2 3 3 1 4 27 12 13 13 14 13 13 13 13 14 13 13 13 13 13 13 13 13 13 13 12 13 13 13 13 13 13 13 13 13 13 13 13 13 13 12 13 13 13 13 13 13 13 13 13 13 14 13 13 13 13 14 13 13 12
1611_0_2 3 6 5 7 6 1 1 2 3 2 3 2 3 3 2 5 27 12 13 13 13 13 14 13 14 13 12 13 13 13 13 13 13 13 13 13 13 13 13 13 13 13 13 13 13 13 13 13 13 13 13 13 13 13 13 13 13 13 13 13 13 12 13 14 13 14 13 13 13 13 12
1612_0_2 4 4 7 5 7 0 3 2 3 2 1 4 3 3 3 3 27 12 14 13 13 13 13 13 13 13 12 13 13 13 13 13 13 13 13 13 13 13 13 13 13 13 13 14 14 13 13 13 13 13 13 13 13 13 13 13 13 13 13 13 13 12 13 13 13 13 13 13 13 14 12
1612_1_2 4 5 5 5 8 0 3 2 3 2 1 4 3 3 3 3 27 12 14 13 13 13 13 13 13 13 12 13 13 13 13 13 13 13 13 13 13 13 13 13 13 13 13 14 14 13 13 13 13 13 13 13 13 13 13 13 13 13 13 13 13 12 13 13 13 13 13 13 13 14 12
1612_2_2 4 8 5 5 5 0 3 2 3 2 1 4 3 3 3 3 27 12 14 13 13 13 13 13 13 13 12 13 13 13 13 13 13 13 13 13 13 13 13 13 13 13 13 14 14 13 13 13 13 13 13 13 13 13 13 13 13 13 13 13 13 12 13 13 13 13 13 13 13 14 12
1613_1_0 4 5 4 8 6 1 2 2 3 2 2 2 5 2 3 3 27 12 13 13 13 13 13 13 13 13 13 13 13 13 14 13 13 13 13 13 13 13 12 13 14 13 13 13 13 13 13 14 13 12 13 13 13 13 13 13 13 14 13 13 13 13 13 13 13 13 13 13 13 13 12
1615_0_2 4 4 6 5 8 1 2 2 3 2 3 3 1 5 3 2 27 12 13 12 13 13 13 13 14 13 13 13 13 13 13 13 13 14 13 13 13 13 13 13 13 13 13 13 13 13 13 13 13 13 13 13 13 13 14 13 13 13 13 13 13 13 13 14 13 13 13 13 12 13 12
1616_0_2 4 5 4 6 8 1 2 3 3 2 2 3 5 1 3 2 27 12 12 13 14 13 13 13 13 13 13 13 13 13 14 13 13 13 13 13 13 13 13 13 13 13 13 13 13 13 13 13 13 13 13 13 13 13 13 13 13 14 13 13 13 13 13 13 13 13 13 14 13 12 12
1617_0_2 3 5 8 5 6 1 2 2 4 2 4 3 1 3 3 2 27 12 13 13 13 13 13 13 13 13 14 13 13 13 14 13 13 13 13 13 13 13 12 13 13 13 13 13 13 13 13 13 13 12 13 13 13 13 13 13 13 14 13 13 13 14 13 13 13 13 13 13 13 13 12
1617_1_4 3 6 5 8 5 1 2 3 3 1 3 4 2 4 2 2 27 12 13 13 13 13 13 13 13 13 14 13 13 13 14 13 13 13 13 13 13 13 12 13 13 13 13 13 13 13 13 13 13 12 13 13 13 13 13 13 13 14 13 13 13 14 13 13 13 13 13 13 13 13 12
1618_1_2 3 6 5 8 5 1 2 3 3 2 2 3 5 1 3 2 27 12 13 13 13 13 13 13 13 13 13 13 13 12 13 14 13 13 13 14 13 13 13 13 13 13 13 13 13 13 13 13 13 13 13 13 14 13 13 13 14 13 12 13 13 13 13 13 13 13 13 13 13 13 12
1620_0_2 4 4 7 5 7 1 2 1 3 3 1 3 3 3 3 4 27 13 13 13 13 12 13 13 13 13 13 12 13 14 13 13 13 13 13 13 13 13 13 13 13 13 13 14 14 13 13 13 13 13 13 13 13 13 13 13 13 13 14 13 12 13 13 13 13 13 12 13 13 13 13
1620_1_4 4 5 5 5 8 1 2 2 5 2 3 3 2 2 3 2 27 13 13 13 13 12 13 13 13 13 13 12 13 14 13 13 13 13 13 13 13 13 13 13 13 13 13 14 14 13 13 13 13 13 13 13 13 13 13 13 13 13 14 13 12 13 13 13 13 13 12 13 13 13 13
1621_0_0 4 4 6 5 8 0 3 3 2 2 1 3 3 3 3 4 27 12 13 13 13 13 13 13 13 13 13 13 13 13 13 13 13 14 13 14 13 12 13 13 13 13 13 13 13 13 13 13 13 13 12 13 14 13 14 13 13 13 13 13 13 13 13 13 13 13 13 13 13 13 12
1622_0_0 3 6 5 7 6 0 3 3 2 1 3 2 4 3 3 3 27 12 13 13 13 13 13 13 13 13 13 13 13 14 13 13 14 13 13 13 12 13 13 13 13 13 13 13 13 13 13 13 13 13 13 12 13 13 13 14 13 13 14 13 13 13 13 13 13 13 13 13 13 13 12
1623_0_0 4 4 7 5 7 1 2 1 3 3 2 1 5 3 3 3 27 12 13 13 13 13 13 13 13 13 13 13 14 13 13 12 13 13 13 13 13 13 14 13 13 13 13 13 13 13 13 13 13 14 13 13 13 13 13 13 12 13 13 14 13 13 13 13 13 13 13 13 13 13 12
1624_1_0 3 8 6 5 5 0 2 3 2 3 1 4 3 3 3 3 27 12 13 13 13 13 13 12 13 13 13 13 13 14 13 14 13 13 13 13 13 13 13 13 13 13 13 13 13 13 13 13 13 13 13 13 13 13 13 13 14 13 14 13 13 13 13 13 12 13 13 13 13 13 12
1626_0_2 4 5 4 6 8 0 3 2 3 2 1 4 3 3 3 3 27 12 13 13 13 13 13 13 13 14 13 13 13 13 13 13 14 13 13 13 13 13 13 12 13 13 13 13 13 13 13 13 12 13 13 13 13 13 13 14 13 13 13 13 13 13 14 13 13 13 13 13 13 13 12
1626_1_2 4 5 4 8 6 0 3 2 3 2 1 4 3 3 3 3 27 12 13 13 13 13 13 13 13 14 13 13 13 13 13 13 14 13 13 13 13 13 13 12 13 13 13 13 13 13 13 13 12 13 13 13 13 13 13 14 13 13 13 13 13 13 14 13 13 13 13 13 13 13 12
1627_0_2 3 6 5 7 6 1 2 2 3 2 4 2 2 5 2 2 27 12 13 13 13 13 13 13 13 13 13 13 13 14 13 12 13 13 13 14 13 13 13 13 13 13 13 13 13 13 13 13 13 13 13 13 14 13 13 13 12 13 14 13 13 13 13 13 13 13 13 13 13 13 12
1628_1_0 3 7 5 7 5 0 2 3 2 3 1 4 3 3 3 3 27 12 13 13 13 13 12 13 13 13 13 13 13 14 13 13 13 14 13 13 13 13 13 13 13 13 13 13 13 13 13 13 13 13 13 13 13 13 14 13 13 13 14 13 13 13 13 13 13 12 13 13 13 13 12
1630_1_0 4 5 5 5 8 1 2 2 4 4 3 1 3 3 1 3 27 12 13 13 13 13 13 13 13 13 13 13 14 13 13 13 13 13 13 13 13 13 13 14 13 12 13 13 13 13 12 13 14 13 13 13 13 13 13 13 13 13 13 14 13 13 13 13 13 13 13 13 13 13 12
1631_0_4 3 5 6 6 7 0 3 3 3 3 4 1 2 3 2 3 27 12 13 13 13 13 14 13 13 13 12 13 13 13 13 13 13 13 13 13 13 13 13 13 14 13 13 13 13 13 13 14 13 13 13 13 13 13 13 13 13 13 13 13 13 12 13 13 13 14 13 13 13 13 12
1631_1_4 3 7 6 6 5 0 3 3 3 3 4 1 2 3 2 3 27 12 13 13 13 13 14 13 13 13 12 13 13 13 13 13 13 13 13 13 13 13 13 13 14 13 13 13 13 13 13 14 13 13 13 13 13 13 13 13 13 13 13 13 13 12 13 13 13 14 13 13 13 13 12
1632_1_0 3 8 6 5 5 1 2 2 2 3 2 4 1 4 4 2 27 12 13 13 13 13 13 13 13 13 13 13 13 14 13 14 13 12 13 13 13 13 13 13 13 13 13 13 13 13 13 13 13 13 13 13 13 13 12 13 14 13 14 13 13 13 13 13 13 13 13 13 13 13 12
1634_0_0 3 6 6 6 6 1 2 1 3 3 2 1 5 3 3 3 27 13 13 13 13 12 13 13 13 13 13 13 13 13 13 12 14 13 13 13 13 13 14 13 13 13 13 13 13 13 13 13 13 14 13 13 13 13 13 14 12 13 13 13 13 13 13 13 13 13 12 13 13 13 13
1636_0_2 3 6 6 6 6 1 2 3 1 3 2 2 3 3 5 2 27 13 13 13 13 12 13 13 13 13 13 13 13 13 13 13 13 13 13 13 12 14 13 13 13 13 13 14 14 13 13 13 13 13 14 12 13 13 13 13 13 13 13 13 13 13 13 13 13 13 12 13 13 13 13
1638_1_0 3 7 6 6 5 0 2 3 2 3 1 4 3 3 3 3 27 12 13 13 13 13 13 13 13 13 13 13 13 13 13 12 13 13 13 13 13 13 13 13 14 13 14 13 13 14 13 14 13 13 13 13 13 13 13 13 12 13 13 13 13 13 13 13 13 13 13 13 13 13 12
1640_0_2 4 4 6 5 8 1 2 3 2 2 2 2 4 2 5 2 27 12 13 13 13 13 13 13 13 13 13 13 13 13 12 13 13 13 13 13 13 13 13 13 14 13 13 14 14 13 13 14 13 13 13 13 13 13 13 13 13 12 13 13 13 13 13 13 13 13 13 13 13 13 12
1641_1_0 3 7 6 6 5 0 2 3 2 3 1 4 3 3 3 3 27 12 13 13 13 12 13 13 13 14 13 13 13 13 13 13 14 13 13 13 13 13 13 13 13 13 13 13 13 13 13 13 13 13 13 13 13 13 13 14 13 13 13 13 13 13 14 13 13 13 12 13 13 13 12
1643_1_0 3 8 6 5 5 1 2 2 3 2 2 2 5 2 3 3 27 12 13 13 13 13 13 13 13 13 13 12 13 13 14 13 13 13 13 13 14 13 13 13 13 13 13 13 13 13 13 13 13 13 13 14 13 13 13 13 13 14 13 13 12 13 13 13 13 13 13 13 13 13 12
1644_1_2 3 7 6 6 5 1 1 2 3 2 3 2 4 2 3 4 27 13 13 13 13 12 13 13 13 13 13 12 13 13 14 13 13 13 13 13 13 13 13 13 13 13 14 13 13 14 13 13 13 13 13 13 13 13 13 13 13 14 13 13 12 13 13 13 13 13 12 13 13 13 13
1646_1_0 3 6 7 5 6 0 2 4 3 2 3 3 3 3 1 3 27 12 13 13 13 13 13 13 13 13 13 13 13 13 13 12 13 13 13 14 13 13 13 14 13 13 13 13 13 13 13 13 14 13 13 13 14 13 13 13 12 13 13 13 13 13 13 13 13 13 13 13 13 13 12
1648_1_0 3 8 6 5 5 0 2 3 2 3 1 4 3 3 3 3 27 12 13 13 13 14 13 13 13 14 13 13 13 13 13 13 12 13 13 13 13 13 13 13 13 13 13 13 13 13 13 13 13 13 13 13 13 13 13 12 13 13 13 13 13 13 14 13 13 13 14 13 13 13 12
1650_0_2 3 5 6 6 7 1 1 2 3 2 3 2 4 2 3 4 27 13 13 13 13 12 13 13 13 13 13 13 13 13 14 13 13 13 14 13 13 13 12 13 13 13 13 13 13 13 13 13 13 12 13 13 13 14 13 13 13 14 13 13 13 13 13 13 13 13 12 13 13 13 13
1651_0_2 3 5 7 5 7 1 2 2 3 2 3 3 1 5 3 2 27 12 13 13 13 13 13 13 14 13 13 13 13 13 12 13 13 13 13 13 13 13 13 13 13 13 13 14 14 13 13 13 13 13 13 13 13 13 13 13 13 12 13 13 13 13 13 14 13 13 13 13 13 13 12
1652_0_2 3 5 5 6 8 1 2 2 4 2 4 3 1 3 3 2 27 12 13 13 13 13 13 13 13 13 13 12 13 13 13 13 13 13 13 13 13 14 13 13 13 14 13 13 13 13 14 13 13 13 14 13 13 13 13 13 13 13 13 13 12 13 13 13 13 13 13 13 13 13 12
1652_1_4 3 8 6 5 5 1 2 3 3 1 3 4 2 4 2 2 27 12 13 13 13 13 13 13 13 13 13 12 13 13 13 13 13 13 13 13 13 14 13 13 13 14 13 13 13 13 14 13 13 13 14 13 13 13 13 13 13 13 13 13 12 13 13 13 13 13 13 13 13 13 12
1654_0_2 3 6 5 7 6 1 1 2 5 2 3 3 2 3 2 3 27 12 13 13 13 13 13 13 13 13 13 13 13 13 13 13 13 13 14 13 13 14 13 13 13 12 13 13 13 13 12 13 13 13 14 13 13 14 13 13 13 13 13 13 13 13 13 13 13 13 13 13 13 13 12
1655_1_0 4 5 5 5 8 1 1 2 4 3 3 2 3 3 1 4 27 12 13 13 13 13 13 14 13 13 12 13 14 13 13 13 13 13 13 13 13 13 13 13 13 13 13 13 13 13 13 13 13 13 13 13 13 13 13 13 13 13 13 14 13 12 13 13 14 13 13 13 13 13 12
1657_0_0 4 4 6 5 8 1 2 1 3 2 3 4 1 3 4 3 27 12 13 13 13 13 13 13 14 13 13 13 13 13 13 13 13 13 13 13 13 14 13 13 12 13 13 13 13 13 13 12 13 13 14 13 13 13 13 13 13 13 13 13 13 13 13 14 13 13 13 13 13 13 12
1658_1_0 4 4 8 5 6 1 1 3 2 3 4 3 1 4 2 3 27 12 13 13 12 13 13 13 13 13 13 13 13 14 13 13 13 13 13 14 13 13 13 13 13 13 13 13 13 13 13 13 13 13 13 13 14 13 13 13 13 13 14 13 13 13 13 13 13 13 13 12 13 13 12
1660_0_0 3 6 6 6 6 0 2 3 2 1 3 2 3 4 3 4 27 13 13 13 13 12 13 13 13 13 13 13 13 13 13 12 13 13 13 14 13 13 14 13 13 13 13 13 13 13 13 13 13 14 13 13 14 13 13 13 12 13 13 13 13 13 13 13 13 13 12 13 13 13 13
1662_0_2 4 4 6 5 8 1 2 2 3 5 2 2 3 3 1 3 27 12 13 13 13 13 12 13 14 13 13 13 13 13 13 13 13 13 13 13 13 14 13 13 13 13 13 13 13 13 13 13 13 13 14 13 13 13 13 13 13 13 13 13 13 13 13 14 13 12 13 13 13 13 12
1663_0_2 3 5 5 6 8 1 1 2 3 2 3 2 3 3 2 5 27 12 13 13 13 13 13 13 13 13 13 13 13 13 13 13 14 13 13 13 13 12 13 13 13 14 13 13 13 13 14 13 13 13 12 13 13 13 13 14 13 13 13 13 13 13 13 13 13 13 13 13 13 13 12
1664_0_2 3 5 7 5 7 1 2 1 3 4 2 3 3 2 2 4 27 12 13 13 13 13 13 13 14 13 13 12 13 13 13 13 13 14 13 13 13 13 13 13 13 13 13 13 13 13 13 13 13 13 13 13 13 13 14 13 13 13 13 13 12 13 13 14 13 13 13 13 13 13 12
1665_0_2 4 4 6 5 8 1 2 2 3 3 2 2 4 4 1 3 27 12 13 13 14 13 13 13 13 13 13 12 13 13 13 13 13 13 13 13 13 13 13 14 13 13 13 13 13 13 13 13 14 13 13 13 13 13 13 13 13 13 13 13 12 13 13 13 13 13 13 14 13 13 12
1665_1_4 4 4 8 5 6 1 3 2 2 2 2 5 3 2 2 3 27 12 13 13 14 13 13 13 13 13 13 12 13 13 13 13 13 13 13 13 13 13 13 14 13 13 13 13 13 13 13 13 14 13 13 13 13 13 13 13 13 13 13 13 12 13 13 13 13 13 13 14 13 13 12
1667_0_0 3 6 6 6 6 1 1 2 3 2 3 4 1 4 3 3 27 13 13 13 13 12 13 13 13 13 13 13 13 13 13 12 13 13 14 13 13 13 13 13 14 13 13 13 13 13 13 14 13 13 13 13 13 14 13 13 12 13 13 13 13 13 13 13 13 13 12 13 13 13 13
1669_0_2 3 6 6 6 6 1 1 3 1 4 4 2 3 2 4 2 27 13 13 13 13 12 13 13 13 13 13 13 13 13 13 12 13 13 13 13 13 13 14 13 14 13 13 13 13 13 13 14 13 14 13 13 13 13 13 13 12 13 13 13 13 13 13 13 13 13 12 13 13 13 13
1670_1_0 3 8 6 5 5 1 2 3 1 4 3 4 2 1 3 3 27 12 13 13 13 13 13 13 13 12 13 13 13 13 13 13 13 13 13 14 13 13 13 13 13 14 13 13 13 13 14 13 13 13 13 13 14 13 13 13 13 13 13 13 13 13 12 13 13 13 13 13 13 13 12
1672_1_0 4 4 8 5 6 0 2 2 3 3 4 2 3 1 4 3 27 12 13 13 13 13 13 13 13 13 13 14 13 13 12 13 13 13 13 13 13 13 13 13 13 13 13 14 14 13 13 13 13 13 13 13 13 13 13 13 13 12 13 13 14 13 13 13 13 13 13 13 13 13 12
1674_1_0 4 4 8 5 6 1 2 1 2 3 2 5 2 2 3 4 27 12 13 13 13 13 13 13 13 13 13 13 13 14 13 13 13 12 13 13 13 13 14 13 13 13 13 13 13 13 13 13 13 14 13 13 13 13 12 13 13 13 14 13 13 13 13 13 13 13 13 13 13 13 12
1675_1_2 3 6 5 8 5 1 2 1 3 4 2 3 3 2 2 4 27 12 13 13 13 13 14 13 13 13 13 13 13 13 13 13 13 13 13 13 13 13 12 13 13 14 13 13 13 13 14 13 13 12 13 13 13 13 13 13 13 13 13 13 13 13 13 13 13 14 13 13 13 13 12
1677_1_0 3 8 6 5 5 1 1 2 4 3 3 2 3 3 1 4 27 12 13 12 13 13 13 14 13 13 13 13 13 13 13 13 13 13 13 13 13 13 13 13 13 14 13 13 13 13 14 13 13 13 13 13 13 13 13 13 13 13 13 13 13 13 13 13 14 13 13 13 12 13 12
1679_1_0 4 5 4 8 6 1 2 2 3 2 2 2 5 2 3 3 27 12 13 13 13 13 13 13 13 13 13 13 13 13 13 13 13 13 13 14 13 13 12 13 14 13 13 13 13 13 13 14 13 12 13 13 14 13 13 13 13 13 13 13 13 13 13 13 13 13 13 13 13 13 12
1680_1_2 3 8 6 5 5 1 2 3 2 3 1 4 4 3 1 3 27 12 13 13 13 13 13 13 13 13 13 13 13 13 13 14 13 13 13 12 13 13 13 13 14 13 13 13 13 13 13 14 13 13 13 13 12 13 13 13 14 13 13 13 13 13 13 13 13 13 13 13 13 13 12
1681_1_2 4 4 8 5 6 1 2 1 3 4 2 3 3 2 2 4 27 12 13 13 13 13 13 13 13 13 13 12 13 13 14 13 13 13 13 13 13 13 13 13 13 13 13 14 14 13 13 13 13 13 13 13 13 13 13 13 13 14 13 13 12 13 13 13 13 13 13 13 13 13 12
1683_1_0 4 4 8 5 6 1 1 2 4 1 4 3 2 3 3 3 27 12 13 13 13 13 12 13 13 13 13 13 13 13 14 13 13 13 14 13 13 13 13 13 13 13 13 13 13 13 13 13 13 13 13 13 13 14 13 13 13 14 13 13 13 13 13 13 13 12 13 13 13 13 12
1685_0_2 3 5 6 6 7 1 2 2 3 2 3 3 1 5 3 2 27 12 13 13 13 13 13 13 13 13 13 13 13 13 13 13 14 13 13 14 13 13 13 13 13 12 13 13 13 13 12 13 13 13 13 13 14 13 13 14 13 13 13 13 13 13 13 13 13 13 13 13 13 13 12
1686_1_0 4 4 8 5 6 0 2 4 3 2 3 3 3 3 1 3 27 12 13 13 12 13 13 13 13 13 13 13 13 13 14 13 13 13 13 13 13 13 13 14 13 13 13 13 13 13 13 13 14 13 13 13 13 13 13 13 13 14 13 13 13 13 13 13 13 13 13 12 13 13 12
1688_1_0 4 5 5 5 8 1 1 2 4 3 3 2 3 3 1 4 27 12 13 14 13 13 13 13 13 13 13 13 13 13 13 13 13 13 14 13 13 13 13 13 13 12 13 13 13 13 12 13 13 13 13 13 13 14 13 13 13 13 13 13 13 13 13 13 13 13 13 13 14 13 12
1690_0_0 3 5 6 6 7 1 1 3 2 3 4 3 1 4 2 3 27 12 13 13 13 13 13 13 13 14 13 13 13 13 13 12 13 13 13 14 13 13 13 13 13 13 13 13 13 13 13 13 13 13 13 13 14 13 13 13 12 13 13 13 13 13 14 13 13 13 13 13 13 13 12
1691_0_0 3 6 5 7 6 0 2 3 2 2 3 2 2 4 3 4 27 12 13 13 13 13 13 14 13 13 13 13 13 13 13 13 14 13 13 13 12 13 13 13 13 13 13 13 13 13 13 13 13 13 13 12 13 13 13 14 13 13 13 13 13 13 13 13 14 13 13 13 13 13 12
1691_1_0 3 6 7 5 6 0 2 3 2 2 3 2 2 4 3 4 27 12 13 13 13 13 13 14 13 13 13 13 13 13 13 13 14 13 13 13 12 13 13 13 13 13 13 13 13 13 13 13 13 13 13 12 13 13 13 14 13 13 13 13 13 13 13 13 14 13 13 13 13 13 12
1692_0_0 4 4 6 5 8 0 3 3 2 1 3 2 4 3 3 3 27 12 13 13 13 14 13 13 13 13 13 13 13 13 13 12 13 13 14 13 13 13 13 13 13 13 13 13 13 13 13 13 13 13 13 13 13 14 13 13 12 13 13 13 13 13 13 13 13 13 14 13 13 13 12
1693_0_0 3 5 5 6 8 1 1 2 4 1 3 3 2 4 3 3 27 12 13 13 12 13 13 13 13 13 14 13 13 13 13 13 14 13 13 13 13 13 13 13 13 13 13 13 13 13 13 13 13 13 13 13 13 13 13 14 13 13 13 13 13 14 13 13 13 13 13 12 13 13 12
1694_1_0 3 8 6 5 5 1 1 3 2 3 4 3 1 4 2 3 27 12 13 13 13 13 13 13 13 13 13 13 13 13 14 13 13 13 13 13 14 13 13 13 13 13 12 13 13 12 13 13 13 13 13 14 13 13 13 13 13 14 13 13 13 13 13 13 13 13 13 13 13 13 12
1695_0_4 3 6 5 7 6 1 1 2 2 3 2 3 3 3 2 5 27 12 13 13 13 12 13 13 14 13 13 13 13 13 13 13 13 13 13 13 13 13 13 13 14 13 13 13 13 13 13 14 13 13 13 13 13 13 13 13 13 13 13 13 13 13 13 14 13 13 12 13 13 13 12
1695_1_4 3 6 7 5 6 1 1 2 2 3 2 3 3 3 2 5 27 12 13 13 13 12 13 13 14 13 13 13 13 13 13 13 13 13 13 13 13 13 13 13 14 13 13 13 13 13 13 14 13 13 13 13 13 13 13 13 13 13 13 13 13 13 13 14 13 13 12 13 13 13 12
1697_0_0 4 5 4 6 8 0 2 3 3 2 3 2 4 2 3 3 27 12 13 13 13 13 13 13 13 13 13 13 13 13 13 13 14 13 13 14 13 13 12 13 13 13 13 13 13 13 13 13 13 12 13 13 14 13 13 14 13 13 13 13 13 13 13 13 13 13 13 13 13 13 12
1698_0_0 3 5 8 5 6 0 2 3 2 3 1 4 3 3 3 3 27 12 13 13 13 13 13 13 13 13 13 13 13 12 13 13 13 13 13 13 14 13 13 13 14 13 13 13 13 13 13 14 13 13 13 14 13 13 13 13 13 13 12 13 13 13 13 13 13 13 13 13 13 13 12
1699_1_0 3 7 5 7 5 1 2 2 2 3 2 4 1 4 4 2 27 12 13 13 13 13 12 13 13 13 13 13 13 14 13 13 13 13 14 13 13 13 13 13 13 13 13 13 13 13 13 13 13 13 13 13 13 14 13 13 13 13 14 13 13 13 13 13 13 12 13 13 13 13 12
1701_0_0 4 4 6 5 8 1 1 2 4 3 3 2 3 3 1 4 27 12 13 13 13 13 13 14 13 13 13 13 12 13 13 13 13 13 13 13 13 13 13 14 13 13 13 13 13 13 13 13 14 13 13 13 13 13 13 13 13 13 13 12 13 13 13 13 14 13 13 13 13 13 12
1703_0_0 3 5 8 5 6 1 1 3 2 3 1 3 3 3 3 4 27 12 13 13 13 13 13 13 13 13 14 13 13 13 13 13 13 13 13 13 13 13 12 13 13 13 14 13 13 14 13 13 13 12 13 13 13 13 13 13 13 13 13 13 13 14 13 13 13 13 13 13 13 13 12
1703_1_2 3 6 5 8 5 1 2 2 3 3 2 2 4 4 1 3 27 12 13 13 13 13 13 13 13 13 14 13 13 13 13 13 13 13 13 13 13 13 12 13 13 13 14 13 13 14 13 13 13 12 13 13 13 13 13 13 13 13 13 13 13 14 13 13 13 13 13 13 13 13 12
1704_1_0 3 6 7 5 6 1 1 3 2 2 3 3 1 4 3 4 27 12 13 13 13 13 13 13 13 13 13 13 13 13 13 13 13 13 14 13 12 13 13 13 13 13 14 13 13 14 13 13 13 13 13 12 13 14 13 13 13 13 13 13 13 13 13 13 13 13 13 13 13 13 12
1706_0_0 4 4 7 5 7 1 1 2 3 2 3 4 1 4 3 3 27 13 13 13 13 12 13 13 13 13 13 12 13 14 13 13 13 13 13 13 13 13 14 13 13 13 13 13 13 13 13 13 13 14 13 13 13 13 13 13 13 13 14 13 12 13 13 13 13 13 12 13 13 13 13
1707_0_2 4 4 6 5 8 1 2 3 2 3 1 4 4 3 1 3 27 12 13 13 13 13 13 13 13 13 13 13 13 13 13 13 13 13 14 13 14 13 13 13 13 12 13 13 13 13 12 13 13 13 13 14 13 14 13 13 13 13 13 13 13 13 13 13 13 13 13 13 13 13 12
1708_1_0 4 5 5 5 8 0 3 3 1 2 2 3 3 4 3 3 27 12 13 13 13 12 13 13 13 13 13 13 14 13 13 13 13 13 13 13 13 13 13 14 13 13 13 13 13 13 13 13 14 13 13 13 13 13 13 13 13 13 13 14 13 13 13 13 13 13 12 13 13 13 12
1710_0_0 3 6 5 7 6 0 3 3 2 1 3 2 4 3 3 3 27 12 13 13 14 13 13 13 13 13 13 13 13 13 13 12 13 14 13 13 13 13 13 13 13 13 13 13 13 13 13 13 13 13 13 13 13 13 14 13 12 13 13 13 13 13 13 13 13 13 13 14 13 13 12
1711_0_0 3 6 5 7 6 1 1 2 3 2 4 3 2 3 2 4 27 13 13 13 13 12 13 13 13 13 13 12 13 13 13 13 13 13 13 13 13 13 13 13 14 13 13 14 14 13 13 14 13 13 13 13 13 13 13 13 13 13 13 13 12 13 13 13 13 13 12 13 13 13 13
1711_1_2 3 6 7 5 6 1 2 1 3 3 1 3 3 3 3 4 27 13 13 13 13 12 13 13 13 13 13 12 13 13 13 13 13 13 13 13 13 13 13 13 14 13 13 14 14 13 13 14 13 13 13 13 13 13 13 13 13 13 13 13 12 13 13 13 13 13 12 13 13 13 13
1712_1_0 3 8 6 5 5 0 2 3 3 2 3 2 4 2 3 3 27 12 13 13 13 13 13 13 13 13 13 12 13 13 13 13 14 13 13 13 13 13 13 13 13 14 13 13 13 13 14 13 13 13 13 13 13 13 13 14 13 13 13 13 12 13 13 13 13 13 13 13 13 13 12
1713_1_0 3 6 7 5 6 1 1 3 2 3 4 3 1 4 2 3 27 12 13 13 13 13 13 13 14 13 13 13 13 13 13 12 13 13 13 13 13 13 13 13 14 13 13 13 13 13 13 14 13 13 13 13 13 13 13 13 12 13 13 13 13 13 13 14 13 13 13 13 13 13 12
1714_0_4 4 4 6 5 8 1 1 2 2 3 2 3 3 3 2 5 27 12 13 13 13 13 12 13 14 13 13 13 13 13 13 13 13 13 13 13 13 13 13 13 14 13 13 13 13 13 13 14 13 13 13 13 13 13 13 13 13 13 13 13 13 13 13 14 13 12 13 13 13 13 12
1714_1_4 4 4 8 5 6 1 1 2 2 3 2 3 3 3 2 5 27 12 13 13 13 13 12 13 14 13 13 13 13 13 13 13 13 13 13 13 13 13 13 13 14 13 13 13 13 13 13 14 13 13 13 13 13 13 13 13 13 13 13 13 13 13 13 14 13 12 13 13 13 13 12
1715_1_0 3 6 5 8 5 0 2 3 3 2 3 2 4 2 3 3 27 12 13 13 13 14 13 13 13 13 13 13 13 13 13 13 13 13 13 14 13 13 12 13 13 13 13 13 13 13 13 13 13 12 13 13 14 13 13 13 13 13 13 13 13 13 13 13 13 13 14 13 13 13 12
1717_0_0 4 4 6 5 8 1 2 1 3 2 2 4 1 3 4 4 27 12 13 12 13 13 13 14 13 13 13 13 13 13 13 13 13 13 13 13 13 13 14 13 13 13 13 13 13 13 13 13 13 14 13 13 13 13 13 13 13 13 13 13 13 13 13 13 14 13 13 13 12 13 12
1717_1_0 4 4 8 5 6 1 2 1 3 2 2 4 1 3 4 4 27 12 13 12 13 13 13 14 13 13 13 13 13 13 13 13 13 13 13 13 13 13 14 13 13 13 13 13 13 13 13 13 13 14 13 13 13 13 13 13 13 13 13 13 13 13 13 13 14 13 13 13 12 13 12
1718_0_0 4 4 6 5 8 0 3 2 3 4 3 3 1 2 3 3 27 12 13 13 13 13 13 13 12 13 13 13 13 13 13 13 13 14 13 13 13 13 13 14 13 13 13 13 13 13 13 13 14 13 13 13 13 13 14 13 13 13 13 13 13 13 13 12 13 13 13 13 13 13 12
1720_0_0 3 6 5 7 6 1 2 2 2 2 3 2 3 2 5 3 27 13 13 13 13 12 13 13 13 13 13 13 14 13 13 13 13 13 14 13 13 13 12 13 13 13 13 13 13 13 13 13 13 12 13 13 13 14 13 13 13 13 13 14 13 13 13 13 13 13 12 13 13 13 13
1722_0_2 3 6 6 6 6 1 1 3 3 4 3 3 2 2 1 4 27 13 13 13 13 12 13 13 13 13 13 13 13 13 13 12 13 13 13 13 13 13 13 14 14 13 13 13 13 13 13 14 14 13 13 13 13 13 13 13 12 13 13 13 13 13 13 13 13 13 12 13 13 13 13
1723_0_6 4 4 6 5 8 1 2 5 3 2 2 3 2 3 1 3 27 12 13 13 13 14 13 13 13 13 13 13 13 13 13 13 13 13 14 13 12 13 13 13 13 13 13 13 13 13 13 13 13 13 13 12 13 14 13 13 13 13 13 13 13 13 13 13 13 13 14 13 13 13 12
1723_1_6 4 4 8 5 6 1 2 5 3 2 2 3 2 3 1 3 27 12 13 13 13 14 13 13 13 13 13 13 13 13 13 13 13 13 14 13 12 13 13 13 13 13 13 13 13 13 13 13 13 13 13 12 13 14 13 13 13 13 13 13 13 13 13 13 13 13 14 13 13 13 12
1725_1_0 4 4 8 5 6 1 1 2 4 3 3 2 3 3 1 4 27 12 13 13 13 13 13 13 13 13 13 13 14 13 13 13 13 13 13 13 13 12 13 13 13 13 14 13 13 14 13 13 13 13 12 13 13 13 13 13 13 13 13 14 13 13 13 13 13 13 13 13 13 13 12
1727_0_2 3 6 5 7 6 0 3 2 3 2 1 4 3 3 3 3 27 12 13 13 13 13 14 13 13 13 12 13 13 14 13 13 13 13 13 13 13 13 13 13 13 13 13 13 13 13 13 13 13 13 13 13 13 13 13 13 13 13 14 13 13 12 13 13 13 14 13 13 13 13 12
1727_1_2 3 6 7 5 6 0 3 2 3 2 1 4 3 3 3 3 27 12 13 13 13 13 14 13 13 13 12 13 13 14 13 13 13 13 13 13 13 13 13 13 13 13 13 13 13 13 13 13 13 13 13 13 13 13 13 13 13 13 14 13 13 12 13 13 13 14 13 13 13 13 12
1728_1_0 4 4 8 5 6 0 2 3 2 3 1 4 3 3 3 3 27 12 13 14 13 13 13 13 13 13 13 13 13 13 13 13 13 13 13 13 14 13 13 13 13 12 13 13 13 13 12 13 13 13 13 14 13 13 13 13 13 13 13 13 13 13 13 13 13 13 13 13 14 13 12
1730_1_0 3 8 6 5 5 0 2 3 2 3 1 4 3 3 3 3 27 12 13 12 13 13 13 13 13 13 13 13 13 14 13 13 13 13 13 13 13 13 13 13 13 14 13 13 13 13 14 13 13 13 13 13 13 13 13 13 13 13 14 13 13 13 13 13 13 13 13 13 12 13 12
1732_0_2 4 4 6 5 8 1 1 2 5 2 3 3 2 3 2 3 27 12 13 13 13 13 13 14 13 13 14 13 13 13 13 13 13 13 13 13 13 13 13 13 13 12 13 13 13 13 12 13 13 13 13 13 13 13 13 13 13 13 13 13 13 14 13 13 14 13 13 13 13 13 12
1733_0_2 4 4 6 5 8 1 2 3 3 2 2 3 5 1 3 2 27 12 13 13 13 13 13 13 13 13 13 13 13 13 13 13 13 13 14 13 12 13 13 13 13 14 13 13 13 13 14 13 13 13 13 12 13 14 13 13 13 13 13 13 13 13 13 13 13 13 13 13 13 13 12
1734_1_0 3 8 6 5 5 0 3 3 1 2 2 3 3 4 3 3 27 12 13 13 13 13 12 13 13 13 14 13 13 13 13 13 13 13 13 13 13 14 13 13 13 13 13 13 13 13 13 13 13 13 14 13 13 13 13 13 13 13 13 13 13 14 13 13 13 12 13 13 13 13 12
1735_1_2 4 4 8 5 6 1 2 3 2 3 1 4 4 3 1 3 27 12 13 12 13 13 13 14 13 13 13 13 13 14 13 13 13 13 13 13 13 13 13 13 13 13 13 13 13 13 13 13 13 13 13 13 13 13 13 13 13 13 14 13 13 13 13 13 14 13 13 13 12 13 12
1736_0_6 4 4 6 5 8 1 2 3 3 1 4 3 4 2 1 3 27 12 13 14 13 12 13 13 13 13 13 13 13 13 13 13 13 13 13 13 14 13 13 13 13 13 13 13 13 13 13 13 13 13 13 14 13 13 13 13 13 13 13 13 13 13 13 13 13 13 12 13 14 13 12
1736_1_6 4 4 8 5 6 1 2 3 3 1 4 3 4 2 1 3 27 12 13 14 13 12 13 13 13 13 13 13 13 13 13 13 13 13 13 13 14 13 13 13 13 13 13 13 13 13 13 13 13 13 13 14 13 13 13 13 13 13 13 13 13 13 13 13 13 13 12 13 14 13 12
1738_1_0 4 4 8 5 6 0 3 3 1 2 2 3 3 4 3 3 27 12 13 13 13 13 13 13 13 13 13 13 14 13 13 13 12 13 13 13 13 14 13 13 13 13 13 13 13 13 13 13 13 13 14 13 13 13 13 12 13 13 13 14 13 13 13 13 13 13 13 13 13 13 12
1739_0_6 3 5 5 6 8 1 2 3 1 4 2 2 3 5 2 2 27 12 13 12 13 13 13 13 13 13 13 13 13 13 13 14 13 13 13 13 13 13 14 13 13 13 13 13 13 13 13 13 13 14 13 13 13 13 13 13 14 13 13 13 13 13 13 13 13 13 13 13 12 13 12
1739_1_6 3 8 6 5 5 1 2 3 1 4 2 2 3 5 2 2 27 12 13 12 13 13 13 13 13 13 13 13 13 13 13 14 13 13 13 13 13 13 14 13 13 13 13 13 13 13 13 13 13 14 13 13 13 13 13 13 14 13 13 13 13 13 13 13 13 13 13 13 12 13 12
1740_1_2 3 6 5 8 5 1 1 2 3 2 3 2 3 3 2 5 27 12 13 13 13 14 13 13 13 13 13 13 13 13 14 13 13 13 13 13 13 13 13 12 13 13 13 13 13 13 13 13 12 13 13 13 13 13 13 13 13 14 13 13 13 13 13 13 13 13 14 13 13 13 12
1741_1_2 4 4 8 5 6 1 2 3 4 3 3 1 3 1 2 4 27 12 13 14 13 14 13 13 13 13 13 13 13 13 13 12 13 13 13 13 13 13 13 13 13 13 13 13 13 13 13 13 13 13 13 13 13 13 13 13 12 13 13 13 13 13 13 13 13 13 14 13 14 13 12
1743_0_2 4 4 6 5 8 0 3 2 4 3 3 3 2 1 3 3 27 12 13 13 13 12 13 13 14 13 13 13 13 13 13 13 13 13 13 13 14 13 13 13 13 13 13 13 13 13 13 13 13 13 13 14 13 13 13 13 13 13 13 13 13 13 13 14 13 13 12 13 13 13 12
1743_1_2 4 4 8 5 6 0 3 2 4 3 3 3 2 1 3 3 27 12 13 13 13 12 13 13 14 13 13 13 13 13 13 13 13 13 13 13 14 13 13 13 13 13 13 13 13 13 13 13 13 13 13 14 13 13 13 13 13 13 13 13 13 13 13 14 13 13 12 13 13 13 12
1744_0_2 3 5 6 6 7 1 2 3 3 2 2 3 5 1 3 2 27 12 13 13 14 13 13 13 13 13 13 13 13 13 14 13 13 13 13 13 12 13 13 13 13 13 13 13 13 13 13 13 13 13 13 12 13 13 13 13 13 14 13 13 13 13 13 13 13 13 13 14 13 13 12
1745_0_2 3 5 5 6 8 1 3 2 2 2 3 1 3 2 5 3 27 12 13 13 13 13 13 13 13 13 13 13 13 13 13 13 13 13 14 13 14 13 13 12 13 13 13 13 13 13 13 13 12 13 13 14 13 14 13 13 13 13 13 13 13 13 13 13 13 13 13 13 13 13 12
1746_0_2 4 4 6 5 8 1 2 4 4 1 4 2 3 2 2 2 27 12 13 13 13 12 13 13 13 13 13 13 13 13 13 13 13 13 14 13 14 13 13 13 13 13 13 13 13 13 13 13 13 13 13 14 13 14 13 13 13 13 13 13 13 13 13 13 13 13 12 13 13 13 12
1747_0_2 4 4 6 5 8 1 2 2 3 2 3 3 1 5 3 2 27 12 13 13 12 13 13 14 13 13 13 13 13 13 13 13 14 13 13 13 13 13 13 13 13 13 13 13 13 13 13 13 13 13 13 13 13 13 13 14 13 13 13 13 13 13 13 13 14 13 13 12 13 13 12
1748_1_0 3 6 7 5 6 0 1 4 2 3 3 3 2 4 2 3 27 12 13 13 13 13 13 13 13 14 13 13 13 13 13 12 13 13 13 13 13 13 14 13 13 13 13 13 13 13 13 13 13 14 13 13 13 13 13 13 12 13 13 13 13 13 14 13 13 13 13 13 13 13 12
1750_0_2 3 6 5 7 6 1 3 2 2 2 3 1 3 2 5 3 27 12 13 13 13 13 13 13 13 13 12 13 13 13 13 13 13 13 14 13 13 13 13 13 14 13 13 13 13 13 13 14 13 13 13 13 13 14 13 13 13 13 13 13 13 12 13 13 13 13 13 13 13 13 12
1751_1_0 3 6 7 5 6 1 1 2 4 1 3 3 2 4 3 3 27 12 13 13 13 13 14 13 13 13 13 13 13 13 13 12 13 13 13 13 13 13 13 14 13 13 13 13 13 13 13 13 14 13 13 13 13 13 13 13 12 13 13 13 13 13 13 13 13 14 13 13 13 13 12
1753_1_0 4 4 8 5 6 1 2 3 1 4 3 4 2 1 3 3 27 12 13 14 13 13 13 13 13 13 13 13 13 13 13 13 13 13 13 13 12 13 13 13 13 14 13 13 13 13 14 13 13 13 13 12 13 13 13 13 13 13 13 13 13 13 13 13 13 13 13 13 14 13 12
1755_1_0 4 4 8 5 6 0 2 4 3 2 3 3 3 3 1 3 27 12 13 14 13 13 13 13 13 13 14 13 13 13 13 12 13 13 13 13 13 13 13 13 13 13 13 13 13 13 13 13 13 13 13 13 13 13 13 13 12 13 13 13 13 14 13 13 13 13 13 13 14 13 12
1756_1_2 4 4 8 5 6 1 1 2 5 2 3 3 2 3 2 3 27 12 13 13 13 13 13 13 13 13 14 13 13 13 13 13 13 13 14 13 13 13 13 13 13 12 13 13 13 13 12 13 13 13 13 13 13 14 13 13 13 13 13 13 13 14 13 13 13 13 13 13 13 13 12
1758_1_0 4 4 8 5 6 1 2 3 1 4 4 3 1 3 2 3 27 12 13 13 13 12 13 13 13 13 13 13 13 13 13 14 13 13 14 13 13 13 13 13 13 13 13 13 13 13 13 13 13 13 13 13 13 14 13 13 14 13 13 13 13 13 13 13 13 13 12 13 13 13 12
1760_1_0 3 7 6 6 5 1 1 2 4 3 3 2 3 3 1 4 27 12 13 13 13 13 13 13 13 13 12 13 13 13 13 13 13 13 13 13 13 14 13 13 13 13 14 13 13 14 13 13 13 13 14 13 13 13 13 13 13 13 13 13 13 12 13 13 13 13 13 13 13 13 12
1761_1_2 4 4 8 5 6 1 1 2 5 2 3 3 2 3 2 3 27 12 13 12 13 13 13 14 13 13 13 13 14 13 13 13 13 13 13 13 13 13 13 13 13 13 13 13 13 13 13 13 13 13 13 13 13 13 13 13 13 13 13 14 13 13 13 13 14 13 13 13 12 13 12
1763_1_0 4 4 8 5 6 1 2 2 3 2 2 2 5 2 3 3 27 12 13 13 13 13 13 13 14 13 13 12 13 13 13 13 13 13 13 13 13 13 13 13 14 13 13 13 13 13 13 14 13 13 13 13 13 13 13 13 13 13 13 13 12 13 13 14 13 13 13 13 13 13 12
1764_1_2 4 4 8 5 6 1 2 3 2 2 2 2 4 2 5 2 27 12 13 13 13 13 13 13 13 14 13 13 13 13 12 13 13 13 13 13 13 13 13 13 13 13 13 14 14 13 13 13 13 13 13 13 13 13 13 13 13 12 13 13 13 13 14 13 13 13 13 13 13 13 12
1766_0_0 3 5 8 5 6 0 2 3 4 2 3 2 4 2 2 3 27 12 13 12 13 13 13 13 13 13 13 13 13 13 13 14 13 13 13 13 13 13 13 13 14 13 13 13 13 13 13 14 13 13 13 13 13 13 13 13 14 13 13 13 13 13 13 13 13 13 13 13 12 13 12
1767_0_0 3 5 5 6 8 1 2 3 4 2 4 2 1 3 2 3 27 12 13 13 13 14 13 13 13 13 13 13 13 14 13 13 13 13 13 13 13 13 12 13 13 13 13 13 13 13 13 13 13 12 13 13 13 13 13 13 13 13 14 13 13 13 13 13 13 13 14 13 13 13 12
1768_0_4 3 5 5 6 8 1 3 2 2 2 2 5 3 2 2 3 27 12 13 13 13 13 13 13 13 13 13 13 14 13 13 14 13 13 13 13 13 13 12 13 13 13 13 13 13 13 13 13 13 12 13 13 13 13 13 13 14 13 13 14 13 13 13 13 13 13 13 13 13 13 12
1769_0_0 3 5 7 5 7 1 1 2 4 3 3 2 3 3 1 4 27 12 13 13 13 13 13 14 13 13 13 12 13 13 13 13 13 13 13 13 13 13 14 13 13 13 13 13 13 13 13 13 13 14 13 13 13 13 13 13 13 13 13 13 12 13 13 13 14 13 13 13 13 13 12
1770_1_0 4 5 5 5 8 1 2 2 4 3 3 1 4 3 1 3 27 12 13 13 13 13 13 13 13 13 12 13 13 14 13 13 13 13 14 13 13 13 13 13 13 13 13 13 13 13 13 13 13 13 13 13 13 14 13 13 13 13 14 13 13 12 13 13 13 13 13 13 13 13 12
1771_0_0 3 6 5 7 6 1 1 2 4 3 3 2 3 3 1 4 27 12 13 13 14 13 13 13 13 13 12 13 14 13 13 13 13 13 13 13 13 13 13 13 13 13 13 13 13 13 13 13 13 13 13 13 13 13 13 13 13 13 13 14 13 12 13 13 13 13 13 14 13 13 12
1772_1_0 4 4 8 5 6 0 2 3 1 4 3 3 2 3 3 3 27 12 13 13 13 13 12 13 14 13 13 13 13 13 13 13 13 13 13 14 13 13 13 13 13 13 13 13 13 13 13 13 13 13 13 13 14 13 13 13 13 13 13 13 13 13 13 14 13 12 13 13 13 13 12
1773_1_0 3 8 6 5 5 0 2 3 4 2 3 2 4 2 2 3 27 12 13 12 13 13 13 14 13 13 13 13 13 13 13 13 13 13 13 13 14 13 13 13 13 13 13 13 13 13 13 13 13 13 13 14 13 13 13 13 13 13 13 13 13 13 13 13 14 13 13 13 12 13 12
1775_0_0 4 4 6 5 8 1 2 2 3 4 3 1 3 4 1 3 27 12 13 13 13 14 13 13 14 13 13 13 13 13 13 13 13 13 13 13 12 13 13 13 13 13 13 13 13 13 13 13 13 13 13 12 13 13 13 13 13 13 13 13 13 13 13 14 13 13 14 13 13 13 12
1777_0_0 3 5 8 5 6 1 1 2 4 3 3 2 3 3 1 4 27 12 13 13 13 13 13 13 13 13 13 14 13 13 13 14 13 13 13 13 13 13 12 13 13 13 13 13 13 13 13 13 13 12 13 13 13 13 13 13 14 13 13 13 14 13 13 13 13 13 13 13 13 13 12
1778_1_0 4 5 4 8 6 1 2 2 2 3 2 4 1 4 4 2 27 12 13 13 14 13 13 13 13 13 13 13 13 13 13 13 13 12 13 13 13 13 13 13 14 13 13 13 13 13 13 14 13 13 13 13 13 13 12 13 13 13 13 13 13 13 13 13 13 13 13 14 13 13 12
1779_1_0 4 5 4 8 6 0 3 3 2 1 3 2 4 3 3 3 27 12 13 13 13 13 13 13 13 14 13 13 13 12 13 13 14 13 13 13 13 13 13 13 13 13 13 13 13 13 13 13 13 13 13 13 13 13 13 14 13 13 12 13 13 13 14 13 13 13 13 13 13 13 12
1780_1_0 4 5 5 5 8 0 3 1 2 3 3 3 2 3 4 3 27 12 13 14 13 12 13 13 13 13 13 13 13 13 13 13 13 13 13 13 13 13 13 14 13 13 13 13 13 13 13 13 14 13 13 13 13 13 13 13 13 13 13 13 13 13 13 13 13 13 12 13 14 13 12
1781_0_0 4 4 6 5 8 1 1 2 3 1 4 2 3 3 3 4 27 12 13 13 13 12 13 13 13 13 13 13 13 14 13 13 13 13 13 13 14 13 13 13 13 13 13 13 13 13 13 13 13 13 13 14 13 13 13 13 13 13 14 13 13 13 13 13 13 13 12 13 13 13 12
1782_0_0 3 5 6 6 7 0 3 2 2 3 3 1 3 4 3 3 27 12 13 13 13 13 14 13 13 13 13 13 13 13 13 13 14 13 13 13 12 13 13 13 13 13 13 13 13 13 13 13 13 13 13 12 13 13 13 14 13 13 13 13 13 13 13 13 13 14 13 13 13 13 12
1783_0_0 3 6 5 7 6 1 1 2 4 3 3 2 3 3 1 4 27 12 13 13 13 12 13 14 13 13 13 13 13 13 13 13 14 13 13 13 13 13 13 13 13 13 13 13 13 13 13 13 13 13 13 13 13 13 13 14 13 13 13 13 13 13 13 13 14 13 12 13 13 13 12
1784_1_0 4 4 8 5 6 0 3 1 2 3 3 3 2 3 4 3 27 12 13 13 13 13 12 13 13 13 13 13 13 13 13 13 13 13 13 14 13 13 13 14 13 13 13 13 13 13 13 13 14 13 13 13 14 13 13 13 13 13 13 13 13 13 13 13 13 12 13 13 13 13 12
1786_0_0 4 4 6 5 8 1 1 2 4 3 3 2 3 3 1 4 27 12 13 12 13 13 13 13 14 13 13 13 13 13 13 13 13 13 14 13 13 13 13 13 13 13 13 13 13 13 13 13 13 13 13 13 13 14 13 13 13 13 13 13 13 13 13 14 13 13 13 13 12 13 12
1787_1_0 4 5 5 5 8 1 2 2 3 4 2 4 2 1 2 4 27 12 13 13 13 13 13 13 14 13 13 13 13 13 13 13 13 13 14 13 12 13 13 13 13 13 13 13 13 13 13 13 13 13 13 12 13 14 13 13 13 13 13 13 13 13 13 14 13 13 13 13 13 13 12
1788_0_0 3 6 5 7 6 0 3 2 2 4 4 2 2 3 2 3 27 12 13 14 13 12 13 13 13 13 13 13 13 13 13 13 13 13 13 13 13 13 13 13 14 13 13 13 13 13 13 14 13 13 13 13 13 13 13 13 13 13 13 13 13 13 13 13 13 13 12 13 14 13 12
1788_1_0 3 6 7 5 6 0 3 2 2 4 4 2 2 3 2 3 27 12 13 14 13 12 13 13 13 13 13 13 13 13 13 13 13 13 13 13 13 13 13 13 14 13 13 13 13 13 13 14 13 13 13 13 13 13 13 13 13 13 13 13 13 13 13 13 13 13 12 13 14 13 12
1789_0_0 3 5 5 6 8 0 3 3 2 1 3 2 4 3 3 3 27 12 13 13 13 13 13 12 13 13 13 13 13 13 13 14 13 14 13 13 13 13 13 13 13 13 13 13 13 13 13 13 13 13 13 13 13 13 14 13 14 13 13 13 13 13 13 13 12 13 13 13 13 13 12
1790_0_0 3 5 8 5 6 1 1 3 2 2 3 3 1 5 3 3 27 12 13 12 13 13 13 13 13 13 13 14 13 13 13 13 13 13 13 13 13 13 13 13 13 14 13 13 13 13 14 13 13 13 13 13 13 13 13 13 13 13 13 13 14 13 13 13 13 13 13 13 12 13 12
1791_1_0 3 8 6 5 5 1 2 2 4 3 3 1 4 3 1 3 27 12 13 13 13 13 13 13 13 13 13 13 12 13 13 13 13 13 14 13 14 13 13 13 13 13 13 13 13 13 13 13 13 13 13 14 13 14 13 13 13 13 13 12 13 13 13 13 13 13 13 13 13 13 12
1792_1_0 4 5 5 5 8 0 3 3 2 1 3 2 4 3 3 3 27 12 13 14 13 13 13 13 13 13 13 13 13 13 13 13 13 14 13 13 13 13 13 13 13 12 13 13 13 13 12 13 13 13 13 13 13 13 14 13 13 13 13 13 13 13 13 13 13 13 13 13 14 13 12
1793_0_0 4 4 7 5 7 1 2 3 1 4 3 4 2 1 3 3 27 12 13 14 13 13 13 13 14 13 13 13 13 13 13 13 13 13 13 13 12 13 13 13 13 13 13 13 13 13 13 13 13 13 13 12 13 13 13 13 13 13 13 13 13 13 13 14 13 13 13 13 14 13 12
1794_1_0 3 7 6 6 5 0 3 2 3 4 3 3 1 2 3 3 27 12 13 13 13 13 14 13 13 13 13 13 13 13 13 13 13 13 13 13 13 14 13 13 13 12 13 13 13 13 12 13 13 13 14 13 13 13 13 13 13 13 13 13 13 13 13 13 13 14 13 13 13 13 12
1795_1_2 3 6 5 8 5 1 2 1 2 4 2 2 3 4 2 4 27 12 13 12 13 13 13 13 13 14 13 13 13 13 13 13 13 13 13 13 14 13 13 13 13 13 13 13 13 13 13 13 13 13 13 14 13 13 13 13 13 13 13 13 13 13 14 13 13 13 13 13 12 13 12
1797_1_0 3 6 7 5 6 1 1 2 4 3 3 2 3 3 1 4 27 12 13 13 13 12 13 13 13 13 13 13 13 13 13 13 14 13 14 13 13 13 13 13 13 13 13 13 13 13 13 13 13 13 13 13 13 14 13 14 13 13 13 13 13 13 13 13 13 13 12 13 13 13 12
1798_1_2 4 5 4 8 6 1 2 3 2 2 2 2 4 2 5 2 27 12 13 12 13 13 13 13 13 13 13 13 13 13 13 13 14 13 13 13 13 13 13 13 14 13 13 13 13 13 13 14 13 13 13 13 13 13 13 14 13 13 13 13 13 13 13 13 13 13 13 13 12 13 12
1800_0_2 4 4 6 5 8 1 2 2 4 2 4 3 1 3 3 2 27 12 13 13 13 13 13 13 14 13 13 12 13 13 13 13 13 13 13 13 13 14 13 13 13 13 13 13 13 13 13 13 13 13 14 13 13 13 13 13 13 13 13 13 12 13 13 14 13 13 13 13 13 13 12
1800_1_4 4 4 8 5 6 1 2 3 3 1 3 4 2 4 2 2 27 12 13 13 13 13 13 13 14 13 13 12 13 13 13 13 13 13 13 13 13 14 13 13 13 13 13 13 13 13 13 13 13 13 14 13 13 13 13 13 13 13 13 13 12 13 13 14 13 13 13 13 13 13 12
1801_1_2 4 4 8 5 6 1 2 2 3 2 3 3 1 5 3 2 27 12 13 13 13 14 13 13 13 13 13 13 13 14 13 13 13 13 13 13 12 13 13 13 13 13 13 13 13 13 13 13 13 13 13 12 13 13 13 13 13 13 14 13 13 13 13 13 13 13 14 13 13 13 12
1803_0_2 4 4 6 5 8 0 3 3 3 3 4 1 2 2 3 3 27 12 13 13 14 13 13 13 13 13 13 13 13 13 13 13 13 14 13 13 13 13 13 13 12 13 13 13 13 13 13 12 13 13 13 13 13 13 14 13 13 13 13 13 13 13 13 13 13 13 13 14 13 13 12
1803_1_2 4 4 8 5 6 0 3 3 3 3 4 1 2 2 3 3 27 12 13 13 14 13 13 13 13 13 13 13 13 13 13 13 13 14 13 13 13 13 13 13 12 13 13 13 13 13 13 12 13 13 13 13 13 13 14 13 13 13 13 13 13 13 13 13 13 13 13 14 13 13 12
1804_0_2 3 6 5 7 6 1 2 2 3 5 2 2 3 3 1 3 27 12 13 14 13 12 13 13 13 13 13 13 13 13 13 13 13 13 13 13 13 14 13 13 13 13 13 13 13 13 13 13 13 13 14 13 13 13 13 13 13 13 13 13 13 13 13 13 13 13 12 13 14 13 12
1805_0_2 4 4 7 5 7 1 2 2 3 5 2 2 3 3 1 3 27 12 13 14 13 12 13 13 13 13 13 13 14 13 13 13 13 13 13 13 13 13 13 13 13 13 13 13 13 13 13 13 13 13 13 13 13 13 13 13 13 13 13 14 13 13 13 13 13 13 12 13 14 13 12
1805_2_2 4 8 5 5 5 1 2 2 3 5 2 2 3 3 1 3 27 12 13 14 13 12 13 13 13 13 13 13 14 13 13 13 13 13 13 13 13 13 13 13 13 13 13 13 13 13 13 13 13 13 13 13 13 13 13 13 13 13 13 14 13 13 13 13 13 13 12 13 14 13 12
1806_1_2 4 5 5 5 8 1 1 2 5 2 3 3 2 3 2 3 27 12 13 13 13 13 13 13 13 13 13 13 13 13 13 13 13 13 14 13 13 13 13 14 13 12 13 13 13 13 12 13 14 13 13 13 13 14 13 13 13 13 13 13 13 13 13 13 13 13 13 13 13 13 12
1807_0_2 3 5 5 6 8 1 2 3 3 2 2 3 5 1 3 2 27 12 13 13 13 13 13 13 13 13 13 13 13 12 13 13 13 13 14 13 13 13 13 13 13 14 13 13 13 13 14 13 13 13 13 13 13 14 13 13 13 13 12 13 13 13 13 13 13 13 13 13 13 13 12
1808_0_2 4 5 4 6 8 1 2 2 3 2 3 3 1 5 3 2 27 12 13 13 13 13 13 12 13 13 13 13 13 13 13 13 14 13 13 13 13 13 13 13 13 13 14 13 13 14 13 13 13 13 13 13 13 13 13 14 13 13 13 13 13 13 13 13 12 13 13 13 13 13 12
1809_1_0 3 6 7 5 6 1 2 2 3 4 3 1 3 4 1 3 27 12 13 14 13 13 13 13 13 13 13 13 13 13 13 13 14 13 13 13 12 13 13 13 13 13 13 13 13 13 13 13 13 13 13 12 13 13 13 14 13 13 13 13 13 13 13 13 13 13 13 13 14 13 12
1810_1_0 4 4 8 5 6 1 1 3 1 3 3 3 2 3 3 4 27 12 13 13 13 13 13 13 13 13 13 12 13 13 14 13 13 13 13 13 13 13 13 14 13 13 13 13 13 13 13 13 14 13 13 13 13 13 13 13 13 14 13 13 12 13 13 13 13 13 13 13 13 13 12
1811_0_2 4 5 4 6 8 1 1 2 3 2 3 2 3 3 2 5 27 12 13 13 13 13 14 13 13 13 13 13 13 13 14 13 13 13 13 13 13 13 13 12 13 13 13 13 13 13 13 13 12 13 13 13 13 13 13 13 13 14 13 13 13 13 13 13 13 14 13 13 13 13 12
1812_1_0 3 6 7 5 6 1 2 1 2 3 2 5 2 2 3 4 27 13 13 13 13 12 13 13 13 13 12 13 13 13 13 13 13 13 13 13 14 13 14 13 13 13 13 13 13 13 13 13 13 14 13 14 13 13 13 13 13 13 13 13 13 12 13 13 13 13 12 13 13 13 13
1814_1_0 3 6 7 5 6 1 1 2 3 2 3 4 1 4 3 3 27 13 13 13 13 12 13 13 13 13 12 13 13 13 13 13 13 13 13 13 14 13 13 14 13 13 13 13 13 13 13 13 14 13 13 14 13 13 13 13 13 13 13 13 13 12 13 13 13 13 12 13 13 13 13
1815_1_2 3 7 6 6 5 1 2 3 1 3 1 3 2 3 4 4 27 13 13 13 13 12 13 13 13 13 12 13 13 13 13 13 13 13 13 13 14 13 13 13 14 13 13 13 13 13 13 14 13 13 13 14 13 13 13 13 13 13 13 13 13 12 13 13 13 13 12 13 13 13 13
1816_1_0 4 4 8 5 6 1 1 3 2 3 1 3 3 3 3 4 27 12 13 13 13 13 13 13 13 13 13 12 13 13 13 13 13 13 13 13 13 13 13 14 13 13 14 13 13 14 13 13 14 13 13 13 13 13 13 13 13 13 13 13 12 13 13 13 13 13 13 13 13 13 12
1817_0_2 3 5 6 6 7 0 3 2 4 3 3 3 2 1 3 3 27 13 13 13 13 12 13 13 13 13 12 13 13 13 13 13 13 13 13 14 14 13 13 13 13 13 13 13 13 13 13 13 13 13 13 14 14 13 13 13 13 13 13 13 13 12 13 13 13 13 12 13 13 13 13
1817_1_2 3 7 6 6 5 0 3 2 4 3 3 3 2 1 3 3 27 13 13 13 13 12 13 13 13 13 12 13 13 13 13 13 13 13 13 14 14 13 13 13 13 13 13 13 13 13 13 13 13 13 13 14 14 13 13 13 13 13 13 13 13 12 13 13 13 13 12 13 13 13 13
1818_1_0 3 6 7 5 6 0 2 3 2 3 1 4 3 3 3 3 27 13 13 13 13 12 13 13 13 13 12 13 13 13 13 13 13 13 13 13 14 13 13 13 13 13 13 14 14 13 13 13 13 13 13 14 13 13 13 13 13 13 13 13 13 12 13 13 13 13 12 13 13 13 13
1819_1_2 3 7 6 6 5 1 2 4 4 1 4 2 3 2 2 2 27 13 13 13 13 12 13 13 13 13 12 13 13 13 13 13 13 13 13 13 14 13 13 13 13 13 14 13 13 14 13 13 13 13 13 14 13 13 13 13 13 13 13 13 13 12 13 13 13 13 12 13 13 13 13
1821_0_0 3 5 8 5 6 1 2 2 2 3 2 4 1 4 4 2 27 12 13 13 13 13 13 13 13 14 13 13 13 13 13 14 13 12 13 13 13 13 13 13 13 13 13 13 13 13 13 13 13 13 13 13 13 13 12 13 14 13 13 13 13 13 14 13 13 13 13 13 13 13 12
1822_0_0 4 4 7 5 7 0 1 3 3 3 2 3 3 3 2 4 27 12 13 13 13 13 13 13 13 13 13 13 14 13 13 13 13 13 14 13 12 13 13 13 13 13 13 13 13 13 13 13 13 13 13 12 13 14 13 13 13 13 13 14 13 13 13 13 13 13 13 13 13 13 12
1823_1_0 3 6 7 5 6 1 2 1 3 2 3 4 1 3 4 3 27 12 13 13 13 13 13 13 13 13 13 13 13 13 14 13 13 13 13 13 12 13 13 14 13 13 13 13 13 13 13 13 14 13 13 12 13 13 13 13 13 14 13 13 13 13 13 13 13 13 13 13 13 13 12
1825_1_0 3 6 7 5 6 1 2 1 3 2 2 3 3 2 4 4 27 13 13 13 13 12 13 13 13 13 13 12 13 13 13 13 13 13 13 14 13 13 13 14 13 13 13 13 13 13 13 13 14 13 13 13 14 13 13 13 13 13 13 13 12 13 13 13 13 13 12 13 13 13 13
1827_1_0 4 4 8 5 6 1 2 1 3 2 3 4 1 3 4 3 27 12 13 13 13 13 13 13 13 12 13 13 14 13 13 13 13 13 13 14 13 13 13 13 13 13 13 13 13 13 13 13 13 13 13 13 14 13 13 13 13 13 13 14 13 13 12 13 13 13 13 13 13 13 12
1829_1_0 3 6 7 5 6 1 2 2 3 3 4 2 1 5 2 2 27 12 13 13 13 13 13 13 13 13 13 14 13 13 13 13 13 13 14 13 12 13 13 13 13 13 13 13 13 13 13 13 13 13 13 12 13 14 13 13 13 13 13 13 14 13 13 13 13 13 13 13 13 13 12
1831_0_0 3 5 5 6 8 0 2 3 3 2 3 2 4 2 3 3 27 12 13 14 13 14 13 13 13 13 13 13 13 13 13 13 13 13 13 13 13 13 12 13 13 13 13 13 13 13 13 13 13 12 13 13 13 13 13 13 13 13 13 13 13 13 13 13 13 13 14 13 14 13 12
1832_0_0 4 4 6 5 8 1 1 2 3 1 4 2 3 3 3 4 27 12 13 13 13 13 13 13 13 14 13 13 13 14 13 13 12 13 13 13 13 13 13 13 13 13 13 13 13 13 13 13 13 13 13 13 13 13 13 12 13 13 14 13 13 13 14 13 13 13 13 13 13 13 12
1833_0_0 3 5 5 6 8 0 3 3 2 2 1 3 3 3 3 4 27 12 13 13 13 14 13 13 13 13 12 13 13 13 13 13 13 13 13 13 13 13 13 13 13 14 13 13 13 13 14 13 13 13 13 13 13 13 13 13 13 13 13 13 13 12 13 13 13 13 14 13 13 13 12
1834_0_0 3 5 5 6 8 0 2 2 3 3 1 4 3 3 3 3 27 12 13 13 13 13 13 13 13 13 14 13 13 13 13 12 13 13 13 13 14 13 13 13 13 13 13 13 13 13 13 13 13 13 13 14 13 13 13 13 12 13 13 13 13 14 13 13 13 13 13 13 13 13 12
1835_0_0 4 5 4 6 8 1 1 2 2 2 4 3 2 3 2 5 27 12 13 13 13 13 13 12 13 13 13 14 13 13 13 13 14 13 13 13 13 13 13 13 13 13 13 13 13 13 13 13 13 13 13 13 13 13 13 14 13 13 13 13 14 13 13 13 12 13 13 13 13 13 12
1835_1_0 4 5 4 8 6 1 1 2 2 2 4 3 2 3 2 5 27 12 13 13 13 13 13 12 13 13 13 14 13 13 13 13 14 13 13 13 13 13 13 13 13 13 13 13 13 13 13 13 13 13 13 13 13 13 13 14 13 13 13 13 14 13 13 13 12 13 13 13 13 13 12
1836_0_0 4 4 6 5 8 0 2 2 3 3 4 2 3 1 4 3 27 12 13 12 13 13 13 13 13 13 13 13 13 13 13 13 13 14 13 13 13 13 14 13 13 13 13 13 13 13 13 13 13 14 13 13 13 13 14 13 13 13 13 13 13 13 13 13 13 13 13 13 12 13 12
1837_1_0 3 8 6 5 5 0 2 3 4 2 3 2 4 2 2 3 27 12 13 13 13 13 13 13 13 13 13 13 13 13 13 14 13 13 13 13 14 13 13 13 13 12 13 13 13 13 12 13 13 13 13 14 13 13 13 13 14 13 13 13 13 13 13 13 13 13 13 13 13 13 12
1839_0_0 3 5 5 6 8 0 3 2 2 2 3 2 3 3 4 3 27 13 13 13 13 12 13 13 13 13 13 12 13 13 13 14 13 13 13 13 13 13 13 13 13 14 13 13 13 13 14 13 13 13 13 13 13 13 13 13 14 13 13 13 12 13 13 13 13 13 12 13 13 13 13
1840_0_0 3 6 5 7 6 1 1 3 2 3 1 3 3 3 3 4 27 13 13 13 13 12 13 13 13 13 13 12 13 13 13 13 13 13 13 13 13 13 13 13 13 13 14 14 14 14 13 13 13 13 13 13 13 13 13 13 13 13 13 13 12 13 13 13 13 13 12 13 13 13 13
1840_1_2 3 6 7 5 6 1 2 2 3 3 2 2 4 4 1 3 27 13 13 13 13 12 13 13 13 13 13 12 13 13 13 13 13 13 13 13 13 13 13 13 13 13 14 14 14 14 13 13 13 13 13 13 13 13 13 13 13 13 13 13 12 13 13 13 13 13 12 13 13 13 13
1842_0_0 4 5 4 6 8 0 2 2 3 2 3 2 4 2 4 3 27 12 13 12 13 13 13 13 13 14 13 13 13 13 13 13 13 13 13 13 13 13 13 13 14 13 13 13 13 13 13 14 13 13 13 13 13 13 13 13 13 13 13 13 13 13 14 13 13 13 13 13 12 13 12
1843_0_0 4 4 6 5 8 1 2 2 3 3 4 2 1 5 2 2 27 12 13 13 13 13 13 13 13 13 13 13 13 12 13 13 13 13 14 13 13 13 14 13 13 13 13 13 13 13 13 13 13 14 13 13 13 14 13 13 13 13 12 13 13 13 13 13 13 13 13 13 13 13 12
1844_1_0 3 8 6 5 5 0 1 3 3 3 3 3 2 3 2 4 27 12 13 12 13 13 13 13 13 13 14 13 13 13 13 13 13 13 14 13 13 13 13 13 13 13 13 13 13 13 13 13 13 13 13 13 13 14 13 13 13 13 13 13 13 14 13 13 13 13 13 13 12 13 12
1845_1_0 3 6 7 5 6 0 3 3 2 1 3 2 4 3 3 3 27 12 13 13 13 13 14 13 13 13 13 13 13 14 13 13 13 13 13 13 12 13 13 13 13 13 13 13 13 13 13 13 13 13 13 12 13 13 13 13 13 13 14 13 13 13 13 13 13 14 13 13 13 13 12
1846_1_0 4 4 8 5 6 0 2 3 3 2 3 2 4 2 3 3 27 12 13 14 13 13 13 13 13 13 13 12 13 13 13 13 14 13 13 13 13 13 13 13 13 13 13 13 13 13 13 13 13 13 13 13 13 13 13 14 13 13 13 13 12 13 13 13 13 13 13 13 14 13 12
1848_0_0 3 6 5 7 6 0 3 3 2 1 3 2 4 3 3 3 27 12 13 14 13 13 13 13 13 13 13 13 13 13 13 13 14 13 13 13 13 13 13 13 13 12 13 13 13 13 12 13 13 13 13 13 13 13 13 14 13 13 13 13 13 13 13 13 13 13 13 13 14 13 12
1849_0_0 4 4 6 5 8 1 2 2 3 2 2 2 5 2 3 3 27 12 13 14 13 13 13 13 13 13 13 12 13 13 13 13 13 13 13 13 13 13 13 13 14 13 13 13 13 13 13 14 13 13 13 13 13 13 13 13 13 13 13 13 12 13 13 13 13 13 13 13 14 13 12
1850_1_0 4 5 5 5 8 1 1 3 2 2 3 3 1 4 3 4 27 12 13 13 13 13 13 14 13 13 13 13 13 13 13 13 13 13 14 13 12 13 13 13 13 13 13 13 13 13 13 13 13 13 13 12 13 14 13 13 13 13 13 13 13 13 13 13 14 13 13 13 13 13 12
1851_0_0 4 4 6 5 8 1 1 3 2 3 1 3 3 3 3 4 27 12 13 13 13 13 13 14 13 13 13 12 13 13 13 13 13 13 13 13 13 14 13 13 13 13 13 13 13 13 13 13 13 13 14 13 13 13 13 13 13 13 13 13 12 13 13 13 14 13 13 13 13 13 12
1851_1_2 4 4 8 5 6 1 2 2 3 3 2 2 4 4 1 3 27 12 13 13 13 13 13 14 13 13 13 12 13 13 13 13 13 13 13 13 13 14 13 13 13 13 13 13 13 13 13 13 13 13 14 13 13 13 13 13 13 13 13 13 12 13 13 13 14 13 13 13 13 13 12
1852_0_4 4 4 7 5 7 1 2 2 4 2 5 2 1 3 3 2 27 12 13 13 13 13 13 13 13 13 13 13 13 13 13 13 13 13 14 13 13 13 14 13 13 12 13 13 13 13 12 13 13 14 13 13 13 14 13 13 13 13 13 13 13 13 13 13 13 13 13 13 13 13 12
1852_1_4 4 5 5 5 8 1 2 2 4 2 5 2 1 3 3 2 27 12 13 13 13 13 13 13 13 13 13 13 13 13 13 13 13 13 14 13 13 13 14 13 13 12 13 13 13 13 12 13 13 14 13 13 13 14 13 13 13 13 13 13 13 13 13 13 13 13 13 13 13 13 12
1852_2_4 4 8 5 5 5 1 2 2 4 2 5 2 1 3 3 2 27 12 13 13 13 13 13 13 13 13 13 13 13 13 13 13 13 13 14 13 13 13 14 13 13 12 13 13 13 13 12 13 13 14 13 13 13 14 13 13 13 13 13 13 13 13 13 13 13 13 13 13 13 13 12
1854_0_0 4 4 6 5 8 0 2 4 3 2 3 3 3 3 1 3 27 12 13 13 12 13 13 13 13 13 13 13 14 13 13 13 13 13 13 14 13 13 13 13 13 13 13 13 13 13 13 13 13 13 13 13 14 13 13 13 13 13 13 14 13 13 13 13 13 13 13 12 13 13 12
1857_0_0 3 5 6 6 7 1 2 1 3 2 2 3 3 2 4 4 27 13 13 13 13 12 13 13 13 13 13 13 13 13 13 13 13 13 13 14 13 13 12 14 13 13 13 13 13 13 13 13 14 12 13 13 14 13 13 13 13 13 13 13 13 13 13 13 13 13 12 13 13 13 13
1858_1_0 4 5 4 8 6 0 2 3 3 2 3 2 4 2 3 3 27 12 13 13 13 13 14 13 13 13 13 13 13 13 13 13 13 13 13 14 13 13 12 13 13 13 13 13 13 13 13 13 13 12 13 13 14 13 13 13 13 13 13 13 13 13 13 13 13 14 13 13 13 13 12
1860_0_0 4 4 6 5 8 0 3 3 2 2 1 3 3 3 3 4 27 12 13 13 13 13 13 13 13 13 12 13 13 13 13 13 13 14 13 13 13 13 13 13 13 14 13 13 13 13 14 13 13 13 13 13 13 13 14 13 13 13 13 13 13 12 13 13 13 13 13 13 13 13 12
1861_0_0 3 5 8 5 6 1 2 2 4 3 3 1 4 3 1 3 27 12 13 13 13 13 13 13 13 13 13 13 12 13 13 13 13 13 13 13 14 13 13 13 13 13 14 13 13 14 13 13 13 13 13 14 13 13 13 13 13 13 13 12 13 13 13 13 13 13 13 13 13 13 12
1862_0_0 3 5 5 6 8 0 2 3 3 2 3 2 4 2 3 3 27 12 13 13 13 14 13 13 14 13 13 13 13 13 13 13 13 13 13 13 13 13 12 13 13 13 13 13 13 13 13 13 13 12 13 13 13 13 13 13 13 13 13 13 13 13 13 14 13 13 14 13 13 13 12
1863_0_0 3 5 8 5 6 1 1 2 3 2 2 2 3 4 2 5 27 12 13 12 13 13 13 13 13 13 13 14 13 13 13 13 13 13 13 13 14 13 13 13 13 13 13 13 13 13 13 13 13 13 13 14 13 13 13 13 13 13 13 13 14 13 13 13 13 13 13 13 12 13 12
1864_1_0 4 4 8 5 6 0 3 1 2 3 3 3 2 3 4 3 27 12 13 13 13 13 12 13 13 13 13 13 13 13 14 13 13 13 13 13 13 13 13 14 13 13 13 13 13 13 13 13 14 13 13 13 13 13 13 13 13 14 13 13 13 13 13 13 13 12 13 13 13 13 12
1865_2_0 4 8 5 5 5 0 2 4 3 2 3 3 3 3 1 3 27 12 13 14 13 13 13 13 13 13 13 13 13 13 13 12 13 13 13 13 13 13 13 14 13 13 13 13 13 13 13 13 14 13 13 13 13 13 13 13 12 13 13 13 13 13 13 13 13 13 13 13 14 13 12
1866_0_6 3 6 5 7 6 1 2 5 3 2 2 3 2 3 1 3 27 12 13 13 13 13 13 13 13 13 13 13 13 13 13 13 13 14 13 13 12 13 13 13 13 13 14 13 13 14 13 13 13 13 13 12 13 13 14 13 13 13 13 13 13 13 13 13 13 13 13 13 13 13 12
1866_1_6 3 6 7 5 6 1 2 5 3 2 2 3 2 3 1 3 27 12 13 13 13 13 13 13 13 13 13 13 13 13 13 13 13 14 13 13 12 13 13 13 13 13 14 13 13 14 13 13 13 13 13 12 13 13 14 13 13 13 13 13 13 13 13 13 13 13 13 13 13 13 12
1867_1_2 3 6 7 5 6 1 2 1 3 2 3 3 3 1 5 3 27 12 13 13 13 13 13 13 13 13 12 13 13 13 13 13 13 13 13 14 13 13 14 13 13 13 13 13 13 13 13 13 13 14 13 13 14 13 13 13 13 13 13 13 13 12 13 13 13 13 13 13 13 13 12
1870_0_0 4 4 6 5 8 0 3 3 2 1 3 2 4 3 3 3 27 12 13 13 13 13 14 13 13 13 13 13 13 13 13 13 13 13 14 13 13 13 13 13 13 13 12 13 13 12 13 13 13 13 13 13 13 14 13 13 13 13 13 13 13 13 13 13 13 14 13 13 13 13 12
1871_0_0 4 4 6 5 8 1 2 3 1 4 4 3 1 3 2 3 27 12 13 13 13 13 12 13 13 13 13 13 13 13 13 13 13 13 14 13 13 13 13 13 13 13 14 13 13 14 13 13 13 13 13 13 13 14 13 13 13 13 13 13 13 13 13 13 13 12 13 13 13 13 12
1872_1_0 3 6 7 5 6 0 2 3 4 2 3 2 4 2 2 3 27 12 13 13 13 13 13 14 13 14 13 13 13 13 13 13 13 13 13 13 13 13 13 13 13 12 13 13 13 13 12 13 13 13 13 13 13 13 13 13 13 13 13 13 13 13 14 13 14 13 13 13 13 13 12
1874_0_0 4 4 6 5 8 1 2 3 4 2 4 2 1 3 2 3 27 12 13 13 13 13 13 13 13 13 13 12 13 13 13 13 13 14 13 13 13 13 13 13 14 13 13 13 13 13 13 14 13 13 13 13 13 13 14 13 13 13 13 13 12 13 13 13 13 13 13 13 13 13 12
1875_1_0 3 7 5 7 5 0 1 3 3 3 3 3 2 3 2 4 27 12 13 13 13 13 13 14 13 13 13 13 13 13 13 13 13 13 13 12 13 13 13 14 13 13 13 13 13 13 13 13 14 13 13 13 12 13 13 13 13 13 13 13 13 13 13 13 14 13 13 13 13 13 12
1877_0_0 4 4 6 5 8 1 1 2 2 2 4 3 2 3 2 5 27 12 13 13 12 13 13 13 13 13 13 14 13 13 13 13 13 14 13 13 13 13 13 13 13 13 13 13 13 13 13 13 13 13 13 13 13 13 14 13 13 13 13 13 14 13 13 13 13 13 13 12 13 13 12
1877_1_0 4 4 8 5 6 1 1 2 2 2 4 3 2 3 2 5 27 12 13 13 12 13 13 13 13 13 13 14 13 13 13 13 13 14 13 13 13 13 13 13 13 13 13 13 13 13 13 13 13 13 13 13 13 13 14 13 13 13 13 13 14 13 13 13 13 13 13 12 13 13 12
1878_0_0 3 6 5 7 6 1 2 1 3 2 2 4 1 3 4 4 27 12 13 13 14 13 13 13 13 13 13 13 13 13 13 13 13 13 13 13 13 13 14 13 13 12 13 13 13 13 12 13 13 14 13 13 13 13 13 13 13 13 13 13 13 13 13 13 13 13 13 14 13 13 12
1878_1_0 3 6 7 5 6 1 2 1 3 2 2 4 1 3 4 4 27 12 13 13 14 13 13 13 13 13 13 13 13 13 13 13 13 13 13 13 13 13 14 13 13 12 13 13 13 13 12 13 13 14 13 13 13 13 13 13 13 13 13 13 13 13 13 13 13 13 13 14 13 13 12
1879_0_0 4 5 4 6 8 1 1 2 3 2 2 2 3 4 2 5 27 12 13 12 13 13 13 13 13 13 13 14 13 13 13 13 13 13 13 13 13 13 13 13 14 13 13 13 13 13 13 14 13 13 13 13 13 13 13 13 13 13 13 13 14 13 13 13 13 13 13 13 12 13 12
1880_1_0 3 6 5 8 5 0 2 3 3 3 4 2 2 2 2 4 27 12 13 13 13 13 13 12 13 13 13 13 13 13 13 13 14 13 13 13 13 13 13 13 13 14 13 13 13 13 14 13 13 13 13 13 13 13 13 14 13 13 13 13 13 13 13 13 12 13 13 13 13 13 12
1881_1_0 4 5 5 5 8 1 2 2 4 3 3 1 4 3 1 3 27 12 13 13 13 13 13 14 13 13 12 13 13 14 13 13 13 13 13 13 13 13 13 13 13 13 13 13 13 13 13 13 13 13 13 13 13 13 13 13 13 13 14 13 13 12 13 13 14 13 13 13 13 13 12
1882_0_0 4 4 6 5 8 0 2 3 2 2 3 2 2 4 3 4 27 12 13 13 13 13 13 13 13 13 13 13 13 13 13 14 13 13 13 13 12 13 13 13 13 13 13 14 14 13 13 13 13 13 13 12 13 13 13 13 14 13 13 13 13 13 13 13 13 13 13 13 13 13 12
1882_1_0 4 4 8 5 6 0 2 3 2 2 3 2 2 4 3 4 27 12 13 13 13 13 13 13 13 13 13 13 13 13 13 14 13 13 13 13 12 13 13 13 13 13 13 14 14 13 13 13 13 13 13 12 13 13 13 13 14 13 13 13 13 13 13 13 13 13 13 13 13 13 12
1883_0_0 4 4 6 5 8 0 2 4 3 2 3 3 3 3 1 3 27 12 13 13 13 13 13 13 13 13 13 13 14 13 13 13 13 13 13 14 13 13 13 13 13 13 12 13 13 12 13 13 13 13 13 13 14 13 13 13 13 13 13 14 13 13 13 13 13 13 13 13 13 13 12
1884_2_0 4 8 5 5 5 1 2 2 3 3 4 2 1 5 2 2 27 12 13 13 13 13 13 14 13 13 13 13 13 13 13 13 13 13 13 13 12 13 14 13 13 13 13 13 13 13 13 13 13 14 13 12 13 13 13 13 13 13 13 13 13 13 13 13 14 13 13 13 13 13 12
1886_1_0 3 6 7 5 6 1 1 3 2 2 3 3 1 5 3 3 27 12 13 13 13 13 13 14 13 13 13 14 13 13 13 12 13 13 13 13 13 13 13 13 13 13 13 13 13 13 13 13 13 13 13 13 13 13 13 13 12 13 13 13 14 13 13 13 14 13 13 13 13 13 12
1888_0_2 3 5 7 5 7 0 3 3 3 3 4 1 2 2 3 3 27 12 13 13 13 13 13 14 13 13 13 13 13 13 13 13 13 13 13 13 13 13 13 13 12 13 13 14 14 13 13 12 13 13 13 13 13 13 13 13 13 13 13 13 13 13 13 13 14 13 13 13 13 13 12
1888_1_2 3 7 5 7 5 0 3 3 3 3 4 1 2 2 3 3 27 12 13 13 13 13 13 14 13 13 13 13 13 13 13 13 13 13 13 13 13 13 13 13 12 13 13 14 14 13 13 12 13 13 13 13 13 13 13 13 13 13 13 13 13 13 13 13 14 13 13 13 13 13 12
1889_1_0 4 5 5 5 8 1 1 2 4 3 3 2 3 3 1 4 27 12 13 13 13 12 13 14 13 13 13 13 13 13 13 13 13 14 13 13 13 13 13 13 13 13 13 13 13 13 13 13 13 13 13 13 13 13 14 13 13 13 13 13 13 13 13 13 14 13 12 13 13 13 12
1890_2_0 4 8 5 5 5 1 1 2 3 3 3 3 3 1 5 2 27 12 13 13 13 13 13 13 13 13 13 13 14 13 13 13 13 13 13 13 13 13 14 13 13 12 13 13 13 13 12 13 13 14 13 13 13 13 13 13 13 13 13 14 13 13 13 13 13 13 13 13 13 13 12
1891_1_2 4 4 8 5 6 1 1 2 5 2 3 3 2 3 2 3 27 12 13 13 13 13 13 13 13 13 13 13 13 13 13 13 13 13 13 12 13 13 13 14 13 13 14 13 13 14 13 13 14 13 13 13 12 13 13 13 13 13 13 13 13 13 13 13 13 13 13 13 13 13 12
1892_1_2 4 5 5 5 8 1 2 1 3 2 3 3 3 1 5 3 27 12 13 13 13 13 13 13 14 13 12 13 13 13 13 13 13 13 13 13 13 13 14 13 13 13 13 13 13 13 13 13 13 14 13 13 13 13 13 13 13 13 13 13 13 12 13 14 13 13 13 13 13 13 12
1893_1_0 4 5 5 5 8 0 2 2 3 3 4 2 3 1 4 3 27 12 13 13 13 13 13 13 13 13 13 13 13 13 13 13 13 14 13 13 13 13 14 13 13 12 13 13 13 13 12 13 13 14 13 13 13 13 14 13 13 13 13 13 13 13 13 13 13 13 13 13 13 13 12
1894_1_0 3 8 6 5 5 0 2 2 3 3 1 3 4 3 2 4 27 12 13 13 13 13 13 13 13 13 13 13 12 13 13 13 13 13 13 13 13 13 14 13 13 14 13 13 13 13 14 13 13 14 13 13 13 13 13 13 13 13 13 12 13 13 13 13 13 13 13 13 13 13 12
1895_0_4 4 4 7 5 7 0 3 3 3 3 4 1 2 3 2 3 27 12 13 13 13 13 13 13 13 13 12 13 13 14 13 13 13 14 13 13 13 13 13 13 13 13 13 13 13 13 13 13 13 13 13 13 13 13 14 13 13 13 14 13 13 12 13 13 13 13 13 13 13 13 12
1895_1_4 4 5 5 5 8 0 3 3 3 3 4 1 2 3 2 3 27 12 13 13 13 13 13 13 13 13 12 13 13 14 13 13 13 14 13 13 13 13 13 13 13 13 13 13 13 13 13 13 13 13 13 13 13 13 14 13 13 13 14 13 13 12 13 13 13 13 13 13 13 13 12
1895_2_4 4 8 5 5 5 0 3 3 3 3 4 1 2 3 2 3 27 12 13 13 13 13 13 13 13 13 12 13 13 14 13 13 13 14 13 13 13 13 13 13 13 13 13 13 13 13 13 13 13 13 13 13 13 13 14 13 13 13 14 13 13 12 13 13 13 13 13 13 13 13 12
1897_0_0 3 6 5 7 6 0 2 3 1 4 3 3 2 3 3 3 27 12 13 14 13 12 13 13 13 13 13 13 13 13 13 13 13 13 13 14 13 13 13 13 13 13 13 13 13 13 13 13 13 13 13 13 14 13 13 13 13 13 13 13 13 13 13 13 13 13 12 13 14 13 12
1898_0_0 4 4 7 5 7 1 2 2 3 4 3 1 3 4 1 3 27 12 13 13 13 13 13 13 14 13 13 13 13 13 13 13 13 14 13 13 12 13 13 13 13 13 13 13 13 13 13 13 13 13 13 12 13 13 14 13 13 13 13 13 13 13 13 14 13 13 13 13 13 13 12
1899_0_2 3 6 6 6 6 1 1 2 3 2 2 2 4 4 2 4 27 13 13 13 13 12 13 13 13 13 13 13 13 13 13 12 13 13 13 13 13 14 13 14 13 13 13 13 13 13 13 13 14 13 14 13 13 13 13 13 12 13 13 13 13 13 13 13 13 13 12 13 13 13 13
1900_0_6 3 5 7 5 7 1 2 3 3 1 4 3 4 2 1 3 27 12 13 13 13 13 12 13 14 13 13 13 13 14 13 13 13 13 13 13 13 13 13 13 13 13 13 13 13 13 13 13 13 13 13 13 13 13 13 13 13 13 14 13 13 13 13 14 13 12 13 13 13 13 12
1900_1_6 3 7 5 7 5 1 2 3 3 1 4 3 4 2 1 3 27 12 13 13 13 13 12 13 14 13 13 13 13 14 13 13 13 13 13 13 13 13 13 13 13 13 13 13 13 13 13 13 13 13 13 13 13 13 13 13 13 13 14 13 13 13 13 14 13 12 13 13 13 13 12
1901_1_2 4 5 4 8 6 1 2 3 2 2 2 2 4 2 5 2 27 12 13 12 13 13 13 13 13 14 13 13 13 13 13 13 14 13 13 13 13 13 13 13 13 13 13 13 13 13 13 13 13 13 13 13 13 13 13 14 13 13 13 13 13 13 14 13 13 13 13 13 12 13 12
1903_0_0 3 5 7 5 7 0 3 1 2 3 3 3 2 3 4 3 27 12 13 13 13 13 13 13 14 13 13 13 13 13 13 13 12 13 13 13 13 13 13 14 13 13 13 13 13 13 13 13 14 13 13 13 13 13 13 12 13 13 13 13 13 13 13 14 13 13 13 13 13 13 12
1904_0_0 3 6 5 7 6 1 1 3 2 2 3 3 1 5 3 3 27 12 13 13 13 13 13 13 13 13 13 14 13 14 13 13 13 13 13 13 12 13 13 13 13 13 13 13 13 13 13 13 13 13 13 12 13 13 13 13 13 13 14 13 14 13 13 13 13 13 13 13 13 13 12
1905_2_0 4 8 5 5 5 0 1 3 3 3 2 3 3 3 2 4 27 12 13 13 13 13 13 13 13 13 13 13 13 13 13 13 13 13 14 13 12 13 13 14 13 13 13 13 13 13 13 13 14 13 13 12 13 14 13 13 13 13 13 13 13 13 13 13 13 13 13 13 13 13 12
1906_0_6 3 6 5 7 6 1 2 5 3 2 2 3 2 3 1 3 27 12 13 13 13 13 14 13 13 13 13 13 13 13 13 13 13 13 14 13 12 13 13 13 13 13 13 13 13 13 13 13 13 13 13 12 13 14 13 13 13 13 13 13 13 13 13 13 13 14 13 13 13 13 12
1906_1_6 3 6 7 5 6 1 2 5 3 2 2 3 2 3 1 3 27 12 13 13 13 13 14 13 13 13 13 13 13 13 13 13 13 13 14 13 12 13 13 13 13 13 13 13 13 13 13 13 13 13 13 12 13 14 13 13 13 13 13 13 13 13 13 13 13 14 13 13 13 13 12
1907_1_2 3 8 6 5 5 1 1 2 3 2 3 2 3 3 2 5 27 12 13 13 13 13 13 13 13 13 13 13 12 13 13 13 13 14 13 13 13 13 13 13 13 14 13 13 13 13 14 13 13 13 13 13 13 13 14 13 13 13 13 12 13 13 13 13 13 13 13 13 13 13 12
1909_0_0 3 6 5 7 6 0 3 3 2 1 3 2 4 3 3 3 27 12 13 13 13 13 14 13 13 13 13 13 13 13 13 12 13 13 14 13 13 13 13 13 13 13 13 13 13 13 13 13 13 13 13 13 13 14 13 13 12 13 13 13 13 13 13 13 13 14 13 13 13 13 12
1910_0_0 3 5 5 6 8 1 2 1 3 2 3 4 1 3 4 3 27 12 13 13 13 13 13 13 13 13 13 13 13 12 13 13 13 13 13 13 13 13 13 14 13 14 13 13 13 13 14 13 14 13 13 13 13 13 13 13 13 13 12 13 13 13 13 13 13 13 13 13 13 13 12
1911_1_0 3 6 7 5 6 1 1 2 3 1 4 2 3 3 3 4 27 12 13 13 13 12 13 13 13 14 13 13 13 14 13 13 13 13 13 13 13 13 13 13 13 13 13 13 13 13 13 13 13 13 13 13 13 13 13 13 13 13 14 13 13 13 14 13 13 13 12 13 13 13 12
1912_1_0 3 8 6 5 5 0 2 3 3 2 3 2 4 2 3 3 27 12 13 13 13 13 13 13 13 13 13 13 13 13 13 13 13 14 13 13 13 13 12 13 13 14 13 13 13 13 14 13 13 12 13 13 13 13 14 13 13 13 13 13 13 13 13 13 13 13 13 13 13 13 12
1914_0_0 3 6 6 6 6 0 2 2 3 3 1 4 3 3 3 3 27 13 13 13 13 12 13 13 13 13 13 13 13 13 13 12 13 14 13 13 13 13 13 13 14 13 13 13 13 13 13 14 13 13 13 13 13 13 14 13 12 13 13 13 13 13 13 13 13 13 12 13 13 13 13
1916_0_0 4 4 6 5 8 1 1 2 2 2 4 3 2 3 2 5 27 12 13 13 13 14 13 13 13 13 13 13 13 13 13 12 13 13 13 13 13 13 14 13 13 13 13 13 13 13 13 13 13 14 13 13 13 13 13 13 12 13 13 13 13 13 13 13 13 13 14 13 13 13 12
1916_1_0 4 4 8 5 6 1 1 2 2 2 4 3 2 3 2 5 27 12 13 13 13 14 13 13 13 13 13 13 13 13 13 12 13 13 13 13 13 13 14 13 13 13 13 13 13 13 13 13 13 14 13 13 13 13 13 13 12 13 13 13 13 13 13 13 13 13 14 13 13 13 12
1917_0_0 3 5 5 6 8 1 1 3 1 3 3 2 3 2 5 3 27 12 13 13 13 13 13 13 13 13 14 13 13 12 13 13 13 13 13 13 13 13 14 13 13 13 13 13 13 13 13 13 13 14 13 13 13 13 13 13 13 13 12 13 13 14 13 13 13 13 13 13 13 13 12
1919_0_0 4 4 6 5 8 1 2 2 3 4 2 4 2 1 2 4 27 12 13 13 13 13 13 14 13 13 13 13 13 13 13 13 13 13 13 13 12 13 13 13 13 14 13 13 13 13 14 13 13 13 13 12 13 13 13 13 13 13 13 13 13 13 13 13 14 13 13 13 13 13 12
1920_0_0 3 5 7 5 7 1 1 3 2 2 3 3 1 5 3 3 27 12 13 13 13 13 12 13 13 13 13 13 13 13 13 13 13 14 13 13 13 13 14 13 13 13 13 13 13 13 13 13 13 14 13 13 13 13 14 13 13 13 13 13 13 13 13 13 13 12 13 13 13 13 12
1922_0_0 3 6 5 7 6 1 1 3 2 2 3 3 1 5 3 3 27 12 13 13 13 12 13 13 13 13 13 14 13 13 13 13 13 14 13 13 13 13 13 13 13 13 13 13 13 13 13 13 13 13 13 13 13 13 14 13 13 13 13 13 14 13 13 13 13 13 12 13 13 13 12
1923_2_0 4 8 5 5 5 1 1 3 1 3 3 2 3 2 5 3 27 12 13 13 13 13 13 13 13 13 13 13 14 13 13 13 13 13 13 13 12 13 14 13 13 13 13 13 13 13 13 13 13 14 13 12 13 13 13 13 13 13 13 14 13 13 13 13 13 13 13 13 13 13 12
1925_1_0 4 4 8 5 6 0 3 2 3 4 3 3 1 2 3 3 27 12 13 13 13 13 13 13 13 13 14 13 13 13 13 13 13 14 13 13 13 13 13 13 13 12 13 13 13 13 12 13 13 13 13 13 13 13 14 13 13 13 13 13 13 14 13 13 13 13 13 13 13 13 12
1926_1_2 4 5 5 5 8 1 2 4 4 1 4 2 3 2 2 2 27 12 13 13 13 12 13 14 13 13 13 13 13 14 13 13 13 13 13 13 13 13 13 13 13 13 13 13 13 13 13 13 13 13 13 13 13 13 13 13 13 13 14 13 13 13 13 13 14 13 12 13 13 13 12
1927_1_0 3 6 7 5 6 0 3 2 3 4 3 3 1 2 3 3 27 12 13 13 13 13 14 13 13 13 13 13 13 13 13 13 13 13 13 13 13 13 13 14 13 12 13 13 13 13 12 13 14 13 13 13 13 13 13 13 13 13 13 13 13 13 13 13 13 14 13 13 13 13 12
1928_1_0 3 6 7 5 6 1 1 3 3 1 3 2 4 3 3 3 27 13 13 13 13 12 13 13 13 13 13 12 13 13 13 13 13 13 13 13 13 14 13 13 13 13 13 14 14 13 13 13 13 13 14 13 13 13 13 13 13 13 13 13 12 13 13 13 13 13 12 13 13 13 13
1929_0_2 4 4 7 5 7 1 2 2 3 2 2 2 5 3 2 3 27 13 13 13 13 12 13 13 13 13 13 12 13 13 13 13 13 14 13 13 13 13 13 14 13 13 13 13 13 13 13 13 14 13 13 13 13 13 14 13 13 13 13 13 12 13 13 13 13 13 12 13 13 13 13
1929_1_4 4 5 5 5 8 1 2 2 4 3 1 4 3 3 2 2 27 13 13 13 13 12 13 13 13 13 13 12 13 13 13 13 13 14 13 13 13 13 13 14 13 13 13 13 13 13 13 13 14 13 13 13 13 13 14 13 13 13 13 13 12 13 13 13 13 13 12 13 13 13 13
1930_0_0 3 5 7 5 7 0 3 2 3 4 3 3 1 2 3 3 27 12 13 13 13 13 13 13 13 13 13 13 14 13 12 13 13 13 13 13 13 13 13 13 13 13 13 14 14 13 13 13 13 13 13 13 13 13 13 13 13 12 13 14 13 13 13 13 13 13 13 13 13 13 12
1932_0_0 3 5 7 5 7 1 1 2 3 2 4 3 2 3 2 4 27 12 13 13 13 13 13 13 13 13 13 12 13 14 13 13 13 13 13 13 13 13 13 14 13 13 13 13 13 13 13 13 14 13 13 13 13 13 13 13 13 13 14 13 12 13 13 13 13 13 13 13 13 13 12
1932_1_2 3 7 5 7 5 1 2 1 3 3 1 3 3 3 3 4 27 12 13 13 13 13 13 13 13 13 13 12 13 14 13 13 13 13 13 13 13 13 13 14 13 13 13 13 13 13 13 13 14 13 13 13 13 13 13 13 13 13 14 13 12 13 13 13 13 13 13 13 13 13 12
1933_0_4 3 5 8 5 6 1 2 2 5 2 3 3 2 2 3 2 27 12 13 13 13 13 13 13 13 13 14 13 13 13 13 13 13 13 13 13 13 13 12 13 14 13 13 13 13 13 13 14 13 12 13 13 13 13 13 13 13 13 13 13 13 14 13 13 13 13 13 13 13 13 12
1934_0_0 3 5 5 6 8 1 1 2 3 2 4 3 2 3 2 4 27 12 13 13 13 13 13 13 13 13 14 13 13 14 13 13 13 13 13 13 13 13 12 13 13 13 13 13 13 13 13 13 13 12 13 13 13 13 13 13 13 13 14 13 13 14 13 13 13 13 13 13 13 13 12
1934_1_2 3 8 6 5 5 1 2 1 3 3 1 3 3 3 3 4 27 12 13 13 13 13 13 13 13 13 14 13 13 14 13 13 13 13 13 13 13 13 12 13 13 13 13 13 13 13 13 13 13 12 13 13 13 13 13 13 13 13 14 13 13 14 13 13 13 13 13 13 13 13 12
1935_0_4 3 5 5 6 8 1 2 2 5 2 3 3 2 2 3 2 27 12 13 13 13 13 13 13 13 13 13 13 14 13 13 13 13 13 13 13 14 13 12 13 13 13 13 13 13 13 13 13 13 12 13 14 13 13 13 13 13 13 13 14 13 13 13 13 13 13 13 13 13 13 12
1936_0_0 3 5 5 6 8 1 1 2 3 2 3 4 1 4 3 3 27 12 13 13 13 13 13 13 13 13 14 13 13 14 13 13 13 12 13 13 13 13 13 13 13 13 13 13 13 13 13 13 13 13 13 13 13 13 12 13 13 13 14 13 13 14 13 13 13 13 13 13 13 13 12
1937_1_0 4 5 5 5 8 1 1 3 2 3 4 3 1 4 2 3 27 12 13 13 13 13 13 13 14 13 13 13 13 14 13 12 13 13 13 13 13 13 13 13 13 13 13 13 13 13 13 13 13 13 13 13 13 13 13 13 12 13 14 13 13 13 13 14 13 13 13 13 13 13 12
1938_0_0 4 4 7 5 7 1 1 2 2 2 4 3 2 3 2 5 27 12 13 13 13 13 13 13 13 13 13 13 13 13 13 12 13 14 13 13 13 13 14 13 13 13 13 13 13 13 13 13 13 14 13 13 13 13 14 13 12 13 13 13 13 13 13 13 13 13 13 13 13 13 12
1938_1_0 4 5 5 5 8 1 1 2 2 2 4 3 2 3 2 5 27 12 13 13 13 13 13 13 13 13 13 13 13 13 13 12 13 14 13 13 13 13 14 13 13 13 13 13 13 13 13 13 13 14 13 13 13 13 14 13 12 13 13 13 13 13 13 13 13 13 13 13 13 13 12
1938_2_0 4 8 5 5 5 1 1 2 2 2 4 3 2 3 2 5 27 12 13 13 13 13 13 13 13 13 13 13 13 13 13 12 13 14 13 13 13 13 14 13 13 13 13 13 13 13 13 13 13 14 13 13 13 13 14 13 12 13 13 13 13 13 13 13 13 13 13 13 13 13 12
1939_0_0 3 6 5 7 6 1 1 2 3 3 3 2 4 1 4 3 27 12 13 13 13 13 13 13 13 14 13 13 13 13 13 13 13 14 13 13 13 13 13 13 13 12 13 13 13 13 12 13 13 13 13 13 13 13 14 13 13 13 13 13 13 13 14 13 13 13 13 13 13 13 12
1940_0_0 3 5 5 6 8 0 1 3 3 3 3 3 2 3 2 4 27 12 13 12 13 13 13 13 13 13 13 13 13 13 13 14 13 13 13 13 13 13 13 14 13 13 13 13 13 13 13 13 14 13 13 13 13 13 13 13 14 13 13 13 13 13 13 13 13 13 13 13 12 13 12
1941_0_0 4 4 7 5 7 0 2 3 3 3 4 2 2 2 2 4 27 12 13 13 13 13 13 13 14 13 13 13 13 13 13 12 13 14 13 13 13 13 13 13 13 13 13 13 13 13 13 13 13 13 13 13 13 13 14 13 12 13 13 13 13 13 13 14 13 13 13 13 13 13 12
1941_2_0 4 8 5 5 5 0 2 3 3 3 4 2 2 2 2 4 27 12 13 13 13 13 13 13 14 13 13 13 13 13 13 12 13 14 13 13 13 13 13 13 13 13 13 13 13 13 13 13 13 13 13 13 13 13 14 13 12 13 13 13 13 13 13 14 13 13 13 13 13 13 12
1942_0_4 3 5 5 6 8 1 2 2 4 2 5 2 1 3 3 2 27 12 13 13 13 13 13 13 12 13 13 13 13 13 13 14 13 13 13 13 13 13 14 13 13 13 13 13 13 13 13 13 13 14 13 13 13 13 13 13 14 13 13 13 13 13 13 12 13 13 13 13 13 13 12
1942_1_4 3 8 6 5 5 1 2 2 4 2 5 2 1 3 3 2 27 12 13 13 13 13 13 13 12 13 13 13 13 13 13 14 13 13 13 13 13 13 14 13 13 13 13 13 13 13 13 13 13 14 13 13 13 13 13 13 14 13 13 13 13 13 13 12 13 13 13 13 13 13 12
1943_1_0 3 8 6 5 5 0 3 1 2 3 3 3 2 3 4 3 27 12 13 13 13 13 13 13 13 13 13 13 14 13 13 13 13 12 13 13 13 13 13 13 13 14 13 13 13 13 14 13 13 13 13 13 13 13 12 13 13 13 13 14 13 13 13 13 13 13 13 13 13 13 12
1944_1_0 3 6 7 5 6 1 1 3 2 2 3 3 1 4 3 4 27 12 13 13 14 13 13 13 13 13 13 13 13 13 13 13 13 13 14 13 12 13 13 13 13 13 13 13 13 13 13 13 13 13 13 12 13 14 13 13 13 13 13 13 13 13 13 13 13 13 13 14 13 13 12
1945_2_0 4 8 5 5 5 1 2 1 2 3 2 5 2 2 3 4 27 12 13 13 13 12 13 13 13 13 13 13 13 14 13 13 13 13 13 13 13 13 14 13 13 13 13 13 13 13 13 13 13 14 13 13 13 13 13 13 13 13 14 13 13 13 13 13 13 13 12 13 13 13 12
1947_0_2 3 5 7 5 7 1 2 3 4 3 3 1 3 1 2 4 27 12 13 13 13 13 13 13 14 13 13 13 13 13 13 13 13 14 13 13 13 13 13 13 13 13 12 13 13 12 13 13 13 13 13 13 13 13 14 13 13 13 13 13 13 13 13 14 13 13 13 13 13 13 12
1948_0_2 3 5 8 5 6 1 1 3 2 3 4 3 1 3 2 4 27 12 13 13 13 14 13 13 13 13 13 13 13 12 13 13 14 13 13 13 13 13 13 13 13 13 13 13 13 13 13 13 13 13 13 13 13 13 13 14 13 13 12 13 13 13 13 13 13 13 14 13 13 13 12
1949_1_0 3 8 6 5 5 0 1 3 3 3 2 3 3 3 2 4 27 12 13 13 13 13 13 14 13 13 14 13 13 12 13 13 13 13 13 13 13 13 13 13 13 13 13 13 13 13 13 13 13 13 13 13 13 13 13 13 13 13 12 13 13 14 13 13 14 13 13 13 13 13 12
1951_0_2 4 4 7 5 7 1 2 3 3 1 3 1 2 3 3 5 27 12 13 13 13 13 13 13 13 13 12 13 13 13 13 13 13 14 13 13 13 13 14 13 13 13 13 13 13 13 13 13 13 14 13 13 13 13 14 13 13 13 13 13 13 12 13 13 13 13 13 13 13 13 12
1951_2_2 4 8 5 5 5 1 2 3 3 1 3 1 2 3 3 5 27 12 13 13 13 13 13 13 13 13 12 13 13 13 13 13 13 14 13 13 13 13 14 13 13 13 13 13 13 13 13 13 13 14 13 13 13 13 14 13 13 13 13 13 13 12 13 13 13 13 13 13 13 13 12
1952_1_0 3 8 6 5 5 1 2 2 2 3 3 2 3 2 5 2 27 12 13 13 13 13 13 13 13 13 14 13 13 13 13 13 13 14 13 13 13 13 12 13 13 13 13 13 13 13 13 13 13 12 13 13 13 13 14 13 13 13 13 13 13 14 13 13 13 13 13 13 13 13 12
1953_1_0 4 5 5 5 8 0 1 3 3 3 2 3 3 3 2 4 27 12 13 13 13 13 13 14 13 13 13 13 13 13 13 13 13 13 13 13 12 13 13 14 13 13 13 13 13 13 13 13 14 13 13 12 13 13 13 13 13 13 13 13 13 13 13 13 14 13 13 13 13 13 12
1955_0_0 3 6 5 7 6 0 2 3 1 4 3 3 2 3 3 3 27 12 13 14 13 12 13 13 13 13 13 13 13 13 14 13 13 13 13 13 13 13 13 13 13 13 13 13 13 13 13 13 13 13 13 13 13 13 13 13 13 14 13 13 13 13 13 13 13 13 12 13 14 13 12
1956_0_0 3 6 5 7 6 0 3 3 2 1 2 3 4 3 2 4 27 12 13 13 13 13 14 13 13 13 12 13 13 13 13 13 13 13 13 13 13 13 14 13 13 13 13 13 13 13 13 13 13 14 13 13 13 13 13 13 13 13 13 13 13 12 13 13 13 14 13 13 13 13 12
1957_0_0 3 6 5 7 6 0 3 3 2 1 3 2 4 3 3 3 27 12 13 13 13 13 14 13 14 13 13 13 13 13 13 13 13 13 13 13 13 13 13 13 13 12 13 13 13 13 12 13 13 13 13 13 13 13 13 13 13 13 13 13 13 13 13 14 13 14 13 13 13 13 12
1958_0_0 4 5 4 7 7 1 1 3 1 3 3 3 2 3 3 4 27 13 13 13 13 12 13 13 13 13 13 13 13 13 14 13 14 13 13 13 13 13 12 13 13 13 13 13 13 13 13 13 13 12 13 13 13 13 13 14 13 14 13 13 13 13 13 13 13 13 12 13 13 13 13
1958_1_2 4 5 5 8 5 1 2 2 4 2 4 3 1 3 3 2 27 13 13 13 13 12 13 13 13 13 13 13 13 13 14 13 14 13 13 13 13 13 12 13 13 13 13 13 13 13 13 13 13 12 13 13 13 13 13 14 13 14 13 13 13 13 13 13 13 13 12 13 13 13 13
1958_2_4 4 5 8 5 5 1 2 3 3 1 3 4 2 4 2 2 27 13 13 13 13 12 13 13 13 13 13 13 13 13 14 13 14 13 13 13 13 13 12 13 13 13 13 13 13 13 13 13 13 12 13 13 13 13 13 14 13 14 13 13 13 13 13 13 13 13 12 13 13 13 13
1961_0_0 4 4 7 5 7 0 3 3 2 1 3 2 4 3 3 3 27 12 13 13 13 13 13 14 13 13 13 13 13 13 13 12 13 14 13 13 13 13 13 13 13 13 13 13 13 13 13 13 13 13 13 13 13 13 14 13 12 13 13 13 13 13 13 13 14 13 13 13 13 13 12
1961_2_0 4 8 5 5 5 0 3 3 2 1 3 2 4 3 3 3 27 12 13 13 13 13 13 14 13 13 13 13 13 13 13 12 13 14 13 13 13 13 13 13 13 13 13 13 13 13 13 13 13 13 13 13 13 13 14 13 12 13 13 13 13 13 13 13 14 13 13 13 13 13 12
1962_1_0 3 8 6 5 5 0 3 3 2 1 2 3 4 3 2 4 27 12 13 13 13 14 13 13 13 13 13 13 12 13 13 13 13 13 13 13 13 13 14 13 13 13 13 13 13 13 13 13 13 14 13 13 13 13 13 13 13 13 13 12 13 13 13 13 13 13 14 13 13 13 12
1963_1_0 3 6 5 8 5 0 3 3 2 2 1 3 3 3 3 4 27 12 13 13 13 14 13 13 13 13 13 13 12 13 13 13 13 13 13 14 13 13 13 13 13 13 13 13 13 13 13 13 13 13 13 13 14 13 13 13 13 13 13 12 13 13 13 13 13 13 14 13 13 13 12
1964_0_4 4 4 7 5 7 1 3 2 2 2 2 5 3 2 2 3 27 13 13 13 13 12 13 13 13 13 13 12 13 13 13 13 13 13 14 13 13 13 13 13 13 13 13 14 14 13 13 13 13 13 13 13 13 14 13 13 13 13 13 13 12 13 13 13 13 13 12 13 13 13 13
1964_2_0 4 8 5 5 5 1 1 3 2 3 1 3 3 3 3 4 27 13 13 13 13 12 13 13 13 13 13 12 13 13 13 13 13 13 14 13 13 13 13 13 13 13 13 14 14 13 13 13 13 13 13 13 13 14 13 13 13 13 13 13 12 13 13 13 13 13 12 13 13 13 13
1965_1_0 3 8 6 5 5 0 2 3 2 3 1 4 3 3 3 3 27 12 13 12 13 13 13 13 14 13 13 13 13 13 13 13 13 13 13 13 14 13 13 13 13 13 13 13 13 13 13 13 13 13 13 14 13 13 13 13 13 13 13 13 13 13 13 14 13 13 13 13 12 13 12
1967_1_0 3 6 5 8 5 1 2 2 3 2 2 2 5 2 3 3 27 12 13 13 13 13 13 13 13 13 13 13 13 13 14 13 13 13 13 13 14 13 12 13 13 13 13 13 13 13 13 13 13 12 13 14 13 13 13 13 13 14 13 13 13 13 13 13 13 13 13 13 13 13 12
1968_1_2 3 8 6 5 5 1 2 1 2 4 2 2 3 4 2 4 27 12 13 12 13 13 13 13 13 13 13 13 13 14 13 13 13 13 13 13 14 13 13 13 13 13 13 13 13 13 13 13 13 13 13 14 13 13 13 13 13 13 14 13 13 13 13 13 13 13 13 13 12 13 12
1969_1_2 3 8 6 5 5 1 2 2 3 3 3 1 5 3 2 2 27 12 13 13 13 13 13 12 13 13 13 13 13 13 13 13 13 13 13 13 14 13 13 14 13 13 13 13 13 13 13 13 14 13 13 14 13 13 13 13 13 13 13 13 13 13 13 13 12 13 13 13 13 13 12
1970_1_2 3 7 5 7 5 1 2 3 4 3 3 1 3 1 2 4 27 12 13 13 12 13 13 13 14 13 13 13 13 13 13 13 13 13 13 13 13 13 13 13 13 13 13 14 14 13 13 13 13 13 13 13 13 13 13 13 13 13 13 13 13 13 13 14 13 13 13 12 13 13 12
1972_0_0 4 4 6 5 8 0 1 4 2 3 3 3 2 4 2 3 27 12 13 13 13 13 13 13 13 14 13 13 13 13 13 13 13 13 13 13 13 13 14 13 13 13 12 13 13 12 13 13 13 14 13 13 13 13 13 13 13 13 13 13 13 13 14 13 13 13 13 13 13 13 12
1973_1_0 4 4 8 5 6 0 2 3 4 2 3 2 4 2 2 3 27 12 14 13 13 13 13 13 13 13 13 13 13 13 13 14 13 13 13 13 13 13 13 13 13 12 13 13 13 13 12 13 13 13 13 13 13 13 13 13 14 13 13 13 13 13 13 13 13 13 13 13 13 14 12
1975_0_0 4 5 4 6 8 1 1 2 4 3 3 2 3 3 1 4 27 12 13 13 14 13 14 13 13 13 13 13 13 13 13 13 13 12 13 13 13 13 13 13 13 13 13 13 13 13 13 13 13 13 13 13 13 13 12 13 13 13 13 13 13 13 13 13 13 14 13 14 13 13 12
1977_0_0 4 4 6 5 8 0 2 3 4 2 3 2 4 2 2 3 27 12 13 13 13 13 13 14 13 13 13 13 13 13 13 13 13 13 13 13 14 13 13 13 13 12 13 13 13 13 12 13 13 13 13 14 13 13 13 13 13 13 13 13 13 13 13 13 14 13 13 13 13 13 12
1978_0_0 3 6 5 7 6 1 2 1 2 3 2 5 2 2 3 4 27 12 13 13 13 12 13 13 13 13 13 14 13 14 13 13 13 13 13 13 13 13 13 13 13 13 13 13 13 13 13 13 13 13 13 13 13 13 13 13 13 13 14 13 14 13 13 13 13 13 12 13 13 13 12
1979_1_0 3 6 5 8 5 0 2 3 4 2 3 2 4 2 2 3 27 12 13 12 13 13 13 13 13 14 13 13 13 13 13 14 13 13 13 13 13 13 13 13 13 13 13 13 13 13 13 13 13 13 13 13 13 13 13 13 14 13 13 13 13 13 14 13 13 13 13 13 12 13 12
1980_0_4 3 5 5 6 8 1 1 2 2 3 2 3 3 3 2 5 27 12 13 13 13 13 13 13 14 13 13 13 13 13 13 13 13 12 13 13 14 13 13 13 13 13 13 13 13 13 13 13 13 13 13 14 13 13 12 13 13 13 13 13 13 13 13 14 13 13 13 13 13 13 12
1980_1_4 3 8 6 5 5 1 1 2 2 3 2 3 3 3 2 5 27 12 13 13 13 13 13 13 14 13 13 13 13 13 13 13 13 12 13 13 14 13 13 13 13 13 13 13 13 13 13 13 13 13 13 14 13 13 12 13 13 13 13 13 13 13 13 14 13 13 13 13 13 13 12
1981_2_0 4 8 5 5 5 1 2 2 3 1 4 2 2 5 3 2 27 12 13 14 13 13 13 13 13 13 13 13 13 13 13 12 13 13 13 13 13 13 14 13 13 13 13 13 13 13 13 13 13 14 13 13 13 13 13 13 12 13 13 13 13 13 13 13 13 13 13 13 14 13 12
1982_1_0 3 8 6 5 5 1 1 3 1 3 3 3 2 3 3 4 27 12 13 13 13 13 13 13 14 13 14 13 13 13 13 13 13 13 13 13 13 13 12 13 13 13 13 13 13 13 13 13 13 12 13 13 13 13 13 13 13 13 13 13 13 14 13 14 13 13 13 13 13 13 12
1983_0_2 4 4 6 5 8 1 2 2 3 2 3 3 1 5 3 2 27 12 13 13 13 13 14 13 13 13 13 12 13 13 13 13 13 13 13 13 13 13 14 13 13 13 13 13 13 13 13 13 13 14 13 13 13 13 13 13 13 13 13 13 12 13 13 13 13 14 13 13 13 13 12
1984_0_2 4 5 4 7 7 1 2 2 3 5 2 2 3 3 1 3 27 13 13 13 13 12 13 13 13 13 13 14 13 13 13 13 13 13 13 14 13 13 12 13 13 13 13 13 13 13 13 13 13 12 13 13 14 13 13 13 13 13 13 13 14 13 13 13 13 13 12 13 13 13 13
1984_2_2 4 5 8 5 5 1 2 2 3 5 2 2 3 3 1 3 27 13 13 13 13 12 13 13 13 13 13 14 13 13 13 13 13 13 13 14 13 13 12 13 13 13 13 13 13 13 13 13 13 12 13 13 14 13 13 13 13 13 13 13 14 13 13 13 13 13 12 13 13 13 13
1985_1_2 3 8 6 5 5 1 2 3 2 3 1 4 4 3 1 3 27 12 13 13 13 13 13 13 12 13 13 13 13 14 13 14 13 13 13 13 13 13 13 13 13 13 13 13 13 13 13 13 13 13 13 13 13 13 13 13 14 13 14 13 13 13 13 12 13 13 13 13 13 13 12
1986_1_2 4 5 4 8 6 1 2 2 3 2 3 3 1 5 3 2 27 12 13 13 13 13 13 13 13 13 13 14 13 13 13 13 14 13 13 13 13 13 12 13 13 13 13 13 13 13 13 13 13 12 13 13 13 13 13 14 13 13 13 13 14 13 13 13 13 13 13 13 13 13 12
1988_1_0 3 6 7 5 6 1 2 3 1 4 4 3 1 3 2 3 27 12 13 13 13 12 13 13 13 13 13 13 13 13 13 13 13 13 14 13 13 13 13 13 13 13 14 13 13 14 13 13 13 13 13 13 13 14 13 13 13 13 13 13 13 13 13 13 13 13 12 13 13 13 12
1989_1_2 3 7 6 6 5 1 2 3 2 1 4 2 4 3 3 2 27 13 13 13 13 12 13 13 13 13 13 13 13 14 13 13 13 13 13 13 13 13 12 13 14 13 13 13 13 13 13 14 13 12 13 13 13 13 13 13 13 13 14 13 13 13 13 13 13 13 12 13 13 13 13
1990_1_2 4 5 5 5 8 1 1 2 3 2 3 2 3 3 2 5 27 12 13 13 13 13 13 13 14 13 12 13 13 13 13 13 13 14 13 13 13 13 13 13 13 13 13 13 13 13 13 13 13 13 13 13 13 13 14 13 13 13 13 13 13 12 13 14 13 13 13 13 13 13 12
1991_0_2 4 4 6 5 8 1 1 2 5 2 3 3 2 3 2 3 27 12 13 13 13 13 13 13 12 13 13 13 13 13 13 13 13 13 14 13 13 13 13 14 13 13 13 13 13 13 13 13 14 13 13 13 13 14 13 13 13 13 13 13 13 13 13 12 13 13 13 13 13 13 12
1992_1_0 3 6 5 8 5 0 2 3 2 3 1 4 3 3 3 3 27 12 13 13 13 13 13 12 13 14 13 13 13 13 13 14 13 13 13 13 13 13 13 13 13 13 13 13 13 13 13 13 13 13 13 13 13 13 13 13 14 13 13 13 13 13 14 13 12 13 13 13 13 13 12
1994_1_0 4 5 4 8 6 1 2 3 4 2 4 2 1 3 2 3 27 12 13 13 13 13 13 13 13 14 13 13 13 13 13 13 14 13 13 13 13 13 12 13 13 13 13 13 13 13 13 13 13 12 13 13 13 13 13 14 13 13 13 13 13 13 14 13 13 13 13 13 13 13 12
1995_1_2 3 6 5 8 5 1 3 2 3 3 4 2 2 1 4 2 27 12 13 13 13 13 13 13 13 13 13 13 13 13 13 14 13 13 13 13 13 13 12 13 13 13 14 13 13 14 13 13 13 12 13 13 13 13 13 13 14 13 13 13 13 13 13 13 13 13 13 13 13 13 12
1996_1_2 3 8 6 5 5 1 2 2 3 5 2 2 3 3 1 3 27 12 13 13 13 13 13 13 13 13 13 13 13 13 13 13 13 12 13 13 13 13 13 14 13 14 13 13 13 13 14 13 14 13 13 13 13 13 12 13 13 13 13 13 13 13 13 13 13 13 13 13 13 13 12
1997_1_2 4 5 5 5 8 1 2 3 2 3 1 4 4 3 1 3 27 12 13 13 13 13 13 14 13 13 13 13 13 14 13 13 13 13 13 13 13 13 13 13 13 12 13 13 13 13 12 13 13 13 13 13 13 13 13 13 13 13 14 13 13 13 13 13 14 13 13 13 13 13 12
1998_1_0 4 4 8 5 6 1 1 2 3 2 3 4 1 4 3 3 27 12 13 13 13 13 13 13 13 14 13 13 14 13 13 13 12 13 13 13 13 13 13 13 13 13 13 13 13 13 13 13 13 13 13 13 13 13 13 12 13 13 13 14 13 13 14 13 13 13 13 13 13 13 12
2001_0_0 4 4 6 5 8 1 2 1 3 2 3 4 1 3 4 3 27 12 13 13 13 13 13 13 13 13 13 13 13 13 13 13 13 13 13 13 12 13 13 14 13 14 13 13 13 13 14 13 14 13 13 12 13 13 13 13 13 13 13 13 13 13 13 13 13 13 13 13 13 13 12
2002_0_4 4 4 6 5 8 0 3 3 3 3 4 1 2 3 2 3 27 12 13 13 13 13 13 13 13 13 12 13 13 13 13 13 13 13 13 13 14 13 13 13 13 13 13 14 14 13 13 13 13 13 13 14 13 13 13 13 13 13 13 13 13 12 13 13 13 13 13 13 13 13 12
2002_1_4 4 4 8 5 6 0 3 3 3 3 4 1 2 3 2 3 27 12 13 13 13 13 13 13 13 13 12 13 13 13 13 13 13 13 13 13 14 13 13 13 13 13 13 14 14 13 13 13 13 13 13 14 13 13 13 13 13 13 13 13 13 12 13 13 13 13 13 13 13 13 12
2003_1_0 3 6 7 5 6 0 2 3 1 4 3 3 2 3 3 3 27 12 13 13 13 12 13 13 14 13 13 13 13 13 13 13 13 13 13 14 13 13 13 13 13 13 13 13 13 13 13 13 13 13 13 13 14 13 13 13 13 13 13 13 13 13 13 14 13 13 12 13 13 13 12
2004_2_0 4 8 5 5 5 1 2 1 3 2 3 4 1 3 4 3 27 12 13 14 13 13 13 13 13 13 13 13 14 13 13 13 13 13 13 13 12 13 13 13 13 13 13 13 13 13 13 13 13 13 13 12 13 13 13 13 13 13 13 14 13 13 13 13 13 13 13 13 14 13 12
2005_1_2 3 6 5 8 5 1 2 3 2 2 2 2 4 2 5 2 27 12 13 12 13 13 13 13 13 13 13 13 13 13 13 13 14 13 13 13 14 13 13 13 13 13 13 13 13 13 13 13 13 13 13 14 13 13 13 14 13 13 13 13 13 13 13 13 13 13 13 13 12 13 12
2006_1_2 3 6 7 5 6 1 1 2 5 2 3 3 2 3 2 3 27 12 13 13 14 13 13 13 13 13 13 13 14 13 13 13 13 13 13 13 13 13 13 13 13 12 13 13 13 13 12 13 13 13 13 13 13 13 13 13 13 13 13 14 13 13 13 13 13 13 13 14 13 13 12
2008_0_0 4 4 6 5 8 0 2 3 3 2 4 2 2 4 2 3 27 12 13 13 13 13 13 13 13 13 13 13 13 14 13 13 13 14 13 13 13 13 13 12 13 13 13 13 13 13 13 13 12 13 13 13 13 13 14 13 13 13 14 13 13 13 13 13 13 13 13 13 13 13 12
2008_1_0 4 4 8 5 6 0 2 3 3 2 4 2 2 4 2 3 27 12 13 13 13 13 13 13 13 13 13 13 13 14 13 13 13 14 13 13 13 13 13 12 13 13 13 13 13 13 13 13 12 13 13 13 13 13 14 13 13 13 14 13 13 13 13 13 13 13 13 13 13 13 12
2009_0_0 3 5 8 5 6 0 2 3 2 3 1 4 3 3 3 3 27 12 13 12 13 13 13 13 13 13 13 13 13 13 14 13 13 13 13 13 14 13 13 13 13 13 13 13 13 13 13 13 13 13 13 14 13 13 13 13 13 14 13 13 13 13 13 13 13 13 13 13 12 13 12
2010_1_0 3 6 5 8 5 0 3 3 2 1 3 2 4 3 3 3 27 12 13 12 13 13 13 13 13 13 13 13 13 13 13 13 14 13 13 13 13 13 13 13 13 14 13 13 13 13 14 13 13 13 13 13 13 13 13 14 13 13 13 13 13 13 13 13 13 13 13 13 12 13 12
2012_0_0 3 6 5 7 6 1 2 2 3 4 3 1 3 4 1 3 27 12 13 13 13 13 14 13 14 13 13 13 13 13 13 13 13 13 13 13 12 13 13 13 13 13 13 13 13 13 13 13 13 13 13 12 13 13 13 13 13 13 13 13 13 13 13 14 13 14 13 13 13 13 12
2013_1_0 4 5 5 5 8 0 2 3 2 3 4 2 2 4 2 3 27 12 13 14 13 13 13 13 14 13 13 13 13 13 13 12 13 13 13 13 13 13 13 13 13 13 13 13 13 13 13 13 13 13 13 13 13 13 13 13 12 13 13 13 13 13 13 14 13 13 13 13 14 13 12
2014_0_0 4 4 6 5 8 1 1 2 3 2 3 4 1 4 3 3 27 12 13 13 13 13 13 13 13 13 13 13 13 14 13 13 13 12 13 13 13 13 13 14 13 13 13 13 13 13 13 13 14 13 13 13 13 13 12 13 13 13 14 13 13 13 13 13 13 13 13 13 13 13 12
2015_2_0 4 8 5 5 5 0 2 3 2 3 1 4 3 3 3 3 27 12 13 14 13 13 13 13 13 13 13 13 13 14 13 13 13 13 13 13 13 13 13 13 13 12 13 13 13 13 12 13 13 13 13 13 13 13 13 13 13 13 14 13 13 13 13 13 13 13 13 13 14 13 12
2017_1_0 4 4 8 5 6 1 2 3 1 4 3 4 2 1 3 3 27 12 13 13 13 13 13 13 14 13 13 13 13 13 13 13 13 13 13 13 12 13 13 13 13 14 13 13 13 13 14 13 13 13 13 12 13 13 13 13 13 13 13 13 13 13 13 14 13 13 13 13 13 13 12
2019_1_0 4 4 8 5 6 1 2 2 1 3 2 4 2 2 3 5 27 12 13 13 13 13 13 13 13 13 13 13 12 13 13 13 13 13 14 13 13 13 14 13 13 13 13 13 13 13 13 13 13 14 13 13 13 14 13 13 13 13 13 12 13 13 13 13 13 13 13 13 13 13 12
2021_1_0 4 4 8 5 6 1 1 2 3 2 2 2 3 4 2 5 27 12 13 13 13 13 13 13 13 13 13 13 13 13 13 13 13 13 13 13 14 13 14 13 13 12 13 13 13 13 12 13 13 14 13 14 13 13 13 13 13 13 13 13 13 13 13 13 13 13 13 13 13 13 12
2023_0_2 4 4 6 5 8 1 1 2 5 2 3 3 2 3 2 3 27 12 13 12 13 13 13 13 13 13 13 13 13 13 13 13 13 13 14 13 13 13 13 14 13 13 13 13 13 13 13 13 14 13 13 13 13 14 13 13 13 13 13 13 13 13 13 13 13 13 13 13 12 13 12
2024_0_2 4 4 6 5 8 0 3 3 3 3 4 1 2 2 3 3 27 12 13 13 13 14 13 14 13 13 13 13 13 13 13 13 13 13 13 13 12 13 13 13 13 13 13 13 13 13 13 13 13 13 13 12 13 13 13 13 13 13 13 13 13 13 13 13 14 13 14 13 13 13 12
2024_1_2 4 4 8 5 6 0 3 3 3 3 4 1 2 2 3 3 27 12 13 13 13 14 13 14 13 13 13 13 13 13 13 13 13 13 13 13 12 13 13 13 13 13 13 13 13 13 13 13 13 13 13 12 13 13 13 13 13 13 13 13 13 13 13 13 14 13 14 13 13 13 12
2025_0_2 3 5 6 6 7 1 2 2 3 2 3 3 1 5 3 2 27 12 13 13 14 13 14 13 13 13 13 13 13 13 13 12 13 13 13 13 13 13 13 13 13 13 13 13 13 13 13 13 13 13 13 13 13 13 13 13 12 13 13 13 13 13 13 13 13 14 13 14 13 13 12
2026_1_0 3 6 5 8 5 0 2 4 3 2 3 3 3 3 1 3 27 12 13 13 13 13 13 12 13 13 13 13 13 13 13 13 13 13 13 13 13 14 13 13 13 14 13 13 13 13 14 13 13 13 14 13 13 13 13 13 13 13 13 13 13 13 13 13 12 13 13 13 13 13 12
2028_1_0 3 6 7 5 6 1 1 2 4 3 3 2 3 3 1 4 27 12 13 13 13 13 13 13 13 13 13 13 13 13 14 13 13 13 14 13 13 13 13 13 13 12 13 13 13 13 12 13 13 13 13 13 13 14 13 13 13 14 13 13 13 13 13 13 13 13 13 13 13 13 12
2030_1_0 4 4 8 5 6 1 2 4 4 2 2 2 2 3 1 4 27 12 13 13 13 13 13 14 13 13 13 13 13 13 13 13 14 13 13 13 13 12 13 13 13 13 13 13 13 13 13 13 13 13 12 13 13 13 13 14 13 13 13 13 13 13 13 13 14 13 13 13 13 13 12
2031_1_2 3 6 5 8 5 1 2 1 3 4 2 3 3 2 2 4 27 12 13 13 13 13 13 13 13 13 13 13 13 13 13 13 14 13 13 13 13 13 12 13 13 14 13 13 13 13 14 13 13 12 13 13 13 13 13 14 13 13 13 13 13 13 13 13 13 13 13 13 13 13 12
2033_1_0 4 4 8 5 6 0 1 3 3 3 2 3 3 3 2 4 27 12 13 13 13 13 13 13 13 13 13 13 13 12 13 13 13 13 14 13 13 13 13 14 13 13 13 13 13 13 13 13 14 13 13 13 13 14 13 13 13 13 12 13 13 13 13 13 13 13 13 13 13 13 12
2035_0_0 4 4 7 5 7 0 3 3 1 2 2 3 3 4 3 3 27 13 13 13 13 12 13 13 13 13 13 12 13 13 13 13 13 13 13 13 13 13 14 14 13 13 13 13 13 13 13 13 14 14 13 13 13 13 13 13 13 13 13 13 12 13 13 13 13 13 12 13 13 13 13
2036_1_0 4 4 8 5 6 0 2 3 2 3 1 4 3 3 3 3 27 12 13 13 13 13 13 13 13 13 13 12 13 13 13 13 13 13 13 13 13 13 14 13 14 13 13 13 13 13 13 14 13 14 13 13 13 13 13 13 13 13 13 13 12 13 13 13 13 13 13 13 13 13 12
2038_1_0 4 5 4 8 6 0 2 3 2 3 1 4 3 3 3 3 27 12 13 13 13 13 13 13 13 14 13 14 13 13 13 13 13 13 13 13 13 13 12 13 13 13 13 13 13 13 13 13 13 12 13 13 13 13 13 13 13 13 13 13 14 13 14 13 13 13 13 13 13 13 12
2040_1_0 3 6 7 5 6 1 2 2 3 3 4 2 1 5 2 2 27 12 13 13 13 13 13 14 13 13 13 14 13 13 13 13 13 13 13 13 12 13 13 13 13 13 13 13 13 13 13 13 13 13 13 12 13 13 13 13 13 13 13 13 14 13 13 13 14 13 13 13 13 13 12
2041_1_2 3 8 6 5 5 1 2 2 3 2 3 3 1 5 3 2 27 12 13 12 13 13 13 13 13 13 13 13 13 13 13 13 13 14 13 13 13 13 13 13 13 14 13 13 13 13 14 13 13 13 13 13 13 13 14 13 13 13 13 13 13 13 13 13 13 13 13 13 12 13 12
2043_0_2 4 4 7 5 7 1 2 2 3 2 3 3 1 5 3 2 27 12 13 13 13 13 13 13 13 13 13 13 13 14 13 13 13 14 13 13 12 13 13 13 13 13 13 13 13 13 13 13 13 13 13 12 13 13 14 13 13 13 14 13 13 13 13 13 13 13 13 13 13 13 12
2043_2_2 4 8 5 5 5 1 2 2 3 2 3 3 1 5 3 2 27 12 13 13 13 13 13 13 13 13 13 13 13 14 13 13 13 14 13 13 12 13 13 13 13 13 13 13 13 13 13 13 13 13 13 12 13 13 14 13 13 13 14 13 13 13 13 13 13 13 13 13 13 13 12
2045_1_0 3 6 7 5 6 1 1 2 4 1 4 3 2 3 3 3 27 12 13 13 13 12 13 13 13 13 13 13 13 13 14 13 13 13 14 13 13 13 13 13 13 13 13 13 13 13 13 13 13 13 13 13 13 14 13 13 13 14 13 13 13 13 13 13 13 13 12 13 13 13 12
2047_1_0 3 6 7 5 6 1 2 4 4 2 2 2 2 3 1 4 27 12 13 13 13 13 14 13 13 13 12 13 13 13 13 13 13 13 14 13 13 13 13 13 13 13 13 13 13 13 13 13 13 13 13 13 13 14 13 13 13 13 13 13 13 12 13 13 13 14 13 13 13 13 12
2049_1_0 3 8 6 5 5 1 2 2 3 1 4 2 2 5 3 2 27 12 13 13 12 13 13 13 13 13 13 14 13 13 13 13 13 13 13 13 13 13 13 13 13 14 13 13 13 13 14 13 13 13 13 13 13 13 13 13 13 13 13 13 14 13 13 13 13 13 13 12 13 13 12
2051_1_0 4 5 5 5 8 1 1 2 4 3 3 2 3 3 1 4 27 12 13 13 13 13 13 13 13 13 12 13 13 13 13 13 13 13 14 13 13 13 13 14 13 13 13 13 13 13 13 13 14 13 13 13 13 14 13 13 13 13 13 13 13 12 13 13 13 13 13 13 13 13 12
2053_0_0 4 4 6 5 8 0 2 2 3 2 3 2 4 2 4 3 27 12 13 13 13 13 13 13 13 13 13 13 13 14 13 13 13 13 13 13 14 13 13 13 13 12 13 13 13 13 12 13 13 13 13 14 13 13 13 13 13 13 14 13 13 13 13 13 13 13 13 13 13 13 12
2054_0_0 3 5 5 6 8 0 3 2 2 4 4 2 2 3 2 3 27 12 13 13 13 13 12 13 13 14 13 13 13 13 13 13 13 13 13 13 13 13 13 13 13 14 13 13 13 13 14 13 13 13 13 13 13 13 13 13 13 13 13 13 13 13 14 13 13 12 13 13 13 13 12
2054_1_0 3 8 6 5 5 0 3 2 2 4 4 2 2 3 2 3 27 12 13 13 13 13 12 13 13 14 13 13 13 13 13 13 13 13 13 13 13 13 13 13 13 14 13 13 13 13 14 13 13 13 13 13 13 13 13 13 13 13 13 13 13 13 14 13 13 12 13 13 13 13 12
2055_0_0 4 5 4 6 8 0 3 2 2 2 3 2 3 3 4 3 27 13 13 13 13 12 13 13 13 13 13 13 13 13 13 14 13 13 13 14 13 13 12 13 13 13 13 13 13 13 13 13 13 12 13 13 14 13 13 13 14 13 13 13 13 13 13 13 13 13 12 13 13 13 13
2056_0_0 3 6 5 7 6 0 2 3 2 3 1 4 3 3 3 3 27 12 13 14 13 13 13 13 13 14 13 13 13 13 13 13 13 13 13 13 13 13 13 13 13 12 13 13 13 13 12 13 13 13 13 13 13 13 13 13 13 13 13 13 13 13 14 13 13 13 13 13 14 13 12
2057_1_0 4 4 8 5 6 1 2 2 4 3 3 1 4 3 1 3 27 12 13 13 13 13 13 13 13 13 13 13 13 14 13 13 13 13 14 13 13 13 13 12 13 13 13 13 13 13 13 13 12 13 13 13 13 14 13 13 13 13 14 13 13 13 13 13 13 13 13 13 13 13 12
2058_1_0 3 7 6 6 5 0 3 3 2 2 1 3 3 3 3 4 27 12 13 13 13 13 13 13 13 13 12 13 13 13 14 13 14 13 13 13 13 13 13 13 13 13 13 13 13 13 13 13 13 13 13 13 13 13 13 14 13 14 13 13 13 12 13 13 13 13 13 13 13 13 12
2060_0_0 3 5 5 6 8 0 3 3 2 1 3 2 4 3 3 3 27 12 13 13 13 13 14 13 13 13 13 13 13 13 13 14 13 13 13 13 13 13 13 13 13 13 12 13 13 12 13 13 13 13 13 13 13 13 13 13 14 13 13 13 13 13 13 13 13 14 13 13 13 13 12
2061_0_0 4 4 7 5 7 0 3 3 2 2 1 3 3 3 3 4 27 12 13 14 13 13 13 13 13 13 12 13 13 13 13 13 13 14 13 13 13 13 13 13 13 13 13 13 13 13 13 13 13 13 13 13 13 13 14 13 13 13 13 13 13 12 13 13 13 13 13 13 14 13 12
2061_2_0 4 8 5 5 5 0 3 3 2 2 1 3 3 3 3 4 27 12 13 14 13 13 13 13 13 13 12 13 13 13 13 13 13 14 13 13 13 13 13 13 13 13 13 13 13 13 13 13 13 13 13 13 13 13 14 13 13 13 13 13 13 12 13 13 13 13 13 13 14 13 12
2062_1_0 4 4 8 5 6 0 3 3 2 1 3 2 4 3 3 3 27 12 13 13 12 13 13 13 13 13 13 13 13 13 13 13 14 13 14 13 13 13 13 13 13 13 13 13 13 13 13 13 13 13 13 13 13 14 13 14 13 13 13 13 13 13 13 13 13 13 13 12 13 13 12
2063_1_0 4 4 8 5 6 0 2 3 4 2 3 2 4 2 2 3 27 12 13 12 13 13 13 13 13 13 13 13 13 14 13 13 13 13 14 13 13 13 13 13 13 13 13 13 13 13 13 13 13 13 13 13 13 14 13 13 13 13 14 13 13 13 13 13 13 13 13 13 12 13 12
2064_1_0 4 4 8 5 6 0 3 3 2 2 1 3 3 3 3 4 27 12 13 13 13 13 14 13 14 13 13 13 13 13 13 13 13 13 13 13 13 12 13 13 13 13 13 13 13 13 13 13 13 13 12 13 13 13 13 13 13 13 13 13 13 13 13 14 13 14 13 13 13 13 12
2066_0_0 3 5 5 6 8 1 1 2 4 3 3 2 3 3 1 4 27 12 13 12 13 13 13 13 13 13 13 13 13 13 13 13 13 13 14 13 13 13 13 13 13 14 13 13 13 13 14 13 13 13 13 13 13 14 13 13 13 13 13 13 13 13 13 13 13 13 13 13 12 13 12
2067_1_0 3 6 5 8 5 0 2 3 4 2 3 2 4 2 2 3 27 12 13 13 13 13 13 13 12 13 13 13 13 13 13 14 13 13 13 13 13 13 13 13 14 13 13 13 13 13 13 14 13 13 13 13 13 13 13 13 14 13 13 13 13 13 13 12 13 13 13 13 13 13 12
2068_0_4 3 6 5 7 6 1 1 3 2 3 4 2 3 1 4 3 27 12 13 13 13 13 13 13 13 13 13 13 13 13 13 13 14 13 14 13 12 13 13 13 13 13 13 13 13 13 13 13 13 13 13 12 13 14 13 14 13 13 13 13 13 13 13 13 13 13 13 13 13 13 12
2068_1_4 3 6 7 5 6 1 1 3 2 3 4 2 3 1 4 3 27 12 13 13 13 13 13 13 13 13 13 13 13 13 13 13 14 13 14 13 12 13 13 13 13 13 13 13 13 13 13 13 13 13 13 12 13 14 13 14 13 13 13 13 13 13 13 13 13 13 13 13 13 13 12
2069_1_0 4 4 8 5 6 1 2 2 2 3 2 4 1 3 4 3 27 12 13 13 14 13 13 13 13 13 13 12 13 13 13 13 13 13 14 13 13 13 13 13 13 13 13 13 13 13 13 13 13 13 13 13 13 14 13 13 13 13 13 13 12 13 13 13 13 13 13 14 13 13 12
2070_2_0 4 8 5 5 5 1 1 2 4 3 3 2 3 3 1 4 27 12 13 13 13 13 13 14 13 13 12 13 13 13 13 13 13 13 13 13 13 13 13 14 13 13 13 13 13 13 13 13 14 13 13 13 13 13 13 13 13 13 13 13 13 12 13 13 14 13 13 13 13 13 12
2071_1_2 3 8 6 5 5 1 2 1 3 4 2 3 3 2 2 4 27 12 13 13 13 14 13 13 13 13 13 12 13 13 13 13 13 13 13 14 13 13 13 13 13 13 13 13 13 13 13 13 13 13 13 13 14 13 13 13 13 13 13 13 12 13 13 13 13 13 14 13 13 13 12
2072_1_2 4 4 8 5 6 1 3 2 2 2 3 1 3 2 5 3 27 12 13 13 13 13 13 13 13 13 12 13 13 14 13 14 13 13 13 13 13 13 13 13 13 13 13 13 13 13 13 13 13 13 13 13 13 13 13 13 14 13 14 13 13 12 13 13 13 13 13 13 13 13 12
2073_1_2 4 4 8 5 6 1 3 2 3 3 4 2 2 1 4 2 27 12 13 13 13 13 13 14 13 13 13 13 13 13 13 13 13 13 14 13 13 13 12 13 13 13 13 13 13 13 13 13 13 12 13 13 13 14 13 13 13 13 13 13 13 13 13 13 14 13 13 13 13 13 12
2074_1_2 3 8 6 5 5 1 2 4 4 1 4 2 3 2 2 2 27 12 13 13 13 13 13 13 13 13 13 13 13 13 13 13 12 13 13 13 14 13 13 13 13 13 14 13 13 14 13 13 13 13 13 14 13 13 13 12 13 13 13 13 13 13 13 13 13 13 13 13 13 13 12
2075_1_2 3 8 6 5 5 1 2 2 2 2 4 3 4 1 2 4 27 12 13 13 12 13 13 13 13 13 13 13 13 13 14 13 13 13 13 13 13 13 13 13 13 14 13 13 13 13 14 13 13 13 13 13 13 13 13 13 13 14 13 13 13 13 13 13 13 13 13 12 13 13 12
2077_0_0 4 4 6 5 8 1 2 2 2 3 3 4 3 2 1 4 27 13 13 13 13 12 13 13 13 13 13 12 13 14 13 13 13 13 13 13 14 13 13 13 13 13 13 13 13 13 13 13 13 13 13 14 13 13 13 13 13 13 14 13 12 13 13 13 13 13 12 13 13 13 13
2078_0_0 3 5 7 5 7 1 2 2 3 2 2 2 5 2 3 3 27 12 13 14 13 13 13 13 13 13 13 12 13 14 13 13 13 13 13 13 13 13 13 13 13 13 13 13 13 13 13 13 13 13 13 13 13 13 13 13 13 13 14 13 12 13 13 13 13 13 13 13 14 13 12
2079_1_0 3 7 6 6 5 0 3 1 2 3 3 3 2 3 4 3 27 12 13 13 13 12 13 13 13 13 13 13 13 13 13 13 13 13 13 14 13 14 13 13 13 13 13 13 13 13 13 13 13 13 14 13 14 13 13 13 13 13 13 13 13 13 13 13 13 13 12 13 13 13 12
2080_2_0 4 8 5 5 5 1 1 2 3 2 2 2 3 4 2 5 27 12 13 13 13 13 13 13 13 13 13 13 13 14 13 13 13 13 13 13 13 13 14 13 13 12 13 13 13 13 12 13 13 14 13 13 13 13 13 13 13 13 14 13 13 13 13 13 13 13 13 13 13 13 12
2081_1_2 3 6 5 8 5 1 2 1 2 4 2 2 3 4 2 4 27 12 13 13 13 13 13 13 12 13 13 13 13 13 13 13 13 13 13 13 14 13 13 13 14 13 13 13 13 13 13 14 13 13 13 14 13 13 13 13 13 13 13 13 13 13 13 12 13 13 13 13 13 13 12
2083_1_0 4 4 8 5 6 1 1 2 3 2 2 2 3 4 2 5 27 12 13 13 13 13 13 13 13 13 13 14 13 14 13 13 13 13 13 12 13 13 13 13 13 13 13 13 13 13 13 13 13 13 13 13 12 13 13 13 13 13 14 13 14 13 13 13 13 13 13 13 13 13 12
2084_1_2 4 4 8 5 6 1 2 1 3 4 2 3 3 2 2 4 27 12 13 14 13 13 13 13 13 13 13 13 13 13 13 13 13 14 13 13 13 13 12 13 13 13 13 13 13 13 13 13 13 12 13 13 13 13 14 13 13 13 13 13 13 13 13 13 13 13 13 13 14 13 12
2085_1_2 3 6 5 8 5 1 2 3 2 2 2 2 4 2 5 2 27 12 13 13 13 14 13 13 12 13 13 13 13 13 13 13 13 13 13 13 13 13 13 13 14 13 13 13 13 13 13 14 13 13 13 13 13 13 13 13 13 13 13 13 13 13 13 12 13 13 14 13 13 13 12
2086_0_6 3 5 7 5 7 1 2 3 1 3 4 4 2 2 1 4 27 12 13 13 12 13 13 13 13 13 13 13 13 13 13 13 13 14 13 13 13 13 14 13 13 13 13 13 13 13 13 13 13 14 13 13 13 13 14 13 13 13 13 13 13 13 13 13 13 13 13 12 13 13 12
2086_1_6 3 7 5 7 5 1 2 3 1 3 4 4 2 2 1 4 27 12 13 13 12 13 13 13 13 13 13 13 13 13 13 13 13 14 13 13 13 13 14 13 13 13 13 13 13 13 13 13 13 14 13 13 13 13 14 13 13 13 13 13 13 13 13 13 13 13 13 12 13 13 12
2088_0_2 4 5 4 6 8 0 3 2 4 3 3 3 2 1 3 3 27 12 13 13 13 13 13 13 13 14 13 13 13 13 14 13 13 12 13 13 13 13 13 13 13 13 13 13 13 13 13 13 13 13 13 13 13 13 12 13 13 14 13 13 13 13 14 13 13 13 13 13 13 13 12
2088_1_2 4 5 4 8 6 0 3 2 4 3 3 3 2 1 3 3 27 12 13 13 13 13 13 13 13 14 13 13 13 13 14 13 13 12 13 13 13 13 13 13 13 13 13 13 13 13 13 13 13 13 13 13 13 13 12 13 13 14 13 13 13 13 14 13 13 13 13 13 13 13 12
2089_1_0 4 5 5 5 8 1 1 2 3 2 3 4 1 4 3 3 27 12 13 13 13 12 13 13 13 13 13 13 13 14 13 13 13 13 13 13 13 13 13 14 13 13 13 13 13 13 13 13 14 13 13 13 13 13 13 13 13 13 14 13 13 13 13 13 13 13 12 13 13 13 12
2090_2_0 4 5 8 5 5 1 2 1 3 2 2 3 3 2 4 4 27 13 13 13 13 12 13 13 13 13 13 13 13 13 14 13 13 13 13 13 13 14 12 13 13 13 13 13 13 13 13 13 13 12 14 13 13 13 13 13 13 14 13 13 13 13 13 13 13 13 12 13 13 13 13
2092_0_0 3 6 5 7 6 1 2 2 3 1 4 2 2 5 3 2 27 12 13 13 13 13 13 13 14 13 13 14 13 13 13 12 13 13 13 13 13 13 13 13 13 13 13 13 13 13 13 13 13 13 13 13 13 13 13 13 12 13 13 13 14 13 13 14 13 13 13 13 13 13 12
2093_1_0 3 8 6 5 5 1 1 2 3 1 4 2 3 3 3 4 27 12 13 13 13 13 13 13 13 14 13 13 13 13 13 13 12 13 13 13 14 13 13 13 13 13 13 13 13 13 13 13 13 13 13 14 13 13 13 12 13 13 13 13 13 13 14 13 13 13 13 13 13 13 12
2094_0_4 4 4 7 5 7 1 1 2 2 3 2 3 3 3 2 5 27 12 13 14 13 12 13 13 13 13 13 13 13 14 13 13 13 13 13 13 13 13 13 13 13 13 13 13 13 13 13 13 13 13 13 13 13 13 13 13 13 13 14 13 13 13 13 13 13 13 12 13 14 13 12
2094_1_4 4 5 5 5 8 1 1 2 2 3 2 3 3 3 2 5 27 12 13 14 13 12 13 13 13 13 13 13 13 14 13 13 13 13 13 13 13 13 13 13 13 13 13 13 13 13 13 13 13 13 13 13 13 13 13 13 13 13 14 13 13 13 13 13 13 13 12 13 14 13 12
2094_2_4 4 8 5 5 5 1 1 2 2 3 2 3 3 3 2 5 27 12 13 14 13 12 13 13 13 13 13 13 13 14 13 13 13 13 13 13 13 13 13 13 13 13 13 13 13 13 13 13 13 13 13 13 13 13 13 13 13 13 14 13 13 13 13 13 13 13 12 13 14 13 12
2096_0_0 3 5 7 5 7 1 2 2 4 4 3 1 3 3 1 3 27 12 13 13 13 13 13 13 13 13 13 13 14 13 13 13 13 13 13 12 13 13 13 14 13 13 13 13 13 13 13 13 14 13 13 13 12 13 13 13 13 13 13 14 13 13 13 13 13 13 13 13 13 13 12
2097_1_0 4 5 4 8 6 1 2 2 2 3 2 4 1 4 4 2 27 12 13 13 13 13 13 13 13 13 13 13 13 13 13 13 13 12 13 13 13 13 13 13 14 13 14 13 13 14 13 14 13 13 13 13 13 13 12 13 13 13 13 13 13 13 13 13 13 13 13 13 13 13 12
2099_0_0 3 5 5 6 8 1 2 2 3 2 2 2 5 2 3 3 27 12 13 14 13 13 13 13 13 13 13 13 13 13 13 13 13 13 13 13 14 13 12 13 13 13 13 13 13 13 13 13 13 12 13 14 13 13 13 13 13 13 13 13 13 13 13 13 13 13 13 13 14 13 12
2100_1_0 3 7 6 6 5 0 3 2 2 2 3 2 3 3 4 3 27 13 13 13 13 12 13 13 13 13 13 12 13 13 13 13 13 13 13 14 13 13 13 13 13 13 14 13 13 14 13 13 13 13 13 13 14 13 13 13 13 13 13 13 12 13 13 13 13 13 12 13 13 13 13
2102_0_0 3 6 5 7 6 1 2 4 4 2 2 2 2 3 1 4 27 12 13 13 14 13 13 13 13 13 12 13 13 13 13 13 13 14 13 13 13 13 13 13 13 13 13 13 13 13 13 13 13 13 13 13 13 13 14 13 13 13 13 13 13 12 13 13 13 13 13 14 13 13 12
2104_0_0 4 5 4 6 8 0 3 2 2 3 3 1 3 4 3 3 27 12 13 13 13 13 14 13 13 13 13 13 13 12 13 13 14 13 13 13 13 13 13 13 13 13 13 13 13 13 13 13 13 13 13 13 13 13 13 14 13 13 12 13 13 13 13 13 13 14 13 13 13 13 12
2105_0_0 3 5 8 5 6 0 1 3 3 3 3 3 2 3 2 4 27 12 13 12 13 13 13 13 13 13 13 13 13 13 13 14 13 13 13 13 13 14 13 13 13 13 13 13 13 13 13 13 13 13 14 13 13 13 13 13 14 13 13 13 13 13 13 13 13 13 13 13 12 13 12
2106_0_0 3 6 5 7 6 1 2 1 3 2 2 4 1 3 4 4 27 12 13 13 13 13 13 13 13 13 13 14 13 13 13 13 13 13 14 13 13 13 13 13 13 12 13 13 13 13 12 13 13 13 13 13 13 14 13 13 13 13 13 13 14 13 13 13 13 13 13 13 13 13 12
2106_1_0 3 6 7 5 6 1 2 1 3 2 2 4 1 3 4 4 27 12 13 13 13 13 13 13 13 13 13 14 13 13 13 13 13 13 14 13 13 13 13 13 13 12 13 13 13 13 12 13 13 13 13 13 13 14 13 13 13 13 13 13 14 13 13 13 13 13 13 13 13 13 12
2107_0_0 3 5 6 6 7 0 2 3 2 2 3 2 2 4 3 4 27 12 13 13 14 13 14 13 13 13 13 13 13 13 13 13 13 13 13 13 12 13 13 13 13 13 13 13 13 13 13 13 13 13 13 12 13 13 13 13 13 13 13 13 13 13 13 13 13 14 13 14 13 13 12
2107_1_0 3 7 6 6 5 0 2 3 2 2 3 2 2 4 3 4 27 12 13 13 14 13 14 13 13 13 13 13 13 13 13 13 13 13 13 13 12 13 13 13 13 13 13 13 13 13 13 13 13 13 13 12 13 13 13 13 13 13 13 13 13 13 13 13 13 14 13 14 13 13 12
2108_0_0 3 6 5 7 6 0 1 3 3 3 3 3 2 3 2 4 27 12 13 13 13 13 13 14 13 13 13 13 13 13 13 13 13 13 13 13 13 14 13 13 13 12 13 13 13 13 12 13 13 13 14 13 13 13 13 13 13 13 13 13 13 13 13 13 14 13 13 13 13 13 12
2109_0_0 4 4 7 5 7 0 3 3 2 1 3 2 4 3 3 3 27 12 13 13 13 13 13 13 13 13 12 13 13 13 13 13 13 14 13 13 13 13 13 14 13 13 13 13 13 13 13 13 14 13 13 13 13 13 14 13 13 13 13 13 13 12 13 13 13 13 13 13 13 13 12
2109_2_0 4 8 5 5 5 0 3 3 2 1 3 2 4 3 3 3 27 12 13 13 13 13 13 13 13 13 12 13 13 13 13 13 13 14 13 13 13 13 13 14 13 13 13 13 13 13 13 13 14 13 13 13 13 13 14 13 13 13 13 13 13 12 13 13 13 13 13 13 13 13 12
2111_0_0 3 5 5 6 8 0 3 3 2 1 3 2 4 3 3 3 27 12 13 13 13 13 13 13 13 13 14 13 13 13 13 13 14 13 13 13 13 12 13 13 13 13 13 13 13 13 13 13 13 13 12 13 13 13 13 14 13 13 13 13 13 14 13 13 13 13 13 13 13 13 12
2112_0_0 4 4 6 5 8 1 1 2 4 3 3 2 3 3 1 4 27 12 13 13 13 13 13 13 13 13 13 13 14 13 13 13 13 13 14 13 13 13 13 12 13 13 13 13 13 13 13 13 12 13 13 13 13 14 13 13 13 13 13 14 13 13 13 13 13 13 13 13 13 13 12
2113_1_0 4 4 8 5 6 0 2 2 3 3 1 4 3 3 3 3 27 12 13 13 12 13 13 13 13 14 13 13 14 13 13 13 13 13 13 13 13 13 13 13 13 13 13 13 13 13 13 13 13 13 13 13 13 13 13 13 13 13 13 14 13 13 14 13 13 13 13 12 13 13 12
2115_0_0 4 4 7 5 7 0 2 2 3 3 1 3 4 3 2 4 27 12 13 14 13 13 13 13 13 13 12 13 13 13 13 13 13 13 13 13 13 13 14 13 13 13 13 13 13 13 13 13 13 14 13 13 13 13 13 13 13 13 13 13 13 12 13 13 13 13 13 13 14 13 12
2115_2_0 4 8 5 5 5 0 2 2 3 3 1 3 4 3 2 4 27 12 13 14 13 13 13 13 13 13 12 13 13 13 13 13 13 13 13 13 13 13 14 13 13 13 13 13 13 13 13 13 13 14 13 13 13 13 13 13 13 13 13 13 13 12 13 13 13 13 13 13 14 13 12
2116_1_0 4 5 5 5 8 1 1 3 2 3 4 3 1 4 2 3 27 12 13 14 13 13 13 13 13 13 13 13 13 14 13 12 13 13 13 13 13 13 13 13 13 13 13 13 13 13 13 13 13 13 13 13 13 13 13 13 12 13 14 13 13 13 13 13 13 13 13 13 14 13 12
2117_0_0 3 5 6 6 7 0 3 2 2 4 4 2 2 3 2 3 27 12 13 13 13 12 13 13 13 13 13 13 13 13 14 13 13 13 13 13 13 13 13 13 14 13 13 13 13 13 13 14 13 13 13 13 13 13 13 13 13 14 13 13 13 13 13 13 13 13 12 13 13 13 12
2117_1_0 3 7 6 6 5 0 3 2 2 4 4 2 2 3 2 3 27 12 13 13 13 12 13 13 13 13 13 13 13 13 14 13 13 13 13 13 13 13 13 13 14 13 13 13 13 13 13 14 13 13 13 13 13 13 13 13 13 14 13 13 13 13 13 13 13 13 12 13 13 13 12
2118_0_0 4 4 7 5 7 1 2 2 1 3 2 4 2 2 3 5 27 12 13 13 13 13 13 14 13 13 12 13 13 13 13 13 13 13 13 13 13 13 14 13 13 13 13 13 13 13 13 13 13 14 13 13 13 13 13 13 13 13 13 13 13 12 13 13 14 13 13 13 13 13 12
2119_0_2 3 5 8 5 6 1 3 2 3 3 4 2 2 1 4 2 27 12 13 13 14 13 13 13 13 13 13 13 13 13 13 14 13 13 13 13 13 13 12 13 13 13 13 13 13 13 13 13 13 12 13 13 13 13 13 13 14 13 13 13 13 13 13 13 13 13 13 14 13 13 12
2120_0_2 4 4 6 5 8 1 2 2 3 2 3 3 1 5 3 2 27 12 13 13 12 13 13 13 13 13 13 13 13 13 13 13 13 14 13 13 13 13 13 13 13 13 14 13 13 14 13 13 13 13 13 13 13 13 14 13 13 13 13 13 13 13 13 13 13 13 13 12 13 13 12
2121_0_2 3 5 8 5 6 1 2 4 4 1 4 2 3 2 2 2 27 12 13 13 14 13 13 13 13 13 13 13 13 13 13 13 13 12 13 13 14 13 13 13 13 13 13 13 13 13 13 13 13 13 13 14 13 13 12 13 13 13 13 13 13 13 13 13 13 13 13 14 13 13 12
2122_1_0 4 4 8 5 6 1 2 3 4 2 4 2 1 3 2 3 27 12 13 13 13 13 13 13 13 13 13 13 13 14 13 13 13 14 13 13 13 13 12 13 13 13 13 13 13 13 13 13 13 12 13 13 13 13 14 13 13 13 14 13 13 13 13 13 13 13 13 13 13 13 12
2123_1_2 4 4 8 5 6 1 3 2 3 3 4 2 2 1 4 2 27 12 13 13 13 13 13 14 13 13 13 12 13 13 13 13 13 13 13 13 13 13 13 13 13 13 14 13 13 14 13 13 13 13 13 13 13 13 13 13 13 13 13 13 12 13 13 13 14 13 13 13 13 13 12
2125_0_2 4 4 6 5 8 1 1 3 2 3 4 3 1 3 2 4 27 12 13 13 13 13 14 13 13 13 13 13 13 13 13 13 13 14 13 13 13 13 13 13 12 13 13 13 13 13 13 12 13 13 13 13 13 13 14 13 13 13 13 13 13 13 13 13 13 14 13 13 13 13 12
2126_1_0 4 4 8 5 6 1 2 2 3 1 4 2 2 5 3 2 27 12 13 13 13 13 13 13 13 13 13 13 13 13 14 13 13 13 13 13 13 13 14 13 13 13 12 13 13 12 13 13 13 14 13 13 13 13 13 13 13 14 13 13 13 13 13 13 13 13 13 13 13 13 12
2128_0_2 4 5 4 6 8 1 2 2 3 2 3 3 1 5 3 2 27 12 13 13 13 13 13 13 13 13 13 13 12 13 13 13 14 13 13 13 13 14 13 13 13 13 13 13 13 13 13 13 13 13 14 13 13 13 13 14 13 13 13 12 13 13 13 13 13 13 13 13 13 13 12
2129_0_2 3 6 5 7 6 1 2 2 3 2 3 3 1 5 3 2 27 12 13 13 13 13 14 13 13 13 12 13 13 13 13 13 13 13 13 13 13 13 13 14 13 13 13 13 13 13 13 13 14 13 13 13 13 13 13 13 13 13 13 13 13 12 13 13 13 14 13 13 13 13 12
2130_0_2 3 5 6 6 7 1 2 3 2 1 4 2 4 3 3 2 27 13 13 13 13 12 13 13 13 14 13 12 13 13 13 13 13 13 13 13 13 13 13 13 14 13 13 13 13 13 13 14 13 13 13 13 13 13 13 13 13 13 13 13 12 13 14 13 13 13 12 13 13 13 13
2131_0_2 4 4 6 5 8 1 3 2 2 2 3 1 3 2 5 3 27 12 13 13 13 13 13 13 13 13 13 13 13 13 13 13 13 13 14 13 13 12 13 13 14 13 13 13 13 13 13 14 13 13 12 13 13 14 13 13 13 13 13 13 13 13 13 13 13 13 13 13 13 13 12
2132_0_2 3 6 5 7 6 1 1 3 2 3 4 3 1 3 2 4 27 12 13 13 13 13 14 13 13 13 13 13 13 13 13 13 13 14 13 13 12 13 13 13 13 13 13 13 13 13 13 13 13 13 13 12 13 13 14 13 13 13 13 13 13 13 13 13 13 14 13 13 13 13 12
2133_0_2 4 4 6 5 8 1 2 1 3 2 3 3 3 1 5 3 27 12 13 13 13 13 13 13 13 13 12 13 13 13 13 13 13 13 13 13 13 13 14 13 13 14 13 13 13 13 14 13 13 14 13 13 13 13 13 13 13 13 13 13 13 12 13 13 13 13 13 13 13 13 12
2134_0_2 4 4 6 5 8 1 1 3 2 3 4 3 1 3 2 4 27 12 13 13 13 14 13 13 13 13 13 13 13 13 13 13 13 14 13 13 12 13 13 13 13 13 13 13 13 13 13 13 13 13 13 12 13 13 14 13 13 13 13 13 13 13 13 13 13 13 14 13 13 13 12
2135_1_0 4 4 8 5 6 1 1 2 4 3 3 2 3 3 1 4 27 12 13 13 13 13 12 13 13 13 13 13 13 13 13 13 13 14 13 13 13 13 13 13 13 13 14 13 13 14 13 13 13 13 13 13 13 13 14 13 13 13 13 13 13 13 13 13 13 12 13 13 13 13 12
2136_1_2 4 4 8 5 6 1 2 1 2 4 2 2 3 4 2 4 27 12 13 13 13 13 13 13 13 14 13 13 13 14 13 13 13 13 13 12 13 13 13 13 13 13 13 13 13 13 13 13 13 13 13 13 12 13 13 13 13 13 14 13 13 13 14 13 13 13 13 13 13 13 12
2138_1_0 3 7 6 6 5 1 2 2 3 1 4 2 2 5 3 2 27 12 13 13 13 13 13 13 13 13 13 14 13 13 13 12 13 13 13 14 13 13 13 13 13 13 13 13 13 13 13 13 13 13 13 13 14 13 13 13 12 13 13 13 14 13 13 13 13 13 13 13 13 13 12
2140_1_0 4 4 8 5 6 1 1 2 3 2 2 2 3 4 2 5 27 12 13 13 13 13 13 13 13 13 13 13 13 13 13 13 13 13 13 12 13 13 14 13 14 13 13 13 13 13 13 14 13 14 13 13 12 13 13 13 13 13 13 13 13 13 13 13 13 13 13 13 13 13 12
2141_1_2 3 6 5 8 5 1 2 2 3 2 3 3 1 5 3 2 27 12 13 13 13 14 13 13 13 13 13 13 12 13 13 13 13 13 13 13 13 14 13 13 13 13 13 13 13 13 13 13 13 13 14 13 13 13 13 13 13 13 13 12 13 13 13 13 13 13 14 13 13 13 12
2142_1_2 4 5 5 5 8 1 2 3 4 3 3 1 3 1 2 4 27 12 13 14 13 13 13 13 13 13 13 13 13 13 13 12 13 14 13 13 13 13 13 13 13 13 13 13 13 13 13 13 13 13 13 13 13 13 14 13 12 13 13 13 13 13 13 13 13 13 13 13 14 13 12
2143_0_2 4 5 4 6 8 1 2 3 1 3 1 3 2 3 4 4 27 12 13 13 13 13 13 13 13 14 13 13 13 13 13 13 13 12 13 13 13 13 13 13 14 13 13 13 13 13 13 14 13 13 13 13 13 13 12 13 13 13 13 13 13 13 14 13 13 13 13 13 13 13 12
2144_1_0 4 5 5 5 8 0 2 4 3 2 3 3 3 3 1 3 27 12 13 13 13 13 13 13 14 13 13 13 14 13 13 12 13 13 13 13 13 13 13 13 13 13 13 13 13 13 13 13 13 13 13 13 13 13 13 13 12 13 13 14 13 13 13 14 13 13 13 13 13 13 12
2145_1_0 3 6 7 5 6 1 2 2 2 3 2 4 1 4 4 2 27 12 13 13 13 12 13 13 13 13 13 13 13 13 13 13 13 13 14 13 13 13 13 13 14 13 13 13 13 13 13 14 13 13 13 13 13 14 13 13 13 13 13 13 13 13 13 13 13 13 12 13 13 13 12
2146_1_0 4 4 8 5 6 0 2 2 3 3 1 3 4 3 2 4 27 12 13 13 13 13 13 13 14 13 13 14 13 13 13 13 13 13 13 13 13 12 13 13 13 13 13 13 13 13 13 13 13 13 12 13 13 13 13 13 13 13 13 13 14 13 13 14 13 13 13 13 13 13 12
2147_0_4 4 4 7 5 7 1 1 3 2 3 4 2 3 1 4 3 27 12 13 13 13 13 13 14 13 13 13 13 13 13 13 13 13 14 13 13 12 13 13 13 13 13 13 13 13 13 13 13 13 13 13 12 13 13 14 13 13 13 13 13 13 13 13 13 14 13 13 13 13 13 12
2147_1_4 4 5 5 5 8 1 1 3 2 3 4 2 3 1 4 3 27 12 13 13 13 13 13 14 13 13 13 13 13 13 13 13 13 14 13 13 12 13 13 13 13 13 13 13 13 13 13 13 13 13 13 12 13 13 14 13 13 13 13 13 13 13 13 13 14 13 13 13 13 13 12
2147_2_4 4 8 5 5 5 1 1 3 2 3 4 2 3 1 4 3 27 12 13 13 13 13 13 14 13 13 13 13 13 13 13 13 13 14 13 13 12 13 13 13 13 13 13 13 13 13 13 13 13 13 13 12 13 13 14 13 13 13 13 13 13 13 13 13 14 13 13 13 13 13 12
2149_0_0 4 4 6 5 8 1 2 4 4 2 2 2 2 3 1 4 27 12 13 13 13 13 13 13 13 13 12 13 13 13 13 14 13 14 13 13 13 13 13 13 13 13 13 13 13 13 13 13 13 13 13 13 13 13 14 13 14 13 13 13 13 12 13 13 13 13 13 13 13 13 12
2151_0_0 3 6 5 7 6 1 2 4 4 2 2 2 2 3 1 4 27 12 13 13 13 13 13 13 13 13 12 13 13 13 13 13 14 13 14 13 13 13 13 13 13 13 13 13 13 13 13 13 13 13 13 13 13 14 13 14 13 13 13 13 13 12 13 13 13 13 13 13 13 13 12
2152_0_4 4 4 6 5 8 1 1 2 2 3 2 3 3 3 2 5 27 12 14 13 13 12 13 13 13 13 13 13 13 13 13 13 13 13 13 13 13 13 13 13 13 14 13 13 13 13 14 13 13 13 13 13 13 13 13 13 13 13 13 13 13 13 13 13 13 13 12 13 13 14 12
2152_1_4 4 4 8 5 6 1 1 2 2 3 2 3 3 3 2 5 27 12 14 13 13 12 13 13 13 13 13 13 13 13 13 13 13 13 13 13 13 13 13 13 13 14 13 13 13 13 14 13 13 13 13 13 13 13 13 13 13 13 13 13 13 13 13 13 13 13 12 13 13 14 12
2153_1_0 4 5 4 8 6 0 2 2 3 3 1 3 4 3 2 4 27 12 13 13 13 13 13 13 13 13 13 14 13 13 14 13 13 13 13 13 13 13 13 12 13 13 13 13 13 13 13 13 12 13 13 13 13 13 13 13 13 14 13 13 14 13 13 13 13 13 13 13 13 13 12
2154_1_0 3 7 6 6 5 0 3 3 2 1 3 2 4 3 3 3 27 12 13 13 13 13 14 13 13 14 13 13 13 13 13 13 13 13 13 13 12 13 13 13 13 13 13 13 13 13 13 13 13 13 13 12 13 13 13 13 13 13 13 13 13 13 14 13 13 14 13 13 13 13 12
2156_0_0 3 5 5 6 8 0 2 3 1 4 3 3 2 3 3 3 27 12 13 13 13 13 13 13 13 13 13 13 13 13 13 13 12 13 13 14 13 13 13 13 13 14 13 13 13 13 14 13 13 13 13 13 14 13 13 12 13 13 13 13 13 13 13 13 13 13 13 13 13 13 12
2157_0_0 3 6 5 7 6 0 3 2 2 4 4 2 2 3 2 3 27 12 13 14 13 12 13 13 13 14 13 13 13 13 13 13 13 13 13 13 13 13 13 13 13 13 13 13 13 13 13 13 13 13 13 13 13 13 13 13 13 13 13 13 13 13 14 13 13 13 12 13 14 13 12
2157_1_0 3 6 7 5 6 0 3 2 2 4 4 2 2 3 2 3 27 12 13 14 13 12 13 13 13 14 13 13 13 13 13 13 13 13 13 13 13 13 13 13 13 13 13 13 13 13 13 13 13 13 13 13 13 13 13 13 13 13 13 13 13 13 14 13 13 13 12 13 14 13 12
2158_0_0 3 5 5 6 8 0 2 3 4 2 3 2 4 2 2 3 27 12 13 12 13 13 13 13 13 13 13 13 13 13 13 13 13 13 14 13 14 13 13 13 13 13 13 13 13 13 13 13 13 13 13 14 13 14 13 13 13 13 13 13 13 13 13 13 13 13 13 13 12 13 12
2159_0_0 3 5 6 6 7 1 2 4 4 2 2 2 2 3 1 4 27 12 13 13 13 13 14 13 13 13 12 13 13 13 13 13 13 13 13 13 13 13 13 13 13 13 14 13 13 14 13 13 13 13 13 13 13 13 13 13 13 13 13 13 13 12 13 13 13 14 13 13 13 13 12
2160_1_0 4 4 8 5 6 0 1 3 3 3 3 3 2 3 2 4 27 12 13 12 13 13 13 13 13 13 13 13 14 13 13 13 13 13 14 13 13 13 13 13 13 13 13 13 13 13 13 13 13 13 13 13 13 14 13 13 13 13 13 14 13 13 13 13 13 13 13 13 12 13 12
2162_0_0 4 4 6 5 8 0 2 3 3 3 4 2 2 2 2 4 27 12 13 13 13 14 13 13 14 13 13 13 13 13 13 12 13 13 13 13 13 13 13 13 13 13 13 13 13 13 13 13 13 13 13 13 13 13 13 13 12 13 13 13 13 13 13 14 13 13 14 13 13 13 12
2163_0_0 4 4 6 5 8 1 1 2 4 3 3 2 3 3 1 4 27 12 13 13 13 13 13 13 13 13 12 13 13 13 13 14 13 13 13 13 13 13 13 14 13 13 13 13 13 13 13 13 14 13 13 13 13 13 13 13 14 13 13 13 13 12 13 13 13 13 13 13 13 13 12
2164_1_0 4 5 5 8 5 0 3 2 2 2 3 2 3 3 4 3 27 13 13 13 13 12 13 13 13 13 13 13 13 13 14 13 13 13 13 13 13 13 12 13 13 13 14 13 13 14 13 13 13 12 13 13 13 13 13 13 13 14 13 13 13 13 13 13 13 13 12 13 13 13 13
2165_0_0 4 4 6 5 8 1 1 3 3 1 4 2 3 3 3 3 27 12 13 14 13 13 13 13 14 13 13 13 13 13 13 13 13 13 13 13 13 13 12 13 13 13 13 13 13 13 13 13 13 12 13 13 13 13 13 13 13 13 13 13 13 13 13 14 13 13 13 13 14 13 12
2166_1_0 3 7 6 6 5 1 2 2 4 3 3 1 4 3 1 3 27 12 13 13 14 13 13 13 13 13 12 13 13 13 13 13 13 13 13 13 13 13 13 13 14 13 13 13 13 13 13 14 13 13 13 13 13 13 13 13 13 13 13 13 13 12 13 13 13 13 13 14 13 13 12
2167_1_0 3 7 6 6 5 0 2 2 3 3 1 4 3 3 3 3 27 12 13 13 13 13 13 13 13 14 13 13 13 13 13 12 13 13 13 13 13 14 13 13 13 13 13 13 13 13 13 13 13 13 14 13 13 13 13 13 12 13 13 13 13 13 14 13 13 13 13 13 13 13 12
2168_1_0 4 4 8 5 6 1 2 2 2 3 2 4 1 4 4 2 27 12 13 13 13 12 13 13 13 13 13 13 13 14 13 14 13 13 13 13 13 13 13 13 13 13 13 13 13 13 13 13 13 13 13 13 13 13 13 13 14 13 14 13 13 13 13 13 13 13 12 13 13 13 12
2170_0_0 4 4 6 5 8 1 2 2 3 2 2 2 5 2 3 3 27 12 13 14 13 13 13 13 13 14 13 12 13 13 13 13 13 13 13 13 13 13 13 13 13 13 13 13 13 13 13 13 13 13 13 13 13 13 13 13 13 13 13 13 12 13 14 13 13 13 13 13 14 13 12
2172_0_0 4 5 4 7 7 0 3 2 2 2 3 2 3 3 4 3 27 13 13 13 13 12 13 13 13 13 13 13 13 13 13 13 13 13 13 14 13 13 12 13 13 13 14 13 13 14 13 13 13 12 13 13 14 13 13 13 13 13 13 13 13 13 13 13 13 13 12 13 13 13 13
2172_2_0 4 5 8 5 5 0 3 2 2 2 3 2 3 3 4 3 27 13 13 13 13 12 13 13 13 13 13 13 13 13 13 13 13 13 13 14 13 13 12 13 13 13 14 13 13 14 13 13 13 12 13 13 14 13 13 13 13 13 13 13 13 13 13 13 13 13 12 13 13 13 13
2174_0_0 3 6 5 7 6 0 3 1 2 3 3 3 2 3 4 3 27 12 13 13 13 12 13 13 13 13 13 13 14 13 14 13 13 13 13 13 13 13 13 13 13 13 13 13 13 13 13 13 13 13 13 13 13 13 13 13 13 14 13 14 13 13 13 13 13 13 12 13 13 13 12
2175_0_0 4 4 6 5 8 0 2 3 3 3 4 2 2 2 2 4 27 12 13 13 13 13 13 13 13 13 13 13 13 13 13 12 13 13 13 13 13 13 13 13 13 14 13 14 14 13 14 13 13 13 13 13 13 13 13 13 12 13 13 13 13 13 13 13 13 13 13 13 13 13 12
2176_0_0 3 5 5 6 8 1 2 3 4 2 4 2 1 3 2 3 27 12 13 13 13 13 14 13 13 13 13 12 13 13 13 13 13 13 13 13 14 13 13 13 13 13 13 13 13 13 13 13 13 13 13 14 13 13 13 13 13 13 13 13 12 13 13 13 13 14 13 13 13 13 12
2177_0_4 4 4 6 5 8 1 2 2 4 2 5 2 1 3 3 2 27 12 13 12 13 13 13 13 13 13 13 13 13 13 13 13 13 13 14 13 13 13 14 13 13 13 13 13 13 13 13 13 13 14 13 13 13 14 13 13 13 13 13 13 13 13 13 13 13 13 13 13 12 13 12
2177_1_4 4 4 8 5 6 1 2 2 4 2 5 2 1 3 3 2 27 12 13 12 13 13 13 13 13 13 13 13 13 13 13 13 13 13 14 13 13 13 14 13 13 13 13 13 13 13 13 13 13 14 13 13 13 14 13 13 13 13 13 13 13 13 13 13 13 13 13 13 12 13 12
2178_1_0 4 4 8 5 6 0 3 3 2 1 3 2 4 3 3 3 27 12 13 13 13 13 13 13 13 13 13 13 13 13 13 13 14 13 14 13 13 13 13 13 13 13 12 13 13 12 13 13 13 13 13 13 13 14 13 14 13 13 13 13 13 13 13 13 13 13 13 13 13 13 12
2180_0_0 3 5 8 5 6 1 2 4 4 2 2 2 2 3 1 4 27 12 13 13 13 14 13 13 13 13 13 13 12 13 13 13 13 13 13 13 13 13 13 13 13 13 14 13 13 14 13 13 13 13 13 13 13 13 13 13 13 13 13 12 13 13 13 13 13 13 14 13 13 13 12
2181_1_0 4 4 8 5 6 0 2 2 3 3 1 4 3 3 3 3 27 12 13 13 13 13 13 13 13 14 13 13 14 13 13 13 13 13 13 13 13 13 13 13 13 13 12 13 13 12 13 13 13 13 13 13 13 13 13 13 13 13 13 14 13 13 14 13 13 13 13 13 13 13 12
2183_0_0 4 5 4 6 8 0 2 2 3 3 4 2 3 1 4 3 27 12 13 12 13 13 13 13 13 13 13 14 13 13 13 13 14 13 13 13 13 13 13 13 13 13 13 13 13 13 13 13 13 13 13 13 13 13 13 14 13 13 13 13 14 13 13 13 13 13 13 13 12 13 12
2185_0_0 3 6 5 7 6 0 2 2 3 2 3 2 4 2 4 3 27 12 13 13 13 13 13 13 13 14 13 13 13 14 13 13 13 13 13 13 13 13 13 13 13 12 13 13 13 13 12 13 13 13 13 13 13 13 13 13 13 13 14 13 13 13 14 13 13 13 13 13 13 13 12
2186_0_0 4 4 6 5 8 0 3 2 3 4 3 3 1 2 3 3 27 12 13 12 13 13 13 13 13 13 13 13 13 13 13 13 13 14 13 13 13 13 13 14 13 13 13 13 13 13 13 13 14 13 13 13 13 13 14 13 13 13 13 13 13 13 13 13 13 13 13 13 12 13 12
2188_0_0 3 5 5 6 8 1 1 2 3 2 3 4 1 4 3 3 27 12 13 13 13 13 12 13 13 13 14 13 13 13 13 13 13 13 13 13 13 13 13 13 14 13 13 13 13 13 13 14 13 13 13 13 13 13 13 13 13 13 13 13 13 14 13 13 13 12 13 13 13 13 12
2190_0_0 4 4 6 5 8 1 1 3 3 1 4 2 3 3 3 3 27 12 13 13 13 13 13 13 14 13 13 12 13 13 14 13 13 13 13 13 13 13 13 13 13 13 13 13 13 13 13 13 13 13 13 13 13 13 13 13 13 14 13 13 12 13 13 14 13 13 13 13 13 13 12
2192_0_0 3 6 5 7 6 1 2 2 1 3 2 4 2 2 3 5 27 12 13 13 14 13 13 13 13 13 12 13 13 13 13 13 13 13 13 13 13 13 14 13 13 13 13 13 13 13 13 13 13 14 13 13 13 13 13 13 13 13 13 13 13 12 13 13 13 13 13 14 13 13 12
2194_0_0 4 4 6 5 8 0 3 1 2 3 3 3 2 3 4 3 27 12 13 13 13 13 13 13 14 13 13 13 14 13 13 13 13 12 13 13 13 13 13 13 13 13 13 13 13 13 13 13 13 13 13 13 13 13 12 13 13 13 13 14 13 13 13 14 13 13 13 13 13 13 12
2195_0_0 3 5 6 6 7 1 2 2 4 3 3 1 4 3 1 3 27 12 13 13 13 13 13 13 13 13 12 13 13 13 13 13 13 13 13 13 13 13 13 13 14 13 14 13 13 14 13 14 13 13 13 13 13 13 13 13 13 13 13 13 13 12 13 13 13 13 13 13 13 13 12
2196_0_0 3 5 5 6 8 0 2 3 3 2 3 2 4 2 3 3 27 12 13 13 13 14 13 13 13 13 13 12 13 13 14 13 13 13 13 13 13 13 13 13 13 13 13 13 13 13 13 13 13 13 13 13 13 13 13 13 13 14 13 13 12 13 13 13 13 13 14 13 13 13 12
2197_0_0 3 5 8 5 6 1 1 3 3 1 4 2 3 3 3 3 27 12 13 13 13 13 13 13 13 13 13 13 13 13 14 13 13 13 13 13 13 13 12 13 13 14 13 13 13 13 14 13 13 12 13 13 13 13 13 13 13 14 13 13 13 13 13 13 13 13 13 13 13 13 12
2198_1_0 3 8 6 5 5 0 2 3 1 4 3 3 2 3 3 3 27 12 13 13 13 13 12 13 13 13 13 13 13 13 14 13 13 13 13 13 13 13 13 13 13 14 13 13 13 13 14 13 13 13 13 13 13 13 13 13 13 14 13 13 13 13 13 13 13 12 13 13 13 13 12
2200_0_0 3 5 8 5 6 1 1 3 3 1 4 2 3 3 3 3 27 12 13 13 13 13 13 13 13 13 13 13 13 13 13 13 13 13 13 14 13 13 12 13 13 14 13 13 13 13 14 13 13 12 13 13 14 13 13 13 13 13 13 13 13 13 13 13 13 13 13 13 13 13 12
2202_0_0 3 6 5 7 6 1 1 2 4 3 3 2 3 3 1 4 27 12 13 13 13 13 13 13 13 13 12 13 13 13 13 13 13 13 13 13 13 13 13 14 13 13 14 13 13 14 13 13 14 13 13 13 13 13 13 13 13 13 13 13 13 12 13 13 13 13 13 13 13 13 12
2203_1_0 3 8 6 5 5 0 2 3 3 3 4 2 2 2 2 4 27 12 13 13 12 13 13 13 13 13 13 13 13 13 13 13 14 13 13 13 13 13 13 13 13 14 13 13 13 13 14 13 13 13 13 13 13 13 13 14 13 13 13 13 13 13 13 13 13 13 13 12 13 13 12
2205_0_0 3 6 5 7 6 0 2 3 2 3 4 2 2 4 2 3 27 12 13 13 13 13 13 13 14 13 13 13 13 13 13 12 13 13 13 14 13 13 13 13 13 13 13 13 13 13 13 13 13 13 13 13 14 13 13 13 12 13 13 13 13 13 13 14 13 13 13 13 13 13 12
2206_0_0 3 5 5 6 8 0 2 3 4 2 3 2 4 2 2 3 27 12 13 13 13 13 13 13 13 14 13 13 13 13 13 14 13 13 13 12 13 13 13 13 13 13 13 13 13 13 13 13 13 13 13 13 12 13 13 13 14 13 13 13 13 13 14 13 13 13 13 13 13 13 12
2207_0_0 4 4 7 5 7 0 1 3 3 3 3 3 2 3 2 4 27 12 13 13 13 13 13 14 13 13 13 13 14 13 13 13 13 13 13 13 13 13 13 13 13 12 13 13 13 13 12 13 13 13 13 13 13 13 13 13 13 13 13 14 13 13 13 13 14 13 13 13 13 13 12
2207_2_0 4 8 5 5 5 0 1 3 3 3 3 3 2 3 2 4 27 12 13 13 13 13 13 14 13 13 13 13 14 13 13 13 13 13 13 13 13 13 13 13 13 12 13 13 13 13 12 13 13 13 13 13 13 13 13 13 13 13 13 14 13 13 13 13 14 13 13 13 13 13 12
2209_0_0 3 5 5 6 8 0 2 2 3 3 1 3 4 3 2 4 27 12 13 13 13 13 13 13 13 13 13 14 13 13 13 13 13 13 13 13 13 12 13 13 13 14 13 13 13 13 14 13 13 13 12 13 13 13 13 13 13 13 13 13 14 13 13 13 13 13 13 13 13 13 12
2210_0_0 3 5 5 6 8 0 1 3 3 3 2 3 3 3 2 4 27 12 13 13 13 13 13 13 13 13 13 13 13 13 13 14 13 13 13 13 13 14 13 13 12 13 13 13 13 13 13 12 13 13 14 13 13 13 13 13 14 13 13 13 13 13 13 13 13 13 13 13 13 13 12
2212_0_0 3 5 6 6 7 0 2 3 2 3 1 4 3 3 3 3 27 12 13 13 13 13 13 13 13 14 13 13 13 13 13 13 13 13 13 13 12 13 13 13 14 13 13 13 13 13 13 14 13 13 13 12 13 13 13 13 13 13 13 13 13 13 14 13 13 13 13 13 13 13 12
2214_0_0 3 5 8 5 6 1 1 2 4 3 3 2 3 3 1 4 27 12 13 13 13 13 13 13 13 13 13 13 12 13 13 14 13 13 13 13 13 14 13 13 13 13 13 13 13 13 13 13 13 13 14 13 13 13 13 13 14 13 13 12 13 13 13 13 13 13 13 13 13 13 12
2216_0_0 3 5 6 6 7 0 3 3 2 2 1 3 3 3 3 4 27 12 13 13 13 13 14 13 13 13 12 13 13 13 14 13 13 13 13 13 13 13 13 13 13 13 13 13 13 13 13 13 13 13 13 13 13 13 13 13 13 14 13 13 13 12 13 13 13 14 13 13 13 13 12
2217_0_0 3 5 8 5 6 0 3 2 3 4 3 3 1 2 3 3 27 12 13 12 13 13 13 13 13 13 14 13 13 13 13 13 14 13 13 13 13 13 13 13 13 13 13 13 13 13 13 13 13 13 13 13 13 13 13 14 13 13 13 13 13 14 13 13 13 13 13 13 12 13 12
2218_1_0 4 5 5 5 8 0 3 1 2 3 3 3 2 3 4 3 27 12 13 13 13 12 13 13 14 13 13 13 14 13 13 13 13 13 13 13 13 13 13 13 13 13 13 13 13 13 13 13 13 13 13 13 13 13 13 13 13 13 13 14 13 13 13 14 13 13 12 13 13 13 12
2219_0_0 3 5 5 6 8 0 2 3 2 3 1 4 3 3 3 3 27 12 13 13 13 13 13 13 13 14 13 13 13 13 13 14 13 13 13 13 13 13 13 13 13 13 12 13 13 12 13 13 13 13 13 13 13 13 13 13 14 13 13 13 13 13 14 13 13 13 13 13 13 13 12
2220_1_0 4 5 4 8 6 0 2 2 3 3 1 3 4 3 2 4 27 12 13 13 13 13 13 13 13 13 13 14 13 13 13 13 13 13 13 14 13 13 13 12 13 13 13 13 13 13 13 13 12 13 13 13 14 13 13 13 13 13 13 13 14 13 13 13 13 13 13 13 13 13 12
2222_0_0 4 5 4 6 8 0 2 3 2 2 3 2 2 4 3 4 27 12 13 13 14 13 13 13 13 13 13 13 13 12 13 13 14 13 13 13 13 13 13 13 13 13 13 13 13 13 13 13 13 13 13 13 13 13 13 14 13 13 12 13 13 13 13 13 13 13 13 14 13 13 12
2222_1_0 4 5 4 8 6 0 2 3 2 2 3 2 2 4 3 4 27 12 13 13 14 13 13 13 13 13 13 13 13 12 13 13 14 13 13 13 13 13 13 13 13 13 13 13 13 13 13 13 13 13 13 13 13 13 13 14 13 13 12 13 13 13 13 13 13 13 13 14 13 13 12
2223_0_0 4 4 6 5 8 1 2 1 3 3 2 4 2 2 3 4 27 12 13 13 13 13 13 13 13 13 13 12 13 13 13 13 14 13 14 13 13 13 13 13 13 13 13 13 13 13 13 13 13 13 13 13 13 14 13 14 13 13 13 13 12 13 13 13 13 13 13 13 13 13 12
2225_0_0 4 4 7 5 7 1 1 2 4 3 3 2 3 3 1 4 27 12 13 13 13 13 13 13 14 13 13 13 13 13 13 13 13 13 14 13 13 13 13 13 13 12 13 13 13 13 12 13 13 13 13 13 13 14 13 13 13 13 13 13 13 13 13 14 13 13 13 13 13 13 12
2226_1_0 3 6 7 5 6 1 1 2 4 3 3 2 3 3 1 4 27 12 13 13 13 13 13 14 13 13 13 13 13 13 13 13 13 13 13 14 13 13 13 13 13 12 13 13 13 13 12 13 13 13 13 13 14 13 13 13 13 13 13 13 13 13 13 13 14 13 13 13 13 13 12
2228_1_0 3 6 5 8 5 1 1 2 4 1 3 3 2 4 3 3 27 12 13 13 13 13 13 12 13 13 14 13 13 13 13 13 14 13 13 13 13 13 13 13 13 13 13 13 13 13 13 13 13 13 13 13 13 13 13 14 13 13 13 13 13 14 13 13 12 13 13 13 13 13 12
2230_1_0 3 8 6 5 5 1 1 2 4 3 3 2 3 3 1 4 27 12 13 13 13 13 13 13 13 13 14 13 13 13 13 13 13 13 13 13 13 12 13 13 13 13 14 13 13 14 13 13 13 13 12 13 13 13 13 13 13 13 13 13 13 14 13 13 13 13 13 13 13 13 12
2231_1_2 3 6 7 5 6 1 2 2 2 2 4 3 4 1 2 4 27 12 13 14 13 13 13 13 13 13 13 13 13 13 13 12 13 13 13 14 13 13 13 13 13 13 13 13 13 13 13 13 13 13 13 13 14 13 13 13 12 13 13 13 13 13 13 13 13 13 13 13 14 13 12
2233_1_0 3 7 6 6 5 1 2 4 4 2 2 2 2 3 1 4 27 12 13 13 14 13 13 13 13 13 12 13 13 13 13 13 14 13 13 13 13 13 13 13 13 13 13 13 13 13 13 13 13 13 13 13 13 13 13 14 13 13 13 13 13 12 13 13 13 13 13 14 13 13 12
2235_0_2 3 5 5 6 8 1 2 2 2 2 4 3 4 1 2 4 27 12 13 13 12 13 13 13 13 13 13 13 13 13 13 13 13 13 13 14 13 13 13 13 13 14 13 13 13 13 14 13 13 13 13 13 14 13 13 13 13 13 13 13 13 13 13 13 13 13 13 12 13 13 12
2236_1_0 3 7 5 7 5 0 2 3 2 3 1 4 3 3 3 3 27 12 13 13 12 13 13 13 13 13 13 13 13 14 13 13 13 13 14 13 13 13 13 13 13 13 13 13 13 13 13 13 13 13 13 13 13 14 13 13 13 13 14 13 13 13 13 13 13 13 13 12 13 13 12
2238_0_2 3 5 5 6 8 1 3 2 2 2 3 1 3 2 5 3 27 12 13 13 13 13 13 13 13 13 13 13 13 14 13 14 13 13 13 13 13 13 13 12 13 13 13 13 13 13 13 13 12 13 13 13 13 13 13 13 14 13 14 13 13 13 13 13 13 13 13 13 13 13 12
2239_0_2 3 6 5 7 6 0 3 2 4 3 3 3 2 1 3 3 27 12 13 13 13 12 13 13 13 13 13 13 13 14 13 13 13 13 13 14 13 13 13 13 13 13 13 13 13 13 13 13 13 13 13 13 14 13 13 13 13 13 14 13 13 13 13 13 13 13 12 13 13 13 12
2239_1_2 3 6 7 5 6 0 3 2 4 3 3 3 2 1 3 3 27 12 13 13 13 12 13 13 13 13 13 13 13 14 13 13 13 13 13 14 13 13 13 13 13 13 13 13 13 13 13 13 13 13 13 13 14 13 13 13 13 13 14 13 13 13 13 13 13 13 12 13 13 13 12
2240_1_0 4 4 8 5 6 0 2 4 3 2 3 3 3 3 1 3 27 12 13 13 12 13 13 13 13 13 13 13 14 13 14 13 13 13 13 13 13 13 13 13 13 13 13 13 13 13 13 13 13 13 13 13 13 13 13 13 13 14 13 14 13 13 13 13 13 13 13 12 13 13 12
2242_0_2 3 6 5 7 6 1 2 1 3 2 3 3 3 1 5 3 27 12 13 13 13 13 13 13 13 13 12 13 13 13 14 13 13 13 13 13 13 13 14 13 13 13 13 13 13 13 13 13 13 14 13 13 13 13 13 13 13 14 13 13 13 12 13 13 13 13 13 13 13 13 12
2243_1_0 3 8 6 5 5 1 2 1 3 3 2 4 2 2 3 4 27 12 13 13 13 14 13 13 13 13 13 12 13 13 13 13 13 13 13 13 13 13 13 13 13 13 14 13 13 14 13 13 13 13 13 13 13 13 13 13 13 13 13 13 12 13 13 13 13 13 14 13 13 13 12
2245_0_2 3 5 5 6 8 1 2 3 1 3 1 3 2 3 4 4 27 12 13 13 13 13 12 13 13 13 13 13 13 13 13 13 13 13 13 13 14 13 13 13 14 13 13 13 13 13 13 14 13 13 13 14 13 13 13 13 13 13 13 13 13 13 13 13 13 12 13 13 13 13 12
2246_1_0 4 5 4 8 6 1 2 1 3 3 2 4 2 2 3 4 27 12 13 13 14 13 14 13 13 13 13 13 13 13 13 13 13 13 13 13 13 13 12 13 13 13 13 13 13 13 13 13 13 12 13 13 13 13 13 13 13 13 13 13 13 13 13 13 13 14 13 14 13 13 12
2248_1_0 4 4 8 5 6 1 2 2 3 2 2 2 5 2 3 3 27 12 13 13 13 13 13 13 14 13 13 13 13 14 13 13 13 13 13 13 13 13 12 13 13 13 13 13 13 13 13 13 13 12 13 13 13 13 13 13 13 13 14 13 13 13 13 14 13 13 13 13 13 13 12
2250_0_2 4 4 6 5 8 0 3 2 4 3 3 3 2 1 3 3 27 12 13 13 13 13 13 13 14 13 13 13 13 14 13 13 13 12 13 13 13 13 13 13 13 13 13 13 13 13 13 13 13 13 13 13 13 13 12 13 13 13 14 13 13 13 13 14 13 13 13 13 13 13 12
2250_1_2 4 4 8 5 6 0 3 2 4 3 3 3 2 1 3 3 27 12 13 13 13 13 13 13 14 13 13 13 13 14 13 13 13 12 13 13 13 13 13 13 13 13 13 13 13 13 13 13 13 13 13 13 13 13 12 13 13 13 14 13 13 13 13 14 13 13 13 13 13 13 12
2251_0_2 4 4 6 5 8 0 3 3 3 3 4 1 2 2 3 3 27 12 13 13 13 13 13 13 13 13 13 13 13 13 13 13 14 13 14 13 13 13 13 13 12 13 13 13 13 13 13 12 13 13 13 13 13 14 13 14 13 13 13 13 13 13 13 13 13 13 13 13 13 13 12
2251_1_2 4 4 8 5 6 0 3 3 3 3 4 1 2 2 3 3 27 12 13 13 13 13 13 13 13 13 13 13 13 13 13 13 14 13 14 13 13 13 13 13 12 13 13 13 13 13 13 12 13 13 13 13 13 14 13 14 13 13 13 13 13 13 13 13 13 13 13 13 13 13 12
2252_1_0 4 5 4 8 6 1 2 2 3 1 4 2 2 5 3 2 27 12 13 13 13 13 13 12 13 13 13 14 13 13 13 13 13 13 13 14 13 13 13 13 13 13 13 13 13 13 13 13 13 13 13 13 14 13 13 13 13 13 13 13 14 13 13 13 12 13 13 13 13 13 12
2253_1_2 3 7 6 6 5 1 2 3 4 3 3 1 3 1 2 4 27 12 13 13 13 13 14 13 13 13 13 13 13 13 13 12 13 13 13 14 13 13 13 13 13 13 13 13 13 13 13 13 13 13 13 13 14 13 13 13 12 13 13 13 13 13 13 13 13 14 13 13 13 13 12
2254_1_2 3 8 6 5 5 1 2 2 3 5 2 2 3 3 1 3 27 12 13 13 13 13 12 13 13 13 13 13 13 13 13 13 13 13 13 13 13 14 13 13 13 14 13 13 13 13 14 13 13 13 14 13 13 13 13 13 13 13 13 13 13 13 13 13 13 12 13 13 13 13 12
2255_1_2 4 4 8 5 6 1 2 3 4 3 3 1 3 1 2 4 27 12 13 13 13 13 14 13 14 13 13 13 13 13 13 13 13 13 13 13 13 13 13 13 13 13 12 13 13 12 13 13 13 13 13 13 13 13 13 13 13 13 13 13 13 13 13 14 13 14 13 13 13 13 12
2257_1_0 3 7 6 6 5 1 1 3 2 2 3 2 4 2 4 3 27 13 13 13 13 12 13 13 13 13 13 13 13 14 13 13 13 13 13 14 13 13 12 13 13 13 13 13 13 13 13 13 13 12 13 13 14 13 13 13 13 13 14 13 13 13 13 13 13 13 12 13 13 13 13
2259_0_2 4 4 6 5 8 1 2 1 3 4 2 3 3 2 2 4 27 12 13 13 13 13 14 13 14 13 13 12 13 13 13 13 13 13 13 13 13 13 13 13 13 13 13 13 13 13 13 13 13 13 13 13 13 13 13 13 13 13 13 13 12 13 13 14 13 14 13 13 13 13 12
2260_1_0 3 7 6 6 5 1 2 2 3 3 4 2 1 5 2 2 27 12 13 13 13 13 13 13 13 13 13 14 13 13 13 13 13 13 13 13 12 13 13 13 13 13 14 13 13 14 13 13 13 13 13 12 13 13 13 13 13 13 13 13 14 13 13 13 13 13 13 13 13 13 12
2262_1_0 4 5 4 8 6 1 2 2 3 2 2 2 5 2 3 3 27 12 13 13 13 13 13 13 13 14 13 13 13 13 14 13 13 13 13 13 13 13 12 13 13 13 13 13 13 13 13 13 13 12 13 13 13 13 13 13 13 14 13 13 13 13 14 13 13 13 13 13 13 13 12
2264_1_0 4 5 5 5 8 1 1 2 4 3 3 2 3 3 1 4 27 12 13 13 13 13 13 14 13 13 13 13 13 13 13 12 13 13 14 13 13 13 13 13 13 13 13 13 13 13 13 13 13 13 13 13 13 14 13 13 12 13 13 13 13 13 13 13 14 13 13 13 13 13 12
2266_0_0 3 6 5 7 6 0 3 3 2 1 3 2 4 3 3 3 27 12 13 13 13 13 13 13 13 13 13 13 13 13 13 13 13 14 13 13 12 13 13 13 14 13 13 13 13 13 13 14 13 13 13 12 13 13 14 13 13 13 13 13 13 13 13 13 13 13 13 13 13 13 12
2267_0_0 4 5 4 6 8 1 2 1 3 3 2 4 2 2 3 4 27 12 13 13 14 13 13 13 13 13 13 13 13 13 13 13 14 13 13 13 13 13 12 13 13 13 13 13 13 13 13 13 13 12 13 13 13 13 13 14 13 13 13 13 13 13 13 13 13 13 13 14 13 13 12
2268_1_0 4 4 8 5 6 1 2 2 3 4 2 4 2 1 2 4 27 12 13 13 13 13 13 13 13 13 13 13 13 13 14 13 13 13 14 13 13 13 13 13 12 13 13 13 13 13 13 12 13 13 13 13 13 14 13 13 13 14 13 13 13 13 13 13 13 13 13 13 13 13 12
2270_0_0 4 4 7 5 7 0 2 3 2 3 1 4 3 3 3 3 27 12 13 13 13 13 13 13 14 13 13 13 13 14 13 13 13 13 13 13 13 13 13 13 13 12 13 13 13 13 12 13 13 13 13 13 13 13 13 13 13 13 14 13 13 13 13 14 13 13 13 13 13 13 12
2271_1_0 3 7 6 6 5 1 1 2 3 2 3 4 1 4 3 3 27 12 13 13 13 12 13 13 13 13 13 13 13 13 13 13 13 13 13 13 13 14 13 13 14 13 13 13 13 13 13 14 13 13 14 13 13 13 13 13 13 13 13 13 13 13 13 13 13 13 12 13 13 13 12
2273_0_2 3 6 5 7 6 1 2 1 3 3 3 3 4 1 2 4 27 12 13 13 13 12 13 13 14 13 13 13 13 13 14 13 13 13 13 13 13 13 13 13 13 13 13 13 13 13 13 13 13 13 13 13 13 13 13 13 13 14 13 13 13 13 13 14 13 13 12 13 13 13 12
2274_1_0 4 4 8 5 6 1 2 2 3 1 4 2 2 5 3 2 27 12 13 13 12 13 13 13 13 13 13 13 13 13 13 13 13 13 13 14 13 13 14 13 13 13 13 13 13 13 13 13 13 14 13 13 14 13 13 13 13 13 13 13 13 13 13 13 13 13 13 12 13 13 12
2276_1_0 3 8 6 5 5 0 2 3 2 3 1 4 3 3 3 3 27 12 13 13 13 14 13 13 13 13 13 13 13 14 13 13 13 12 13 13 13 13 13 13 13 13 13 13 13 13 13 13 13 13 13 13 13 13 12 13 13 13 14 13 13 13 13 13 13 13 14 13 13 13 12
2278_0_2 3 5 8 5 6 1 2 2 2 2 4 3 4 1 2 4 27 12 13 13 13 13 13 12 13 13 13 13 13 13 13 13 13 13 13 14 13 13 13 13 13 14 13 13 13 13 14 13 13 13 13 13 14 13 13 13 13 13 13 13 13 13 13 13 12 13 13 13 13 13 12
2279_1_0 4 5 5 5 8 1 2 2 2 2 3 2 3 2 5 3 27 13 13 13 13 12 13 13 13 13 13 12 14 13 13 13 13 13 14 13 13 13 13 13 13 13 13 13 13 13 13 13 13 13 13 13 13 14 13 13 13 13 13 14 12 13 13 13 13 13 12 13 13 13 13
2281_0_0 3 5 8 5 6 0 3 3 2 2 1 3 3 3 3 4 27 12 13 13 13 14 13 13 13 13 13 13 13 13 13 13 13 13 13 14 13 13 13 12 13 13 13 13 13 13 13 13 12 13 13 13 14 13 13 13 13 13 13 13 13 13 13 13 13 13 14 13 13 13 12
2282_0_0 3 6 5 7 6 1 1 2 3 2 2 2 3 4 2 5 27 12 13 13 13 13 13 13 13 14 13 13 13 13 13 13 13 13 13 13 13 13 14 13 13 12 13 13 13 13 12 13 13 14 13 13 13 13 13 13 13 13 13 13 13 13 14 13 13 13 13 13 13 13 12
2284_0_0 3 5 5 6 8 0 2 3 2 3 1 4 3 3 3 3 27 12 13 13 12 13 13 13 13 13 13 13 13 13 13 13 13 13 13 13 14 13 13 13 13 13 14 13 13 14 13 13 13 13 13 14 13 13 13 13 13 13 13 13 13 13 13 13 13 13 13 12 13 13 12
2285_1_0 3 6 7 5 6 0 3 1 2 3 3 3 2 3 4 3 27 12 13 13 13 12 13 13 13 13 13 13 13 13 13 13 13 13 13 14 13 13 13 14 13 13 13 13 13 13 13 13 14 13 13 13 14 13 13 13 13 13 13 13 13 13 13 13 13 13 12 13 13 13 12
2287_0_0 4 4 6 5 8 0 3 3 2 1 3 2 4 3 3 3 27 12 13 13 13 14 13 14 13 13 13 13 13 13 13 12 13 13 13 13 13 13 13 13 13 13 13 13 13 13 13 13 13 13 13 13 13 13 13 13 12 13 13 13 13 13 13 13 14 13 14 13 13 13 12
2288_0_0 4 4 6 5 8 1 2 2 4 4 3 1 3 3 1 3 27 12 13 13 13 13 13 13 13 13 14 13 14 13 13 13 13 13 13 13 13 13 13 13 13 12 13 13 13 13 12 13 13 13 13 13 13 13 13 13 13 13 13 14 13 14 13 13 13 13 13 13 13 13 12
2290_0_0 3 5 5 6 8 1 2 2 3 4 3 1 3 4 1 3 27 12 12 14 13 14 13 13 13 13 13 13 13 13 13 13 13 13 13 13 13 13 13 13 13 13 13 13 13 13 13 13 13 13 13 13 13 13 13 13 13 13 13 13 13 13 13 13 13 13 14 13 14 12 12
2292_0_0 4 4 6 5 8 1 1 2 4 3 3 2 3 3 1 4 27 12 13 13 12 13 13 13 13 13 13 13 13 13 13 13 13 13 14 13 13 13 13 13 13 13 14 13 13 14 13 13 13 13 13 13 13 14 13 13 13 13 13 13 13 13 13 13 13 13 13 12 13 13 12
2293_1_0 3 6 5 8 5 0 2 3 1 4 3 3 2 3 3 3 27 12 13 13 13 13 13 13 13 13 13 13 13 13 14 13 13 12 13 13 13 13 13 13 13 14 13 13 13 13 14 13 13 13 13 13 13 13 12 13 13 14 13 13 13 13 13 13 13 13 13 13 13 13 12
2294_1_0 4 4 8 5 6 0 2 3 3 3 4 2 2 2 2 4 27 12 13 13 12 13 13 13 13 13 13 13 13 13 14 13 13 14 13 13 13 13 13 13 13 13 13 13 13 13 13 13 13 13 13 13 13 13 14 13 13 14 13 13 13 13 13 13 13 13 13 12 13 13 12
2295_2_0 4 8 5 5 5 0 1 3 3 3 2 3 3 3 2 4 27 12 13 13 13 13 13 14 13 13 13 13 14 13 13 13 13 13 13 13 12 13 13 13 13 13 13 13 13 13 13 13 13 13 13 12 13 13 13 13 13 13 13 14 13 13 13 13 14 13 13 13 13 13 12
2297_1_0 3 8 6 5 5 1 2 4 4 2 2 2 2 3 1 4 27 12 13 13 13 14 13 13 13 13 13 13 12 13 13 13 13 13 14 13 13 13 13 13 13 13 13 13 13 13 13 13 13 13 13 13 13 14 13 13 13 13 13 12 13 13 13 13 13 13 14 13 13 13 12
2299_1_0 3 7 5 7 5 1 1 2 3 2 2 2 3 4 2 5 27 12 13 13 13 13 13 13 13 13 13 13 13 14 13 13 13 13 13 12 13 13 14 13 13 13 13 13 13 13 13 13 13 14 13 13 12 13 13 13 13 13 14 13 13 13 13 13 13 13 13 13 13 13 12
2300_1_2 3 7 5 7 5 1 2 2 3 2 3 3 1 5 3 2 27 12 13 13 13 13 13 13 13 13 13 13 13 14 13 13 13 14 13 13 13 13 13 13 12 13 13 13 13 13 13 12 13 13 13 13 13 13 14 13 13 13 14 13 13 13 13 13 13 13 13 13 13 13 12
2302_0_2 4 4 6 5 8 1 2 2 3 2 3 3 1 5 3 2 27 12 13 13 13 13 13 13 13 13 13 13 13 14 13 13 14 13 13 13 13 13 13 13 12 13 13 13 13 13 13 12 13 13 13 13 13 13 13 14 13 13 14 13 13 13 13 13 13 13 13 13 13 13 12
2303_0_2 4 5 4 6 8 1 2 1 3 4 2 3 3 2 2 4 27 12 13 13 13 13 13 13 13 13 13 13 13 13 14 13 14 13 13 13 13 13 12 13 13 13 13 13 13 13 13 13 13 12 13 13 13 13 13 14 13 14 13 13 13 13 13 13 13 13 13 13 13 13 12
2304_0_2 4 4 7 5 7 1 2 1 4 2 4 4 1 2 3 3 27 12 13 13 13 13 13 14 13 13 13 13 13 13 13 13 13 13 13 13 13 13 14 13 13 12 13 13 13 13 12 13 13 14 13 13 13 13 13 13 13 13 13 13 13 13 13 13 14 13 13 13 13 13 12
2304_1_2 4 5 5 5 8 1 2 1 4 2 4 4 1 2 3 3 27 12 13 13 13 13 13 14 13 13 13 13 13 13 13 13 13 13 13 13 13 13 14 13 13 12 13 13 13 13 12 13 13 14 13 13 13 13 13 13 13 13 13 13 13 13 13 13 14 13 13 13 13 13 12
2304_2_2 4 8 5 5 5 1 2 1 4 2 4 4 1 2 3 3 27 12 13 13 13 13 13 14 13 13 13 13 13 13 13 13 13 13 13 13 13 13 14 13 13 12 13 13 13 13 12 13 13 14 13 13 13 13 13 13 13 13 13 13 13 13 13 13 14 13 13 13 13 13 12
2305_1_0 4 4 8 5 6 1 1 2 4 1 3 3 2 4 3 3 27 12 13 13 13 13 13 12 13 13 13 13 13 13 13 13 13 14 13 13 13 13 13 14 13 13 13 13 13 13 13 13 14 13 13 13 13 13 14 13 13 13 13 13 13 13 13 13 12 13 13 13 13 13 12
2306_1_2 4 4 8 5 6 1 2 1 2 4 2 2 3 4 2 4 27 12 13 13 13 13 13 13 13 13 13 13 13 14 13 13 13 13 13 12 13 13 13 13 14 13 13 13 13 13 13 14 13 13 13 13 12 13 13 13 13 13 14 13 13 13 13 13 13 13 13 13 13 13 12
2308_1_0 3 8 6 5 5 1 2 1 3 3 2 4 2 2 3 4 27 12 13 13 13 14 13 13 13 13 13 13 13 13 13 13 13 13 14 13 13 13 12 13 13 13 13 13 13 13 13 13 13 12 13 13 13 14 13 13 13 13 13 13 13 13 13 13 13 13 14 13 13 13 12
2310_0_0 4 5 4 6 8 0 2 3 4 2 3 2 4 2 2 3 27 12 13 13 13 13 13 13 12 13 13 13 13 13 13 13 13 13 13 13 13 13 13 13 14 13 14 13 13 14 13 14 13 13 13 13 13 13 13 13 13 13 13 13 13 13 13 12 13 13 13 13 13 13 12
2311_0_0 3 6 5 7 6 0 3 2 3 4 3 3 1 2 3 3 27 12 13 13 13 13 13 13 13 13 13 13 14 13 13 13 14 13 13 13 13 13 13 13 13 12 13 13 13 13 12 13 13 13 13 13 13 13 13 14 13 13 13 14 13 13 13 13 13 13 13 13 13 13 12
2313_0_0 4 4 6 5 8 0 1 4 2 3 3 3 2 4 2 3 27 12 13 13 12 13 13 13 13 13 13 13 13 13 13 13 13 13 13 13 13 13 14 13 14 13 13 13 13 13 13 14 13 14 13 13 13 13 13 13 13 13 13 13 13 13 13 13 13 13 13 12 13 13 12
2314_1_0 3 6 7 5 6 1 2 2 4 3 3 1 4 3 1 3 27 12 13 13 14 13 13 13 13 13 12 13 13 14 13 13 13 13 13 13 13 13 13 13 13 13 13 13 13 13 13 13 13 13 13 13 13 13 13 13 13 13 14 13 13 12 13 13 13 13 13 14 13 13 12
