0_0_1 2 6 6 6 6 0 2 4 2 4 2 3 2 2 3 2 26 12 12 12 12 12 12 12 12 12 12 12 12 12 12 12 12 12 12 12 12 12 12 12 12 13 12 12 12 12 13 12 12 12 12 12 12 12 12 12 12 12 12 12 12 12 12 12 12 12 12 12 12 12 12
2_1_1 4 4 8 5 6 0 3 3 3 3 4 1 3 2 3 2 27 12 14 13 13 13 13 13 13 13 13 13 13 13 13 13 13 13 13 13 13 13 13 13 13 13 13 13 13 13 13 13 13 13 13 13 13 13 13 13 13 13 13 13 13 13 13 13 13 13 13 13 13 14 12
4_1_1 4 4 8 5 6 1 1 3 3 5 1 3 3 2 2 3 27 12 13 13 13 13 13 13 13 13 13 13 13 13 13 13 13 13 13 13 13 13 14 13 13 13 13 13 13 13 13 13 13 14 13 13 13 13 13 13 13 13 13 13 13 13 13 13 13 13 13 13 13 13 12
6_0_3 3 5 5 6 8 1 2 3 5 1 3 3 2 3 2 2 27 12 13 13 13 14 13 13 13 13 13 13 13 13 13 13 13 13 13 13 13 13 13 13 13 13 13 13 13 13 13 13 13 13 13 13 13 13 13 13 13 13 13 13 13 13 13 13 13 13 14 13 13 13 12
7_1_1 3 6 7 5 6 0 3 3 4 3 3 2 2 1 3 3 27 13 13 13 13 12 13 13 13 13 13 13 13 13 13 13 13 13 13 13 13 13 13 14 13 13 13 13 13 13 13 13 14 13 13 13 13 13 13 13 13 13 13 13 13 13 13 13 13 13 12 13 13 13 13
8_1_3 4 4 8 5 6 1 2 3 5 1 3 3 2 3 2 2 27 12 13 13 13 13 13 13 13 13 13 13 13 13 13 13 13 14 13 13 13 13 13 13 13 13 13 13 13 13 13 13 13 13 13 13 13 13 14 13 13 13 13 13 13 13 13 13 13 13 13 13 13 13 12
10_0_3 3 5 6 6 7 1 3 1 3 3 2 2 5 3 2 2 27 13 13 13 13 12 13 13 13 13 13 13 13 13 13 13 13 13 13 14 13 13 13 13 13 13 13 13 13 13 13 13 13 13 13 13 14 13 13 13 13 13 13 13 13 13 13 13 13 13 12 13 13 13 13
11_1_1 3 8 6 5 5 0 3 3 3 3 4 1 3 2 3 2 27 12 13 13 13 13 13 13 13 13 13 13 13 13 13 13 13 13 13 13 14 13 13 13 13 13 13 13 13 13 13 13 13 13 13 14 13 13 13 13 13 13 13 13 13 13 13 13 13 13 13 13 13 13 12
13_1_1 3 8 6 5 5 1 1 4 1 3 3 2 3 3 4 2 27 12 13 13 13 13 13 13 13 13 13 13 13 13 13 14 13 13 13 13 13 13 13 13 13 13 13 13 13 13 13 13 13 13 13 13 13 13 13 13 14 13 13 13 13 13 13 13 13 13 13 13 13 13 12
15_0_3 3 5 5 6 8 1 2 3 2 2 2 2 2 3 3 5 27 13 13 13 13 13 13 13 13 13 13 12 13 13 13 13 13 13 13 13 13 13 13 13 13 14 13 13 13 13 14 13 13 13 13 13 13 13 13 13 13 13 13 13 12 13 13 13 13 13 13 13 13 13 13
15_1_5 3 8 6 5 5 1 5 3 3 2 2 2 2 2 3 2 27 13 13 13 13 13 13 13 13 13 13 12 13 13 13 13 13 13 13 13 13 13 13 13 13 14 13 13 13 13 14 13 13 13 13 13 13 13 13 13 13 13 13 13 12 13 13 13 13 13 13 13 13 13 13
16_1_1 4 4 8 5 6 1 2 3 1 4 2 2 3 4 3 2 27 13 13 13 13 13 13 13 13 13 13 12 13 13 13 13 13 13 13 13 13 13 13 13 13 13 13 14 14 13 13 13 13 13 13 13 13 13 13 13 13 13 13 13 12 13 13 13 13 13 13 13 13 13 13
17_0_3 4 4 6 5 8 1 2 3 5 1 3 3 2 3 2 2 27 12 13 13 13 13 13 13 13 13 13 13 13 13 13 13 13 13 13 13 13 13 13 13 13 13 13 14 14 13 13 13 13 13 13 13 13 13 13 13 13 13 13 13 13 13 13 13 13 13 13 13 13 13 12
18_0_3 2 6 6 6 6 1 2 2 3 3 5 1 2 3 2 2 26 12 12 12 12 11 12 12 12 12 13 12 12 12 12 12 12 12 12 12 13 12 12 12 12 12 12 12 12 12 12 12 12 12 12 13 12 12 12 12 12 12 12 12 12 13 12 12 12 12 11 12 12 12 12
20_1_1 3 5 7 5 6 0 4 1 2 2 2 2 3 4 4 2 26 12 12 12 12 11 12 12 12 12 12 13 12 12 12 12 12 12 12 12 12 12 13 12 12 12 12 12 12 12 12 12 12 13 12 12 12 12 12 12 12 12 12 12 13 12 12 12 12 12 11 12 12 12 12
21_0_3 4 5 4 5 8 1 1 5 2 3 2 3 3 2 2 2 26 11 13 12 13 12 12 12 12 12 12 12 12 12 12 12 12 12 12 12 12 12 12 12 12 12 12 12 12 12 12 12 12 12 12 12 12 12 12 12 12 12 12 12 12 12 12 12 12 12 12 13 12 13 11
22_0_3 3 5 5 6 7 1 2 2 3 3 5 1 2 3 2 2 26 12 12 12 12 11 12 12 12 12 12 12 12 13 12 12 12 12 12 12 12 13 12 12 12 12 12 12 12 12 12 12 12 12 13 12 12 12 12 12 12 12 13 12 12 12 12 12 12 12 11 12 12 12 12
22_2_3 3 6 5 7 5 1 2 2 3 3 5 1 2 3 2 2 26 12 12 12 12 11 12 12 12 12 12 12 12 13 12 12 12 12 12 12 12 13 12 12 12 12 12 12 12 12 12 12 12 12 13 12 12 12 12 12 12 12 13 12 12 12 12 12 12 12 11 12 12 12 12
23_1_1 3 7 5 7 4 1 2 1 4 1 2 3 2 3 4 3 26 11 13 12 12 13 12 12 12 12 12 12 12 12 12 12 12 12 12 12 12 12 12 12 12 12 12 12 12 12 12 12 12 12 12 12 12 12 12 12 12 12 12 12 12 12 12 12 12 12 13 12 12 13 11
24_1_3 4 5 4 8 5 1 1 5 2 3 2 3 3 2 2 2 26 11 13 12 12 12 12 12 12 12 12 12 12 12 12 12 12 12 12 12 12 12 12 12 12 12 13 12 12 13 12 12 12 12 12 12 12 12 12 12 12 12 12 12 12 12 12 12 12 12 12 12 12 13 11
26_0_3 4 5 4 5 8 1 1 5 2 3 2 3 3 2 2 2 26 11 12 12 12 12 12 12 12 13 12 12 12 12 12 12 12 12 13 12 12 12 12 12 12 12 12 12 12 12 12 12 12 12 12 12 12 13 12 12 12 12 12 12 12 12 13 12 12 12 12 12 12 12 11
27_1_1 3 5 7 5 6 0 3 3 2 2 3 4 3 2 1 3 26 12 12 12 12 11 12 12 12 12 12 12 12 13 12 12 12 12 12 12 12 12 12 12 12 12 13 12 12 13 12 12 12 12 12 12 12 12 12 12 12 12 13 12 12 12 12 12 12 12 11 12 12 12 12
28_1_1 4 5 4 8 5 0 4 3 3 3 2 2 1 2 3 3 26 11 12 12 13 12 12 12 13 12 12 12 12 12 12 12 12 12 12 12 12 12 12 12 12 12 12 12 12 12 12 12 12 12 12 12 12 12 12 12 12 12 12 12 12 12 12 13 12 12 12 13 12 12 11
29_3_1 3 7 6 5 5 0 2 4 2 4 2 3 2 2 3 2 26 12 12 12 12 11 12 12 12 12 12 12 12 12 12 12 12 13 12 13 12 12 12 12 12 12 12 12 12 12 12 12 12 12 12 12 13 12 13 12 12 12 12 12 12 12 12 12 12 12 11 12 12 12 12
31_1_1 4 4 8 5 5 0 3 3 3 3 4 1 2 3 2 2 26 12 12 12 12 11 12 12 12 12 13 12 12 12 12 12 12 12 12 12 12 12 12 12 12 12 13 12 12 13 12 12 12 12 12 12 12 12 12 12 12 12 12 12 12 13 12 12 12 12 11 12 12 12 12
33_1_1 4 5 4 8 5 0 2 3 3 2 4 2 2 4 2 2 26 12 12 12 12 11 12 12 12 12 13 12 12 12 12 12 12 12 12 12 12 12 12 12 12 12 12 13 13 12 12 12 12 12 12 12 12 12 12 12 12 12 12 12 12 13 12 12 12 12 11 12 12 12 12
35_1_1 3 5 7 5 6 0 2 3 3 2 4 2 2 4 2 2 26 12 12 12 12 11 12 12 12 12 12 12 12 12 12 12 12 13 12 12 12 13 12 12 12 12 12 12 12 12 12 12 12 12 13 12 12 12 13 12 12 12 12 12 12 12 12 12 12 12 11 12 12 12 12
36_1_1 4 5 4 8 5 0 4 2 2 2 3 4 3 2 2 2 26 11 13 12 12 12 12 12 12 12 12 12 12 12 12 12 12 12 12 12 12 13 12 12 12 12 12 12 12 12 12 12 12 12 13 12 12 12 12 12 12 12 12 12 12 12 12 12 12 12 12 12 12 13 11
38_1_1 2 6 7 5 6 0 3 2 2 4 2 2 3 4 2 2 26 11 12 12 12 13 12 12 12 12 13 12 12 12 12 12 12 12 12 12 12 12 12 12 12 12 12 12 12 12 12 12 12 12 12 12 12 12 12 12 12 12 12 12 12 13 12 12 12 12 13 12 12 12 11
39_1_1 4 5 4 8 5 0 4 2 2 2 3 4 3 2 2 2 26 11 12 12 12 12 12 12 12 13 12 12 12 12 12 12 12 12 12 12 12 12 12 13 12 12 12 12 12 12 12 12 13 12 12 12 12 12 12 12 12 12 12 12 12 12 13 12 12 12 12 12 12 12 11
41_0_3 4 4 5 5 8 1 2 2 3 3 5 1 2 3 2 2 26 12 12 12 12 11 12 12 12 12 13 12 12 12 12 12 12 12 12 12 12 12 12 12 13 12 12 12 12 12 12 13 12 12 12 12 12 12 12 12 12 12 12 12 12 13 12 12 12 12 11 12 12 12 12
42_1_1 2 6 7 5 6 0 4 2 2 2 3 4 3 2 2 2 26 11 12 12 12 12 12 12 12 12 13 12 12 12 12 12 12 12 12 12 13 12 12 12 12 12 12 12 12 12 12 12 12 12 12 13 12 12 12 12 12 12 12 12 12 13 12 12 12 12 12 12 12 12 11
43_0_3 3 4 7 5 7 1 1 5 2 3 2 3 3 2 2 2 26 11 13 12 12 12 12 12 12 12 12 12 12 12 12 13 12 12 12 12 12 12 12 12 12 12 12 12 12 12 12 12 12 12 12 12 12 12 12 12 13 12 12 12 12 12 12 12 12 12 12 12 12 13 11
44_1_1 2 6 7 5 6 0 4 3 3 3 2 2 1 2 3 3 26 11 12 12 12 12 12 12 12 12 12 12 12 12 12 13 12 12 12 12 12 12 12 12 12 13 12 12 12 12 13 12 12 12 12 12 12 12 12 12 13 12 12 12 12 12 12 12 12 12 12 12 12 12 11
45_0_3 4 5 4 5 8 1 1 5 2 3 2 3 3 2 2 2 26 11 12 12 12 12 12 13 12 12 12 12 12 12 12 12 12 12 12 12 12 12 12 12 13 12 12 12 12 12 12 13 12 12 12 12 12 12 12 12 12 12 12 12 12 12 12 12 13 12 12 12 12 12 11
46_1_1 4 5 4 8 5 1 2 1 4 1 2 3 2 3 4 3 26 11 13 12 12 12 12 12 12 12 12 12 12 12 12 12 13 12 12 12 12 12 12 12 12 12 12 12 12 12 12 12 12 12 12 12 12 12 12 13 12 12 12 12 12 12 12 12 12 12 12 12 12 13 11
47_1_3 2 6 7 5 6 1 1 5 2 3 2 3 3 2 2 2 26 11 12 12 12 12 12 12 12 12 12 12 12 12 12 13 12 12 12 12 13 12 12 12 12 12 12 12 12 12 12 12 12 12 12 13 12 12 12 12 13 12 12 12 12 12 12 12 12 12 12 12 12 12 11
47_3_3 3 8 6 4 5 1 1 5 2 3 2 3 3 2 2 2 26 11 12 12 12 12 12 12 12 12 12 12 12 12 12 13 12 12 12 12 13 12 12 12 12 12 12 12 12 12 12 12 12 12 12 13 12 12 12 12 13 12 12 12 12 12 12 12 12 12 12 12 12 12 11
49_1_1 4 5 4 8 5 0 4 3 3 3 2 2 1 2 3 3 26 11 12 12 12 12 12 13 12 12 12 12 12 12 13 12 12 12 12 12 12 12 12 12 12 12 12 12 12 12 12 12 12 12 12 12 12 12 12 12 12 13 12 12 12 12 12 12 13 12 12 12 12 12 11
51_1_1 4 5 4 8 5 0 4 2 3 2 3 3 3 2 3 1 26 11 13 12 12 12 12 12 12 12 12 12 12 12 13 12 12 12 12 12 12 12 12 12 12 12 12 12 12 12 12 12 12 12 12 12 12 12 12 12 12 13 12 12 12 12 12 12 12 12 12 12 12 13 11
52_1_3 4 5 4 8 5 1 1 5 2 3 2 3 3 2 2 2 26 11 12 12 12 12 12 12 12 12 12 12 12 13 12 12 12 12 12 12 12 12 12 12 12 12 13 12 12 13 12 12 12 12 12 12 12 12 12 12 12 12 13 12 12 12 12 12 12 12 12 12 12 12 11
54_1_1 4 5 4 8 5 1 2 1 4 1 2 3 2 3 4 3 26 11 13 12 12 12 13 12 12 12 12 12 12 12 12 12 12 12 12 12 12 12 12 12 12 12 12 12 12 12 12 12 12 12 12 12 12 12 12 12 12 12 12 12 12 12 12 12 12 13 12 12 12 13 11
57_0_1 3 5 5 6 7 1 1 1 4 2 2 4 2 3 3 3 26 12 12 12 12 11 12 12 12 12 12 12 12 12 13 12 12 12 12 12 12 12 12 13 12 12 12 12 12 12 12 12 13 12 12 12 12 12 12 12 12 13 12 12 12 12 12 12 12 12 11 12 12 12 12
58_0_1 4 4 5 5 8 0 4 3 3 3 2 2 1 2 3 3 26 11 12 12 12 12 12 12 12 12 12 12 12 12 13 12 12 12 12 12 12 12 12 12 12 12 13 12 12 13 12 12 12 12 12 12 12 12 12 12 12 13 12 12 12 12 12 12 12 12 12 12 12 12 11
60_1_1 3 7 5 7 4 1 2 1 4 1 2 3 2 3 4 3 26 11 12 12 12 12 12 12 12 12 12 12 12 12 12 12 12 13 12 12 13 12 12 12 12 12 12 12 12 12 12 12 12 12 12 13 12 12 13 12 12 12 12 12 12 12 12 12 12 12 12 12 12 12 11
62_1_1 4 4 8 5 5 1 2 1 4 1 2 3 2 3 4 3 26 11 12 12 12 12 13 12 12 12 12 12 12 12 12 12 12 12 12 12 12 12 12 12 13 12 12 12 12 12 12 13 12 12 12 12 12 12 12 12 12 12 12 12 12 12 12 12 12 13 12 12 12 12 11
63_1_3 4 4 8 5 5 1 1 5 2 3 2 3 3 2 2 2 26 11 12 12 13 12 12 12 12 13 12 12 12 12 12 12 12 12 12 12 12 12 12 12 12 12 12 12 12 12 12 12 12 12 12 12 12 12 12 12 12 12 12 12 12 12 13 12 12 12 12 13 12 12 11
66_0_3 2 6 6 6 6 0 3 4 2 3 3 2 2 4 1 2 26 11 12 12 12 13 12 12 12 12 12 13 12 12 12 12 12 12 12 12 12 12 12 12 12 12 12 12 12 12 12 12 12 12 12 12 12 12 12 12 12 12 12 12 13 12 12 12 12 12 13 12 12 12 11
67_1_3 4 5 4 8 5 0 3 4 2 3 3 2 2 4 1 2 26 11 12 12 12 12 12 12 12 12 12 12 12 12 12 12 13 12 12 12 12 12 13 12 12 12 12 12 12 12 12 12 12 13 12 12 12 12 12 13 12 12 12 12 12 12 12 12 12 12 12 12 12 12 11
68_1_3 3 5 7 5 6 0 4 4 2 3 3 2 2 3 1 2 26 12 12 12 12 11 12 12 12 12 12 12 12 12 12 12 12 12 12 13 12 12 13 12 12 12 12 12 12 12 12 12 12 13 12 12 13 12 12 12 12 12 12 12 12 12 12 12 12 12 11 12 12 12 12
68_3_3 3 7 6 5 5 0 4 4 2 3 3 2 2 3 1 2 26 12 12 12 12 11 12 12 12 12 12 12 12 12 12 12 12 12 12 13 12 12 13 12 12 12 12 12 12 12 12 12 12 13 12 12 13 12 12 12 12 12 12 12 12 12 12 12 12 12 11 12 12 12 12
69_1_3 4 4 8 5 5 0 3 4 2 3 3 2 2 4 1 2 26 11 12 12 12 12 13 12 12 12 12 13 12 12 12 12 12 12 12 12 12 12 12 12 12 12 12 12 12 12 12 12 12 12 12 12 12 12 12 12 12 12 12 12 13 12 12 12 12 13 12 12 12 12 11
70_3_1 3 7 6 5 5 0 3 3 3 3 4 1 2 3 2 2 26 12 12 12 12 11 12 12 12 12 12 12 12 12 12 12 12 12 13 12 12 13 12 12 12 12 12 12 12 12 12 12 12 12 13 12 12 13 12 12 12 12 12 12 12 12 12 12 12 12 11 12 12 12 12
72_1_1 3 5 7 5 6 0 3 2 4 2 2 4 3 2 2 2 26 12 12 12 12 11 12 12 12 12 12 12 12 13 12 12 12 12 12 12 12 12 12 12 13 12 12 12 12 12 12 13 12 12 12 12 12 12 12 12 12 12 13 12 12 12 12 12 12 12 11 12 12 12 12
73_1_1 3 5 7 5 6 0 3 2 2 4 2 2 3 4 2 2 26 12 12 12 12 11 12 12 12 12 12 12 12 12 12 12 13 12 12 12 12 12 12 12 12 12 12 13 13 12 12 12 12 12 12 12 12 12 12 13 12 12 12 12 12 12 12 12 12 12 11 12 12 12 12
75_0_1 3 4 7 5 7 0 2 3 3 2 4 2 2 4 2 2 26 11 12 12 12 12 12 12 12 12 13 12 12 12 12 12 12 12 12 12 12 12 12 13 12 12 12 12 12 12 12 12 13 12 12 12 12 12 12 12 12 12 12 12 12 13 12 12 12 12 12 12 12 12 11
77_0_1 3 4 7 5 7 0 4 3 3 2 2 4 2 2 2 2 26 11 12 12 12 12 12 13 12 12 12 12 12 12 12 13 12 12 12 12 12 12 12 12 12 12 12 12 12 12 12 12 12 12 12 12 12 12 12 12 13 12 12 12 12 12 12 12 13 12 12 12 12 12 11
79_0_1 3 5 5 6 7 0 4 4 3 2 2 2 2 2 2 3 26 12 12 12 12 11 12 12 12 12 12 12 12 12 12 12 12 13 12 12 12 12 12 12 12 12 13 12 12 13 12 12 12 12 12 12 12 12 13 12 12 12 12 12 12 12 12 12 12 12 11 12 12 12 12
80_0_1 4 5 4 5 8 1 2 1 4 1 2 3 2 3 4 3 26 11 12 12 12 12 13 12 12 12 12 12 12 13 12 12 12 12 12 12 12 12 12 12 12 12 12 12 12 12 12 12 12 12 12 12 12 12 12 12 12 12 13 12 12 12 12 12 12 13 12 12 12 12 11
81_2_1 3 6 5 7 5 0 3 3 2 2 3 4 3 2 1 3 26 12 12 12 12 11 12 12 12 12 12 12 12 12 12 12 12 12 13 12 12 12 12 12 13 12 12 12 12 12 12 13 12 12 12 12 12 13 12 12 12 12 12 12 12 12 12 12 12 12 11 12 12 12 12
83_0_1 3 4 7 5 7 0 4 3 3 3 2 2 1 2 3 3 26 11 12 12 12 12 12 12 13 12 12 12 12 12 12 13 12 12 12 12 12 12 12 12 12 12 12 12 12 12 12 12 12 12 12 12 12 12 12 12 13 12 12 12 12 12 12 13 12 12 12 12 12 12 11
85_0_3 2 6 6 6 6 1 1 5 2 3 2 3 3 2 2 2 26 11 12 12 12 12 12 12 12 12 12 12 12 12 12 13 12 12 12 12 12 12 12 12 13 12 12 12 12 12 12 13 12 12 12 12 12 12 12 12 13 12 12 12 12 12 12 12 12 12 12 12 12 12 11
88_0_1 4 4 5 5 8 1 2 1 4 1 2 3 2 3 4 3 26 11 12 12 12 12 12 12 12 12 12 12 12 12 12 12 13 12 12 12 12 12 12 12 13 12 12 12 12 12 12 13 12 12 12 12 12 12 12 13 12 12 12 12 12 12 12 12 12 12 12 12 12 12 11
90_1_1 4 4 8 5 5 0 4 2 3 2 3 3 3 2 3 1 26 11 12 12 12 12 12 12 12 13 12 12 12 12 12 12 12 12 12 13 12 12 12 12 12 12 12 12 12 12 12 12 12 12 12 12 13 12 12 12 12 12 12 12 12 12 13 12 12 12 12 12 12 12 11
92_1_1 3 7 5 7 4 0 2 4 2 4 2 3 2 2 3 2 26 12 12 12 12 12 12 12 12 12 12 11 12 12 12 12 12 12 12 12 12 12 13 12 12 13 12 12 12 12 13 12 12 13 12 12 12 12 12 12 12 12 12 12 11 12 12 12 12 12 12 12 12 12 12
94_1_1 4 5 4 8 5 0 4 2 3 2 3 3 3 2 3 1 26 11 12 12 12 12 12 12 13 12 12 12 12 12 12 12 12 12 12 12 12 12 12 12 13 12 12 12 12 12 12 13 12 12 12 12 12 12 12 12 12 12 12 12 12 12 12 13 12 12 12 12 12 12 11
96_0_3 4 5 4 5 8 1 1 3 3 1 2 4 3 4 1 3 26 12 12 12 12 11 12 12 12 12 12 12 12 12 12 13 12 12 12 12 12 12 13 12 12 12 12 12 12 12 12 12 12 13 12 12 12 12 12 12 13 12 12 12 12 12 12 12 12 12 11 12 12 12 12
97_1_1 4 5 4 8 5 0 3 3 3 3 4 1 2 3 2 2 26 12 12 12 12 11 12 12 12 12 12 12 12 12 12 13 12 12 12 12 12 12 12 13 12 12 12 12 12 12 12 12 13 12 12 12 12 12 12 12 13 12 12 12 12 12 12 12 12 12 11 12 12 12 12
99_1_1 4 5 4 8 5 0 4 4 3 2 2 2 2 2 2 3 26 12 12 12 12 11 12 12 12 12 12 12 12 12 12 13 12 12 12 12 12 12 12 12 12 12 12 13 13 12 12 12 12 12 12 12 12 12 12 12 13 12 12 12 12 12 12 12 12 12 11 12 12 12 12
101_0_3 3 4 7 5 7 1 1 5 2 3 2 3 3 2 2 2 26 11 12 12 12 12 12 12 12 12 12 12 12 12 12 12 12 12 13 12 13 12 12 12 12 12 12 12 12 12 12 12 12 12 12 13 12 13 12 12 12 12 12 12 12 12 12 12 12 12 12 12 12 12 11
102_0_3 4 5 4 5 8 1 2 5 3 2 3 1 3 1 3 2 26 11 12 12 12 12 12 12 12 12 12 13 12 12 12 12 12 12 13 12 12 12 12 12 12 12 12 12 12 12 12 12 12 12 12 12 12 13 12 12 12 12 12 12 13 12 12 12 12 12 12 12 12 12 11
103_1_1 3 7 5 7 4 0 4 4 3 2 2 2 2 2 2 3 26 11 12 12 12 12 12 12 12 12 13 12 12 12 12 12 12 12 13 12 12 12 12 12 12 12 12 12 12 12 12 12 12 12 12 12 12 13 12 12 12 12 12 12 12 13 12 12 12 12 12 12 12 12 11
105_1_1 3 7 5 7 4 0 4 3 3 3 2 2 1 2 3 3 26 11 12 12 12 12 12 12 12 12 12 12 12 12 12 12 12 12 13 12 12 12 12 12 12 13 12 12 12 12 13 12 12 12 12 12 12 13 12 12 12 12 12 12 12 12 12 12 12 12 12 12 12 12 11
107_0_3 3 4 7 5 7 1 1 2 3 4 1 4 2 2 3 3 26 11 12 12 12 13 12 12 12 12 12 12 12 12 12 12 12 12 13 12 12 12 12 12 12 12 12 12 12 12 12 12 12 12 12 12 12 13 12 12 12 12 12 12 12 12 12 12 12 12 13 12 12 12 11
107_1_5 3 7 5 7 4 1 1 4 3 3 2 2 4 1 3 2 26 11 12 12 12 13 12 12 12 12 12 12 12 12 12 12 12 12 13 12 12 12 12 12 12 12 12 12 12 12 12 12 12 12 12 12 12 13 12 12 12 12 12 12 12 12 12 12 12 12 13 12 12 12 11
108_1_3 4 5 4 8 5 1 1 3 4 3 3 1 4 1 2 3 26 11 12 13 12 12 12 12 12 12 12 13 12 12 12 12 12 12 12 12 12 12 12 12 12 12 12 12 12 12 12 12 12 12 12 12 12 12 12 12 12 12 12 12 13 12 12 12 12 12 12 12 13 12 11
110_0_3 4 5 4 5 8 1 2 1 3 4 4 1 3 3 1 3 26 12 12 12 12 11 12 12 12 12 12 12 12 12 12 12 12 12 12 12 13 12 13 12 12 12 12 12 12 12 12 12 12 13 12 13 12 12 12 12 12 12 12 12 12 12 12 12 12 12 11 12 12 12 12
111_0_3 4 5 4 5 8 1 2 2 3 3 5 1 2 3 2 2 26 12 12 12 12 11 12 12 12 12 12 12 12 12 12 12 12 12 12 12 13 12 12 13 12 12 12 12 12 12 12 12 13 12 12 13 12 12 12 12 12 12 12 12 12 12 12 12 12 12 11 12 12 12 12
112_1_1 4 4 8 5 5 0 3 2 4 2 2 4 3 2 2 2 26 12 12 12 12 11 12 12 12 12 12 12 12 12 12 12 12 12 12 12 13 12 12 12 13 12 12 12 12 12 12 13 12 12 12 13 12 12 12 12 12 12 12 12 12 12 12 12 12 12 11 12 12 12 12
113_1_1 4 4 8 5 5 0 4 3 3 2 3 3 3 1 2 2 26 12 12 12 12 11 12 12 12 12 12 12 12 12 12 12 12 12 12 13 13 12 12 12 12 12 12 12 12 12 12 12 12 12 12 13 13 12 12 12 12 12 12 12 12 12 12 12 12 12 11 12 12 12 12
114_1_1 4 5 4 8 5 0 4 2 2 2 3 4 3 2 2 2 26 12 12 12 12 11 12 12 12 12 12 12 12 12 12 12 12 12 12 12 13 12 12 12 12 12 12 13 13 12 12 12 12 12 12 13 12 12 12 12 12 12 12 12 12 12 12 12 12 12 11 12 12 12 12
116_1_1 4 5 4 8 5 0 4 3 3 3 2 2 1 2 3 3 26 11 12 12 12 12 12 12 12 12 12 12 12 12 13 12 12 12 13 12 12 12 12 12 12 12 12 12 12 12 12 12 12 12 12 12 12 13 12 12 12 13 12 12 12 12 12 12 12 12 12 12 12 12 11
118_0_3 4 5 4 5 8 1 1 5 2 3 2 3 3 2 2 2 26 11 12 12 12 12 12 12 12 12 12 12 12 12 12 12 12 12 13 12 12 12 12 12 13 12 12 12 12 12 12 13 12 12 12 12 12 13 12 12 12 12 12 12 12 12 12 12 12 12 12 12 12 12 11
119_1_1 3 7 5 7 4 0 2 4 2 4 2 3 2 2 3 2 26 11 12 13 12 12 12 12 12 12 13 12 12 12 12 12 12 12 12 12 12 12 12 12 12 12 12 12 12 12 12 12 12 12 12 12 12 12 12 12 12 12 12 12 12 13 12 12 12 12 12 12 13 12 11
121_1_1 4 5 4 8 5 0 4 2 3 2 3 3 3 2 3 1 26 11 12 13 12 12 12 12 12 12 12 12 12 12 12 12 12 12 12 12 12 12 12 12 13 12 12 12 12 12 12 13 12 12 12 12 12 12 12 12 12 12 12 12 12 12 12 12 12 12 12 12 13 12 11
124_0_1 4 4 5 5 8 1 2 1 4 1 2 3 2 3 4 3 26 11 12 12 12 12 12 12 12 13 12 12 12 12 12 12 13 12 12 12 12 12 12 12 12 12 12 12 12 12 12 12 12 12 12 12 12 12 12 13 12 12 12 12 12 12 13 12 12 12 12 12 12 12 11
126_1_1 3 7 5 7 4 0 3 2 2 4 2 2 3 4 2 2 26 11 12 12 12 13 12 12 12 12 12 12 13 12 12 12 12 12 12 12 12 12 12 12 12 12 12 12 12 12 12 12 12 12 12 12 12 12 12 12 12 12 12 13 12 12 12 12 12 12 13 12 12 12 11
129_0_1 2 6 6 6 6 1 2 1 4 1 2 3 2 3 4 3 26 11 12 12 12 13 12 12 12 12 12 12 12 12 12 12 12 12 12 12 12 12 12 12 13 12 12 12 12 12 12 13 12 12 12 12 12 12 12 12 12 12 12 12 12 12 12 12 12 12 13 12 12 12 11
130_1_1 3 5 7 5 6 0 4 3 3 2 3 3 3 1 2 2 26 12 12 12 12 11 12 12 12 12 12 12 12 13 12 12 12 12 12 13 12 12 12 12 12 12 12 12 12 12 12 12 12 12 12 12 13 12 12 12 12 12 13 12 12 12 12 12 12 12 11 12 12 12 12
130_2_3 3 6 5 7 5 1 2 1 3 2 4 3 1 4 3 2 26 12 12 12 12 11 12 12 12 12 12 12 12 13 12 12 12 12 12 13 12 12 12 12 12 12 12 12 12 12 12 12 12 12 12 12 13 12 12 12 12 12 13 12 12 12 12 12 12 12 11 12 12 12 12
130_3_5 3 7 6 5 5 1 3 1 3 2 4 4 2 1 3 2 26 12 12 12 12 11 12 12 12 12 12 12 12 13 12 12 12 12 12 13 12 12 12 12 12 12 12 12 12 12 12 12 12 12 12 12 13 12 12 12 12 12 13 12 12 12 12 12 12 12 11 12 12 12 12
132_2_1 3 6 5 7 5 0 2 4 2 4 2 3 2 2 3 2 26 12 12 12 12 11 12 12 12 12 12 12 12 12 12 12 12 12 12 13 12 12 12 12 12 12 12 13 13 12 12 12 12 12 12 12 13 12 12 12 12 12 12 12 12 12 12 12 12 12 11 12 12 12 12
134_0_1 2 6 6 6 6 0 3 4 3 3 1 3 2 2 2 3 26 11 12 12 12 13 12 12 12 12 12 12 12 12 12 12 12 12 12 12 12 12 12 12 12 12 13 12 12 13 12 12 12 12 12 12 12 12 12 12 12 12 12 12 12 12 12 12 12 12 13 12 12 12 11
135_1_1 4 4 8 5 5 0 4 4 3 2 2 2 2 2 2 3 26 11 12 12 13 12 12 12 12 12 12 12 12 12 12 12 12 12 12 12 12 13 12 12 12 12 12 12 12 12 12 12 12 12 13 12 12 12 12 12 12 12 12 12 12 12 12 12 12 12 12 13 12 12 11
137_0_3 4 4 5 5 8 1 1 3 4 3 3 1 4 1 2 3 26 11 12 12 12 12 12 12 12 12 12 13 12 12 12 12 12 12 12 13 12 12 12 12 12 12 12 12 12 12 12 12 12 12 12 12 13 12 12 12 12 12 12 12 13 12 12 12 12 12 12 12 12 12 11
138_1_1 4 5 4 8 5 0 4 2 3 2 3 3 3 2 3 1 26 11 12 12 12 12 12 12 12 12 12 12 12 13 12 12 12 12 12 13 12 12 12 12 12 12 12 12 12 12 12 12 12 12 12 12 13 12 12 12 12 12 13 12 12 12 12 12 12 12 12 12 12 12 11
139_3_1 3 7 6 5 5 1 1 1 4 2 2 4 2 3 3 3 26 12 12 12 12 11 12 12 12 12 12 12 12 12 12 12 12 12 12 13 12 12 12 13 12 12 12 12 12 12 12 12 13 12 12 12 13 12 12 12 12 12 12 12 12 12 12 12 12 12 11 12 12 12 12
140_1_1 4 4 8 5 5 0 3 4 3 3 1 3 2 2 2 3 26 11 12 12 13 12 12 12 12 12 12 12 12 12 12 12 13 12 12 12 12 12 12 12 12 12 12 12 12 12 12 12 12 12 12 12 12 12 12 13 12 12 12 12 12 12 12 12 12 12 12 13 12 12 11
141_1_1 3 7 5 7 4 0 4 4 3 2 2 2 2 2 2 3 26 11 12 12 12 12 12 12 12 12 12 12 12 12 12 13 12 12 12 12 12 12 12 13 12 12 12 12 12 12 12 12 13 12 12 12 12 12 12 12 13 12 12 12 12 12 12 12 12 12 12 12 12 12 11
143_1_1 4 5 4 8 5 0 2 4 2 4 2 3 2 2 3 2 26 11 12 12 12 12 12 12 12 12 12 12 12 12 12 12 12 12 12 13 12 12 12 13 12 12 12 12 12 12 12 12 13 12 12 12 13 12 12 12 12 12 12 12 12 12 12 12 12 12 12 12 12 12 11
146_0_1 4 5 4 5 8 1 1 4 3 4 1 3 3 1 3 2 26 11 12 12 13 12 12 12 12 12 12 12 12 12 12 12 12 12 12 12 12 12 13 12 12 12 12 12 12 12 12 12 12 13 12 12 12 12 12 12 12 12 12 12 12 12 12 12 12 12 12 13 12 12 11
147_0_1 3 4 7 5 7 1 1 4 3 4 1 3 3 1 3 2 26 11 12 12 12 12 12 12 12 12 12 12 12 12 12 13 12 12 12 12 12 12 13 12 12 12 12 12 12 12 12 12 12 13 12 12 12 12 12 12 13 12 12 12 12 12 12 12 12 12 12 12 12 12 11
148_0_1 2 6 6 6 6 0 3 3 3 3 4 1 2 1 3 3 26 11 12 12 12 12 12 12 12 12 12 13 12 12 12 12 12 12 12 12 12 12 12 12 12 13 12 12 12 12 13 12 12 12 12 12 12 12 12 12 12 12 12 12 13 12 12 12 12 12 12 12 12 12 11
149_1_1 4 5 4 8 5 1 1 4 3 4 1 3 3 1 3 2 26 11 12 12 12 12 12 13 12 12 12 13 12 12 12 12 12 12 12 12 12 12 12 12 12 12 12 12 12 12 12 12 12 12 12 12 12 12 12 12 12 12 12 12 13 12 12 12 13 12 12 12 12 12 11
151_0_1 4 5 4 5 8 0 3 2 2 4 2 2 3 4 2 2 26 11 12 12 12 12 13 12 12 12 12 12 12 12 12 12 12 12 12 12 12 12 12 13 12 12 12 12 12 12 12 12 13 12 12 12 12 12 12 12 12 12 12 12 12 12 12 12 12 13 12 12 12 12 11
152_1_1 4 4 8 5 5 1 1 3 3 1 4 2 3 3 3 2 26 12 12 12 12 12 12 12 12 12 12 11 12 12 12 12 12 12 12 13 12 12 12 12 13 12 12 12 12 12 12 13 12 12 12 12 13 12 12 12 12 12 12 12 11 12 12 12 12 12 12 12 12 12 12
153_0_5 2 6 6 6 6 1 1 4 3 3 2 2 4 1 3 2 26 11 12 12 12 12 13 12 12 12 12 12 12 12 12 13 12 12 12 12 12 12 12 12 12 12 12 12 12 12 12 12 12 12 12 12 12 12 12 12 13 12 12 12 12 12 12 12 12 13 12 12 12 12 11
154_1_1 4 5 4 8 5 0 3 4 3 3 1 3 2 2 2 3 26 11 12 12 12 12 13 12 12 12 12 12 12 12 12 12 12 12 13 12 12 12 12 12 12 12 12 12 12 12 12 12 12 12 12 12 12 13 12 12 12 12 12 12 12 12 12 12 12 13 12 12 12 12 11
155_1_1 4 5 4 8 5 0 4 2 3 2 3 3 3 2 3 1 26 11 12 13 12 12 12 12 12 13 12 12 12 12 12 12 12 12 12 12 12 12 12 12 12 12 12 12 12 12 12 12 12 12 12 12 12 12 12 12 12 12 12 12 12 12 13 12 12 12 12 12 13 12 11
158_0_1 4 4 5 5 8 0 3 4 3 3 1 3 2 2 2 3 26 11 12 12 12 12 12 12 12 12 12 12 12 12 12 12 13 12 12 12 12 12 12 12 12 12 13 12 12 13 12 12 12 12 12 12 12 12 12 13 12 12 12 12 12 12 12 12 12 12 12 12 12 12 11
158_1_3 4 4 8 5 5 1 1 2 3 4 1 4 2 2 3 3 26 11 12 12 12 12 12 12 12 12 12 12 12 12 12 12 13 12 12 12 12 12 12 12 12 12 13 12 12 13 12 12 12 12 12 12 12 12 12 13 12 12 12 12 12 12 12 12 12 12 12 12 12 12 11
160_0_1 2 6 6 6 6 0 3 2 2 4 2 2 3 4 2 2 26 11 12 12 12 13 12 12 12 12 12 12 12 12 12 12 12 12 12 12 12 13 12 12 12 12 12 12 12 12 12 12 12 12 13 12 12 12 12 12 12 12 12 12 12 12 12 12 12 12 13 12 12 12 11
161_1_3 3 5 7 5 6 1 1 3 3 1 2 4 3 4 1 3 26 12 12 12 12 11 12 12 12 12 12 12 12 12 12 12 12 12 12 12 12 12 13 12 12 12 13 12 12 13 12 12 12 13 12 12 12 12 12 12 12 12 12 12 12 12 12 12 12 12 11 12 12 12 12
161_3_3 3 7 6 5 5 1 1 3 3 1 2 4 3 4 1 3 26 12 12 12 12 11 12 12 12 12 12 12 12 12 12 12 12 12 12 12 12 12 13 12 12 12 13 12 12 13 12 12 12 13 12 12 12 12 12 12 12 12 12 12 12 12 12 12 12 12 11 12 12 12 12
163_0_3 4 5 4 5 8 1 1 3 4 2 4 2 2 2 2 3 26 12 12 12 12 12 12 12 12 12 12 11 12 12 12 12 12 12 12 13 12 12 12 13 12 12 12 12 12 12 12 12 13 12 12 12 13 12 12 12 12 12 12 12 11 12 12 12 12 12 12 12 12 12 12
164_0_3 3 5 5 6 7 1 2 2 3 3 5 1 2 3 2 2 26 12 12 12 12 11 12 12 12 12 12 12 12 12 12 12 12 12 12 12 12 12 12 13 13 12 12 12 12 12 12 13 13 12 12 12 12 12 12 12 12 12 12 12 12 12 12 12 12 12 11 12 12 12 12
164_2_3 3 6 5 7 5 1 2 2 3 3 5 1 2 3 2 2 26 12 12 12 12 11 12 12 12 12 12 12 12 12 12 12 12 12 12 12 12 12 12 13 13 12 12 12 12 12 12 13 13 12 12 12 12 12 12 12 12 12 12 12 12 12 12 12 12 12 11 12 12 12 12
165_0_3 4 5 4 5 8 1 1 3 4 3 3 1 4 1 2 3 26 11 12 12 12 12 12 12 12 12 12 12 12 12 13 12 12 12 12 12 12 12 13 12 12 12 12 12 12 12 12 12 12 13 12 12 12 12 12 12 12 13 12 12 12 12 12 12 12 12 12 12 12 12 11
166_0_3 4 4 5 5 8 1 1 2 3 4 1 4 2 2 3 3 26 11 12 12 12 12 13 12 12 12 12 12 12 12 12 12 12 12 12 12 12 12 12 12 12 12 13 12 12 13 12 12 12 12 12 12 12 12 12 12 12 12 12 12 12 12 12 12 12 13 12 12 12 12 11
166_1_5 4 4 8 5 5 1 1 4 3 3 2 2 4 1 3 2 26 11 12 12 12 12 13 12 12 12 12 12 12 12 12 12 12 12 12 12 12 12 12 12 12 12 13 12 12 13 12 12 12 12 12 12 12 12 12 12 12 12 12 12 12 12 12 12 12 13 12 12 12 12 11
167_1_3 3 7 5 7 4 1 2 1 4 3 2 2 4 2 3 2 26 12 12 12 12 12 12 12 12 12 12 11 12 12 12 12 12 12 12 12 13 12 12 12 12 12 12 13 13 12 12 12 12 12 12 13 12 12 12 12 12 12 12 12 11 12 12 12 12 12 12 12 12 12 12
170_0_1 4 4 5 5 8 0 4 3 3 3 2 2 1 2 3 3 26 11 12 12 13 12 12 12 12 12 12 12 12 12 13 12 12 12 12 12 12 12 12 12 12 12 12 12 12 12 12 12 12 12 12 12 12 12 12 12 12 13 12 12 12 12 12 12 12 12 12 13 12 12 11
172_1_1 4 4 8 5 5 1 2 1 4 1 2 3 2 3 4 3 26 11 12 12 12 12 13 12 12 13 12 12 12 12 12 12 12 12 12 12 12 12 12 12 12 12 12 12 12 12 12 12 12 12 12 12 12 12 12 12 12 12 12 12 12 12 13 12 12 13 12 12 12 12 11
173_1_3 4 4 8 5 5 1 2 5 3 2 3 1 3 1 3 2 26 11 12 12 12 12 12 12 12 12 12 13 12 12 12 12 12 12 12 12 12 12 12 12 12 12 13 12 12 13 12 12 12 12 12 12 12 12 12 12 12 12 12 12 13 12 12 12 12 12 12 12 12 12 11
174_1_1 4 5 4 8 5 0 3 4 3 3 1 3 2 2 2 3 26 11 12 12 12 12 12 12 12 12 12 12 12 12 12 12 12 13 12 12 12 12 12 12 12 12 13 12 12 13 12 12 12 12 12 12 12 12 13 12 12 12 12 12 12 12 12 12 12 12 12 12 12 12 11
175_1_1 4 5 4 8 5 0 4 3 3 2 2 4 2 2 2 2 26 11 12 12 12 12 12 13 12 12 12 12 12 12 12 12 12 12 12 12 12 12 12 12 12 12 13 12 12 13 12 12 12 12 12 12 12 12 12 12 12 12 12 12 12 12 12 12 13 12 12 12 12 12 11
176_1_3 4 5 4 8 5 1 1 3 4 3 3 1 4 1 2 3 26 11 12 12 12 12 12 12 12 12 12 12 12 12 12 12 12 12 12 13 12 12 13 12 12 12 12 12 12 12 12 12 12 13 12 12 13 12 12 12 12 12 12 12 12 12 12 12 12 12 12 12 12 12 11
178_1_1 4 4 8 5 5 0 4 4 3 2 2 2 2 2 2 3 26 11 12 12 12 12 12 12 12 12 12 12 12 12 12 12 12 12 12 12 12 13 12 12 12 12 13 12 12 13 12 12 12 12 13 12 12 12 12 12 12 12 12 12 12 12 12 12 12 12 12 12 12 12 11
179_1_3 4 4 8 5 5 1 2 5 3 2 3 1 3 1 3 2 26 11 12 12 13 12 12 12 12 12 12 13 12 12 12 12 12 12 12 12 12 12 12 12 12 12 12 12 12 12 12 12 12 12 12 12 12 12 12 12 12 12 12 12 13 12 12 12 12 12 12 13 12 12 11
180_3_1 3 7 6 5 5 0 4 2 2 2 3 4 3 2 2 2 26 12 12 12 12 11 12 12 12 12 12 12 12 12 12 12 12 13 12 12 12 12 12 12 13 12 12 12 12 12 12 13 12 12 12 12 12 12 13 12 12 12 12 12 12 12 12 12 12 12 11 12 12 12 12
181_1_3 4 4 8 5 5 1 2 3 2 1 3 4 3 3 1 3 26 12 12 12 12 12 12 12 12 12 12 11 12 12 12 12 12 12 12 12 12 13 12 12 12 12 13 12 12 13 12 12 12 12 13 12 12 12 12 12 12 12 12 12 11 12 12 12 12 12 12 12 12 12 12
182_1_3 4 5 4 8 5 1 1 5 2 3 2 3 3 2 2 2 26 11 12 12 13 12 12 12 12 12 12 12 12 13 12 12 12 12 12 12 12 12 12 12 12 12 12 12 12 12 12 12 12 12 12 12 12 12 12 12 12 12 13 12 12 12 12 12 12 12 12 13 12 12 11
184_0_3 3 5 5 6 7 1 2 1 3 4 4 1 3 3 1 3 26 12 12 12 12 11 12 12 12 12 12 12 12 12 12 12 12 12 12 12 12 12 13 12 13 12 12 12 12 12 12 13 12 13 12 12 12 12 12 12 12 12 12 12 12 12 12 12 12 12 11 12 12 12 12
184_2_3 3 6 5 7 5 1 2 1 3 4 4 1 3 3 1 3 26 12 12 12 12 11 12 12 12 12 12 12 12 12 12 12 12 12 12 12 12 12 13 12 13 12 12 12 12 12 12 13 12 13 12 12 12 12 12 12 12 12 12 12 12 12 12 12 12 12 11 12 12 12 12
185_0_3 2 6 6 6 6 1 1 5 2 3 2 3 3 2 2 2 26 11 12 12 13 12 12 12 12 12 12 12 12 12 12 12 12 12 12 12 13 12 12 12 12 12 12 12 12 12 12 12 12 12 12 13 12 12 12 12 12 12 12 12 12 12 12 12 12 12 12 13 12 12 11
186_3_1 3 7 6 5 5 0 2 3 3 2 4 2 2 4 2 2 26 12 12 12 12 11 12 12 12 12 12 12 12 12 12 12 12 12 12 12 12 13 12 12 12 12 12 13 13 12 12 12 12 12 13 12 12 12 12 12 12 12 12 12 12 12 12 12 12 12 11 12 12 12 12
188_1_1 4 4 8 5 5 0 4 2 2 2 3 4 3 2 2 2 26 11 12 12 12 12 12 12 12 13 12 12 12 12 12 12 12 12 12 12 12 13 12 12 12 12 12 12 12 12 12 12 12 12 13 12 12 12 12 12 12 12 12 12 12 12 13 12 12 12 12 12 12 12 11
190_1_1 4 5 4 8 5 0 4 2 2 2 3 4 3 2 2 2 26 11 12 12 12 12 12 12 12 13 12 12 13 12 12 12 12 12 12 12 12 12 12 12 12 12 12 12 12 12 12 12 12 12 12 12 12 12 12 12 12 12 12 13 12 12 13 12 12 12 12 12 12 12 11
193_0_1 3 4 7 5 7 0 4 2 2 2 3 4 3 2 2 2 26 11 12 12 12 12 12 12 12 12 12 12 13 12 12 12 12 12 12 12 13 12 12 12 12 12 12 12 12 12 12 12 12 12 12 13 12 12 12 12 12 12 12 13 12 12 12 12 12 12 12 12 12 12 11
195_0_1 3 4 7 5 7 0 4 2 2 2 3 4 3 2 2 2 26 11 12 12 12 12 12 12 12 12 13 12 12 13 12 12 12 12 12 12 12 12 12 12 12 12 12 12 12 12 12 12 12 12 12 12 12 12 12 12 12 12 13 12 12 13 12 12 12 12 12 12 12 12 11
196_1_1 3 7 5 7 4 1 1 3 2 3 1 3 4 3 2 3 26 12 12 12 12 12 12 12 12 12 12 11 12 12 12 12 12 12 12 12 12 12 12 13 12 13 12 12 12 12 13 12 13 12 12 12 12 12 12 12 12 12 12 12 11 12 12 12 12 12 12 12 12 12 12
198_0_1 4 5 4 5 8 0 3 3 3 3 4 1 2 1 3 3 26 11 12 12 12 12 12 12 13 12 12 13 12 12 12 12 12 12 12 12 12 12 12 12 12 12 12 12 12 12 12 12 12 12 12 12 12 12 12 12 12 12 12 12 13 12 12 13 12 12 12 12 12 12 11
199_0_1 4 5 4 5 8 1 1 3 3 2 2 3 3 4 1 3 26 12 12 12 12 12 12 12 12 12 12 11 12 12 12 12 12 12 12 12 12 12 12 12 13 12 12 13 13 12 12 13 12 12 12 12 12 12 12 12 12 12 12 12 11 12 12 12 12 12 12 12 12 12 12
200_0_1 2 6 6 6 6 0 2 4 2 4 2 3 2 2 3 2 26 11 12 12 12 12 12 12 12 12 12 12 12 12 12 12 12 12 12 12 12 13 12 12 12 13 12 12 12 12 13 12 12 12 13 12 12 12 12 12 12 12 12 12 12 12 12 12 12 12 12 12 12 12 11
201_1_3 4 4 8 5 5 1 1 5 2 3 2 3 3 2 2 2 26 11 12 12 13 12 12 12 12 12 12 12 12 12 12 12 12 12 12 12 12 12 12 12 13 12 12 12 12 12 12 13 12 12 12 12 12 12 12 12 12 12 12 12 12 12 12 12 12 12 12 13 12 12 11
203_0_3 3 4 7 5 7 1 1 3 4 3 3 1 4 1 2 3 26 11 12 12 12 12 12 12 12 12 12 12 12 12 12 12 12 12 12 12 12 12 13 12 12 13 12 12 12 12 13 12 12 13 12 12 12 12 12 12 12 12 12 12 12 12 12 12 12 12 12 12 12 12 11
204_0_3 3 4 7 5 7 1 2 2 3 2 2 1 5 3 2 3 26 11 12 12 12 13 12 12 12 12 12 12 12 12 12 12 12 13 12 12 12 12 12 12 12 12 12 12 12 12 12 12 12 12 12 12 12 12 13 12 12 12 12 12 12 12 12 12 12 12 13 12 12 12 11
205_0_3 2 6 6 6 6 1 2 2 3 2 2 1 5 3 2 3 26 11 12 12 12 13 12 12 12 12 12 12 12 12 12 12 13 12 12 12 12 12 12 12 12 12 12 12 12 12 12 12 12 12 12 12 12 12 12 13 12 12 12 12 12 12 12 12 12 12 13 12 12 12 11
206_3_1 3 7 6 5 5 0 4 2 2 2 3 4 3 2 2 2 26 12 12 12 12 11 12 12 12 12 12 12 12 12 12 12 12 12 12 12 12 12 12 12 13 12 12 13 13 12 12 13 12 12 12 12 12 12 12 12 12 12 12 12 12 12 12 12 12 12 11 12 12 12 12
207_1_3 4 4 8 5 5 1 2 2 3 2 2 1 5 3 2 3 26 11 12 12 12 12 13 12 12 12 12 12 12 12 12 12 13 12 12 12 12 12 12 12 12 12 12 12 12 12 12 12 12 12 12 12 12 12 12 13 12 12 12 12 12 12 12 12 12 13 12 12 12 12 11
208_1_3 3 5 7 5 6 1 2 2 1 3 3 2 3 2 5 2 26 12 12 12 12 11 12 12 13 12 12 12 12 12 12 12 12 12 12 13 12 12 12 12 12 12 12 12 12 12 12 12 12 12 12 12 13 12 12 12 12 12 12 12 12 12 12 13 12 12 11 12 12 12 12
208_3_3 3 7 6 5 5 1 2 2 1 3 3 2 3 2 5 2 26 12 12 12 12 11 12 12 13 12 12 12 12 12 12 12 12 12 12 13 12 12 12 12 12 12 12 12 12 12 12 12 12 12 12 12 13 12 12 12 12 12 12 12 12 12 12 13 12 12 11 12 12 12 12
209_1_3 4 5 4 8 5 1 2 2 3 2 2 1 5 3 2 3 26 11 12 12 12 12 13 12 12 12 12 12 12 12 12 12 12 13 12 12 12 12 12 12 12 12 12 12 12 12 12 12 12 12 12 12 12 12 13 12 12 12 12 12 12 12 12 12 12 13 12 12 12 12 11
210_1_3 3 7 5 7 4 0 3 4 2 3 3 2 2 4 1 2 26 11 12 12 12 13 12 12 12 12 12 12 12 12 12 12 12 12 12 12 12 12 13 12 12 12 12 12 12 12 12 12 12 13 12 12 12 12 12 12 12 12 12 12 12 12 12 12 12 12 13 12 12 12 11
211_1_3 4 5 4 8 5 0 3 4 2 3 3 2 2 4 1 2 26 11 12 12 12 12 12 12 12 12 12 13 12 12 12 12 12 13 12 12 12 12 12 12 12 12 12 12 12 12 12 12 12 12 12 12 12 12 13 12 12 12 12 12 13 12 12 12 12 12 12 12 12 12 11
212_1_3 4 5 4 8 5 0 3 4 2 3 3 2 2 4 1 2 26 11 12 12 12 12 13 12 12 12 12 12 12 12 12 12 12 12 12 12 12 12 13 12 12 12 12 12 12 12 12 12 12 13 12 12 12 12 12 12 12 12 12 12 12 12 12 12 12 13 12 12 12 12 11
215_0_1 4 4 5 5 8 0 2 4 2 4 3 2 1 3 2 3 26 11 12 12 12 12 12 12 12 12 12 13 12 12 12 12 13 12 12 12 12 12 12 12 12 12 12 12 12 12 12 12 12 12 12 12 12 12 12 13 12 12 12 12 13 12 12 12 12 12 12 12 12 12 11
216_0_1 3 4 7 5 7 0 3 2 2 4 2 2 3 4 2 2 26 11 12 12 12 12 12 12 12 12 13 12 12 12 12 12 12 13 12 12 12 12 12 12 12 12 12 12 12 12 12 12 12 12 12 12 12 12 13 12 12 12 12 12 12 13 12 12 12 12 12 12 12 12 11
217_1_1 4 4 8 5 5 0 3 3 3 3 4 1 2 1 3 3 26 11 12 12 12 12 12 12 12 12 12 13 12 12 13 12 12 12 12 12 12 12 12 12 12 12 12 12 12 12 12 12 12 12 12 12 12 12 12 12 12 13 12 12 13 12 12 12 12 12 12 12 12 12 11
219_0_1 3 4 7 5 7 0 3 2 2 4 2 2 3 4 2 2 26 11 12 12 12 13 12 12 12 12 12 12 12 12 12 12 12 12 12 12 12 12 12 13 12 12 12 12 12 12 12 12 13 12 12 12 12 12 12 12 12 12 12 12 12 12 12 12 12 12 13 12 12 12 11
221_0_3 4 5 4 5 8 1 2 5 3 2 3 1 3 1 3 2 26 11 12 12 12 12 12 12 12 12 12 12 12 12 12 12 12 12 12 12 12 12 13 12 12 12 13 12 12 13 12 12 12 13 12 12 12 12 12 12 12 12 12 12 12 12 12 12 12 12 12 12 12 12 11
222_1_1 4 5 4 8 5 0 3 2 2 4 2 2 3 4 2 2 26 11 12 12 12 12 12 12 12 12 12 12 13 12 12 12 13 12 12 12 12 12 12 12 12 12 12 12 12 12 12 12 12 12 12 12 12 12 12 13 12 12 12 13 12 12 12 12 12 12 12 12 12 12 11
224_0_3 4 4 5 5 8 1 1 5 2 3 2 3 3 2 2 2 26 11 12 12 12 12 12 12 12 13 12 12 12 12 12 12 12 12 12 12 12 12 12 12 12 12 13 12 12 13 12 12 12 12 12 12 12 12 12 12 12 12 12 12 12 12 13 12 12 12 12 12 12 12 11
225_0_3 4 5 4 5 8 1 1 2 3 4 1 4 2 2 3 3 26 11 12 12 12 12 12 13 12 12 12 12 12 12 12 12 13 12 12 12 12 12 12 12 12 12 12 12 12 12 12 12 12 12 12 12 12 12 12 13 12 12 12 12 12 12 12 12 13 12 12 12 12 12 11
225_1_5 4 5 4 8 5 1 1 4 3 3 2 2 4 1 3 2 26 11 12 12 12 12 12 13 12 12 12 12 12 12 12 12 13 12 12 12 12 12 12 12 12 12 12 12 12 12 12 12 12 12 12 12 12 12 12 13 12 12 12 12 12 12 12 12 13 12 12 12 12 12 11
226_1_1 2 6 7 5 6 0 3 4 3 3 1 3 2 2 2 3 26 11 12 12 12 13 12 12 12 12 12 12 12 12 12 13 12 12 12 12 12 12 12 12 12 12 12 12 12 12 12 12 12 12 12 12 12 12 12 12 13 12 12 12 12 12 12 12 12 12 13 12 12 12 11
226_2_3 3 5 4 6 8 1 1 2 3 4 1 4 2 2 3 3 26 11 12 12 12 13 12 12 12 12 12 12 12 12 12 13 12 12 12 12 12 12 12 12 12 12 12 12 12 12 12 12 12 12 12 12 12 12 12 12 13 12 12 12 12 12 12 12 12 12 13 12 12 12 11
226_3_5 3 8 6 4 5 1 1 4 3 3 2 2 4 1 3 2 26 11 12 12 12 13 12 12 12 12 12 12 12 12 12 13 12 12 12 12 12 12 12 12 12 12 12 12 12 12 12 12 12 12 12 12 12 12 12 12 13 12 12 12 12 12 12 12 12 12 13 12 12 12 11
227_3_1 3 8 6 4 5 1 2 1 4 1 2 3 2 3 4 3 26 11 12 12 12 13 12 12 12 12 12 12 12 12 12 12 12 12 12 12 13 12 12 12 12 12 12 12 12 12 12 12 12 12 12 13 12 12 12 12 12 12 12 12 12 12 12 12 12 12 13 12 12 12 11
228_3_1 3 8 6 4 5 0 2 4 2 4 2 3 2 2 3 2 26 11 12 12 12 12 12 12 12 12 13 12 12 12 12 12 12 12 12 12 12 12 12 12 12 13 12 12 12 12 13 12 12 12 12 12 12 12 12 12 12 12 12 12 12 13 12 12 12 12 12 12 12 12 11
229_3_1 3 8 6 4 5 0 4 4 3 2 2 2 2 2 2 3 26 11 12 12 12 12 12 12 12 12 13 12 12 12 12 13 12 12 12 12 12 12 12 12 12 12 12 12 12 12 12 12 12 12 12 12 12 12 12 12 13 12 12 12 12 13 12 12 12 12 12 12 12 12 11
230_3_1 3 8 6 4 5 0 4 2 3 2 3 3 3 2 3 1 26 11 12 12 12 12 12 12 12 12 12 12 12 12 12 12 12 12 12 12 13 12 12 12 12 13 12 12 12 12 13 12 12 12 12 13 12 12 12 12 12 12 12 12 12 12 12 12 12 12 12 12 12 12 11
232_0_3 3 4 7 5 7 1 1 5 2 3 2 3 3 2 2 2 26 11 12 12 12 12 12 13 12 12 12 12 12 12 12 12 12 12 12 12 13 12 12 12 12 12 12 12 12 12 12 12 12 12 12 13 12 12 12 12 12 12 12 12 12 12 12 12 13 12 12 12 12 12 11
233_0_3 2 6 5 7 6 1 2 2 1 4 2 3 2 3 4 2 26 12 12 12 12 12 12 12 12 12 12 11 12 12 12 12 12 12 12 12 13 12 12 12 12 13 12 12 12 12 13 12 12 12 12 13 12 12 12 12 12 12 12 12 11 12 12 12 12 12 12 12 12 12 12
233_2_3 3 5 4 6 8 1 2 2 1 4 2 3 2 3 4 2 26 12 12 12 12 12 12 12 12 12 12 11 12 12 12 12 12 12 12 12 13 12 12 12 12 13 12 12 12 12 13 12 12 12 12 13 12 12 12 12 12 12 12 12 11 12 12 12 12 12 12 12 12 12 12
234_1_1 4 5 4 8 5 0 2 4 2 4 2 3 2 2 3 2 26 11 12 12 12 12 12 12 12 12 12 12 13 12 12 12 12 12 12 13 12 12 12 12 12 12 12 12 12 12 12 12 12 12 12 12 13 12 12 12 12 12 12 13 12 12 12 12 12 12 12 12 12 12 11
235_1_1 3 5 7 5 6 0 4 3 3 2 3 3 3 1 2 2 26 12 12 12 12 11 12 12 12 12 12 12 12 13 13 12 12 12 12 12 12 12 12 12 12 12 12 12 12 12 12 12 12 12 12 12 12 12 12 12 12 13 13 12 12 12 12 12 12 12 11 12 12 12 12
235_2_3 3 6 5 7 5 1 2 1 3 2 4 3 1 4 3 2 26 12 12 12 12 11 12 12 12 12 12 12 12 13 13 12 12 12 12 12 12 12 12 12 12 12 12 12 12 12 12 12 12 12 12 12 12 12 12 12 12 13 13 12 12 12 12 12 12 12 11 12 12 12 12
235_3_5 3 7 6 5 5 1 3 1 3 2 4 4 2 1 3 2 26 12 12 12 12 11 12 12 12 12 12 12 12 13 13 12 12 12 12 12 12 12 12 12 12 12 12 12 12 12 12 12 12 12 12 12 12 12 12 12 12 13 13 12 12 12 12 12 12 12 11 12 12 12 12
236_1_1 4 5 4 8 5 0 3 4 3 3 1 3 2 2 2 3 26 11 12 12 13 12 12 12 12 12 12 12 12 12 12 12 12 13 12 12 12 12 12 12 12 12 12 12 12 12 12 12 12 12 12 12 12 12 13 12 12 12 12 12 12 12 12 12 12 12 12 13 12 12 11
237_1_1 4 5 4 8 5 0 4 4 3 2 2 2 2 2 2 3 26 11 12 12 13 12 12 12 12 12 12 12 13 12 12 12 12 12 12 12 12 12 12 12 12 12 12 12 12 12 12 12 12 12 12 12 12 12 12 12 12 12 12 13 12 12 12 12 12 12 12 13 12 12 11
238_1_3 4 5 4 8 5 1 2 3 2 1 3 4 3 3 1 3 26 12 12 12 12 12 12 12 12 12 12 11 12 12 12 12 12 12 12 12 12 12 12 13 12 12 13 12 12 13 12 12 13 12 12 12 12 12 12 12 12 12 12 12 11 12 12 12 12 12 12 12 12 12 12
240_1_1 3 5 7 5 6 0 3 3 3 3 4 1 2 3 2 2 26 12 12 12 12 11 12 12 12 12 12 12 12 12 12 12 12 12 12 12 12 12 12 13 12 12 13 12 12 13 12 12 13 12 12 12 12 12 12 12 12 12 12 12 12 12 12 12 12 12 11 12 12 12 12
241_0_3 4 5 4 5 8 1 3 2 2 2 3 1 4 4 2 2 26 12 12 12 12 12 12 12 12 12 12 11 12 12 12 12 12 12 12 12 12 12 12 12 12 12 13 13 13 13 12 12 12 12 12 12 12 12 12 12 12 12 12 12 11 12 12 12 12 12 12 12 12 12 12
242_1_1 4 5 4 8 5 0 2 4 2 4 2 3 2 2 3 2 26 11 12 12 12 12 12 12 13 12 12 12 12 12 12 12 12 12 12 12 12 13 12 12 12 12 12 12 12 12 12 12 12 12 13 12 12 12 12 12 12 12 12 12 12 12 12 13 12 12 12 12 12 12 11
244_1_1 3 5 7 5 6 0 4 4 3 2 2 2 2 2 2 3 26 12 12 12 12 11 12 12 12 12 12 12 12 12 12 12 12 12 12 12 12 12 12 12 12 12 13 13 13 13 12 12 12 12 12 12 12 12 12 12 12 12 12 12 12 12 12 12 12 12 11 12 12 12 12
245_1_1 4 5 4 8 5 1 2 1 4 1 2 3 2 3 4 3 26 11 12 12 12 12 12 12 12 12 12 12 12 13 12 12 13 12 12 12 12 12 12 12 12 12 12 12 12 12 12 12 12 12 12 12 12 12 12 13 12 12 13 12 12 12 12 12 12 12 12 12 12 12 11
247_1_1 4 5 4 8 5 0 4 4 3 2 2 2 2 2 2 3 26 11 12 12 12 12 12 13 12 12 12 12 12 12 12 12 12 12 12 12 12 13 12 12 12 12 12 12 12 12 12 12 12 12 13 12 12 12 12 12 12 12 12 12 12 12 12 12 13 12 12 12 12 12 11
248_1_1 4 5 4 8 5 0 3 4 3 3 1 3 2 2 2 3 26 11 12 12 12 12 12 12 12 12 12 12 12 12 12 12 13 12 13 12 12 12 12 12 12 12 12 12 12 12 12 12 12 12 12 12 12 13 12 13 12 12 12 12 12 12 12 12 12 12 12 12 12 12 11
249_0_3 4 4 5 5 8 1 1 2 3 4 1 4 2 2 3 3 26 11 12 12 13 12 13 12 12 12 12 12 12 12 12 12 12 12 12 12 12 12 12 12 12 12 12 12 12 12 12 12 12 12 12 12 12 12 12 12 12 12 12 12 12 12 12 12 12 13 12 13 12 12 11
249_1_5 4 4 8 5 5 1 1 4 3 3 2 2 4 1 3 2 26 11 12 12 13 12 13 12 12 12 12 12 12 12 12 12 12 12 12 12 12 12 12 12 12 12 12 12 12 12 12 12 12 12 12 12 12 12 12 12 12 12 12 12 12 12 12 12 12 13 12 13 12 12 11
251_0_3 3 4 7 5 7 1 1 2 3 4 1 4 2 2 3 3 26 11 12 12 12 13 12 13 12 12 12 12 12 12 12 12 12 12 12 12 12 12 12 12 12 12 12 12 12 12 12 12 12 12 12 12 12 12 12 12 12 12 12 12 12 12 12 12 13 12 13 12 12 12 11
251_1_5 3 7 5 7 4 1 1 4 3 3 2 2 4 1 3 2 26 11 12 12 12 13 12 13 12 12 12 12 12 12 12 12 12 12 12 12 12 12 12 12 12 12 12 12 12 12 12 12 12 12 12 12 12 12 12 12 12 12 12 12 12 12 12 12 13 12 13 12 12 12 11
253_1_1 4 5 4 8 5 0 2 3 3 2 4 2 2 4 2 2 26 11 12 12 12 12 12 12 12 12 12 12 12 12 12 12 12 12 12 12 12 13 12 13 12 12 12 12 12 12 12 12 13 12 13 12 12 12 12 12 12 12 12 12 12 12 12 12 12 12 12 12 12 12 11
254_1_1 3 7 5 7 4 0 3 4 3 3 1 3 2 2 2 3 26 11 12 12 12 12 12 12 12 12 12 12 12 12 12 13 12 13 12 12 12 12 12 12 12 12 12 12 12 12 12 12 12 12 12 12 12 12 13 12 13 12 12 12 12 12 12 12 12 12 12 12 12 12 11
255_0_3 4 5 4 5 8 1 1 5 2 3 2 3 3 2 2 2 26 11 12 12 12 12 12 13 12 13 12 12 12 12 12 12 12 12 12 12 12 12 12 12 12 12 12 12 12 12 12 12 12 12 12 12 12 12 12 12 12 12 12 12 12 12 13 12 13 12 12 12 12 12 11
256_1_1 3 7 5 7 4 0 2 4 2 4 2 3 2 2 3 2 26 11 12 12 12 12 12 12 13 12 13 12 12 12 12 12 12 12 12 12 12 12 12 12 12 12 12 12 12 12 12 12 12 12 12 12 12 12 12 12 12 12 12 12 12 13 12 13 12 12 12 12 12 12 11
258_1_1 4 5 4 8 5 0 2 4 2 4 2 3 2 2 3 2 26 11 12 12 12 12 12 12 12 12 12 12 13 12 13 12 12 12 12 12 12 12 12 12 12 12 12 12 12 12 12 12 12 12 12 12 12 12 12 12 12 13 12 13 12 12 12 12 12 12 12 12 12 12 11
259_1_3 4 4 8 5 5 1 1 5 2 3 2 3 3 2 2 2 26 11 12 12 12 12 12 12 12 12 12 12 12 12 12 12 12 12 12 12 12 12 12 12 13 12 13 12 12 13 12 13 12 12 12 12 12 12 12 12 12 12 12 12 12 12 12 12 12 12 12 12 12 12 11
260_1_3 3 7 5 7 4 1 1 5 2 3 2 3 3 2 2 2 26 11 12 12 12 12 12 12 12 12 12 12 12 13 12 13 12 12 12 12 12 12 12 12 12 12 12 12 12 12 12 12 12 12 12 12 12 12 12 12 13 12 13 12 12 12 12 12 12 12 12 12 12 12 11
263_0_1 2 6 6 6 6 0 3 3 3 3 4 1 2 3 2 2 26 12 12 12 12 11 12 12 12 12 13 12 12 12 12 13 12 12 12 12 12 12 12 12 12 12 12 12 12 12 12 12 12 12 12 12 12 12 12 12 13 12 12 12 12 13 12 12 12 12 11 12 12 12 12
264_1_1 3 7 5 7 4 0 3 4 3 3 1 3 2 2 2 3 26 11 12 12 12 12 12 12 12 12 12 12 12 12 12 13 12 12 12 12 12 12 12 12 12 12 12 13 13 12 12 12 12 12 12 12 12 12 12 12 13 12 12 12 12 12 12 12 12 12 12 12 12 12 11
265_0_3 4 5 4 5 8 1 1 2 3 4 1 4 2 2 3 3 26 11 12 12 13 12 12 12 12 12 12 12 12 12 12 12 12 12 12 12 12 12 12 12 12 12 12 13 13 12 12 12 12 12 12 12 12 12 12 12 12 12 12 12 12 12 12 12 12 12 12 13 12 12 11
265_1_5 4 5 4 8 5 1 1 4 3 3 2 2 4 1 3 2 26 11 12 12 13 12 12 12 12 12 12 12 12 12 12 12 12 12 12 12 12 12 12 12 12 12 12 13 13 12 12 12 12 12 12 12 12 12 12 12 12 12 12 12 12 12 12 12 12 12 12 13 12 12 11
267_0_3 4 5 4 5 8 0 4 4 2 3 3 2 2 3 1 2 26 12 12 12 12 11 12 12 12 12 12 12 12 12 12 12 12 12 12 12 12 12 13 12 12 13 12 12 12 12 13 12 12 13 12 12 12 12 12 12 12 12 12 12 12 12 12 12 12 12 11 12 12 12 12
268_0_3 4 5 4 5 8 0 3 4 2 3 3 2 2 4 1 2 26 11 12 12 12 12 12 12 12 12 12 13 12 12 12 12 12 12 12 12 12 12 12 12 12 12 12 13 13 12 12 12 12 12 12 12 12 12 12 12 12 12 12 12 13 12 12 12 12 12 12 12 12 12 11
269_1_1 4 5 4 8 5 1 1 1 4 2 2 4 2 3 3 3 26 12 12 12 12 11 12 12 12 12 12 12 12 12 12 12 12 12 12 12 12 12 12 13 12 13 12 12 12 12 13 12 13 12 12 12 12 12 12 12 12 12 12 12 12 12 12 12 12 12 11 12 12 12 12
270_1_3 3 7 5 7 4 1 2 2 3 2 2 1 5 3 2 3 26 11 12 12 12 13 12 12 12 12 12 12 12 12 12 12 12 12 12 12 12 12 12 12 12 12 12 13 13 12 12 12 12 12 12 12 12 12 12 12 12 12 12 12 12 12 12 12 12 12 13 12 12 12 11
271_1_1 4 4 8 5 5 0 4 3 3 2 3 3 3 1 2 2 26 12 12 12 12 11 12 12 12 12 12 12 12 12 12 12 12 12 12 12 12 12 12 12 13 13 12 12 12 12 13 13 12 12 12 12 12 12 12 12 12 12 12 12 12 12 12 12 12 12 11 12 12 12 12
272_1_1 3 7 5 7 4 1 2 1 4 1 2 3 2 3 4 3 26 11 12 12 12 12 12 12 12 12 12 12 12 12 12 12 12 12 12 12 13 12 12 12 12 12 12 13 13 12 12 12 12 12 12 13 12 12 12 12 12 12 12 12 12 12 12 12 12 12 12 12 12 12 11
273_1_3 4 4 8 5 5 1 2 2 1 3 3 2 3 2 5 2 26 12 12 12 12 11 12 12 12 12 12 12 12 12 12 12 12 12 12 13 12 12 12 12 12 13 12 12 12 12 13 12 12 12 12 12 13 12 12 12 12 12 12 12 12 12 12 12 12 12 11 12 12 12 12
274_1_3 4 5 4 8 5 1 2 2 3 2 2 1 5 3 2 3 26 11 12 12 12 12 12 12 12 12 12 12 12 12 12 12 13 12 12 12 12 12 12 12 12 12 12 13 13 12 12 12 12 12 12 12 12 12 12 13 12 12 12 12 12 12 12 12 12 12 12 12 12 12 11
275_1_3 4 5 4 8 5 1 2 2 3 2 2 1 5 3 2 3 26 11 12 12 12 12 13 12 12 12 12 12 12 12 12 12 12 12 12 12 12 12 12 12 12 12 12 13 13 12 12 12 12 12 12 12 12 12 12 12 12 12 12 12 12 12 12 12 12 13 12 12 12 12 11
277_1_1 3 7 5 7 4 0 3 2 2 4 2 2 3 4 2 2 26 11 12 12 12 12 12 12 12 12 13 12 12 12 12 12 12 12 12 12 12 12 12 12 12 12 12 13 13 12 12 12 12 12 12 12 12 12 12 12 12 12 12 12 12 13 12 12 12 12 12 12 12 12 11
279_1_1 4 5 4 8 5 1 2 1 4 1 2 3 2 3 4 3 26 11 12 12 12 12 12 12 12 13 12 12 12 12 12 12 12 12 12 12 12 12 12 12 12 12 12 13 13 12 12 12 12 12 12 12 12 12 12 12 12 12 12 12 12 12 13 12 12 12 12 12 12 12 11
280_1_3 3 5 4 6 7 1 1 1 4 1 3 3 2 3 3 3 25 11 11 11 11 11 11 11 11 11 11 11 11 12 11 11 11 11 12 11 11 11 11 11 12 11 11 11 11 11 11 12 11 11 11 11 11 12 11 11 11 11 12 11 11 11 11 11 11 11 11 11 11 11 11
280_3_3 3 7 6 4 5 1 1 1 4 1 3 3 2 3 3 3 25 11 11 11 11 11 11 11 11 11 11 11 11 12 11 11 11 11 12 11 11 11 11 11 12 11 11 11 11 11 11 12 11 11 11 11 11 12 11 11 11 11 12 11 11 11 11 11 11 11 11 11 11 11 11
281_1_3 3 5 4 6 7 1 1 1 5 1 2 3 3 3 3 2 25 11 11 11 11 11 11 11 11 11 11 12 11 11 11 11 11 11 11 11 11 11 12 11 11 11 11 12 12 11 11 11 11 12 11 11 11 11 11 11 11 11 11 11 12 11 11 11 11 11 11 11 11 11 11
281_3_3 3 7 6 4 5 1 1 1 5 1 2 3 3 3 3 2 25 11 11 11 11 11 11 11 11 11 11 12 11 11 11 11 11 11 11 11 11 11 12 11 11 11 11 12 12 11 11 11 11 12 11 11 11 11 11 11 11 11 11 11 12 11 11 11 11 11 11 11 11 11 11
282_3_1 3 6 7 4 5 1 1 3 3 1 2 4 2 4 2 2 25 11 11 11 11 11 11 11 11 11 11 11 11 11 11 11 11 12 11 12 11 12 11 11 11 11 11 11 11 11 11 11 11 11 12 11 12 11 12 11 11 11 11 11 11 11 11 11 11 11 11 11 11 11 11
284_1_1 3 7 6 6 5 1 2 1 3 4 3 1 4 3 2 3 27 12 13 13 13 13 13 13 13 13 13 13 13 13 13 13 13 13 13 14 12 14 13 13 13 13 13 13 13 13 13 13 13 13 14 12 14 13 13 13 13 13 13 13 13 13 13 13 13 13 13 13 13 13 12
286_0_3 3 5 6 6 7 1 3 1 3 3 4 3 2 1 4 2 27 12 13 13 13 13 13 13 13 13 13 13 13 13 14 12 14 13 13 13 13 13 13 13 13 13 13 13 13 13 13 13 13 13 13 13 13 13 13 14 12 14 13 13 13 13 13 13 13 13 13 13 13 13 12
287_1_1 4 5 4 8 5 0 4 3 3 3 2 2 1 2 3 3 26 11 12 13 13 12 12 12 12 12 12 12 12 12 12 12 12 12 12 12 12 12 12 12 12 12 12 12 12 12 12 12 12 12 12 12 12 12 12 12 12 12 12 12 12 12 12 12 12 12 12 13 13 12 11
288_1_3 3 7 6 6 5 1 3 1 3 4 4 1 3 2 3 2 27 12 13 13 13 13 13 13 13 13 13 13 13 13 13 13 13 13 13 13 13 13 13 13 14 12 14 13 13 14 12 14 13 13 13 13 13 13 13 13 13 13 13 13 13 13 13 13 13 13 13 13 13 13 12
289_1_1 3 6 7 5 6 1 2 3 1 4 2 2 3 4 3 2 27 13 13 13 13 12 13 13 13 13 13 13 13 13 13 13 13 14 13 13 13 13 12 13 13 13 13 14 14 13 13 13 13 12 13 13 13 13 14 13 13 13 13 13 13 13 13 13 13 13 12 13 13 13 13
290_1_1 3 5 3 7 7 1 1 4 1 2 2 3 4 2 3 2 25 11 11 11 11 11 11 11 11 11 11 11 11 11 11 12 11 11 11 11 12 11 11 11 11 12 11 11 11 11 12 11 11 11 11 12 11 11 11 11 12 11 11 11 11 11 11 11 11 11 11 11 11 11 11
292_0_5 2 6 6 6 6 1 1 4 3 3 2 2 4 1 3 2 26 11 12 12 13 13 12 12 12 12 12 12 12 12 12 12 12 12 12 12 12 12 12 12 12 12 12 12 12 12 12 12 12 12 12 12 12 12 12 12 12 12 12 12 12 12 12 12 12 12 13 13 12 12 11
294_0_3 4 5 4 5 8 1 2 2 3 2 2 1 5 3 2 3 26 11 12 12 12 12 12 12 12 12 12 12 12 12 12 12 13 13 12 12 12 12 12 12 12 12 12 12 12 12 12 12 12 12 12 12 12 12 13 13 12 12 12 12 12 12 12 12 12 12 12 12 12 12 11
295_1_1 4 5 4 8 5 0 4 2 2 2 3 4 3 2 2 2 26 11 12 12 12 12 12 12 12 12 12 12 12 12 12 12 12 12 12 12 12 12 12 13 13 12 12 12 12 12 12 13 13 12 12 12 12 12 12 12 12 12 12 12 12 12 12 12 12 12 12 12 12 12 11
297_0_1 4 5 4 5 8 0 3 4 3 3 1 3 2 2 2 3 26 11 12 12 12 12 13 13 12 12 12 12 12 12 12 12 12 12 12 12 12 12 12 12 12 12 12 12 12 12 12 12 12 12 12 12 12 12 12 12 12 12 12 12 12 12 12 12 13 13 12 12 12 12 11
297_1_3 4 5 4 8 5 1 1 2 3 4 1 4 2 2 3 3 26 11 12 12 12 12 13 13 12 12 12 12 12 12 12 12 12 12 12 12 12 12 12 12 12 12 12 12 12 12 12 12 12 12 12 12 12 12 12 12 12 12 12 12 12 12 12 12 13 13 12 12 12 12 11
299_1_1 4 5 4 8 5 0 4 2 3 2 3 3 3 2 3 1 26 11 12 12 12 12 12 12 13 13 12 12 12 12 12 12 12 12 12 12 12 12 12 12 12 12 12 12 12 12 12 12 12 12 12 12 12 12 12 12 12 12 12 12 12 12 13 13 12 12 12 12 12 12 11
303_0_1 2 6 6 6 6 0 4 3 3 3 2 2 1 2 3 3 26 11 12 12 12 12 12 12 12 12 12 12 12 12 12 12 12 12 12 12 12 12 12 12 12 13 13 12 12 13 13 12 12 12 12 12 12 12 12 12 12 12 12 12 12 12 12 12 12 12 12 12 12 12 11
305_0_3 3 6 5 7 6 1 3 2 3 1 3 5 2 3 2 2 27 12 14 13 14 12 13 13 13 13 13 13 13 13 13 13 13 13 13 13 13 13 13 13 13 13 13 13 13 13 13 13 13 13 13 13 13 13 13 13 13 13 13 13 13 13 13 13 13 13 12 14 13 14 12
306_0_3 4 5 4 6 8 1 3 1 3 3 4 3 2 1 4 2 27 12 13 13 13 13 13 13 13 13 13 13 13 13 13 13 14 13 12 14 13 13 13 13 13 13 13 13 13 13 13 13 13 13 13 13 14 12 13 14 13 13 13 13 13 13 13 13 13 13 13 13 13 13 12
307_1_1 3 5 4 6 7 1 1 3 3 1 2 4 2 4 2 2 25 11 11 11 11 11 11 11 11 11 11 11 11 11 11 11 11 12 11 12 11 11 11 12 11 11 11 11 11 11 11 11 12 11 11 11 12 11 12 11 11 11 11 11 11 11 11 11 11 11 11 11 11 11 11
308_1_1 3 5 4 7 6 1 1 4 1 2 2 3 4 2 3 2 25 11 11 11 11 11 11 11 11 11 11 11 11 11 11 11 11 11 12 12 11 11 11 11 12 11 11 11 11 11 11 12 11 11 11 11 12 12 11 11 11 11 11 11 11 11 11 11 11 11 11 11 11 11 11
309_1_1 3 5 4 6 7 0 3 2 4 2 3 3 1 3 3 1 25 11 11 11 11 11 11 11 11 11 11 11 11 11 11 11 11 11 12 12 11 11 12 11 11 11 11 11 11 11 11 11 11 12 11 11 12 12 11 11 11 11 11 11 11 11 11 11 11 11 11 11 11 11 11
310_1_1 3 5 4 6 7 0 3 3 1 2 3 4 3 2 1 3 25 11 11 11 11 11 11 11 11 11 11 11 11 11 11 11 11 12 11 12 11 11 12 11 11 11 11 11 11 11 11 11 11 12 11 11 12 11 12 11 11 11 11 11 11 11 11 11 11 11 11 11 11 11 11
311_1_1 2 7 6 5 5 0 3 2 4 2 3 3 1 3 3 1 25 11 11 11 11 11 11 11 11 11 11 11 11 11 11 12 11 11 11 11 11 11 12 11 11 12 11 11 11 11 12 11 11 12 11 11 11 11 11 11 12 11 11 11 11 11 11 11 11 11 11 11 11 11 11
312_1_1 3 5 4 7 6 1 3 1 4 4 2 1 3 2 2 2 25 11 11 11 11 11 11 11 11 11 11 11 11 11 11 11 11 12 11 12 11 11 11 11 11 11 12 11 11 12 11 11 11 11 11 11 12 11 12 11 11 11 11 11 11 11 11 11 11 11 11 11 11 11 11
313_0_3 3 4 7 5 6 1 2 1 3 4 3 1 3 3 1 3 25 11 11 11 11 11 11 11 11 11 11 11 11 11 11 11 11 11 12 12 11 11 11 11 11 11 12 11 11 12 11 11 11 11 11 11 12 12 11 11 11 11 11 11 11 11 11 11 11 11 11 11 11 11 11
313_2_3 3 6 5 7 4 1 2 1 3 4 3 1 3 3 1 3 25 11 11 11 11 11 11 11 11 11 11 11 11 11 11 11 11 11 12 12 11 11 11 11 11 11 12 11 11 12 11 11 11 11 11 11 12 12 11 11 11 11 11 11 11 11 11 11 11 11 11 11 11 11 11
314_0_3 3 4 6 5 7 1 1 3 1 3 3 1 3 3 4 2 25 11 11 11 11 11 11 11 11 11 11 11 11 11 11 11 11 12 11 11 11 12 11 11 11 11 11 12 12 11 11 11 11 11 12 11 11 11 12 11 11 11 11 11 11 11 11 11 11 11 11 11 11 11 11
314_2_3 3 7 5 6 4 1 1 3 1 3 3 1 3 3 4 2 25 11 11 11 11 11 11 11 11 11 11 11 11 11 11 11 11 12 11 11 11 12 11 11 11 11 11 12 12 11 11 11 11 11 12 11 11 11 12 11 11 11 11 11 11 11 11 11 11 11 11 11 11 11 11
315_0_3 3 4 6 5 7 1 1 3 1 3 3 1 3 3 4 2 25 11 11 11 11 11 11 11 11 11 11 11 11 11 11 11 12 11 11 11 11 11 11 12 11 11 11 12 12 11 11 11 12 11 11 11 11 11 11 12 11 11 11 11 11 11 11 11 11 11 11 11 11 11 11
315_2_3 3 7 5 6 4 1 1 3 1 3 3 1 3 3 4 2 25 11 11 11 11 11 11 11 11 11 11 11 11 11 11 11 12 11 11 11 11 11 11 12 11 11 11 12 12 11 11 11 12 11 11 11 11 11 11 12 11 11 11 11 11 11 11 11 11 11 11 11 11 11 11
316_1_1 2 6 5 7 5 1 1 4 1 2 2 3 4 2 3 2 25 11 11 11 11 11 11 11 11 11 11 11 11 11 11 12 11 11 11 11 11 11 11 11 12 12 11 11 11 11 12 12 11 11 11 11 11 11 11 11 12 11 11 11 11 11 11 11 11 11 11 11 11 11 11
317_0_3 2 5 7 5 6 1 2 1 3 4 3 1 3 3 1 3 25 11 11 11 11 11 11 11 11 11 11 11 11 11 11 12 11 11 11 11 11 11 11 11 11 12 12 11 11 12 12 11 11 11 11 11 11 11 11 11 12 11 11 11 11 11 11 11 11 11 11 11 11 11 11
317_2_3 3 5 4 8 5 1 2 1 3 4 3 1 3 3 1 3 25 11 11 11 11 11 11 11 11 11 11 11 11 11 11 12 11 11 11 11 11 11 11 11 11 12 12 11 11 12 12 11 11 11 11 11 11 11 11 11 12 11 11 11 11 11 11 11 11 11 11 11 11 11 11
318_0_3 2 5 7 5 6 1 2 1 3 2 4 3 2 1 4 2 25 11 11 11 11 11 11 11 11 11 11 11 11 11 11 12 11 11 11 11 12 11 11 11 11 11 12 11 11 12 11 11 11 11 11 12 11 11 11 11 12 11 11 11 11 11 11 11 11 11 11 11 11 11 11
318_2_3 3 5 4 8 5 1 2 1 3 2 4 3 2 1 4 2 25 11 11 11 11 11 11 11 11 11 11 11 11 11 11 12 11 11 11 11 12 11 11 11 11 11 12 11 11 12 11 11 11 11 11 12 11 11 11 11 12 11 11 11 11 11 11 11 11 11 11 11 11 11 11
319_1_1 2 7 6 5 5 1 3 1 4 4 2 1 3 2 2 2 25 11 11 11 11 11 11 11 11 11 11 11 11 11 11 12 11 11 11 11 11 11 11 11 11 12 11 12 12 11 12 11 11 11 11 11 11 11 11 11 12 11 11 11 11 11 11 11 11 11 11 11 11 11 11
320_0_3 3 4 7 5 6 1 2 1 2 4 4 1 3 2 3 2 25 11 11 11 11 11 11 11 11 11 11 11 11 11 11 11 12 11 11 11 11 12 11 12 11 11 11 11 11 11 11 11 12 11 12 11 11 11 11 12 11 11 11 11 11 11 11 11 11 11 11 11 11 11 11
320_2_3 3 6 5 7 4 1 2 1 2 4 4 1 3 2 3 2 25 11 11 11 11 11 11 11 11 11 11 11 11 11 11 11 12 11 11 11 11 12 11 12 11 11 11 11 11 11 11 11 12 11 12 11 11 11 11 12 11 11 11 11 11 11 11 11 11 11 11 11 11 11 11
321_0_3 3 4 6 5 7 1 1 4 1 2 2 2 2 4 3 3 25 11 11 11 11 11 11 11 11 11 11 11 11 11 11 11 11 12 11 12 11 11 11 11 11 11 11 12 12 11 11 11 11 11 11 11 12 11 12 11 11 11 11 11 11 11 11 11 11 11 11 11 11 11 11
321_2_3 3 7 5 6 4 1 1 4 1 2 2 2 2 4 3 3 25 11 11 11 11 11 11 11 11 11 11 11 11 11 11 11 11 12 11 12 11 11 11 11 11 11 11 12 12 11 11 11 11 11 11 11 12 11 12 11 11 11 11 11 11 11 11 11 11 11 11 11 11 11 11
322_0_3 3 4 6 5 7 1 2 1 2 4 4 1 3 2 3 2 25 11 11 11 11 11 11 11 11 11 11 11 11 11 11 11 11 12 11 11 11 12 11 12 11 11 11 11 11 11 11 11 12 11 12 11 11 11 12 11 11 11 11 11 11 11 11 11 11 11 11 11 11 11 11
322_2_3 3 7 5 6 4 1 2 1 2 4 4 1 3 2 3 2 25 11 11 11 11 11 11 11 11 11 11 11 11 11 11 11 11 12 11 11 11 12 11 12 11 11 11 11 11 11 11 11 12 11 12 11 11 11 12 11 11 11 11 11 11 11 11 11 11 11 11 11 11 11 11
323_1_1 3 5 4 7 6 1 3 1 4 4 2 1 3 2 2 2 25 11 11 11 11 11 11 11 11 11 11 11 11 11 12 11 11 11 11 11 11 11 11 11 11 11 12 12 12 12 11 11 11 11 11 11 11 11 11 11 11 12 11 11 11 11 11 11 11 11 11 11 11 11 11
324_0_3 3 6 5 7 6 1 3 1 3 4 4 1 3 2 3 2 27 12 14 13 13 13 13 13 13 13 13 13 13 13 13 13 13 13 13 13 13 13 13 13 13 12 14 13 13 14 12 13 13 13 13 13 13 13 13 13 13 13 13 13 13 13 13 13 13 13 13 13 13 14 12
325_1_1 3 5 4 7 6 1 2 2 1 4 1 2 3 4 3 2 25 11 11 11 11 11 11 11 11 11 11 11 11 11 11 11 11 12 11 11 11 12 11 11 12 11 11 11 11 11 11 12 11 11 12 11 11 11 12 11 11 11 11 11 11 11 11 11 11 11 11 11 11 11 11
326_0_3 3 6 5 7 6 1 3 1 3 3 4 3 2 1 4 2 27 12 13 13 13 13 13 13 14 13 13 13 13 13 13 12 14 13 13 13 13 13 13 13 13 13 13 13 13 13 13 13 13 13 13 13 13 13 13 14 12 13 13 13 13 13 13 14 13 13 13 13 13 13 12
327_1_1 3 6 5 8 5 0 3 1 3 3 3 3 2 3 4 2 27 12 13 13 13 13 13 13 13 13 14 13 13 13 13 13 13 13 12 14 13 13 13 13 13 13 13 13 13 13 13 13 13 13 13 13 14 12 13 13 13 13 13 13 13 14 13 13 13 13 13 13 13 13 12
328_1_3 3 6 7 5 6 1 3 2 2 2 3 1 3 5 2 3 27 12 13 13 13 13 13 13 13 14 12 13 13 13 13 13 13 13 14 13 13 13 13 13 13 13 13 13 13 13 13 13 13 13 13 13 13 14 13 13 13 13 13 13 13 12 14 13 13 13 13 13 13 13 12
329_1_3 4 4 8 5 6 1 3 1 3 4 4 1 3 2 3 2 27 12 13 13 13 13 13 13 13 13 13 13 13 14 12 13 13 13 13 13 13 13 13 13 13 13 14 13 13 14 13 13 13 13 13 13 13 13 13 13 13 12 14 13 13 13 13 13 13 13 13 13 13 13 12
330_1_3 4 5 4 8 6 1 2 4 2 4 3 2 2 1 4 2 27 12 13 13 13 13 13 13 13 13 13 13 13 12 14 13 13 13 13 13 13 13 13 13 13 13 14 13 13 14 13 13 13 13 13 13 13 13 13 13 13 14 12 13 13 13 13 13 13 13 13 13 13 13 12
331_3_1 3 7 6 4 5 1 3 1 4 4 2 1 3 2 2 2 25 11 11 11 11 11 11 11 11 11 11 11 11 11 11 11 11 11 12 12 11 11 11 11 11 11 11 12 12 11 11 11 11 11 11 11 12 12 11 11 11 11 11 11 11 11 11 11 11 11 11 11 11 11 11
333_0_3 3 5 6 6 7 1 2 3 2 2 2 2 2 3 3 5 27 13 13 13 13 12 13 13 13 13 13 13 13 13 13 13 13 14 13 14 13 13 12 13 13 13 13 13 13 13 13 13 13 12 13 13 14 13 14 13 13 13 13 13 13 13 13 13 13 13 12 13 13 13 13
333_1_5 3 7 6 6 5 1 5 3 3 2 2 2 2 2 3 2 27 13 13 13 13 12 13 13 13 13 13 13 13 13 13 13 13 14 13 14 13 13 12 13 13 13 13 13 13 13 13 13 13 12 13 13 14 13 14 13 13 13 13 13 13 13 13 13 13 13 12 13 13 13 13
334_1_1 4 4 8 5 6 1 2 3 1 4 2 2 3 4 3 2 27 12 13 13 13 13 14 13 13 13 13 12 14 13 13 13 13 13 13 13 13 13 13 13 13 13 13 13 13 13 13 13 13 13 13 13 13 13 13 13 13 13 13 14 12 13 13 13 13 14 13 13 13 13 12
335_0_3 4 4 6 5 8 1 3 2 3 1 3 5 2 3 2 2 27 12 13 13 13 13 12 14 13 13 13 13 13 13 13 13 13 13 13 13 13 13 13 13 14 13 13 13 13 13 13 14 13 13 13 13 13 13 13 13 13 13 13 13 13 13 13 13 14 12 13 13 13 13 12
336_0_3 3 6 5 7 6 1 3 1 3 4 4 1 3 2 3 2 27 12 13 13 13 13 13 13 13 13 13 13 13 14 13 13 13 13 13 13 13 13 13 13 13 12 14 13 13 14 12 13 13 13 13 13 13 13 13 13 13 13 14 13 13 13 13 13 13 13 13 13 13 13 12
337_0_3 4 5 4 6 8 1 3 1 3 3 4 3 2 1 4 2 27 12 13 13 13 13 14 13 13 13 13 13 13 13 13 13 13 13 12 14 13 13 13 13 13 13 13 13 13 13 13 13 13 13 13 13 14 12 13 13 13 13 13 13 13 13 13 13 13 14 13 13 13 13 12
338_1_1 3 6 7 5 6 1 2 1 3 2 4 3 2 2 5 2 27 13 13 13 13 12 13 13 13 13 13 13 13 13 13 14 13 13 13 13 12 13 14 13 13 13 13 13 13 13 13 13 13 14 13 12 13 13 13 13 14 13 13 13 13 13 13 13 13 13 12 13 13 13 13
339_1_3 3 6 7 5 6 1 2 2 4 3 2 2 5 2 2 2 27 13 13 13 13 12 13 13 13 13 13 13 13 13 13 14 13 13 13 13 12 13 13 14 13 13 13 13 13 13 13 13 14 13 13 12 13 13 13 13 14 13 13 13 13 13 13 13 13 13 12 13 13 13 13
341_0_3 3 5 6 6 7 1 2 4 4 2 2 4 1 3 2 2 27 13 13 13 13 12 13 13 13 13 13 13 13 13 13 14 13 13 13 13 12 13 13 13 13 13 14 13 13 14 13 13 13 13 13 12 13 13 13 13 14 13 13 13 13 13 13 13 13 13 12 13 13 13 13
342_0_3 3 5 6 6 7 1 1 4 2 4 3 3 2 1 3 3 27 13 13 13 13 12 13 13 13 13 13 13 13 13 13 14 13 13 13 14 12 13 13 13 13 13 13 13 13 13 13 13 13 13 13 12 14 13 13 13 14 13 13 13 13 13 13 13 13 13 12 13 13 13 13
343_0_3 4 5 4 6 8 1 2 2 5 2 2 4 2 3 2 2 27 12 13 13 13 13 13 13 13 13 13 13 13 13 13 13 13 13 12 14 13 13 13 13 14 13 13 13 13 13 13 14 13 13 13 13 14 12 13 13 13 13 13 13 13 13 13 13 13 13 13 13 13 13 12
344_1_1 4 5 4 8 6 1 2 3 5 2 2 4 1 3 2 2 27 12 13 13 13 13 13 13 13 13 13 14 13 13 13 13 13 13 12 14 13 13 13 13 13 13 13 13 13 13 13 13 13 13 13 13 14 12 13 13 13 13 13 13 14 13 13 13 13 13 13 13 13 13 12
345_1_3 3 6 5 8 5 1 3 1 3 3 4 3 2 1 4 2 27 12 13 13 13 14 13 13 13 13 13 13 13 13 13 13 13 13 12 14 13 13 13 13 13 13 13 13 13 13 13 13 13 13 13 13 14 12 13 13 13 13 13 13 13 13 13 13 13 13 14 13 13 13 12
346_1_3 4 5 4 8 6 1 4 2 1 4 3 4 2 2 2 2 27 12 13 13 13 13 13 13 13 13 13 13 13 13 14 13 13 13 12 14 13 13 13 13 13 13 13 13 13 13 13 13 13 13 13 13 14 12 13 13 13 14 13 13 13 13 13 13 13 13 13 13 13 13 12
347_1_3 3 6 5 8 5 1 4 2 1 4 3 4 2 2 2 2 27 12 13 13 13 13 13 13 13 13 13 13 13 13 13 13 13 13 12 14 13 13 13 13 13 14 13 13 13 13 14 13 13 13 13 13 14 12 13 13 13 13 13 13 13 13 13 13 13 13 13 13 13 13 12
348_1_3 3 7 5 7 5 1 2 4 2 4 3 2 2 1 4 2 27 12 13 13 13 13 13 13 14 12 13 13 13 13 13 13 13 13 14 13 13 13 13 13 13 13 13 13 13 13 13 13 13 13 13 13 13 14 13 13 13 13 13 13 13 13 12 14 13 13 13 13 13 13 12
350_0_3 3 5 7 5 7 1 4 2 1 4 3 4 2 2 2 2 27 12 13 14 12 13 13 13 14 13 13 13 13 13 13 13 13 13 13 13 13 13 13 13 13 13 13 13 13 13 13 13 13 13 13 13 13 13 13 13 13 13 13 13 13 13 13 14 13 13 13 12 14 13 12
351_0_3 4 5 4 6 8 1 2 5 2 4 2 2 2 2 3 2 27 12 13 13 13 13 13 13 12 14 13 13 13 13 13 13 14 13 13 13 13 13 13 13 13 13 13 13 13 13 13 13 13 13 13 13 13 13 13 14 13 13 13 13 13 13 14 12 13 13 13 13 13 13 12
352_1_1 3 6 7 5 6 1 1 3 3 3 2 3 4 1 4 2 27 12 13 13 14 12 13 13 14 13 13 13 13 13 13 13 13 13 13 13 13 13 13 13 13 13 13 13 13 13 13 13 13 13 13 13 13 13 13 13 13 13 13 13 13 13 13 14 13 13 12 14 13 13 12
353_1_1 4 4 8 5 6 1 1 4 2 3 2 3 4 2 3 2 27 12 13 13 13 13 13 13 13 13 13 12 14 13 13 13 13 13 13 13 13 13 13 13 14 13 13 13 13 13 13 14 13 13 13 13 13 13 13 13 13 13 13 14 12 13 13 13 13 13 13 13 13 13 12
354_0_3 3 5 7 5 7 1 2 1 4 3 3 3 3 1 3 3 27 12 14 13 13 13 13 13 13 13 13 12 14 13 13 13 13 13 13 13 13 13 13 13 13 13 13 13 13 13 13 13 13 13 13 13 13 13 13 13 13 13 13 14 12 13 13 13 13 13 13 13 13 14 12
354_1_5 3 7 5 7 5 1 2 3 2 2 3 3 2 5 2 2 27 12 14 13 13 13 13 13 13 13 13 12 14 13 13 13 13 13 13 13 13 13 13 13 13 13 13 13 13 13 13 13 13 13 13 13 13 13 13 13 13 13 13 14 12 13 13 13 13 13 13 13 13 14 12
355_1_1 3 6 7 5 6 1 1 3 3 3 4 2 3 1 3 3 27 13 13 13 13 12 13 13 13 13 13 12 13 13 13 13 14 13 13 13 13 13 13 14 13 13 13 13 13 13 13 13 14 13 13 13 13 13 13 14 13 13 13 13 12 13 13 13 13 13 12 13 13 13 13
356_0_3 4 4 6 5 8 1 2 1 4 3 3 3 3 1 3 3 27 12 14 13 13 13 13 13 13 13 13 13 13 13 13 13 13 13 13 13 13 13 12 14 13 13 13 13 13 13 13 13 14 12 13 13 13 13 13 13 13 13 13 13 13 13 13 13 13 13 13 13 13 14 12
356_1_5 4 4 8 5 6 1 2 3 2 2 3 3 2 5 2 2 27 12 14 13 13 13 13 13 13 13 13 13 13 13 13 13 13 13 13 13 13 13 12 14 13 13 13 13 13 13 13 13 14 12 13 13 13 13 13 13 13 13 13 13 13 13 13 13 13 13 13 13 13 14 12
357_1_3 3 6 7 5 6 1 3 1 3 4 4 1 3 2 3 2 27 12 13 13 13 13 13 14 13 13 13 13 13 13 13 13 13 13 13 13 13 13 13 13 14 12 13 13 13 13 12 14 13 13 13 13 13 13 13 13 13 13 13 13 13 13 13 13 14 13 13 13 13 13 12
359_1_1 3 7 5 7 5 1 1 5 3 3 2 3 2 3 1 3 27 12 13 13 13 13 13 13 13 13 13 13 13 14 13 13 13 13 13 13 13 12 14 13 13 13 13 13 13 13 13 13 13 14 12 13 13 13 13 13 13 13 14 13 13 13 13 13 13 13 13 13 13 13 12
361_1_1 4 5 4 8 6 1 1 5 3 3 2 3 2 3 1 3 27 12 13 13 13 13 13 13 13 13 13 14 12 13 13 13 13 13 13 13 13 13 13 13 14 13 13 13 13 13 13 14 13 13 13 13 13 13 13 13 13 13 13 12 14 13 13 13 13 13 13 13 13 13 12
363_1_1 4 5 4 8 6 0 3 1 3 3 3 3 2 3 4 2 27 12 13 13 13 13 13 13 13 13 13 13 13 13 13 13 13 13 12 14 13 14 13 13 13 13 13 13 13 13 13 13 13 13 14 13 14 12 13 13 13 13 13 13 13 13 13 13 13 13 13 13 13 13 12
364_1_3 3 6 7 5 6 1 2 2 5 2 2 4 2 3 2 2 27 12 14 13 13 13 13 13 13 13 13 13 13 13 14 12 13 13 13 13 13 13 13 13 13 13 13 13 13 13 13 13 13 13 13 13 13 13 13 13 12 14 13 13 13 13 13 13 13 13 13 13 13 14 12
366_0_3 4 5 4 6 8 1 3 1 3 3 4 3 2 1 4 2 27 12 13 13 13 13 14 12 13 13 13 13 13 13 14 13 13 13 13 13 13 13 13 13 13 13 13 13 13 13 13 13 13 13 13 13 13 13 13 13 13 14 13 13 13 13 13 13 12 14 13 13 13 13 12
367_0_3 3 6 5 7 6 1 2 1 4 2 4 3 2 2 4 2 27 12 14 13 13 13 13 13 13 13 13 13 13 13 13 13 13 13 13 13 13 13 13 13 14 12 13 13 13 13 12 14 13 13 13 13 13 13 13 13 13 13 13 13 13 13 13 13 13 13 13 13 13 14 12
368_1_1 3 6 7 5 6 0 3 3 3 3 4 1 3 2 3 2 27 12 14 13 13 12 14 13 13 13 13 13 13 13 13 13 13 13 13 13 13 13 13 13 13 13 13 13 13 13 13 13 13 13 13 13 13 13 13 13 13 13 13 13 13 13 13 13 13 14 12 13 13 14 12
370_1_1 3 6 7 5 6 1 3 2 1 3 2 3 1 3 4 4 27 12 13 13 14 12 13 14 13 13 13 13 13 13 13 13 13 13 13 13 13 13 13 13 13 13 13 13 13 13 13 13 13 13 13 13 13 13 13 13 13 13 13 13 13 13 13 13 14 13 12 14 13 13 12
372_1_1 4 4 8 5 6 0 3 1 3 3 3 3 2 3 4 2 27 12 13 13 13 13 13 12 14 13 13 13 13 13 13 13 13 13 13 13 13 13 13 14 13 13 13 13 13 13 13 13 14 13 13 13 13 13 13 13 13 13 13 13 13 13 13 14 12 13 13 13 13 13 12
374_0_1 3 6 5 7 6 1 3 1 4 3 1 3 4 3 2 2 27 12 13 13 13 13 13 13 13 13 13 13 13 13 13 13 13 14 13 14 12 13 13 13 13 13 13 13 13 13 13 13 13 13 13 12 14 13 14 13 13 13 13 13 13 13 13 13 13 13 13 13 13 13 12
376_0_1 3 6 5 7 6 0 3 2 2 4 2 3 2 4 3 2 27 12 13 13 13 13 13 13 13 13 13 13 13 13 13 13 13 13 14 13 13 13 13 13 14 12 13 13 13 13 12 14 13 13 13 13 13 14 13 13 13 13 13 13 13 13 13 13 13 13 13 13 13 13 12
377_0_1 4 4 6 5 8 0 4 2 2 2 2 4 3 3 3 2 27 12 13 13 13 13 13 13 13 13 13 13 13 13 14 13 13 13 13 13 13 13 13 13 13 13 12 14 14 12 13 13 13 13 13 13 13 13 13 13 13 14 13 13 13 13 13 13 13 13 13 13 13 13 12
378_0_1 3 5 8 5 6 1 2 4 3 4 1 3 2 1 3 3 27 12 13 13 13 13 13 13 13 13 13 13 13 12 14 13 13 13 13 13 13 13 13 13 13 14 13 13 13 13 14 13 13 13 13 13 13 13 13 13 13 14 12 13 13 13 13 13 13 13 13 13 13 13 12
380_0_1 4 4 6 5 8 1 1 3 4 1 4 2 3 3 3 2 27 12 13 13 13 13 14 13 13 13 13 13 13 14 12 13 13 13 13 13 13 13 13 13 13 13 13 13 13 13 13 13 13 13 13 13 13 13 13 13 13 12 14 13 13 13 13 13 13 14 13 13 13 13 12
381_0_1 4 5 4 6 8 0 3 3 3 3 4 1 3 2 3 2 27 12 13 13 13 13 13 13 13 13 13 13 13 13 13 13 14 12 13 13 13 13 13 13 14 13 13 13 13 13 13 14 13 13 13 13 13 13 12 14 13 13 13 13 13 13 13 13 13 13 13 13 13 13 12
383_0_1 4 4 6 5 8 1 1 3 4 1 4 2 3 3 3 2 27 12 14 13 13 14 13 13 13 13 13 13 13 13 13 13 13 13 13 13 13 13 13 13 13 12 13 13 13 13 12 13 13 13 13 13 13 13 13 13 13 13 13 13 13 13 13 13 13 13 14 13 13 14 12
384_0_1 3 5 5 6 8 1 1 3 2 4 1 3 4 3 2 3 27 12 13 13 13 13 13 12 14 13 13 13 13 13 13 13 13 13 13 13 14 13 13 13 13 13 13 13 13 13 13 13 13 13 13 14 13 13 13 13 13 13 13 13 13 13 13 14 12 13 13 13 13 13 12
385_0_1 3 6 5 7 6 1 1 3 3 4 2 3 3 1 4 2 27 12 13 13 13 13 13 13 13 13 13 13 14 13 13 12 14 13 13 13 13 13 13 13 13 13 13 13 13 13 13 13 13 13 13 13 13 13 13 14 12 13 13 14 13 13 13 13 13 13 13 13 13 13 12
387_0_1 3 5 6 6 7 1 1 4 1 3 3 2 3 3 4 2 27 12 13 13 13 13 13 13 13 13 13 13 13 13 14 13 13 13 13 13 13 13 13 13 13 12 14 13 13 14 12 13 13 13 13 13 13 13 13 13 13 14 13 13 13 13 13 13 13 13 13 13 13 13 12
389_0_1 4 4 6 5 8 1 1 3 3 5 1 3 3 2 2 3 27 12 13 13 13 13 13 13 13 13 13 14 13 13 13 13 12 14 13 13 13 13 13 13 13 13 13 13 13 13 13 13 13 13 13 13 13 13 14 12 13 13 13 13 14 13 13 13 13 13 13 13 13 13 12
391_0_1 3 6 5 7 6 1 1 3 3 5 1 3 3 2 2 3 27 12 13 13 13 12 14 13 13 13 13 13 13 13 13 13 13 13 13 13 13 13 14 13 13 13 13 13 13 13 13 13 13 14 13 13 13 13 13 13 13 13 13 13 13 13 13 13 13 14 12 13 13 13 12
393_0_1 3 6 5 7 6 1 1 3 3 3 4 2 3 1 3 3 27 13 13 13 13 12 13 13 13 13 13 12 14 13 13 13 14 13 13 13 13 13 13 13 13 13 13 13 13 13 13 13 13 13 13 13 13 13 13 14 13 13 13 14 12 13 13 13 13 13 12 13 13 13 13
393_1_3 3 6 7 5 6 1 2 2 3 3 4 1 3 4 2 2 27 13 13 13 13 12 13 13 13 13 13 12 14 13 13 13 14 13 13 13 13 13 13 13 13 13 13 13 13 13 13 13 13 13 13 13 13 13 13 14 13 13 13 14 12 13 13 13 13 13 12 13 13 13 13
394_0_5 4 5 4 6 8 1 2 3 2 2 3 3 2 5 2 2 27 12 13 13 13 13 13 13 13 14 13 13 13 13 13 13 13 13 13 13 13 14 12 13 13 13 13 13 13 13 13 13 13 12 14 13 13 13 13 13 13 13 13 13 13 13 14 13 13 13 13 13 13 13 12
395_0_1 3 6 5 7 6 1 1 3 3 3 4 2 3 1 3 3 27 13 13 13 13 12 13 13 13 13 13 13 13 13 13 13 13 14 13 13 13 13 12 14 13 13 13 13 13 13 13 13 14 12 13 13 13 13 14 13 13 13 13 13 13 13 13 13 13 13 12 13 13 13 13
395_1_3 3 6 7 5 6 1 2 2 3 3 4 1 3 4 2 2 27 13 13 13 13 12 13 13 13 13 13 13 13 13 13 13 13 14 13 13 13 13 12 14 13 13 13 13 13 13 13 13 14 12 13 13 13 13 14 13 13 13 13 13 13 13 13 13 13 13 12 13 13 13 13
396_0_5 4 4 6 5 8 1 2 3 2 2 3 3 2 5 2 2 27 12 13 13 13 13 13 13 13 14 13 12 14 13 13 13 13 13 13 13 13 13 13 13 13 13 13 13 13 13 13 13 13 13 13 13 13 13 13 13 13 13 13 14 12 13 14 13 13 13 13 13 13 13 12
397_0_1 3 5 5 6 8 1 1 4 2 3 2 3 4 2 3 2 27 12 13 13 13 13 13 13 13 13 13 13 13 13 13 13 13 13 13 13 14 13 12 14 13 13 13 13 13 13 13 13 14 12 13 14 13 13 13 13 13 13 13 13 13 13 13 13 13 13 13 13 13 13 12
397_1_3 3 8 6 5 5 1 2 1 4 3 3 3 3 1 3 3 27 12 13 13 13 13 13 13 13 13 13 13 13 13 13 13 13 13 13 13 14 13 12 14 13 13 13 13 13 13 13 13 14 12 13 14 13 13 13 13 13 13 13 13 13 13 13 13 13 13 13 13 13 13 12
398_0_5 4 4 6 5 8 1 2 3 2 2 3 3 2 5 2 2 27 12 13 13 13 13 13 13 13 13 13 13 13 14 13 13 13 13 13 13 13 13 12 14 13 13 13 13 13 13 13 13 14 12 13 13 13 13 13 13 13 13 14 13 13 13 13 13 13 13 13 13 13 13 12
399_0_1 3 5 5 6 8 1 1 4 2 3 2 3 4 2 3 2 27 12 13 13 13 13 13 13 13 13 14 12 13 13 13 13 13 13 13 13 13 13 13 13 14 13 13 13 13 13 13 14 13 13 13 13 13 13 13 13 13 13 13 13 12 14 13 13 13 13 13 13 13 13 12
399_1_3 3 8 6 5 5 1 2 1 4 3 3 3 3 1 3 3 27 12 13 13 13 13 13 13 13 13 14 12 13 13 13 13 13 13 13 13 13 13 13 13 14 13 13 13 13 13 13 14 13 13 13 13 13 13 13 13 13 13 13 13 12 14 13 13 13 13 13 13 13 13 12
400_0_5 4 5 4 6 8 1 2 3 2 2 3 3 2 5 2 2 27 12 13 13 13 13 13 13 13 13 13 13 13 13 13 13 13 13 13 13 13 14 12 13 14 13 13 13 13 13 13 14 13 12 14 13 13 13 13 13 13 13 13 13 13 13 13 13 13 13 13 13 13 13 12
401_0_1 4 4 6 5 8 0 4 2 3 4 3 2 1 2 3 3 27 12 13 13 13 13 13 13 13 13 13 13 13 13 13 13 14 13 13 13 13 12 14 13 13 13 13 13 13 13 13 13 13 14 12 13 13 13 13 14 13 13 13 13 13 13 13 13 13 13 13 13 13 13 12
402_0_1 3 6 5 7 6 0 4 2 3 4 3 2 1 2 3 3 27 12 13 13 13 13 13 13 13 13 12 14 13 13 13 13 13 14 13 13 13 13 13 13 13 13 13 13 13 13 13 13 13 13 13 13 13 13 14 13 13 13 13 13 14 12 13 13 13 13 13 13 13 13 12
403_0_1 3 5 6 6 7 0 4 2 3 4 3 2 1 2 3 3 27 12 13 13 13 13 14 13 13 13 12 14 13 13 13 13 13 13 13 13 13 13 13 13 13 13 13 13 13 13 13 13 13 13 13 13 13 13 13 13 13 13 13 13 14 12 13 13 13 14 13 13 13 13 12
404_0_1 4 4 6 5 8 0 3 3 2 1 3 3 4 3 2 3 27 12 13 13 13 13 13 13 13 13 13 13 13 13 13 13 13 14 13 12 13 14 13 13 13 13 13 13 13 13 13 13 13 13 14 13 12 13 14 13 13 13 13 13 13 13 13 13 13 13 13 13 13 13 12
405_1_1 3 7 6 6 5 1 3 1 3 4 1 3 3 4 2 2 27 12 13 13 14 13 13 13 13 14 12 13 13 13 13 13 13 13 13 13 13 13 13 13 13 13 13 13 13 13 13 13 13 13 13 13 13 13 13 13 13 13 13 13 13 12 14 13 13 13 13 14 13 13 12
406_1_1 4 4 8 5 6 0 4 2 3 4 3 2 1 2 3 3 27 12 13 13 13 13 13 13 13 13 13 13 13 13 13 13 13 14 13 13 13 13 14 12 13 13 13 13 13 13 13 13 12 14 13 13 13 13 14 13 13 13 13 13 13 13 13 13 13 13 13 13 13 13 12
407_1_1 4 4 8 5 6 1 3 1 3 4 1 3 3 4 2 2 27 12 13 13 13 13 13 14 13 13 13 13 12 14 13 13 13 13 13 13 13 13 13 13 13 13 13 13 13 13 13 13 13 13 13 13 13 13 13 13 13 13 14 12 13 13 13 13 14 13 13 13 13 13 12
408_1_1 3 8 6 5 5 0 4 2 3 4 3 2 1 2 3 3 27 12 13 13 13 14 13 13 13 13 13 13 13 13 13 13 13 13 13 13 13 13 14 12 13 13 13 13 13 13 13 13 12 14 13 13 13 13 13 13 13 13 13 13 13 13 13 13 13 13 14 13 13 13 12
410_0_1 4 4 6 5 8 1 1 3 4 1 4 2 3 3 3 2 27 12 13 13 13 13 13 13 13 13 13 13 13 14 12 13 14 13 13 13 13 13 13 13 13 13 13 13 13 13 13 13 13 13 13 13 13 13 13 14 13 12 14 13 13 13 13 13 13 13 13 13 13 13 12
411_0_1 3 5 6 6 7 0 3 3 3 3 4 1 3 2 3 2 27 12 13 13 13 12 14 13 13 13 13 13 13 13 13 13 13 13 13 13 13 13 13 13 14 13 13 13 13 13 13 14 13 13 13 13 13 13 13 13 13 13 13 13 13 13 13 13 13 14 12 13 13 13 12
413_0_1 3 5 5 6 8 0 3 3 1 3 2 3 3 4 3 2 27 12 13 13 13 13 13 13 13 12 14 13 13 13 13 13 13 13 13 13 13 14 13 13 13 13 13 13 13 13 13 13 13 13 14 13 13 13 13 13 13 13 13 13 13 14 12 13 13 13 13 13 13 13 12
414_0_1 4 4 6 5 8 0 3 3 1 3 2 3 3 4 3 2 27 12 13 13 13 13 13 13 13 13 13 13 14 12 13 13 13 13 13 13 13 13 13 14 13 13 13 13 13 13 13 13 14 13 13 13 13 13 13 13 13 13 12 14 13 13 13 13 13 13 13 13 13 13 12
415_0_1 3 6 5 7 6 0 3 3 1 3 2 3 3 4 3 2 27 12 13 13 13 13 13 13 13 13 13 13 14 13 13 13 13 13 13 13 12 14 13 13 13 13 13 13 13 13 13 13 13 13 14 12 13 13 13 13 13 13 13 14 13 13 13 13 13 13 13 13 13 13 12
416_0_1 3 6 5 7 6 1 2 3 1 4 2 2 3 4 3 2 27 13 13 13 13 12 13 13 13 13 13 12 13 13 13 13 14 14 13 13 13 13 13 13 13 13 13 13 13 13 13 13 13 13 13 13 13 13 14 14 13 13 13 13 12 13 13 13 13 13 12 13 13 13 13
416_1_3 3 6 7 5 6 1 2 3 4 3 2 2 4 1 3 2 27 13 13 13 13 12 13 13 13 13 13 12 13 13 13 13 14 14 13 13 13 13 13 13 13 13 13 13 13 13 13 13 13 13 13 13 13 13 14 14 13 13 13 13 12 13 13 13 13 13 12 13 13 13 13
417_0_5 3 5 8 5 6 1 3 2 3 5 2 2 2 3 2 2 27 12 13 13 13 13 13 13 13 13 14 13 13 13 13 13 13 13 13 13 13 14 12 13 13 13 13 13 13 13 13 13 13 12 14 13 13 13 13 13 13 13 13 13 13 14 13 13 13 13 13 13 13 13 12
418_0_1 4 4 6 5 8 1 1 3 3 3 4 2 3 1 3 3 27 12 13 13 13 13 13 13 13 13 13 13 14 13 13 13 13 13 13 13 13 13 12 14 13 13 13 13 13 13 13 13 14 12 13 13 13 13 13 13 13 13 13 14 13 13 13 13 13 13 13 13 13 13 12
418_1_3 4 4 8 5 6 1 2 2 3 3 4 1 3 4 2 2 27 12 13 13 13 13 13 13 13 13 13 13 14 13 13 13 13 13 13 13 13 13 12 14 13 13 13 13 13 13 13 13 14 12 13 13 13 13 13 13 13 13 13 14 13 13 13 13 13 13 13 13 13 13 12
419_0_5 4 4 6 5 8 1 3 2 3 5 2 2 2 3 2 2 27 12 13 13 13 13 13 13 13 13 13 12 14 13 13 13 13 13 13 13 13 14 13 13 13 13 13 13 13 13 13 13 13 13 14 13 13 13 13 13 13 13 13 14 12 13 13 13 13 13 13 13 13 13 12
420_0_1 3 6 5 7 6 0 3 3 3 4 2 3 1 2 3 3 27 12 13 13 13 12 14 13 13 13 13 13 13 13 13 13 13 14 13 13 13 13 13 13 13 13 13 13 13 13 13 13 13 13 13 13 13 13 14 13 13 13 13 13 13 13 13 13 13 14 12 13 13 13 12
421_0_1 3 5 6 6 7 1 1 4 3 3 2 3 3 3 1 3 27 13 13 13 13 12 13 13 13 13 13 12 13 13 14 13 14 13 13 13 13 13 13 13 13 13 13 13 13 13 13 13 13 13 13 13 13 13 13 14 13 14 13 13 12 13 13 13 13 13 12 13 13 13 13
421_1_3 3 7 6 6 5 1 2 3 2 2 2 2 2 3 3 5 27 13 13 13 13 12 13 13 13 13 13 12 13 13 14 13 14 13 13 13 13 13 13 13 13 13 13 13 13 13 13 13 13 13 13 13 13 13 13 14 13 14 13 13 12 13 13 13 13 13 12 13 13 13 13
423_0_1 3 5 5 6 8 1 2 3 1 4 2 2 3 4 3 2 27 12 13 13 13 14 13 13 13 13 13 13 13 13 13 13 13 13 13 13 13 13 12 14 13 13 13 13 13 13 13 13 14 12 13 13 13 13 13 13 13 13 13 13 13 13 13 13 13 13 14 13 13 13 12
423_1_3 3 8 6 5 5 1 2 3 4 3 2 2 4 1 3 2 27 12 13 13 13 14 13 13 13 13 13 13 13 13 13 13 13 13 13 13 13 13 12 14 13 13 13 13 13 13 13 13 14 12 13 13 13 13 13 13 13 13 13 13 13 13 13 13 13 13 14 13 13 13 12
424_0_5 4 4 6 5 8 1 3 1 3 4 3 3 1 3 3 2 27 12 13 13 13 13 13 13 13 13 13 12 14 13 13 13 14 13 13 13 13 13 13 13 13 13 13 13 13 13 13 13 13 13 13 13 13 13 13 14 13 13 13 14 12 13 13 13 13 13 13 13 13 13 12
425_0_1 4 5 4 6 8 1 2 3 1 4 2 2 3 4 3 2 27 12 13 13 13 13 14 13 13 13 13 13 13 13 13 13 13 13 13 13 13 14 12 13 13 13 13 13 13 13 13 13 13 12 14 13 13 13 13 13 13 13 13 13 13 13 13 13 13 14 13 13 13 13 12
425_1_3 4 5 4 8 6 1 2 3 4 3 2 2 4 1 3 2 27 12 13 13 13 13 14 13 13 13 13 13 13 13 13 13 13 13 13 13 13 14 12 13 13 13 13 13 13 13 13 13 13 12 14 13 13 13 13 13 13 13 13 13 13 13 13 13 13 14 13 13 13 13 12
426_0_5 4 5 4 5 8 1 1 4 3 3 2 2 4 1 3 2 26 11 12 12 12 12 12 12 12 12 12 12 12 12 12 12 12 12 12 12 12 12 12 12 12 12 13 13 13 13 12 12 12 12 12 12 12 12 12 12 12 12 12 12 12 12 12 12 12 12 12 12 12 12 11
427_0_1 3 5 6 6 7 0 4 2 2 2 2 4 3 3 3 2 27 12 13 13 13 13 13 13 13 13 13 13 13 13 13 12 14 13 13 14 13 13 13 13 13 13 13 13 13 13 13 13 13 13 13 13 14 13 13 14 12 13 13 13 13 13 13 13 13 13 13 13 13 13 12
428_0_1 3 5 6 6 7 1 1 3 4 1 4 2 3 3 3 2 27 12 13 13 13 13 13 13 13 13 13 13 13 13 13 13 14 13 13 13 13 13 13 13 14 12 13 13 13 13 12 14 13 13 13 13 13 13 13 14 13 13 13 13 13 13 13 13 13 13 13 13 13 13 12
429_0_1 4 5 4 6 8 0 4 2 3 4 3 1 3 3 2 2 27 12 13 13 13 13 13 13 13 13 13 14 12 13 14 13 13 13 13 13 13 13 13 13 13 13 13 13 13 13 13 13 13 13 13 13 13 13 13 13 13 14 13 12 14 13 13 13 13 13 13 13 13 13 12
430_0_1 3 5 5 6 8 1 1 5 2 3 2 3 4 2 2 2 27 12 13 13 12 14 13 13 13 13 13 14 13 13 13 13 13 13 13 13 13 13 13 13 13 13 13 13 13 13 13 13 13 13 13 13 13 13 13 13 13 13 13 13 14 13 13 13 13 13 14 12 13 13 12
430_1_1 3 8 6 5 5 1 1 5 2 3 2 3 4 2 2 2 27 12 13 13 12 14 13 13 13 13 13 14 13 13 13 13 13 13 13 13 13 13 13 13 13 13 13 13 13 13 13 13 13 13 13 13 13 13 13 13 13 13 13 13 14 13 13 13 13 13 14 12 13 13 12
431_0_1 3 5 5 6 8 0 4 2 3 3 3 2 3 3 3 1 27 12 13 13 13 13 13 13 13 12 14 13 13 13 13 13 13 13 13 13 13 13 13 13 13 13 14 13 13 14 13 13 13 13 13 13 13 13 13 13 13 13 13 13 13 14 12 13 13 13 13 13 13 13 12
432_1_1 4 4 8 5 6 1 1 3 2 4 1 3 4 3 2 3 27 12 13 13 13 13 13 12 14 13 13 13 13 14 13 13 13 13 13 13 13 13 13 13 13 13 13 13 13 13 13 13 13 13 13 13 13 13 13 13 13 13 14 13 13 13 13 14 12 13 13 13 13 13 12
433_1_1 4 4 8 5 6 0 3 2 2 4 2 3 2 4 3 2 27 12 13 13 13 13 13 14 12 13 13 13 13 14 13 13 13 13 13 13 13 13 13 13 13 13 13 13 13 13 13 13 13 13 13 13 13 13 13 13 13 13 14 13 13 13 13 12 14 13 13 13 13 13 12
434_0_5 3 5 5 6 8 1 5 3 3 2 2 2 2 2 3 2 27 12 13 13 13 13 13 13 13 13 14 12 13 13 13 13 13 13 13 14 13 13 13 13 13 13 13 13 13 13 13 13 13 13 13 13 14 13 13 13 13 13 13 13 12 14 13 13 13 13 13 13 13 13 12
435_0_1 3 6 5 7 6 1 2 2 3 2 5 3 1 3 2 3 27 12 13 13 14 12 13 13 13 13 13 13 13 14 13 13 13 13 13 13 13 13 13 13 13 13 13 13 13 13 13 13 13 13 13 13 13 13 13 13 13 13 14 13 13 13 13 13 13 13 12 14 13 13 12
436_0_1 3 6 5 7 6 1 2 1 3 3 2 1 4 4 2 4 27 12 13 13 13 13 13 13 13 13 13 13 13 13 13 13 13 13 13 13 13 13 14 13 13 12 14 13 13 14 12 13 13 14 13 13 13 13 13 13 13 13 13 13 13 13 13 13 13 13 13 13 13 13 12
436_1_1 3 6 7 5 6 1 2 1 3 3 2 1 4 4 2 4 27 12 13 13 13 13 13 13 13 13 13 13 13 13 13 13 13 13 13 13 13 13 14 13 13 12 14 13 13 14 12 13 13 14 13 13 13 13 13 13 13 13 13 13 13 13 13 13 13 13 13 13 13 13 12
437_0_1 3 5 6 6 7 0 4 2 3 4 3 1 3 3 2 2 27 12 13 13 13 13 13 13 13 13 12 14 13 13 13 13 13 13 13 14 13 13 13 13 13 13 13 13 13 13 13 13 13 13 13 13 14 13 13 13 13 13 13 13 14 12 13 13 13 13 13 13 13 13 12
438_0_1 3 5 8 5 6 0 3 2 2 4 2 3 2 4 3 2 27 12 13 13 13 13 13 13 12 14 13 13 13 13 13 14 13 13 13 13 13 13 13 13 13 13 13 13 13 13 13 13 13 13 13 13 13 13 13 13 14 13 13 13 13 13 14 12 13 13 13 13 13 13 12
439_0_1 3 5 6 6 7 1 1 3 2 4 1 3 4 3 2 3 27 12 13 13 13 13 13 13 13 13 13 13 13 13 14 12 13 13 13 13 13 13 13 13 14 13 13 13 13 13 13 14 13 13 13 13 13 13 13 13 12 14 13 13 13 13 13 13 13 13 13 13 13 13 12
440_0_1 3 5 5 6 8 0 3 2 2 4 2 3 2 4 3 2 27 12 13 13 13 13 13 14 12 13 13 13 13 13 13 13 13 13 13 13 14 13 13 13 13 13 13 13 13 13 13 13 13 13 13 14 13 13 13 13 13 13 13 13 13 13 13 12 14 13 13 13 13 13 12
441_0_1 3 5 5 6 8 0 4 2 3 2 3 3 3 3 3 1 27 12 13 13 13 13 13 14 12 13 14 13 13 13 13 13 13 13 13 13 13 13 13 13 13 13 13 13 13 13 13 13 13 13 13 13 13 13 13 13 13 13 13 13 13 14 13 12 14 13 13 13 13 13 12
442_0_1 3 5 6 6 7 1 2 4 3 4 1 3 2 1 3 3 27 12 13 13 13 13 13 13 13 13 13 13 13 13 14 13 13 13 13 14 12 13 13 13 13 13 13 13 13 13 13 13 13 13 13 12 14 13 13 13 13 14 13 13 13 13 13 13 13 13 13 13 13 13 12
443_0_5 3 6 5 7 6 1 3 2 2 3 5 2 2 2 2 3 27 13 13 13 13 12 13 13 13 13 13 12 13 13 13 13 14 13 14 13 13 13 13 13 13 13 13 13 13 13 13 13 13 13 13 13 13 14 13 14 13 13 13 13 12 13 13 13 13 13 12 13 13 13 13
444_0_1 3 5 5 6 8 1 2 4 3 4 1 3 2 1 3 3 27 12 13 13 13 13 13 13 13 13 13 13 13 13 13 13 13 13 13 14 13 13 13 13 12 14 13 13 13 13 14 12 13 13 13 13 14 13 13 13 13 13 13 13 13 13 13 13 13 13 13 13 13 13 12
445_1_1 3 7 6 6 5 0 3 3 3 4 2 3 1 2 3 3 27 12 13 13 13 13 13 13 13 13 13 13 13 13 13 12 14 13 13 13 13 13 13 13 13 13 14 13 13 14 13 13 13 13 13 13 13 13 13 14 12 13 13 13 13 13 13 13 13 13 13 13 13 13 12
446_0_5 4 4 6 5 8 0 4 2 2 2 3 2 4 3 3 2 27 12 13 13 13 13 13 13 13 13 13 13 12 14 13 13 13 14 13 13 13 13 13 13 13 13 13 13 13 13 13 13 13 13 13 13 13 13 14 13 13 13 14 12 13 13 13 13 13 13 13 13 13 13 12
446_1_5 4 4 8 5 6 0 4 2 2 2 3 2 4 3 3 2 27 12 13 13 13 13 13 13 13 13 13 13 12 14 13 13 13 14 13 13 13 13 13 13 13 13 13 13 13 13 13 13 13 13 13 13 13 13 14 13 13 13 14 12 13 13 13 13 13 13 13 13 13 13 12
447_0_5 3 6 5 7 6 1 2 2 5 3 1 4 2 3 2 2 27 12 13 13 13 13 13 13 13 13 13 13 13 13 13 12 14 13 13 13 13 13 14 13 13 13 13 13 13 13 13 13 13 14 13 13 13 13 13 14 12 13 13 13 13 13 13 13 13 13 13 13 13 13 12
447_1_5 3 6 7 5 6 1 2 2 5 3 1 4 2 3 2 2 27 12 13 13 13 13 13 13 13 13 13 13 13 13 13 12 14 13 13 13 13 13 14 13 13 13 13 13 13 13 13 13 13 14 13 13 13 13 13 14 12 13 13 13 13 13 13 13 13 13 13 13 13 13 12
448_0_5 4 5 4 6 8 1 5 3 3 2 2 2 2 2 3 2 27 12 13 13 13 13 13 13 13 13 13 13 13 13 14 13 13 13 13 13 13 14 12 13 13 13 13 13 13 13 13 13 13 12 14 13 13 13 13 13 13 14 13 13 13 13 13 13 13 13 13 13 13 13 12
449_0_1 4 4 6 5 8 0 4 2 3 4 3 1 3 3 2 2 27 12 13 13 13 13 13 13 13 13 13 13 13 13 13 13 13 13 13 14 13 12 14 13 13 13 13 13 13 13 13 13 13 14 12 13 14 13 13 13 13 13 13 13 13 13 13 13 13 13 13 13 13 13 12
450_0_1 3 6 5 7 6 0 2 3 3 4 2 3 2 2 2 4 27 12 13 13 13 13 13 13 13 14 12 13 13 13 13 13 13 14 13 13 13 13 13 13 13 13 13 13 13 13 13 13 13 13 13 13 13 13 14 13 13 13 13 13 13 12 14 13 13 13 13 13 13 13 12
450_1_1 3 6 7 5 6 0 2 3 3 4 2 3 2 2 2 4 27 12 13 13 13 13 13 13 13 14 12 13 13 13 13 13 13 14 13 13 13 13 13 13 13 13 13 13 13 13 13 13 13 13 13 13 13 13 14 13 13 13 13 13 13 12 14 13 13 13 13 13 13 13 12
451_0_1 4 4 6 5 8 1 2 1 3 3 2 1 4 4 2 4 27 12 13 13 13 13 13 14 12 13 13 13 13 13 13 13 13 13 13 13 13 13 14 13 13 13 13 13 13 13 13 13 13 14 13 13 13 13 13 13 13 13 13 13 13 13 13 12 14 13 13 13 13 13 12
451_1_1 4 4 8 5 6 1 2 1 3 3 2 1 4 4 2 4 27 12 13 13 13 13 13 14 12 13 13 13 13 13 13 13 13 13 13 13 13 13 14 13 13 13 13 13 13 13 13 13 13 14 13 13 13 13 13 13 13 13 13 13 13 13 13 12 14 13 13 13 13 13 12
452_0_1 3 6 5 7 6 0 3 3 3 3 4 1 3 2 3 2 27 12 13 13 13 12 14 13 13 13 13 13 13 14 13 13 13 13 13 13 13 13 13 13 13 13 13 13 13 13 13 13 13 13 13 13 13 13 13 13 13 13 14 13 13 13 13 13 13 14 12 13 13 13 12
453_1_1 3 8 6 5 5 0 4 2 3 4 3 1 3 3 2 2 27 12 13 13 13 13 13 13 13 13 13 13 13 13 13 13 13 13 13 13 13 13 14 12 13 14 13 13 13 13 14 13 12 14 13 13 13 13 13 13 13 13 13 13 13 13 13 13 13 13 13 13 13 13 12
454_1_1 3 6 7 5 6 0 4 2 3 4 3 1 3 3 2 2 27 12 13 13 13 13 13 13 14 13 12 14 13 13 13 13 13 13 13 13 13 13 13 13 13 13 13 13 13 13 13 13 13 13 13 13 13 13 13 13 13 13 13 13 14 12 13 14 13 13 13 13 13 13 12
455_1_1 3 6 7 5 6 0 4 2 2 2 2 4 3 3 3 2 27 12 13 13 13 13 13 13 13 13 13 13 13 13 14 12 13 14 13 13 13 13 13 13 13 13 13 13 13 13 13 13 13 13 13 13 13 13 14 13 12 14 13 13 13 13 13 13 13 13 13 13 13 13 12
456_1_1 4 4 8 5 6 0 4 2 2 2 2 4 3 3 3 2 27 12 13 13 13 13 13 12 14 13 13 13 13 13 13 13 13 14 13 13 13 13 13 13 13 13 13 13 13 13 13 13 13 13 13 13 13 13 14 13 13 13 13 13 13 13 13 14 12 13 13 13 13 13 12
457_1_1 3 8 6 5 5 0 4 2 2 2 2 4 3 3 3 2 27 12 13 13 13 13 14 13 13 13 13 13 13 13 13 13 13 13 13 13 13 13 13 13 13 14 12 13 13 12 14 13 13 13 13 13 13 13 13 13 13 13 13 13 13 13 13 13 13 14 13 13 13 13 12
458_1_1 3 8 6 5 5 0 4 2 2 2 2 4 3 3 3 2 27 12 13 13 12 14 13 13 13 13 13 13 13 13 14 13 13 13 13 13 13 13 13 13 13 13 13 13 13 13 13 13 13 13 13 13 13 13 13 13 13 14 13 13 13 13 13 13 13 13 14 12 13 13 12
460_0_1 4 4 6 5 8 1 1 4 3 3 2 3 3 3 1 3 27 12 13 13 13 13 13 13 14 13 13 13 13 13 13 13 13 13 13 13 13 13 12 14 13 13 13 13 13 13 13 13 14 12 13 13 13 13 13 13 13 13 13 13 13 13 13 14 13 13 13 13 13 13 12
460_1_3 4 4 8 5 6 1 2 3 2 2 2 2 2 3 3 5 27 12 13 13 13 13 13 13 14 13 13 13 13 13 13 13 13 13 13 13 13 13 12 14 13 13 13 13 13 13 13 13 14 12 13 13 13 13 13 13 13 13 13 13 13 13 13 14 13 13 13 13 13 13 12
462_0_1 3 5 6 6 7 0 3 3 3 3 4 1 3 2 3 2 27 12 13 13 13 13 13 13 13 14 12 13 13 13 13 13 13 13 13 13 13 14 13 13 13 13 13 13 13 13 13 13 13 13 14 13 13 13 13 13 13 13 13 13 13 12 14 13 13 13 13 13 13 13 12
464_0_1 3 6 5 7 6 0 3 3 3 3 4 1 3 2 3 2 27 12 13 13 13 13 13 13 13 14 12 13 14 13 13 13 13 13 13 13 13 13 13 13 13 13 13 13 13 13 13 13 13 13 13 13 13 13 13 13 13 13 13 14 13 12 14 13 13 13 13 13 13 13 12
466_0_1 4 4 6 5 8 1 1 3 3 5 1 3 3 2 2 3 27 12 13 13 13 13 13 13 13 13 13 13 14 13 13 13 13 13 13 13 13 13 14 12 13 13 13 13 13 13 13 13 12 14 13 13 13 13 13 13 13 13 13 14 13 13 13 13 13 13 13 13 13 13 12
468_0_1 4 5 4 6 8 0 3 2 2 4 2 3 2 4 3 2 27 12 13 12 14 13 13 13 13 14 13 13 13 13 13 13 13 13 13 13 13 13 13 13 13 13 13 13 13 13 13 13 13 13 13 13 13 13 13 13 13 13 13 13 13 13 14 13 13 13 13 14 12 13 12
469_0_1 3 5 5 6 8 1 2 2 3 2 5 3 1 3 2 3 27 12 13 13 13 13 13 13 13 14 13 13 13 13 13 14 12 13 13 13 13 13 13 13 13 13 13 13 13 13 13 13 13 13 13 13 13 13 13 12 14 13 13 13 13 13 14 13 13 13 13 13 13 13 12
470_0_1 3 5 6 6 7 0 3 2 2 4 2 3 2 4 3 2 27 12 13 13 14 13 13 13 13 13 13 13 13 13 13 13 13 13 13 13 13 13 13 13 14 12 13 13 13 13 12 14 13 13 13 13 13 13 13 13 13 13 13 13 13 13 13 13 13 13 13 14 13 13 12
471_0_1 3 5 5 6 8 0 2 3 3 4 2 3 2 2 2 4 27 12 13 13 13 13 13 13 13 13 13 13 13 13 13 13 14 13 13 13 14 12 13 13 13 13 13 13 13 13 13 13 13 13 12 14 13 13 13 14 13 13 13 13 13 13 13 13 13 13 13 13 13 13 12
471_1_1 3 8 6 5 5 0 2 3 3 4 2 3 2 2 2 4 27 12 13 13 13 13 13 13 13 13 13 13 13 13 13 13 14 13 13 13 14 12 13 13 13 13 13 13 13 13 13 13 13 13 12 14 13 13 13 14 13 13 13 13 13 13 13 13 13 13 13 13 13 13 12
472_0_1 4 5 4 6 8 0 3 2 2 4 2 3 2 4 3 2 27 12 13 12 14 13 13 13 13 13 13 13 13 13 13 13 13 13 13 13 13 13 13 13 14 13 13 13 13 13 13 14 13 13 13 13 13 13 13 13 13 13 13 13 13 13 13 13 13 13 13 14 12 13 12
473_0_1 3 6 5 7 6 0 4 2 3 2 3 3 3 3 3 1 27 12 13 13 13 13 13 13 13 13 13 13 13 13 13 13 13 13 13 13 13 13 13 14 13 12 14 13 13 14 12 13 14 13 13 13 13 13 13 13 13 13 13 13 13 13 13 13 13 13 13 13 13 13 12
474_0_1 4 5 4 6 8 1 1 3 2 4 1 3 4 3 2 3 27 12 13 13 13 13 13 13 13 14 13 13 13 13 13 13 13 13 12 14 13 13 13 13 13 13 13 13 13 13 13 13 13 13 13 13 14 12 13 13 13 13 13 13 13 13 14 13 13 13 13 13 13 13 12
475_0_1 4 5 4 6 8 1 2 1 3 3 2 1 4 4 2 4 27 12 13 12 14 13 13 13 13 13 13 14 13 13 13 13 13 13 13 13 13 13 13 13 13 13 13 13 13 13 13 13 13 13 13 13 13 13 13 13 13 13 13 13 14 13 13 13 13 13 13 14 12 13 12
475_1_1 4 5 4 8 6 1 2 1 3 3 2 1 4 4 2 4 27 12 13 12 14 13 13 13 13 13 13 14 13 13 13 13 13 13 13 13 13 13 13 13 13 13 13 13 13 13 13 13 13 13 13 13 13 13 13 13 13 13 13 13 14 13 13 13 13 13 13 14 12 13 12
476_0_1 3 5 7 5 7 1 3 2 1 3 2 3 1 3 4 4 27 12 13 13 13 13 12 14 13 13 13 13 13 13 13 13 13 13 14 13 13 13 13 13 13 13 13 13 13 13 13 13 13 13 13 13 13 14 13 13 13 13 13 13 13 13 13 13 14 12 13 13 13 13 12
478_0_1 3 5 7 5 7 0 3 2 2 4 2 3 2 4 3 2 27 12 13 13 13 13 13 13 13 13 13 13 13 14 12 13 13 13 14 13 13 13 13 13 13 13 13 13 13 13 13 13 13 13 13 13 13 14 13 13 13 12 14 13 13 13 13 13 13 13 13 13 13 13 12
479_0_1 3 6 5 7 6 0 3 3 3 3 4 1 3 2 3 2 27 12 13 13 13 13 13 13 14 13 13 13 13 13 13 13 13 13 13 13 13 13 13 13 14 12 13 13 13 13 12 14 13 13 13 13 13 13 13 13 13 13 13 13 13 13 13 14 13 13 13 13 13 13 12
481_0_1 3 6 5 7 6 1 3 2 1 3 2 3 1 3 4 4 27 12 13 13 14 12 13 13 13 13 13 13 13 13 13 13 13 13 14 13 13 13 13 13 13 13 13 13 13 13 13 13 13 13 13 13 13 14 13 13 13 13 13 13 13 13 13 13 13 13 12 14 13 13 12
482_1_1 4 4 8 5 6 1 2 4 2 4 3 2 1 4 2 2 27 12 13 13 13 13 13 14 12 13 13 13 13 13 13 13 13 13 14 13 13 13 13 13 13 13 13 13 13 13 13 13 13 13 13 13 13 14 13 13 13 13 13 13 13 13 13 12 14 13 13 13 13 13 12
484_0_1 3 5 7 5 7 0 4 2 3 3 3 2 3 3 3 1 27 12 13 13 13 13 13 13 13 13 13 13 13 13 13 13 13 13 14 13 13 13 13 14 12 13 13 13 13 13 13 12 14 13 13 13 13 14 13 13 13 13 13 13 13 13 13 13 13 13 13 13 13 13 12
486_0_1 3 5 7 5 7 1 1 5 2 4 3 2 2 2 3 2 27 12 13 13 13 13 13 13 13 13 13 13 13 14 12 13 13 13 13 13 13 13 14 13 13 13 13 13 13 13 13 13 13 14 13 13 13 13 13 13 13 12 14 13 13 13 13 13 13 13 13 13 13 13 12
487_1_1 4 4 8 5 6 0 3 4 2 4 2 3 2 3 2 2 27 12 13 13 13 13 13 13 13 13 13 13 13 14 12 13 13 13 13 13 13 13 13 13 14 13 13 13 13 13 13 14 13 13 13 13 13 13 13 13 13 12 14 13 13 13 13 13 13 13 13 13 13 13 12
489_0_1 4 4 6 5 8 1 2 2 3 2 5 3 1 3 2 3 27 12 13 13 13 13 13 13 13 13 13 13 13 14 13 13 13 12 14 13 13 13 13 13 13 13 13 13 13 13 13 13 13 13 13 13 13 14 12 13 13 13 14 13 13 13 13 13 13 13 13 13 13 13 12
490_0_1 4 4 6 5 8 1 2 2 1 5 3 2 2 4 2 3 27 12 13 13 13 13 13 13 13 13 13 13 13 13 13 13 13 13 14 13 13 13 14 12 13 13 13 13 13 13 13 13 12 14 13 13 13 14 13 13 13 13 13 13 13 13 13 13 13 13 13 13 13 13 12
492_0_1 4 4 6 5 8 1 1 4 3 3 3 3 1 3 2 3 27 12 13 13 13 13 13 13 13 13 13 13 13 13 13 13 13 13 14 13 13 13 12 14 13 13 13 13 13 13 13 13 14 12 13 13 13 14 13 13 13 13 13 13 13 13 13 13 13 13 13 13 13 13 12
492_1_3 4 4 8 5 6 1 3 1 4 4 2 2 3 3 2 2 27 12 13 13 13 13 13 13 13 13 13 13 13 13 13 13 13 13 14 13 13 13 12 14 13 13 13 13 13 13 13 13 14 12 13 13 13 14 13 13 13 13 13 13 13 13 13 13 13 13 13 13 13 13 12
494_0_1 3 5 5 6 8 1 1 4 1 3 3 2 3 3 4 2 27 12 13 13 13 13 13 14 12 13 13 13 13 13 13 13 13 13 13 13 13 13 13 13 13 14 13 13 13 13 14 13 13 13 13 13 13 13 13 13 13 13 13 13 13 13 13 12 14 13 13 13 13 13 12
496_0_1 4 4 6 5 8 0 3 3 3 3 4 1 3 2 3 2 27 12 13 13 13 13 13 13 13 13 13 13 13 14 12 13 13 13 13 14 13 13 13 13 13 13 13 13 13 13 13 13 13 13 13 13 14 13 13 13 13 12 14 13 13 13 13 13 13 13 13 13 13 13 12
497_1_1 3 6 7 5 6 1 2 4 2 4 3 2 1 4 2 2 27 12 13 13 13 13 13 13 13 13 13 13 13 13 13 13 13 13 14 13 13 13 13 13 13 12 14 13 13 14 12 13 13 13 13 13 13 14 13 13 13 13 13 13 13 13 13 13 13 13 13 13 13 13 12
498_1_1 3 7 5 7 5 1 1 3 4 1 4 2 3 3 3 2 27 12 13 13 13 13 13 13 13 13 13 13 13 14 12 13 13 14 13 13 13 13 13 13 13 13 13 13 13 13 13 13 13 13 13 13 13 13 14 13 13 12 14 13 13 13 13 13 13 13 13 13 13 13 12
500_0_1 3 5 7 5 7 1 1 4 3 3 3 3 1 3 2 3 27 12 13 13 13 13 13 13 13 13 13 12 14 13 13 13 13 13 14 13 13 13 13 13 13 13 13 13 13 13 13 13 13 13 13 13 13 14 13 13 13 13 13 14 12 13 13 13 13 13 13 13 13 13 12
500_1_3 3 7 5 7 5 1 3 1 4 4 2 2 3 3 2 2 27 12 13 13 13 13 13 13 13 13 13 12 14 13 13 13 13 13 14 13 13 13 13 13 13 13 13 13 13 13 13 13 13 13 13 13 13 14 13 13 13 13 13 14 12 13 13 13 13 13 13 13 13 13 12
502_0_1 3 5 5 6 8 0 4 2 2 2 2 4 3 3 3 2 27 12 13 13 13 14 13 13 13 13 13 13 13 13 13 12 13 13 13 13 13 13 13 13 13 14 13 13 13 13 14 13 13 13 13 13 13 13 13 13 12 13 13 13 13 13 13 13 13 13 14 13 13 13 12
503_0_1 3 5 5 6 8 0 3 3 2 1 3 3 4 3 2 3 27 12 13 13 13 14 13 13 13 13 14 13 13 13 13 13 13 13 13 13 13 13 13 13 13 12 13 13 13 13 12 13 13 13 13 13 13 13 13 13 13 13 13 13 13 14 13 13 13 13 14 13 13 13 12
504_1_1 3 8 6 5 5 1 2 3 1 5 3 2 2 3 3 2 27 12 13 13 13 13 13 13 13 13 13 13 13 13 13 14 13 13 13 13 12 13 13 13 13 14 13 13 13 13 14 13 13 13 13 12 13 13 13 13 14 13 13 13 13 13 13 13 13 13 13 13 13 13 12
505_1_1 3 8 6 5 5 1 3 1 3 4 1 3 3 4 2 2 27 12 13 13 13 13 13 13 13 13 12 13 13 13 13 14 13 13 13 13 14 13 13 13 13 13 13 13 13 13 13 13 13 13 13 14 13 13 13 13 14 13 13 13 13 12 13 13 13 13 13 13 13 13 12
507_0_1 3 6 5 7 6 0 4 2 3 4 3 1 3 3 2 2 27 12 13 14 13 13 13 13 13 13 12 14 13 13 13 13 13 13 13 13 13 13 13 13 13 13 13 13 13 13 13 13 13 13 13 13 13 13 13 13 13 13 13 13 14 12 13 13 13 13 13 13 14 13 12
508_0_1 3 6 5 7 6 0 3 2 4 2 2 4 3 2 3 2 27 12 13 14 13 13 13 13 13 13 13 13 13 13 14 12 13 13 13 13 13 13 13 13 13 13 13 13 13 13 13 13 13 13 13 13 13 13 13 13 12 14 13 13 13 13 13 13 13 13 13 13 14 13 12
509_0_1 3 6 5 7 6 0 4 2 3 3 3 2 3 3 3 1 27 12 13 13 13 13 13 13 13 13 13 13 13 13 13 13 13 13 14 13 12 14 13 13 13 13 13 13 13 13 13 13 13 13 14 12 13 14 13 13 13 13 13 13 13 13 13 13 13 13 13 13 13 13 12
511_0_1 3 4 7 5 6 1 2 1 4 4 1 3 2 3 2 2 25 11 11 11 11 11 11 11 11 11 11 11 11 11 11 11 12 11 11 11 11 11 11 11 12 11 11 12 12 11 11 12 11 11 11 11 11 11 11 12 11 11 11 11 11 11 11 11 11 11 11 11 11 11 11
512_0_1 4 4 6 5 8 1 1 4 3 3 3 3 1 3 2 3 27 12 13 13 13 13 13 14 13 13 13 13 13 13 13 13 13 13 13 13 13 13 12 14 13 13 13 13 13 13 13 13 14 12 13 13 13 13 13 13 13 13 13 13 13 13 13 13 14 13 13 13 13 13 12
512_1_3 4 4 8 5 6 1 3 1 4 4 2 2 3 3 2 2 27 12 13 13 13 13 13 14 13 13 13 13 13 13 13 13 13 13 13 13 13 13 12 14 13 13 13 13 13 13 13 13 14 12 13 13 13 13 13 13 13 13 13 13 13 13 13 13 14 13 13 13 13 13 12
513_2_1 3 7 5 6 4 1 1 3 2 2 1 3 4 2 4 2 25 11 11 11 11 11 11 11 11 11 11 11 11 11 11 11 11 11 12 11 11 12 11 12 11 11 11 11 11 11 11 11 12 11 12 11 11 12 11 11 11 11 11 11 11 11 11 11 11 11 11 11 11 11 11
514_0_5 3 5 5 6 8 1 3 2 2 3 5 2 2 2 2 3 27 12 13 13 14 13 13 13 13 13 14 12 13 13 13 13 13 13 13 13 13 13 13 13 13 13 13 13 13 13 13 13 13 13 13 13 13 13 13 13 13 13 13 13 12 14 13 13 13 13 13 14 13 13 12
515_0_1 3 6 5 7 6 1 1 4 1 3 3 2 3 3 4 2 27 12 13 13 13 12 14 13 13 13 13 13 13 13 13 13 13 13 14 13 13 13 13 13 13 13 13 13 13 13 13 13 13 13 13 13 13 14 13 13 13 13 13 13 13 13 13 13 13 14 12 13 13 13 12
516_1_1 4 4 8 5 6 0 3 4 2 4 2 3 2 3 2 2 27 12 13 13 13 13 13 13 13 14 13 13 13 14 12 13 13 13 13 13 13 13 13 13 13 13 13 13 13 13 13 13 13 13 13 13 13 13 13 13 13 12 14 13 13 13 14 13 13 13 13 13 13 13 12
517_2_1 3 6 5 7 4 0 4 3 4 2 2 2 2 1 3 2 25 11 11 11 11 11 11 11 11 11 11 11 11 11 11 11 11 11 11 12 11 11 12 11 12 11 11 11 11 11 11 12 11 12 11 11 12 11 11 11 11 11 11 11 11 11 11 11 11 11 11 11 11 11 11
519_0_1 3 4 7 5 6 1 1 4 1 2 1 3 3 3 3 3 25 11 11 11 11 11 11 11 11 11 11 11 11 11 11 11 11 11 12 11 11 11 11 11 12 11 12 11 11 12 11 12 11 11 11 11 11 12 11 11 11 11 11 11 11 11 11 11 11 11 11 11 11 11 11
519_2_1 3 6 5 7 4 1 1 4 1 2 1 3 3 3 3 3 25 11 11 11 11 11 11 11 11 11 11 11 11 11 11 11 11 11 12 11 11 11 11 11 12 11 12 11 11 12 11 12 11 11 11 11 11 12 11 11 11 11 11 11 11 11 11 11 11 11 11 11 11 11 11
520_0_1 4 5 4 6 8 0 4 2 3 4 3 1 3 3 2 2 27 12 13 13 13 13 13 13 13 13 13 14 12 13 13 13 13 13 13 14 13 13 13 13 13 13 13 13 13 13 13 13 13 13 13 13 14 13 13 13 13 13 13 12 14 13 13 13 13 13 13 13 13 13 12
521_0_1 4 5 4 6 8 1 1 4 1 3 3 2 3 3 4 2 27 12 13 13 14 13 13 13 13 13 13 13 13 13 13 13 14 12 13 13 13 13 13 13 13 13 13 13 13 13 13 13 13 13 13 13 13 13 12 14 13 13 13 13 13 13 13 13 13 13 13 14 13 13 12
522_2_1 3 7 5 6 4 0 3 3 1 2 3 4 3 2 1 3 25 11 11 11 11 11 11 11 11 11 11 11 11 11 11 11 11 11 11 12 11 11 12 11 11 11 11 12 12 11 11 11 11 12 11 11 12 11 11 11 11 11 11 11 11 11 11 11 11 11 11 11 11 11 11
523_2_1 3 6 5 7 4 0 2 3 3 3 3 2 3 1 4 1 25 11 11 11 11 11 11 11 11 11 11 11 11 11 11 11 11 11 11 11 11 12 12 11 12 11 11 11 11 11 11 12 11 12 12 11 11 11 11 11 11 11 11 11 11 11 11 11 11 11 11 11 11 11 11
524_1_1 4 4 8 5 6 0 3 2 2 4 2 3 2 4 3 2 27 12 13 13 14 13 13 13 13 13 13 13 13 14 12 13 13 13 13 13 13 13 13 13 13 13 13 13 13 13 13 13 13 13 13 13 13 13 13 13 13 12 14 13 13 13 13 13 13 13 13 14 13 13 12
525_0_5 3 5 7 5 7 1 5 3 3 2 2 2 2 2 3 2 27 12 13 14 13 13 13 13 13 13 13 12 14 13 13 13 13 13 13 13 13 13 13 13 13 13 13 13 13 13 13 13 13 13 13 13 13 13 13 13 13 13 13 14 12 13 13 13 13 13 13 13 14 13 12
526_0_1 4 4 6 5 8 1 1 4 3 3 2 3 3 3 1 3 27 12 13 14 13 13 13 13 13 13 13 13 13 13 13 13 13 13 13 13 13 13 12 14 13 13 13 13 13 13 13 13 14 12 13 13 13 13 13 13 13 13 13 13 13 13 13 13 13 13 13 13 14 13 12
526_1_3 4 4 8 5 6 1 2 3 2 2 2 2 2 3 3 5 27 12 13 14 13 13 13 13 13 13 13 13 13 13 13 13 13 13 13 13 13 13 12 14 13 13 13 13 13 13 13 13 14 12 13 13 13 13 13 13 13 13 13 13 13 13 13 13 13 13 13 13 14 13 12
528_0_1 3 6 5 7 6 0 4 2 2 2 2 4 3 3 3 2 27 12 13 14 13 13 13 13 13 13 13 13 13 13 13 12 14 13 13 13 13 13 13 13 13 13 13 13 13 13 13 13 13 13 13 13 13 13 13 14 12 13 13 13 13 13 13 13 13 13 13 13 14 13 12
529_0_1 3 5 7 5 7 0 4 2 3 4 3 1 3 3 2 2 27 12 13 13 13 13 13 13 14 13 13 13 13 13 13 13 13 13 13 13 13 12 14 13 13 13 13 13 13 13 13 13 13 14 12 13 13 13 13 13 13 13 13 13 13 13 13 14 13 13 13 13 13 13 12
530_0_1 3 4 7 5 6 1 1 3 3 1 2 4 2 4 2 2 25 11 11 11 11 11 11 11 11 11 11 11 11 11 11 11 11 11 11 12 11 12 11 11 11 11 11 12 12 11 11 11 11 11 12 11 12 11 11 11 11 11 11 11 11 11 11 11 11 11 11 11 11 11 11
531_0_1 4 4 6 5 8 0 4 2 3 2 3 3 3 3 3 1 27 12 13 13 13 13 13 14 12 13 13 13 14 13 13 13 13 13 13 13 13 13 13 13 13 13 13 13 13 13 13 13 13 13 13 13 13 13 13 13 13 13 13 14 13 13 13 12 14 13 13 13 13 13 12
532_0_1 3 5 5 6 8 1 1 3 3 3 2 3 4 1 4 2 27 12 13 13 13 13 13 13 13 13 13 13 13 13 13 13 13 12 14 13 13 13 13 13 13 14 13 13 13 13 14 13 13 13 13 13 13 14 12 13 13 13 13 13 13 13 13 13 13 13 13 13 13 13 12
533_2_1 3 7 5 6 4 0 4 2 3 4 2 2 2 3 2 1 25 11 11 11 11 11 11 11 11 11 11 11 11 11 11 11 11 11 11 12 11 11 12 12 11 11 11 11 11 11 11 11 12 12 11 11 12 11 11 11 11 11 11 11 11 11 11 11 11 11 11 11 11 11 11
535_0_1 3 5 7 5 7 1 1 4 3 3 3 3 1 3 2 3 27 12 13 13 13 13 13 14 13 13 13 12 14 13 13 13 13 13 13 13 13 13 13 13 13 13 13 13 13 13 13 13 13 13 13 13 13 13 13 13 13 13 13 14 12 13 13 13 14 13 13 13 13 13 12
535_1_3 3 7 5 7 5 1 3 1 4 4 2 2 3 3 2 2 27 12 13 13 13 13 13 14 13 13 13 12 14 13 13 13 13 13 13 13 13 13 13 13 13 13 13 13 13 13 13 13 13 13 13 13 13 13 13 13 13 13 13 14 12 13 13 13 14 13 13 13 13 13 12
537_0_1 3 5 8 5 6 1 1 4 3 3 3 3 1 3 2 3 27 12 13 13 13 13 13 13 13 13 13 13 13 13 13 14 13 13 13 13 13 14 12 13 13 13 13 13 13 13 13 13 13 12 14 13 13 13 13 13 14 13 13 13 13 13 13 13 13 13 13 13 13 13 12
537_1_3 3 6 5 8 5 1 3 1 4 4 2 2 3 3 2 2 27 12 13 13 13 13 13 13 13 13 13 13 13 13 13 14 13 13 13 13 13 14 12 13 13 13 13 13 13 13 13 13 13 12 14 13 13 13 13 13 14 13 13 13 13 13 13 13 13 13 13 13 13 13 12
539_0_1 3 5 7 5 7 1 1 4 1 3 3 2 3 3 4 2 27 12 13 13 13 13 12 14 13 13 13 13 13 13 13 13 13 14 13 13 13 13 13 13 13 13 13 13 13 13 13 13 13 13 13 13 13 13 14 13 13 13 13 13 13 13 13 13 14 12 13 13 13 13 12
541_0_1 3 5 5 6 8 1 2 4 3 4 1 3 2 1 3 3 27 12 13 13 13 13 13 13 13 13 13 13 13 13 14 13 13 13 13 13 13 13 13 13 12 14 13 13 13 13 14 12 13 13 13 13 13 13 13 13 13 14 13 13 13 13 13 13 13 13 13 13 13 13 12
542_1_1 3 5 4 7 6 0 3 1 2 3 2 2 3 4 3 2 25 11 11 11 11 11 11 11 11 11 11 11 11 11 11 11 11 11 11 11 11 12 11 12 12 11 11 11 11 11 11 12 12 11 12 11 11 11 11 11 11 11 11 11 11 11 11 11 11 11 11 11 11 11 11
542_3_1 3 6 7 4 5 0 3 1 2 3 2 2 3 4 3 2 25 11 11 11 11 11 11 11 11 11 11 11 11 11 11 11 11 11 11 11 11 12 11 12 12 11 11 11 11 11 11 12 12 11 12 11 11 11 11 11 11 11 11 11 11 11 11 11 11 11 11 11 11 11 11
544_0_1 3 5 5 6 8 1 1 5 2 4 3 2 2 2 3 2 27 12 13 13 13 13 13 13 13 13 13 14 13 13 13 13 13 13 13 12 14 13 13 13 13 13 13 13 13 13 13 13 13 13 13 14 12 13 13 13 13 13 13 13 14 13 13 13 13 13 13 13 13 13 12
545_0_5 4 5 4 6 8 1 3 2 2 3 5 2 2 2 2 3 27 12 13 13 13 13 13 13 13 13 13 13 13 13 13 13 13 13 13 13 13 14 12 13 13 13 14 13 13 14 13 13 13 12 14 13 13 13 13 13 13 13 13 13 13 13 13 13 13 13 13 13 13 13 12
546_0_1 3 5 6 6 7 1 1 3 2 4 1 3 4 3 2 3 27 12 13 13 13 13 13 13 13 14 13 13 13 13 14 12 13 13 13 13 13 13 13 13 13 13 13 13 13 13 13 13 13 13 13 13 13 13 13 13 12 14 13 13 13 13 14 13 13 13 13 13 13 13 12
547_0_1 3 5 5 6 8 1 2 1 3 4 3 1 4 3 2 3 27 12 13 13 13 13 13 13 13 12 14 13 13 13 14 13 13 13 13 13 13 13 13 13 13 13 13 13 13 13 13 13 13 13 13 13 13 13 13 13 13 14 13 13 13 14 12 13 13 13 13 13 13 13 12
549_0_1 4 4 6 5 8 1 3 2 1 3 2 3 1 3 4 4 27 12 13 13 13 13 12 14 13 13 13 13 13 13 13 13 13 13 13 13 13 13 13 13 13 13 14 13 13 14 13 13 13 13 13 13 13 13 13 13 13 13 13 13 13 13 13 13 14 12 13 13 13 13 12
551_0_1 3 5 5 6 8 0 3 2 2 4 2 3 2 4 3 2 27 12 13 13 13 13 13 13 13 13 13 13 13 13 13 13 13 13 13 12 14 13 13 13 13 13 14 13 13 14 13 13 13 13 13 14 12 13 13 13 13 13 13 13 13 13 13 13 13 13 13 13 13 13 12
552_0_1 4 4 6 5 8 1 1 3 2 4 1 3 4 3 2 3 27 12 14 13 13 13 13 13 13 13 13 13 13 13 13 12 13 13 13 13 13 13 13 13 13 14 13 13 13 13 14 13 13 13 13 13 13 13 13 13 12 13 13 13 13 13 13 13 13 13 13 13 13 14 12
553_0_1 3 5 6 6 7 0 2 3 3 4 2 3 2 2 2 4 27 12 13 13 13 13 13 13 13 14 12 13 13 13 13 13 14 13 13 13 13 13 13 13 13 13 13 13 13 13 13 13 13 13 13 13 13 13 13 14 13 13 13 13 13 12 14 13 13 13 13 13 13 13 12
553_1_1 3 7 6 6 5 0 2 3 3 4 2 3 2 2 2 4 27 12 13 13 13 13 13 13 13 14 12 13 13 13 13 13 14 13 13 13 13 13 13 13 13 13 13 13 13 13 13 13 13 13 13 13 13 13 13 14 13 13 13 13 13 12 14 13 13 13 13 13 13 13 12
554_0_1 3 5 7 5 7 1 1 4 1 3 3 2 3 3 4 2 27 12 13 13 13 13 13 14 13 13 13 13 13 13 13 13 12 14 13 13 13 13 13 13 13 13 13 13 13 13 13 13 13 13 13 13 13 13 14 12 13 13 13 13 13 13 13 13 14 13 13 13 13 13 12
556_0_1 3 5 5 6 8 1 3 1 3 4 1 3 3 4 2 2 27 12 13 13 13 13 13 13 13 13 13 13 12 14 13 14 13 13 13 13 13 13 13 13 13 13 13 13 13 13 13 13 13 13 13 13 13 13 13 13 14 13 14 12 13 13 13 13 13 13 13 13 13 13 12
557_0_1 3 5 7 5 7 1 1 3 3 4 1 4 3 2 3 2 27 12 14 13 13 13 13 13 13 13 13 13 13 13 13 13 12 13 13 13 13 13 13 14 13 13 13 13 13 13 13 13 14 13 13 13 13 13 13 12 13 13 13 13 13 13 13 13 13 13 13 13 13 14 12
558_1_1 3 5 4 6 7 0 3 3 4 2 2 2 3 1 3 2 25 11 11 11 11 11 11 11 11 11 11 11 11 11 11 11 12 11 12 11 11 11 11 11 11 11 11 12 12 11 11 11 11 11 11 11 11 12 11 12 11 11 11 11 11 11 11 11 11 11 11 11 11 11 11
558_3_1 3 7 6 4 5 0 3 3 4 2 2 2 3 1 3 2 25 11 11 11 11 11 11 11 11 11 11 11 11 11 11 11 12 11 12 11 11 11 11 11 11 11 11 12 12 11 11 11 11 11 11 11 11 12 11 12 11 11 11 11 11 11 11 11 11 11 11 11 11 11 11
560_0_1 3 5 7 5 7 1 1 4 3 3 2 3 3 3 1 3 27 12 13 13 13 13 13 13 14 13 13 12 14 13 13 13 13 13 13 13 13 13 13 13 13 13 13 13 13 13 13 13 13 13 13 13 13 13 13 13 13 13 13 14 12 13 13 14 13 13 13 13 13 13 12
560_1_3 3 7 5 7 5 1 2 3 2 2 2 2 2 3 3 5 27 12 13 13 13 13 13 13 14 13 13 12 14 13 13 13 13 13 13 13 13 13 13 13 13 13 13 13 13 13 13 13 13 13 13 13 13 13 13 13 13 13 13 14 12 13 13 14 13 13 13 13 13 13 12
561_0_5 3 6 5 7 6 1 3 2 2 3 5 2 2 2 2 3 27 13 13 13 13 12 13 13 13 13 13 13 13 13 13 13 13 14 14 13 13 13 12 13 13 13 13 13 13 13 13 13 13 12 13 13 13 14 14 13 13 13 13 13 13 13 13 13 13 13 12 13 13 13 13
562_0_1 3 5 5 6 8 1 2 1 3 4 3 1 4 3 2 3 27 12 13 13 13 13 13 13 13 13 13 13 13 13 13 13 13 13 13 13 13 14 13 13 12 14 13 13 13 13 14 12 13 13 14 13 13 13 13 13 13 13 13 13 13 13 13 13 13 13 13 13 13 13 12
563_0_5 3 5 6 6 7 1 2 3 2 2 3 3 2 5 2 2 27 13 13 13 13 12 13 13 13 13 13 13 13 13 13 13 13 13 13 13 13 13 12 13 14 13 13 14 14 13 13 14 13 12 13 13 13 13 13 13 13 13 13 13 13 13 13 13 13 13 12 13 13 13 13
564_0_1 3 4 7 5 6 0 3 2 2 4 4 2 1 2 2 3 25 11 11 11 11 11 11 11 11 11 11 11 11 11 11 11 11 11 11 11 11 12 12 11 11 11 12 11 11 12 11 11 11 12 12 11 11 11 11 11 11 11 11 11 11 11 11 11 11 11 11 11 11 11 11
565_0_1 3 6 5 7 6 1 2 3 1 5 3 2 2 3 3 2 27 12 13 13 13 13 13 14 13 13 13 13 13 13 13 13 13 13 13 14 12 13 13 13 13 13 13 13 13 13 13 13 13 13 13 12 14 13 13 13 13 13 13 13 13 13 13 13 14 13 13 13 13 13 12
566_0_1 3 5 6 6 7 1 3 1 4 3 1 3 4 3 2 2 27 12 13 13 13 13 14 13 13 13 13 13 13 13 13 13 13 13 13 14 12 13 13 13 13 13 13 13 13 13 13 13 13 13 13 12 14 13 13 13 13 13 13 13 13 13 13 13 13 14 13 13 13 13 12
567_1_1 3 7 6 6 5 0 3 4 2 4 2 3 2 3 2 2 27 12 13 13 13 13 13 13 13 14 13 13 13 13 13 13 13 13 13 13 13 13 13 13 14 12 13 13 13 13 12 14 13 13 13 13 13 13 13 13 13 13 13 13 13 13 14 13 13 13 13 13 13 13 12
568_0_5 4 4 6 5 8 1 3 2 2 3 5 2 2 2 2 3 27 12 13 13 13 13 13 13 13 13 13 12 14 13 13 13 13 13 13 13 13 13 13 13 13 13 14 13 13 14 13 13 13 13 13 13 13 13 13 13 13 13 13 14 12 13 13 13 13 13 13 13 13 13 12
569_0_1 4 5 4 6 8 1 1 4 1 3 3 2 3 3 4 2 27 12 13 13 13 13 13 13 13 13 13 13 13 13 13 13 14 12 13 13 13 13 13 13 13 13 14 13 13 14 13 13 13 13 13 13 13 13 12 14 13 13 13 13 13 13 13 13 13 13 13 13 13 13 12
570_0_5 3 5 5 6 8 1 3 1 3 4 3 3 1 3 3 2 27 12 13 13 13 13 13 13 13 13 14 12 13 13 13 13 14 13 13 13 13 13 13 13 13 13 13 13 13 13 13 13 13 13 13 13 13 13 13 14 13 13 13 13 12 14 13 13 13 13 13 13 13 13 12
571_0_1 3 5 8 5 6 1 2 3 1 4 2 2 3 4 3 2 27 12 13 13 13 14 13 13 13 13 13 13 13 13 13 13 13 13 13 13 13 14 12 13 13 13 13 13 13 13 13 13 13 12 14 13 13 13 13 13 13 13 13 13 13 13 13 13 13 13 14 13 13 13 12
571_1_3 3 6 5 8 5 1 2 3 4 3 2 2 4 1 3 2 27 12 13 13 13 14 13 13 13 13 13 13 13 13 13 13 13 13 13 13 13 14 12 13 13 13 13 13 13 13 13 13 13 12 14 13 13 13 13 13 13 13 13 13 13 13 13 13 13 13 14 13 13 13 12
572_1_1 3 6 7 5 6 1 2 4 2 4 3 2 1 4 2 2 27 12 13 13 13 13 13 14 13 13 13 13 13 13 13 13 13 13 13 13 13 13 13 13 13 12 14 13 13 14 12 13 13 13 13 13 13 13 13 13 13 13 13 13 13 13 13 13 14 13 13 13 13 13 12
574_0_1 3 5 6 6 7 1 1 3 3 4 2 3 3 1 4 2 27 12 13 13 13 13 13 13 13 13 13 13 13 13 13 12 14 13 13 13 13 14 13 13 13 13 13 13 13 13 13 13 13 13 14 13 13 13 13 14 12 13 13 13 13 13 13 13 13 13 13 13 13 13 12
575_0_5 3 5 6 6 7 1 5 3 3 2 2 2 2 2 3 2 27 13 13 13 13 12 13 13 13 13 13 12 13 13 13 13 14 13 13 14 13 13 13 13 13 13 13 13 13 13 13 13 13 13 13 13 14 13 13 14 13 13 13 13 12 13 13 13 13 13 12 13 13 13 13
576_0_1 3 5 5 6 8 1 1 3 2 4 1 3 4 3 2 3 27 12 13 13 13 13 13 13 13 14 13 13 13 13 13 13 13 13 13 13 13 13 13 13 13 14 12 13 13 12 14 13 13 13 13 13 13 13 13 13 13 13 13 13 13 13 14 13 13 13 13 13 13 13 12
577_0_1 3 5 7 5 7 1 2 3 1 4 2 2 3 4 3 2 27 12 13 13 13 13 13 13 13 13 13 12 14 13 13 13 13 14 13 13 13 13 13 13 13 13 13 13 13 13 13 13 13 13 13 13 13 13 14 13 13 13 13 14 12 13 13 13 13 13 13 13 13 13 12
577_1_3 3 7 5 7 5 1 2 3 4 3 2 2 4 1 3 2 27 12 13 13 13 13 13 13 13 13 13 12 14 13 13 13 13 14 13 13 13 13 13 13 13 13 13 13 13 13 13 13 13 13 13 13 13 13 14 13 13 13 13 14 12 13 13 13 13 13 13 13 13 13 12
578_0_5 3 5 5 6 8 1 5 3 3 2 2 2 2 2 3 2 27 12 13 13 13 13 13 13 13 13 14 12 13 13 14 13 13 13 13 13 13 13 13 13 13 13 13 13 13 13 13 13 13 13 13 13 13 13 13 13 13 14 13 13 12 14 13 13 13 13 13 13 13 13 12
579_0_1 3 6 5 7 6 1 2 2 1 5 3 2 2 4 2 3 27 12 13 13 13 13 13 14 13 13 12 14 13 13 13 13 13 13 13 13 13 13 13 13 13 13 13 13 13 13 13 13 13 13 13 13 13 13 13 13 13 13 13 13 14 12 13 13 14 13 13 13 13 13 12
580_1_1 3 7 6 6 5 0 4 2 2 2 2 4 3 3 3 2 27 12 13 13 13 13 14 13 13 13 13 13 13 13 14 12 13 13 13 13 13 13 13 13 13 13 13 13 13 13 13 13 13 13 13 13 13 13 13 13 12 14 13 13 13 13 13 13 13 14 13 13 13 13 12
581_0_5 3 5 5 6 8 0 4 2 2 2 3 2 4 3 3 2 27 12 13 13 13 14 13 13 13 13 13 13 12 14 13 13 13 13 13 13 13 13 13 13 13 13 13 13 13 13 13 13 13 13 13 13 13 13 13 13 13 13 14 12 13 13 13 13 13 13 14 13 13 13 12
581_1_5 3 8 6 5 5 0 4 2 2 2 3 2 4 3 3 2 27 12 13 13 13 14 13 13 13 13 13 13 12 14 13 13 13 13 13 13 13 13 13 13 13 13 13 13 13 13 13 13 13 13 13 13 13 13 13 13 13 13 14 12 13 13 13 13 13 13 14 13 13 13 12
582_1_1 3 5 4 6 7 1 1 3 4 3 3 1 3 1 2 3 25 11 11 11 11 11 11 11 11 11 11 11 11 11 11 11 11 11 11 11 11 12 11 12 11 11 11 12 12 11 11 11 12 11 12 11 11 11 11 11 11 11 11 11 11 11 11 11 11 11 11 11 11 11 11
582_3_1 3 7 6 4 5 1 1 3 4 3 3 1 3 1 2 3 25 11 11 11 11 11 11 11 11 11 11 11 11 11 11 11 11 11 11 11 11 12 11 12 11 11 11 12 12 11 11 11 12 11 12 11 11 11 11 11 11 11 11 11 11 11 11 11 11 11 11 11 11 11 11
583_1_1 3 8 6 5 5 0 4 2 2 2 2 4 3 3 3 2 27 12 13 13 12 14 13 13 13 13 13 13 13 13 13 13 13 13 13 14 13 13 13 13 13 13 13 13 13 13 13 13 13 13 13 13 14 13 13 13 13 13 13 13 13 13 13 13 13 13 14 12 13 13 12
584_0_5 3 5 6 6 7 1 2 2 5 3 1 4 2 3 2 2 27 12 13 13 13 13 13 13 13 13 13 14 13 13 13 12 14 13 13 13 13 13 13 13 13 13 13 13 13 13 13 13 13 13 13 13 13 13 13 14 12 13 13 13 14 13 13 13 13 13 13 13 13 13 12
584_1_5 3 7 6 6 5 1 2 2 5 3 1 4 2 3 2 2 27 12 13 13 13 13 13 13 13 13 13 14 13 13 13 12 14 13 13 13 13 13 13 13 13 13 13 13 13 13 13 13 13 13 13 13 13 13 13 14 12 13 13 13 14 13 13 13 13 13 13 13 13 13 12
586_0_1 3 5 5 6 8 1 1 4 3 3 3 3 1 3 2 3 27 12 13 13 13 13 13 13 13 13 13 13 13 13 13 14 13 13 13 13 13 13 12 14 13 13 13 13 13 13 13 13 14 12 13 13 13 13 13 13 14 13 13 13 13 13 13 13 13 13 13 13 13 13 12
586_1_3 3 8 6 5 5 1 3 1 4 4 2 2 3 3 2 2 27 12 13 13 13 13 13 13 13 13 13 13 13 13 13 14 13 13 13 13 13 13 12 14 13 13 13 13 13 13 13 13 14 12 13 13 13 13 13 13 14 13 13 13 13 13 13 13 13 13 13 13 13 13 12
587_2_1 3 7 5 6 4 0 2 4 2 2 3 3 2 4 1 2 25 11 11 11 11 11 11 11 11 11 11 11 11 11 11 11 11 11 11 11 11 11 12 11 12 11 11 12 12 11 11 12 11 12 11 11 11 11 11 11 11 11 11 11 11 11 11 11 11 11 11 11 11 11 11
588_0_5 3 5 6 6 7 1 2 3 2 2 3 3 2 5 2 2 27 13 13 13 13 12 13 13 13 13 13 12 13 13 13 13 14 13 13 13 13 13 13 13 14 13 13 13 13 13 13 14 13 13 13 13 13 13 13 14 13 13 13 13 12 13 13 13 13 13 12 13 13 13 13
589_0_1 3 5 5 6 8 0 3 2 4 2 2 4 3 2 3 2 27 12 13 13 13 13 13 12 14 13 13 13 13 13 13 13 13 13 13 13 13 13 13 13 13 14 13 13 13 13 14 13 13 13 13 13 13 13 13 13 13 13 13 13 13 13 13 14 12 13 13 13 13 13 12
590_0_1 3 5 5 6 8 0 3 4 2 4 2 3 2 3 2 2 27 12 13 13 13 13 13 13 13 13 13 13 13 13 13 13 13 13 13 12 14 13 13 13 14 13 13 13 13 13 13 14 13 13 13 14 12 13 13 13 13 13 13 13 13 13 13 13 13 13 13 13 13 13 12
591_0_1 3 5 5 6 8 1 3 1 3 4 1 3 3 4 2 2 27 12 13 13 13 13 13 13 13 13 13 13 13 13 13 13 13 13 13 13 14 12 13 13 13 13 14 13 13 14 13 13 13 13 12 14 13 13 13 13 13 13 13 13 13 13 13 13 13 13 13 13 13 13 12
592_0_1 3 5 5 6 8 1 1 4 1 3 2 2 3 3 4 3 27 12 13 13 12 14 13 13 13 13 13 13 13 13 13 13 14 13 13 13 13 13 13 13 13 13 13 13 13 13 13 13 13 13 13 13 13 13 13 14 13 13 13 13 13 13 13 13 13 13 14 12 13 13 12
593_0_1 4 5 4 6 8 1 1 4 3 3 3 3 1 3 2 3 27 12 13 13 14 13 13 13 13 13 13 13 13 13 13 13 13 13 13 13 13 14 12 13 13 13 13 13 13 13 13 13 13 12 14 13 13 13 13 13 13 13 13 13 13 13 13 13 13 13 13 14 13 13 12
593_1_3 4 5 4 8 6 1 3 1 4 4 2 2 3 3 2 2 27 12 13 13 14 13 13 13 13 13 13 13 13 13 13 13 13 13 13 13 13 14 12 13 13 13 13 13 13 13 13 13 13 12 14 13 13 13 13 13 13 13 13 13 13 13 13 13 13 13 13 14 13 13 12
594_0_5 3 5 5 6 8 1 3 2 2 3 5 2 2 2 2 3 27 12 13 13 13 13 13 13 13 13 14 12 13 13 13 13 13 13 13 13 13 13 13 13 13 13 14 13 13 14 13 13 13 13 13 13 13 13 13 13 13 13 13 13 12 14 13 13 13 13 13 13 13 13 12
595_0_1 3 5 6 6 7 0 3 3 3 4 2 3 1 2 3 3 27 12 13 13 14 13 13 13 13 13 13 13 13 13 13 12 14 13 13 13 13 13 13 13 13 13 13 13 13 13 13 13 13 13 13 13 13 13 13 14 12 13 13 13 13 13 13 13 13 13 13 14 13 13 12
596_0_1 3 5 6 6 7 1 2 3 1 5 3 2 2 3 3 2 27 12 13 13 13 13 13 13 13 13 13 13 13 13 13 13 13 13 13 14 12 13 13 13 13 13 14 13 13 14 13 13 13 13 13 12 14 13 13 13 13 13 13 13 13 13 13 13 13 13 13 13 13 13 12
597_0_1 3 5 8 5 6 1 1 4 3 3 2 3 3 3 1 3 27 12 13 13 13 13 13 13 13 13 13 13 13 13 13 13 13 13 13 13 13 14 12 13 13 14 13 13 13 13 14 13 13 12 14 13 13 13 13 13 13 13 13 13 13 13 13 13 13 13 13 13 13 13 12
597_1_3 3 6 5 8 5 1 2 3 2 2 2 2 2 3 3 5 27 12 13 13 13 13 13 13 13 13 13 13 13 13 13 13 13 13 13 13 13 14 12 13 13 14 13 13 13 13 14 13 13 12 14 13 13 13 13 13 13 13 13 13 13 13 13 13 13 13 13 13 13 13 12
598_1_1 3 6 7 5 6 1 3 1 3 4 1 3 3 4 2 2 27 12 14 13 14 13 13 13 13 13 12 13 13 13 13 13 13 13 13 13 13 13 13 13 13 13 13 13 13 13 13 13 13 13 13 13 13 13 13 13 13 13 13 13 13 12 13 13 13 13 13 14 13 14 12
600_0_1 3 6 5 7 6 1 1 4 2 3 2 3 4 2 3 2 27 13 13 13 13 12 13 13 13 13 13 12 13 14 13 13 14 13 13 13 13 13 13 13 13 13 13 13 13 13 13 13 13 13 13 13 13 13 13 14 13 13 14 13 12 13 13 13 13 13 12 13 13 13 13
600_1_3 3 6 7 5 6 1 2 1 4 3 3 3 3 1 3 3 27 13 13 13 13 12 13 13 13 13 13 12 13 14 13 13 14 13 13 13 13 13 13 13 13 13 13 13 13 13 13 13 13 13 13 13 13 13 13 14 13 13 14 13 12 13 13 13 13 13 12 13 13 13 13
601_0_5 4 4 6 5 8 1 5 3 3 2 2 2 2 2 3 2 27 12 13 13 13 13 13 13 13 13 13 12 14 13 13 13 13 13 13 14 13 13 13 13 13 13 13 13 13 13 13 13 13 13 13 13 14 13 13 13 13 13 13 14 12 13 13 13 13 13 13 13 13 13 12
602_0_1 3 5 6 6 7 0 3 2 4 2 2 4 3 2 3 2 27 12 13 13 13 13 13 13 13 13 13 13 13 13 14 12 13 13 13 14 13 13 13 13 13 13 13 13 13 13 13 13 13 13 13 13 14 13 13 13 12 14 13 13 13 13 13 13 13 13 13 13 13 13 12
603_0_1 3 5 6 6 7 1 1 4 1 3 3 2 3 3 4 2 27 12 13 13 13 12 14 13 13 13 13 13 13 13 13 13 13 13 13 13 13 13 13 13 13 13 14 13 13 14 13 13 13 13 13 13 13 13 13 13 13 13 13 13 13 13 13 13 13 14 12 13 13 13 12
605_0_1 3 4 6 5 7 1 2 1 4 4 1 3 2 3 2 2 25 11 11 11 11 11 11 11 11 11 11 11 11 11 11 11 11 12 11 11 11 11 11 11 12 11 11 12 12 11 11 12 11 11 11 11 11 11 12 11 11 11 11 11 11 11 11 11 11 11 11 11 11 11 11
606_0_1 3 6 5 7 6 1 1 3 4 1 4 2 3 3 3 2 27 12 13 13 13 13 13 13 13 13 13 13 13 13 13 13 13 14 13 13 13 13 13 13 14 12 13 13 13 13 12 14 13 13 13 13 13 13 14 13 13 13 13 13 13 13 13 13 13 13 13 13 13 13 12
607_0_1 3 6 5 7 6 0 3 1 3 3 3 3 2 3 4 2 27 12 13 13 13 13 13 13 13 13 13 13 14 13 14 12 13 13 13 13 13 13 13 13 13 13 13 13 13 13 13 13 13 13 13 13 13 13 13 13 12 14 13 14 13 13 13 13 13 13 13 13 13 13 12
609_0_1 3 5 6 6 7 1 2 1 3 3 2 1 4 4 2 4 27 12 13 13 13 13 13 13 13 13 13 14 13 13 13 13 13 13 13 13 13 13 13 13 13 12 14 13 13 14 12 13 13 13 13 13 13 13 13 13 13 13 13 13 14 13 13 13 13 13 13 13 13 13 12
609_1_1 3 7 6 6 5 1 2 1 3 3 2 1 4 4 2 4 27 12 13 13 13 13 13 13 13 13 13 14 13 13 13 13 13 13 13 13 13 13 13 13 13 12 14 13 13 14 12 13 13 13 13 13 13 13 13 13 13 13 13 13 14 13 13 13 13 13 13 13 13 13 12
610_0_1 3 5 5 6 8 1 2 2 1 5 3 2 2 4 2 3 27 12 13 13 13 13 13 13 13 13 13 13 13 13 13 14 13 13 13 13 13 13 14 12 13 13 13 13 13 13 13 13 12 14 13 13 13 13 13 13 14 13 13 13 13 13 13 13 13 13 13 13 13 13 12
611_1_1 3 7 6 6 5 1 1 4 1 3 2 2 3 3 4 3 27 12 13 13 13 13 14 13 13 13 13 13 13 13 13 12 14 13 13 13 13 13 13 13 13 13 13 13 13 13 13 13 13 13 13 13 13 13 13 14 12 13 13 13 13 13 13 13 13 14 13 13 13 13 12
613_0_1 3 5 6 6 7 0 2 3 3 4 2 3 2 2 2 4 27 12 13 13 13 13 14 13 13 14 12 13 13 13 13 13 13 13 13 13 13 13 13 13 13 13 13 13 13 13 13 13 13 13 13 13 13 13 13 13 13 13 13 13 13 12 14 13 13 14 13 13 13 13 12
613_1_1 3 7 6 6 5 0 2 3 3 4 2 3 2 2 2 4 27 12 13 13 13 13 14 13 13 14 12 13 13 13 13 13 13 13 13 13 13 13 13 13 13 13 13 13 13 13 13 13 13 13 13 13 13 13 13 13 13 13 13 13 13 12 14 13 13 14 13 13 13 13 12
614_0_1 3 5 6 6 7 0 4 2 3 4 3 1 3 3 2 2 27 12 13 13 13 13 13 13 13 13 12 14 13 13 14 13 13 13 13 13 13 13 13 13 13 13 13 13 13 13 13 13 13 13 13 13 13 13 13 13 13 14 13 13 14 12 13 13 13 13 13 13 13 13 12
615_0_1 4 4 6 5 8 1 2 1 3 4 3 1 4 3 2 3 27 12 13 13 13 13 13 13 13 13 13 13 13 13 14 13 13 13 13 13 13 13 13 14 12 13 13 13 13 13 13 12 14 13 13 13 13 13 13 13 13 14 13 13 13 13 13 13 13 13 13 13 13 13 12
617_0_1 3 6 5 7 6 0 3 2 2 4 2 3 2 4 3 2 27 12 14 13 14 13 13 13 13 13 13 13 13 13 13 13 13 13 13 13 13 13 13 13 13 12 13 13 13 13 12 13 13 13 13 13 13 13 13 13 13 13 13 13 13 13 13 13 13 13 13 14 13 14 12
618_0_1 4 4 6 5 8 1 1 4 1 3 3 2 3 3 4 2 27 12 13 13 13 13 12 14 13 13 13 13 13 13 13 13 14 13 13 13 13 13 13 13 13 13 13 13 13 13 13 13 13 13 13 13 13 13 13 14 13 13 13 13 13 13 13 13 14 12 13 13 13 13 12
619_0_5 3 6 5 7 6 1 2 3 2 2 3 3 2 5 2 2 27 13 13 13 13 12 13 13 13 13 13 13 13 14 13 13 13 14 13 13 13 13 12 13 13 13 13 13 13 13 13 13 13 12 13 13 13 13 14 13 13 13 14 13 13 13 13 13 13 13 12 13 13 13 13
620_0_1 4 5 4 6 8 0 4 2 3 2 3 3 3 3 3 1 27 12 13 12 14 13 13 13 13 13 13 13 13 13 13 13 13 13 13 13 13 14 13 13 13 13 13 13 13 13 13 13 13 13 14 13 13 13 13 13 13 13 13 13 13 13 13 13 13 13 13 14 12 13 12
621_0_1 3 5 6 6 7 0 3 2 2 4 2 3 2 4 3 2 27 12 13 13 13 13 13 13 13 14 13 13 13 13 13 13 13 13 13 13 13 13 13 13 13 12 14 13 13 14 12 13 13 13 13 13 13 13 13 13 13 13 13 13 13 13 14 13 13 13 13 13 13 13 12
622_0_1 3 5 6 6 7 1 1 4 3 3 3 3 1 3 2 3 27 13 13 13 13 12 13 13 13 13 13 13 13 13 13 13 13 13 13 13 13 13 12 13 13 13 14 14 14 14 13 13 13 12 13 13 13 13 13 13 13 13 13 13 13 13 13 13 13 13 12 13 13 13 13
622_1_3 3 7 6 6 5 1 3 1 4 4 2 2 3 3 2 2 27 13 13 13 13 12 13 13 13 13 13 13 13 13 13 13 13 13 13 13 13 13 12 13 13 13 14 14 14 14 13 13 13 12 13 13 13 13 13 13 13 13 13 13 13 13 13 13 13 13 12 13 13 13 13
624_0_1 3 5 6 6 7 1 2 2 3 2 5 3 1 3 2 3 27 12 13 13 14 12 13 13 13 13 13 13 13 13 13 13 13 13 13 13 13 13 13 13 14 13 13 13 13 13 13 14 13 13 13 13 13 13 13 13 13 13 13 13 13 13 13 13 13 13 12 14 13 13 12
625_0_1 3 5 6 6 7 0 4 2 3 4 3 2 1 2 3 3 27 12 13 13 13 13 13 13 13 13 12 14 13 13 13 13 14 13 13 13 13 13 13 13 13 13 13 13 13 13 13 13 13 13 13 13 13 13 13 14 13 13 13 13 14 12 13 13 13 13 13 13 13 13 12
626_0_1 3 4 6 5 7 1 2 1 3 2 4 2 1 4 3 2 25 11 11 11 11 11 11 11 11 11 11 11 11 11 11 11 11 11 12 11 11 11 11 11 11 11 12 12 12 12 11 11 11 11 11 11 11 12 11 11 11 11 11 11 11 11 11 11 11 11 11 11 11 11 11
627_0_1 3 6 5 7 6 0 3 1 3 3 3 3 2 3 4 2 27 12 13 13 13 13 13 13 13 13 13 13 13 13 14 12 13 13 13 13 13 13 13 14 13 13 13 13 13 13 13 13 14 13 13 13 13 13 13 13 12 14 13 13 13 13 13 13 13 13 13 13 13 13 12
629_0_1 3 6 5 7 6 1 2 1 3 4 3 1 4 3 2 3 27 12 13 13 13 13 13 13 13 13 13 13 14 13 13 13 13 13 13 14 12 13 13 13 13 13 13 13 13 13 13 13 13 13 13 12 14 13 13 13 13 13 13 14 13 13 13 13 13 13 13 13 13 13 12
630_2_1 3 6 5 7 4 1 3 1 4 4 2 1 3 2 2 2 25 11 11 11 11 11 11 11 11 11 11 11 11 11 11 11 11 11 11 12 11 11 11 11 11 11 12 12 12 12 11 11 11 11 11 11 12 11 11 11 11 11 11 11 11 11 11 11 11 11 11 11 11 11 11
631_1_1 3 6 7 5 6 0 4 2 2 2 2 4 3 3 3 2 27 12 13 13 13 13 13 13 13 13 13 13 13 13 14 12 13 13 13 13 13 13 13 13 13 13 13 14 14 13 13 13 13 13 13 13 13 13 13 13 12 14 13 13 13 13 13 13 13 13 13 13 13 13 12
632_1_1 3 6 5 8 5 0 3 2 2 4 2 3 2 4 3 2 27 12 13 12 14 13 13 13 13 13 13 13 13 13 13 13 13 13 13 13 14 13 13 13 13 13 13 13 13 13 13 13 13 13 13 14 13 13 13 13 13 13 13 13 13 13 13 13 13 13 13 14 12 13 12
633_2_1 3 4 5 5 8 0 4 3 4 2 2 2 2 1 3 2 25 11 11 11 11 11 11 11 11 11 11 11 11 11 11 11 11 11 11 11 12 11 12 11 11 12 11 11 11 11 12 11 11 12 11 12 11 11 11 11 11 11 11 11 11 11 11 11 11 11 11 11 11 11 11
634_0_5 4 4 6 5 8 1 3 2 2 3 5 2 2 2 2 3 27 12 13 13 14 13 13 13 13 13 13 12 14 13 13 13 13 13 13 13 13 13 13 13 13 13 13 13 13 13 13 13 13 13 13 13 13 13 13 13 13 13 13 14 12 13 13 13 13 13 13 14 13 13 12
635_0_1 3 5 8 5 6 1 2 4 2 4 3 2 1 4 2 2 27 12 13 12 14 13 13 13 13 13 13 13 13 13 13 14 13 13 13 13 13 13 13 13 13 13 13 13 13 13 13 13 13 13 13 13 13 13 13 13 14 13 13 13 13 13 13 13 13 13 13 14 12 13 12
636_0_1 2 5 7 5 6 1 1 3 1 4 3 2 2 4 2 2 25 11 11 11 11 11 11 11 11 11 11 11 11 11 11 11 11 11 11 11 12 11 11 11 12 12 11 11 11 11 12 12 11 11 11 12 11 11 11 11 11 11 11 11 11 11 11 11 11 11 11 11 11 11 11
637_0_1 2 5 7 5 6 0 3 3 2 4 3 2 1 2 2 3 25 11 11 11 11 11 11 11 11 11 11 11 11 11 11 11 11 11 11 12 12 11 11 11 11 12 11 11 11 11 12 11 11 11 11 12 12 11 11 11 11 11 11 11 11 11 11 11 11 11 11 11 11 11 11
637_2_1 3 5 4 8 5 0 3 3 2 4 3 2 1 2 2 3 25 11 11 11 11 11 11 11 11 11 11 11 11 11 11 11 11 11 11 12 12 11 11 11 11 12 11 11 11 11 12 11 11 11 11 12 12 11 11 11 11 11 11 11 11 11 11 11 11 11 11 11 11 11 11
638_0_1 2 5 7 5 6 1 1 4 1 2 2 3 4 2 3 2 25 11 11 11 11 11 11 11 11 11 11 11 11 11 11 11 11 11 11 11 12 11 11 11 11 12 12 11 11 12 12 11 11 11 11 12 11 11 11 11 11 11 11 11 11 11 11 11 11 11 11 11 11 11 11
639_0_1 3 4 7 5 6 0 3 3 4 2 2 2 3 1 3 2 25 11 11 11 11 11 11 11 11 11 11 11 11 11 11 11 12 11 11 11 11 11 11 11 11 11 12 12 12 12 11 11 11 11 11 11 11 11 11 12 11 11 11 11 11 11 11 11 11 11 11 11 11 11 11
639_2_1 3 6 5 7 4 0 3 3 4 2 2 2 3 1 3 2 25 11 11 11 11 11 11 11 11 11 11 11 11 11 11 11 12 11 11 11 11 11 11 11 11 11 12 12 12 12 11 11 11 11 11 11 11 11 11 12 11 11 11 11 11 11 11 11 11 11 11 11 11 11 11
640_0_1 3 6 5 7 6 1 1 4 1 3 3 2 3 3 4 2 27 12 13 13 14 12 13 13 13 13 13 13 13 13 13 13 13 14 13 13 13 13 13 13 13 13 13 13 13 13 13 13 13 13 13 13 13 13 14 13 13 13 13 13 13 13 13 13 13 13 12 14 13 13 12
641_2_1 3 6 5 7 4 1 1 3 2 2 1 3 4 2 4 2 25 11 11 11 11 11 11 11 11 11 11 11 11 11 11 11 11 11 11 11 11 12 11 12 11 11 12 11 11 12 11 11 12 11 12 11 11 11 11 11 11 11 11 11 11 11 11 11 11 11 11 11 11 11 11
642_1_1 3 5 4 6 7 0 3 4 2 2 3 3 2 3 1 2 25 11 11 11 11 11 11 11 11 11 11 11 11 11 11 11 11 11 12 11 11 11 11 12 11 11 12 11 11 12 11 11 12 11 11 11 11 12 11 11 11 11 11 11 11 11 11 11 11 11 11 11 11 11 11
642_3_1 3 7 6 4 5 0 3 4 2 2 3 3 2 3 1 2 25 11 11 11 11 11 11 11 11 11 11 11 11 11 11 11 11 11 12 11 11 11 11 12 11 11 12 11 11 12 11 11 12 11 11 11 11 12 11 11 11 11 11 11 11 11 11 11 11 11 11 11 11 11 11
643_2_1 3 7 5 6 4 0 3 2 2 4 4 2 1 2 2 3 25 11 11 11 11 11 11 11 11 11 11 11 11 11 11 11 11 11 11 11 11 11 12 12 11 11 12 11 11 12 11 11 12 12 11 11 11 11 11 11 11 11 11 11 11 11 11 11 11 11 11 11 11 11 11
644_1_1 3 5 4 6 7 0 3 3 4 2 2 2 3 1 3 2 25 11 11 11 11 11 11 11 11 11 11 11 11 11 11 11 11 12 11 11 11 11 11 11 11 11 12 12 12 12 11 11 11 11 11 11 11 11 12 11 11 11 11 11 11 11 11 11 11 11 11 11 11 11 11
644_3_1 3 7 6 4 5 0 3 3 4 2 2 2 3 1 3 2 25 11 11 11 11 11 11 11 11 11 11 11 11 11 11 11 11 12 11 11 11 11 11 11 11 11 12 12 12 12 11 11 11 11 11 11 11 11 12 11 11 11 11 11 11 11 11 11 11 11 11 11 11 11 11
645_2_1 3 6 5 7 4 1 1 2 4 3 1 4 2 3 2 2 25 11 11 11 11 11 11 11 11 11 11 11 11 11 11 11 11 11 11 11 11 11 11 12 12 11 12 11 11 12 11 12 12 11 11 11 11 11 11 11 11 11 11 11 11 11 11 11 11 11 11 11 11 11 11
646_2_1 3 7 5 6 4 0 2 4 2 3 1 4 3 2 2 2 25 11 11 11 11 11 11 11 11 11 11 11 11 11 11 11 11 11 11 11 11 11 12 11 11 11 12 12 12 12 11 11 11 12 11 11 11 11 11 11 11 11 11 11 11 11 11 11 11 11 11 11 11 11 11
648_0_1 3 6 5 7 6 0 3 3 3 4 2 3 1 2 3 3 27 12 13 13 13 13 13 13 13 13 13 13 13 13 13 12 14 13 14 13 13 13 13 13 13 13 13 13 13 13 13 13 13 13 13 13 13 14 13 14 12 13 13 13 13 13 13 13 13 13 13 13 13 13 12
649_0_1 3 6 5 7 6 0 3 4 3 2 4 2 2 4 1 2 27 12 13 13 13 13 13 13 13 13 13 14 13 13 13 12 13 13 13 13 13 13 14 13 13 13 13 13 13 13 13 13 13 14 13 13 13 13 13 13 12 13 13 13 14 13 13 13 13 13 13 13 13 13 12
651_0_1 4 4 6 5 8 1 3 1 3 4 1 3 3 4 2 2 27 12 13 13 13 13 13 13 13 13 13 13 12 14 13 13 13 13 14 13 13 13 13 13 13 13 13 13 13 13 13 13 13 13 13 13 13 14 13 13 13 13 14 12 13 13 13 13 13 13 13 13 13 13 12
652_0_1 4 4 6 5 8 1 1 5 2 4 3 2 2 2 3 2 27 12 13 13 13 13 13 13 13 13 13 14 13 14 12 13 13 13 13 13 13 13 13 13 13 13 13 13 13 13 13 13 13 13 13 13 13 13 13 13 13 12 14 13 14 13 13 13 13 13 13 13 13 13 12
654_0_1 4 4 6 5 8 1 1 3 3 4 1 4 3 2 3 2 27 12 14 13 13 12 13 13 13 13 14 13 13 13 13 13 13 13 13 13 13 13 13 13 13 13 13 13 13 13 13 13 13 13 13 13 13 13 13 13 13 13 13 13 13 14 13 13 13 13 12 13 13 14 12
656_0_1 3 5 7 5 7 0 4 2 2 2 2 4 3 3 3 2 27 12 13 14 13 13 13 13 13 13 13 13 13 13 13 13 13 13 13 13 13 13 13 13 13 13 12 14 14 12 13 13 13 13 13 13 13 13 13 13 13 13 13 13 13 13 13 13 13 13 13 13 14 13 12
657_0_1 4 4 6 5 8 1 1 3 3 3 2 3 4 1 4 2 27 12 13 13 13 13 13 13 14 13 13 13 13 13 13 13 13 12 14 13 13 13 13 13 13 13 13 13 13 13 13 13 13 13 13 13 13 14 12 13 13 13 13 13 13 13 13 14 13 13 13 13 13 13 12
659_0_1 3 5 5 6 8 1 1 5 3 3 2 3 2 3 1 3 27 12 13 13 13 13 13 13 13 13 13 14 13 13 13 13 13 13 13 13 14 12 13 13 13 13 13 13 13 13 13 13 13 13 12 14 13 13 13 13 13 13 13 13 14 13 13 13 13 13 13 13 13 13 12
661_0_1 3 5 6 6 7 1 1 5 3 3 2 3 2 3 1 3 27 12 13 13 13 13 13 13 13 13 12 14 13 13 13 13 13 13 13 13 13 13 13 13 14 13 13 13 13 13 13 14 13 13 13 13 13 13 13 13 13 13 13 13 14 12 13 13 13 13 13 13 13 13 12
663_0_1 4 4 6 5 8 1 1 5 3 3 2 3 2 3 1 3 27 12 13 13 13 13 13 13 13 13 13 13 13 14 13 13 13 13 13 13 13 13 14 12 13 13 13 13 13 13 13 13 12 14 13 13 13 13 13 13 13 13 14 13 13 13 13 13 13 13 13 13 13 13 12
665_0_1 3 5 5 6 8 1 1 5 3 3 2 3 2 3 1 3 27 12 13 13 13 13 13 13 13 13 13 13 13 13 13 13 13 13 13 13 14 13 14 12 13 13 13 13 13 13 13 13 12 14 13 14 13 13 13 13 13 13 13 13 13 13 13 13 13 13 13 13 13 13 12
666_1_1 4 4 8 5 6 0 4 2 2 2 2 4 3 3 3 2 27 12 13 14 13 13 14 13 13 13 13 13 13 13 13 13 13 13 13 13 13 13 13 13 13 13 12 13 13 12 13 13 13 13 13 13 13 13 13 13 13 13 13 13 13 13 13 13 13 14 13 13 14 13 12
667_0_5 4 5 4 6 8 1 5 3 3 2 2 2 2 2 3 2 27 12 13 13 13 13 13 13 13 13 13 13 13 13 13 13 13 13 13 14 13 14 12 13 13 13 13 13 13 13 13 13 13 12 14 13 14 13 13 13 13 13 13 13 13 13 13 13 13 13 13 13 13 13 12
668_0_1 3 5 6 6 7 1 2 3 1 5 3 2 2 3 3 2 27 12 13 13 14 13 13 13 13 13 13 13 13 13 13 13 13 13 13 14 12 13 13 13 13 13 13 13 13 13 13 13 13 13 13 12 14 13 13 13 13 13 13 13 13 13 13 13 13 13 13 14 13 13 12
669_0_1 3 5 6 6 7 0 3 3 3 3 4 1 3 2 3 2 27 12 13 13 13 13 13 13 13 13 13 13 13 13 13 13 13 13 13 14 13 13 13 13 14 12 13 13 13 13 12 14 13 13 13 13 14 13 13 13 13 13 13 13 13 13 13 13 13 13 13 13 13 13 12
671_0_1 3 6 5 7 6 1 3 1 3 4 1 3 3 4 2 2 27 12 13 13 13 13 13 14 13 14 12 13 13 13 13 13 13 13 13 13 13 13 13 13 13 13 13 13 13 13 13 13 13 13 13 13 13 13 13 13 13 13 13 13 13 12 14 13 14 13 13 13 13 13 12
672_0_1 3 5 5 6 8 1 1 4 3 3 2 3 3 3 1 3 27 12 13 13 13 13 13 13 13 13 13 13 13 13 13 13 13 13 13 13 13 13 12 14 13 14 13 13 13 13 14 13 14 12 13 13 13 13 13 13 13 13 13 13 13 13 13 13 13 13 13 13 13 13 12
672_1_3 3 8 6 5 5 1 2 3 2 2 2 2 2 3 3 5 27 12 13 13 13 13 13 13 13 13 13 13 13 13 13 13 13 13 13 13 13 13 12 14 13 14 13 13 13 13 14 13 14 12 13 13 13 13 13 13 13 13 13 13 13 13 13 13 13 13 13 13 13 13 12
673_0_5 3 5 6 6 7 1 3 2 2 3 5 2 2 2 2 3 27 13 13 13 13 12 13 13 13 13 13 12 13 13 13 13 14 13 13 13 13 13 13 13 13 13 14 13 13 14 13 13 13 13 13 13 13 13 13 14 13 13 13 13 12 13 13 13 13 13 12 13 13 13 13
674_0_1 4 4 6 5 8 1 2 3 5 2 2 4 1 3 2 2 27 12 13 13 13 13 13 12 14 13 13 13 13 13 13 13 13 13 13 13 13 13 14 13 13 13 13 13 13 13 13 13 13 14 13 13 13 13 13 13 13 13 13 13 13 13 13 14 12 13 13 13 13 13 12
676_0_1 3 5 6 6 7 1 1 3 3 3 2 3 4 1 4 2 27 12 13 13 14 12 13 13 13 13 13 13 13 13 14 13 13 13 13 13 13 13 13 13 13 13 13 13 13 13 13 13 13 13 13 13 13 13 13 13 13 14 13 13 13 13 13 13 13 13 12 14 13 13 12
678_0_1 4 4 6 5 8 1 2 2 3 2 5 3 1 3 2 3 27 12 13 13 13 13 12 14 13 14 13 13 13 13 13 13 13 13 13 13 13 13 13 13 13 13 13 13 13 13 13 13 13 13 13 13 13 13 13 13 13 13 13 13 13 13 14 13 14 12 13 13 13 13 12
679_0_1 3 5 5 6 8 1 3 1 4 3 1 3 4 3 2 2 27 12 13 13 13 13 13 13 13 13 13 13 13 13 13 13 14 13 13 13 13 13 13 13 12 14 13 13 13 13 14 12 13 13 13 13 13 13 13 14 13 13 13 13 13 13 13 13 13 13 13 13 13 13 12
680_1_1 3 7 6 6 5 0 4 2 3 2 3 3 3 3 3 1 27 12 13 13 13 13 13 13 13 13 13 13 13 13 13 13 13 13 13 13 13 14 13 13 13 12 14 13 13 14 12 13 13 13 14 13 13 13 13 13 13 13 13 13 13 13 13 13 13 13 13 13 13 13 12
681_1_1 4 5 4 8 6 0 3 4 2 4 2 3 2 3 2 2 27 12 13 13 13 13 13 13 12 14 13 13 13 13 13 13 13 13 13 13 13 13 13 13 14 13 13 13 13 13 13 14 13 13 13 13 13 13 13 13 13 13 13 13 13 13 14 12 13 13 13 13 13 13 12
683_0_1 3 5 6 6 7 1 3 1 3 4 1 3 3 4 2 2 27 12 13 13 13 13 13 13 13 14 12 13 13 13 13 13 13 13 13 13 13 13 13 13 13 13 14 13 13 14 13 13 13 13 13 13 13 13 13 13 13 13 13 13 13 12 14 13 13 13 13 13 13 13 12
684_0_1 4 5 4 6 8 1 2 3 1 4 2 2 3 4 3 2 27 12 13 13 13 13 13 13 13 13 13 13 13 13 13 13 14 13 13 13 13 14 12 13 13 13 13 13 13 13 13 13 13 12 14 13 13 13 13 14 13 13 13 13 13 13 13 13 13 13 13 13 13 13 12
684_1_3 4 5 4 8 6 1 2 3 4 3 2 2 4 1 3 2 27 12 13 13 13 13 13 13 13 13 13 13 13 13 13 13 14 13 13 13 13 14 12 13 13 13 13 13 13 13 13 13 13 12 14 13 13 13 13 14 13 13 13 13 13 13 13 13 13 13 13 13 13 13 12
685_1_1 3 6 7 5 6 0 3 3 1 3 2 3 3 4 3 2 27 12 13 13 13 13 13 13 13 13 13 13 13 13 13 13 13 13 13 13 12 14 13 14 13 13 13 13 13 13 13 13 14 13 14 12 13 13 13 13 13 13 13 13 13 13 13 13 13 13 13 13 13 13 12
686_1_1 3 7 6 6 5 0 3 3 3 4 2 3 1 2 3 3 27 12 13 13 13 12 14 13 13 13 13 13 13 13 13 13 14 13 13 13 13 13 13 13 13 13 13 13 13 13 13 13 13 13 13 13 13 13 13 14 13 13 13 13 13 13 13 13 13 14 12 13 13 13 12
687_1_1 4 4 8 5 6 0 3 3 1 3 2 3 3 4 3 2 27 12 13 13 13 13 13 13 13 13 13 13 13 13 13 13 13 13 13 13 13 14 13 14 12 13 13 13 13 13 13 12 14 13 14 13 13 13 13 13 13 13 13 13 13 13 13 13 13 13 13 13 13 13 12
688_1_1 3 8 6 5 5 0 3 3 1 3 2 3 3 4 3 2 27 12 13 13 13 13 13 13 13 13 14 13 14 12 13 13 13 13 13 13 13 13 13 13 13 13 13 13 13 13 13 13 13 13 13 13 13 13 13 13 13 13 12 14 13 14 13 13 13 13 13 13 13 13 12
689_1_1 3 6 7 5 6 0 3 2 4 2 2 4 3 2 3 2 27 12 13 13 13 13 13 13 14 13 13 13 13 13 14 12 13 13 13 13 13 13 13 13 13 13 13 13 13 13 13 13 13 13 13 13 13 13 13 13 12 14 13 13 13 13 13 14 13 13 13 13 13 13 12
690_0_5 4 4 6 5 8 1 3 1 3 4 3 3 1 3 3 2 27 12 13 13 13 13 13 13 13 13 13 13 13 13 13 13 13 14 13 13 13 13 12 14 13 13 13 13 13 13 13 13 14 12 13 13 13 13 14 13 13 13 13 13 13 13 13 13 13 13 13 13 13 13 12
691_0_1 3 5 5 6 8 1 2 3 1 4 2 2 3 4 3 2 27 12 13 13 13 13 14 13 13 13 14 12 13 13 13 13 13 13 13 13 13 13 13 13 13 13 13 13 13 13 13 13 13 13 13 13 13 13 13 13 13 13 13 13 12 14 13 13 13 14 13 13 13 13 12
691_1_3 3 8 6 5 5 1 2 3 4 3 2 2 4 1 3 2 27 12 13 13 13 13 14 13 13 13 14 12 13 13 13 13 13 13 13 13 13 13 13 13 13 13 13 13 13 13 13 13 13 13 13 13 13 13 13 13 13 13 13 13 12 14 13 13 13 14 13 13 13 13 12
692_0_5 3 5 6 6 7 1 5 3 3 2 2 2 2 2 3 2 27 13 13 13 13 12 13 13 13 13 13 13 13 13 13 13 13 13 13 14 13 13 12 13 13 13 13 14 14 13 13 13 13 12 13 13 14 13 13 13 13 13 13 13 13 13 13 13 13 13 12 13 13 13 13
693_0_1 3 5 5 6 8 0 3 3 3 3 4 1 3 2 3 2 27 12 13 13 13 14 12 13 13 13 13 13 13 13 13 13 13 13 13 13 13 13 13 13 14 13 13 13 13 13 13 14 13 13 13 13 13 13 13 13 13 13 13 13 13 13 13 13 13 12 14 13 13 13 12
695_0_1 4 4 6 5 8 1 1 4 3 3 2 3 3 3 1 3 27 12 13 13 13 13 13 13 13 13 13 12 14 13 14 13 13 13 13 13 13 13 13 13 13 13 13 13 13 13 13 13 13 13 13 13 13 13 13 13 13 14 13 14 12 13 13 13 13 13 13 13 13 13 12
695_1_3 4 4 8 5 6 1 2 3 2 2 2 2 2 3 3 5 27 12 13 13 13 13 13 13 13 13 13 12 14 13 14 13 13 13 13 13 13 13 13 13 13 13 13 13 13 13 13 13 13 13 13 13 13 13 13 13 13 14 13 14 12 13 13 13 13 13 13 13 13 13 12
696_1_1 3 8 6 5 5 0 3 3 3 4 2 3 1 2 3 3 27 12 13 13 12 14 13 13 13 13 13 13 13 13 13 13 13 13 13 13 13 13 13 13 13 13 14 13 13 14 13 13 13 13 13 13 13 13 13 13 13 13 13 13 13 13 13 13 13 13 14 12 13 13 12
697_1_1 3 6 7 5 6 0 3 3 3 4 2 3 1 2 3 3 27 12 13 13 13 13 13 14 13 13 13 13 13 13 13 12 14 13 13 13 13 13 13 13 13 13 13 13 13 13 13 13 13 13 13 13 13 13 13 14 12 13 13 13 13 13 13 13 14 13 13 13 13 13 12
699_0_1 3 6 5 7 6 0 4 2 3 2 3 3 3 3 3 1 27 12 13 13 13 13 13 13 13 13 13 13 14 13 13 13 13 13 13 13 13 13 13 13 13 12 14 13 13 14 12 13 13 13 13 13 13 13 13 13 13 13 13 14 13 13 13 13 13 13 13 13 13 13 12
700_0_1 3 5 8 5 6 0 4 2 3 2 3 3 3 3 3 1 27 12 13 12 14 13 13 13 13 13 14 13 13 13 13 13 13 13 13 13 13 13 13 13 13 13 13 13 13 13 13 13 13 13 13 13 13 13 13 13 13 13 13 13 13 14 13 13 13 13 13 14 12 13 12
701_0_1 3 6 5 7 6 0 3 4 2 4 2 3 2 3 2 2 27 12 13 13 13 13 13 13 13 13 13 13 13 14 13 13 13 13 13 13 13 13 13 13 14 12 13 13 13 13 12 14 13 13 13 13 13 13 13 13 13 13 14 13 13 13 13 13 13 13 13 13 13 13 12
702_0_1 3 4 7 5 6 0 2 3 3 3 1 4 3 2 2 2 25 11 11 11 11 11 11 11 11 11 11 11 11 11 11 11 11 11 11 12 11 12 11 12 11 11 11 11 11 11 11 11 12 11 12 11 12 11 11 11 11 11 11 11 11 11 11 11 11 11 11 11 11 11 11
702_2_1 3 6 5 7 4 0 2 3 3 3 1 4 3 2 2 2 25 11 11 11 11 11 11 11 11 11 11 11 11 11 11 11 11 11 11 12 11 12 11 12 11 11 11 11 11 11 11 11 12 11 12 11 12 11 11 11 11 11 11 11 11 11 11 11 11 11 11 11 11 11 11
703_0_1 3 6 5 7 6 0 3 3 3 3 4 1 3 2 3 2 27 12 14 13 14 13 13 13 13 13 13 13 13 13 13 12 13 13 13 13 13 13 13 13 13 13 13 13 13 13 13 13 13 13 13 13 13 13 13 13 12 13 13 13 13 13 13 13 13 13 13 14 13 14 12
704_1_1 4 4 8 5 6 1 3 1 3 4 1 3 3 4 2 2 27 12 13 13 13 13 13 13 13 13 13 13 13 14 13 13 13 13 13 13 13 12 13 13 13 13 14 13 13 14 13 13 13 13 12 13 13 13 13 13 13 13 14 13 13 13 13 13 13 13 13 13 13 13 12
705_1_1 4 4 8 5 6 1 2 3 1 5 3 2 2 3 3 2 27 12 13 13 13 13 13 14 13 13 13 13 13 13 14 13 13 13 13 13 13 13 13 13 12 13 13 13 13 13 13 12 13 13 13 13 13 13 13 13 13 14 13 13 13 13 13 13 14 13 13 13 13 13 12
706_1_1 3 8 6 5 5 0 3 2 4 2 2 4 3 2 3 2 27 12 13 13 13 13 13 13 13 13 13 13 13 13 14 13 13 13 13 13 13 13 13 13 13 14 12 13 13 12 14 13 13 13 13 13 13 13 13 13 13 14 13 13 13 13 13 13 13 13 13 13 13 13 12
707_1_1 4 4 8 5 6 0 4 2 2 2 2 4 3 3 3 2 27 12 13 13 12 13 13 13 14 13 13 13 13 13 13 13 14 13 13 13 13 13 13 13 13 13 13 13 13 13 13 13 13 13 13 13 13 13 13 14 13 13 13 13 13 13 13 14 13 13 13 12 13 13 12
709_1_1 3 5 4 6 7 0 2 3 3 3 3 2 3 1 4 1 25 11 11 11 11 11 11 11 11 11 11 11 11 11 11 11 11 11 11 11 11 11 12 12 12 11 11 11 11 11 11 12 12 12 11 11 11 11 11 11 11 11 11 11 11 11 11 11 11 11 11 11 11 11 11
710_1_1 3 5 4 7 6 0 3 1 3 4 3 1 3 3 2 2 25 11 11 11 11 11 11 11 11 11 11 11 11 11 11 11 11 11 11 11 11 11 12 11 12 11 12 11 11 12 11 12 11 12 11 11 11 11 11 11 11 11 11 11 11 11 11 11 11 11 11 11 11 11 11
711_1_1 3 5 4 7 6 1 2 2 1 4 1 2 3 4 3 2 25 11 11 11 11 11 11 11 11 11 11 11 11 11 11 11 11 11 11 11 11 12 11 11 12 11 11 12 12 11 11 12 11 11 12 11 11 11 11 11 11 11 11 11 11 11 11 11 11 11 11 11 11 11 11
712_1_1 3 5 4 6 7 1 2 2 1 4 1 2 3 4 3 2 25 11 11 11 11 11 11 11 11 11 11 11 11 11 11 11 11 11 11 11 11 11 11 12 12 11 11 12 12 11 11 12 12 11 11 11 11 11 11 11 11 11 11 11 11 11 11 11 11 11 11 11 11 11 11
713_1_1 4 4 8 5 6 1 1 3 3 4 1 4 3 2 3 2 27 12 13 13 13 13 13 13 13 14 13 13 13 13 13 13 12 13 13 13 13 13 13 14 13 13 13 13 13 13 13 13 14 13 13 13 13 13 13 12 13 13 13 13 13 13 14 13 13 13 13 13 13 13 12
715_0_3 4 4 6 5 8 1 1 3 2 3 2 3 3 2 5 2 27 12 13 13 13 13 13 14 12 13 13 13 13 13 13 13 13 13 13 13 13 13 13 14 13 13 13 13 13 13 13 13 14 13 13 13 13 13 13 13 13 13 13 13 13 13 13 12 14 13 13 13 13 13 12
716_1_1 3 8 6 5 5 1 2 4 3 4 1 3 2 1 3 3 27 12 12 14 13 13 13 13 13 13 13 13 13 13 13 13 13 13 13 13 13 13 13 13 13 14 13 13 13 13 14 13 13 13 13 13 13 13 13 13 13 13 13 13 13 13 13 13 13 13 13 13 14 12 12
717_1_3 3 6 7 5 6 1 2 4 2 4 3 2 2 1 4 2 27 12 13 13 13 13 13 13 13 13 13 13 13 13 13 13 13 13 14 14 12 13 13 13 13 13 13 13 13 13 13 13 13 13 13 12 14 14 13 13 13 13 13 13 13 13 13 13 13 13 13 13 13 13 12
719_0_3 4 4 6 5 8 1 1 3 2 3 2 3 3 2 5 2 27 12 13 13 13 13 13 13 13 13 13 13 13 13 13 13 13 13 14 12 13 14 13 13 13 13 13 13 13 13 13 13 13 13 14 13 12 14 13 13 13 13 13 13 13 13 13 13 13 13 13 13 13 13 12
720_0_3 3 6 5 7 6 1 2 3 5 1 3 3 2 3 2 2 27 12 14 13 13 13 13 13 13 13 13 13 13 13 13 13 14 13 13 13 12 13 13 13 13 13 13 13 13 13 13 13 13 13 13 12 13 13 13 14 13 13 13 13 13 13 13 13 13 13 13 13 13 14 12
721_0_3 3 5 7 5 7 1 2 2 5 2 2 4 2 3 2 2 27 12 14 13 12 13 13 13 14 13 13 13 13 13 13 13 13 13 13 13 13 13 13 13 13 13 13 13 13 13 13 13 13 13 13 13 13 13 13 13 13 13 13 13 13 13 13 14 13 13 13 12 13 14 12
722_1_1 3 6 7 5 6 1 1 3 3 4 1 4 3 2 3 2 27 12 13 13 13 12 13 13 13 14 13 13 13 13 13 13 13 13 13 13 13 13 13 14 13 13 13 13 13 13 13 13 14 13 13 13 13 13 13 13 13 13 13 13 13 13 14 13 13 13 12 13 13 13 12
724_1_1 3 6 7 5 6 0 3 3 2 1 3 3 4 3 2 3 27 12 13 13 13 13 13 13 13 13 13 13 13 13 13 13 14 13 13 13 13 13 13 14 13 12 13 13 13 13 12 13 14 13 13 13 13 13 13 14 13 13 13 13 13 13 13 13 13 13 13 13 13 13 12
725_1_3 4 4 8 5 6 1 2 2 5 2 2 4 2 3 2 2 27 12 13 13 13 13 13 13 13 13 13 13 13 14 13 12 13 13 13 13 13 13 13 13 13 14 13 13 13 13 14 13 13 13 13 13 13 13 13 13 12 13 14 13 13 13 13 13 13 13 13 13 13 13 12
726_1_3 3 7 5 7 5 1 2 3 5 1 3 3 2 3 2 2 27 12 13 13 13 13 13 13 14 13 13 13 13 13 13 13 13 14 13 12 13 13 13 13 13 13 13 13 13 13 13 13 13 13 13 13 12 13 14 13 13 13 13 13 13 13 13 14 13 13 13 13 13 13 12
727_1_1 4 4 8 5 6 1 1 3 3 3 4 2 3 1 3 3 27 13 13 13 13 12 13 13 13 13 14 12 13 13 13 13 13 13 13 13 13 13 13 13 13 13 13 14 14 13 13 13 13 13 13 13 13 13 13 13 13 13 13 13 12 14 13 13 13 13 12 13 13 13 13
728_0_3 3 5 8 5 6 0 3 2 4 2 2 4 2 3 3 2 27 12 13 13 13 14 13 13 13 14 13 13 13 13 13 13 13 13 13 13 13 13 13 12 13 13 13 13 13 13 13 13 12 13 13 13 13 13 13 13 13 13 13 13 13 13 14 13 13 13 14 13 13 13 12
728_1_3 3 6 5 8 5 0 3 2 4 2 2 4 2 3 3 2 27 12 13 13 13 14 13 13 13 14 13 13 13 13 13 13 13 13 13 13 13 13 13 12 13 13 13 13 13 13 13 13 12 13 13 13 13 13 13 13 13 13 13 13 13 13 14 13 13 13 14 13 13 13 12
729_0_3 4 4 6 5 8 1 2 1 4 3 3 3 3 1 3 3 27 12 14 13 13 13 13 13 13 13 13 12 13 13 13 13 13 13 13 13 13 14 13 13 13 13 13 13 13 13 13 13 13 13 14 13 13 13 13 13 13 13 13 13 12 13 13 13 13 13 13 13 13 14 12
729_1_5 4 4 8 5 6 1 2 3 2 2 3 3 2 5 2 2 27 12 14 13 13 13 13 13 13 13 13 12 13 13 13 13 13 13 13 13 13 14 13 13 13 13 13 13 13 13 13 13 13 13 14 13 13 13 13 13 13 13 13 13 12 13 13 13 13 13 13 13 13 14 12
730_1_1 4 4 8 5 6 1 1 4 2 3 2 3 4 2 3 2 27 12 13 13 13 13 13 13 13 14 13 12 13 13 13 13 13 13 13 13 13 13 13 14 13 13 13 13 13 13 13 13 14 13 13 13 13 13 13 13 13 13 13 13 12 13 14 13 13 13 13 13 13 13 12
731_0_3 3 6 5 7 6 1 2 2 3 3 4 1 3 4 2 2 27 13 13 13 13 12 13 13 13 13 13 12 13 13 13 13 13 14 13 13 13 14 13 13 13 13 13 13 13 13 13 13 13 13 14 13 13 13 14 13 13 13 13 13 12 13 13 13 13 13 12 13 13 13 13
731_1_5 3 6 7 5 6 1 3 2 3 5 2 2 2 3 2 2 27 13 13 13 13 12 13 13 13 13 13 12 13 13 13 13 13 14 13 13 13 14 13 13 13 13 13 13 13 13 13 13 13 13 14 13 13 13 14 13 13 13 13 13 12 13 13 13 13 13 12 13 13 13 13
732_1_1 3 8 6 5 5 1 1 4 2 3 2 3 4 2 3 2 27 12 14 13 13 13 13 13 13 13 14 13 13 13 13 13 13 13 13 13 13 13 12 13 13 13 13 13 13 13 13 13 13 12 13 13 13 13 13 13 13 13 13 13 13 14 13 13 13 13 13 13 13 14 12
733_0_3 4 4 6 5 8 1 2 1 4 3 3 3 3 1 3 3 27 12 14 13 13 13 13 13 13 13 13 13 14 13 13 13 13 13 13 13 13 13 12 13 13 13 13 13 13 13 13 13 13 12 13 13 13 13 13 13 13 13 13 14 13 13 13 13 13 13 13 13 13 14 12
733_1_5 4 4 8 5 6 1 2 3 2 2 3 3 2 5 2 2 27 12 14 13 13 13 13 13 13 13 13 13 14 13 13 13 13 13 13 13 13 13 12 13 13 13 13 13 13 13 13 13 13 12 13 13 13 13 13 13 13 13 13 14 13 13 13 13 13 13 13 13 13 14 12
734_1_1 4 4 8 5 6 1 1 4 2 3 2 3 4 2 3 2 27 12 13 13 13 13 13 13 13 13 13 12 13 14 13 13 13 13 13 13 13 14 13 13 13 13 13 13 13 13 13 13 13 13 14 13 13 13 13 13 13 13 14 13 12 13 13 13 13 13 13 13 13 13 12
735_0_3 3 5 7 5 7 1 2 1 4 3 3 3 3 1 3 3 27 12 14 13 13 13 13 13 13 13 13 12 13 13 13 13 13 13 13 13 13 13 13 14 13 13 13 13 13 13 13 13 14 13 13 13 13 13 13 13 13 13 13 13 12 13 13 13 13 13 13 13 13 14 12
735_1_5 3 7 5 7 5 1 2 3 2 2 3 3 2 5 2 2 27 12 14 13 13 13 13 13 13 13 13 12 13 13 13 13 13 13 13 13 13 13 13 14 13 13 13 13 13 13 13 13 14 13 13 13 13 13 13 13 13 13 13 13 12 13 13 13 13 13 13 13 13 14 12
736_1_3 3 6 7 5 6 1 2 5 2 4 2 2 2 2 3 2 27 12 13 13 13 13 13 13 13 13 13 13 13 13 13 13 13 13 13 13 13 13 13 13 14 12 13 14 14 13 12 14 13 13 13 13 13 13 13 13 13 13 13 13 13 13 13 13 13 13 13 13 13 13 12
738_0_3 4 4 6 5 8 0 3 2 4 2 2 4 2 3 3 2 27 12 13 13 13 13 13 13 13 13 13 13 12 14 13 13 13 13 13 13 13 13 13 13 13 13 13 14 14 13 13 13 13 13 13 13 13 13 13 13 13 13 14 12 13 13 13 13 13 13 13 13 13 13 12
738_1_3 4 4 8 5 6 0 3 2 4 2 2 4 2 3 3 2 27 12 13 13 13 13 13 13 13 13 13 13 12 14 13 13 13 13 13 13 13 13 13 13 13 13 13 14 14 13 13 13 13 13 13 13 13 13 13 13 13 13 14 12 13 13 13 13 13 13 13 13 13 13 12
739_0_3 4 4 6 5 8 1 2 4 2 4 3 2 2 1 4 2 27 12 12 14 13 13 13 13 13 13 13 13 13 13 13 13 13 13 14 13 13 13 13 13 13 13 13 13 13 13 13 13 13 13 13 13 13 14 13 13 13 13 13 13 13 13 13 13 13 13 13 13 14 12 12
740_0_3 3 6 5 7 6 0 3 2 4 2 2 4 2 3 3 2 27 12 14 13 13 13 14 13 13 13 12 13 13 13 13 13 13 13 13 13 13 13 13 13 13 13 13 13 13 13 13 13 13 13 13 13 13 13 13 13 13 13 13 13 13 12 13 13 13 14 13 13 13 14 12
740_1_3 3 6 7 5 6 0 3 2 4 2 2 4 2 3 3 2 27 12 14 13 13 13 14 13 13 13 12 13 13 13 13 13 13 13 13 13 13 13 13 13 13 13 13 13 13 13 13 13 13 13 13 13 13 13 13 13 13 13 13 13 13 12 13 13 13 14 13 13 13 14 12
741_0_3 3 5 7 5 7 1 2 3 5 1 3 3 2 3 2 2 27 12 13 13 13 13 13 13 13 13 13 13 13 13 13 13 13 13 14 13 13 13 13 13 13 13 12 14 14 12 13 13 13 13 13 13 13 14 13 13 13 13 13 13 13 13 13 13 13 13 13 13 13 13 12
742_0_3 3 6 5 7 6 0 3 2 4 2 2 4 2 3 3 2 27 12 13 13 13 13 13 13 13 14 12 13 13 13 13 13 13 13 13 13 13 13 13 13 13 13 13 14 14 13 13 13 13 13 13 13 13 13 13 13 13 13 13 13 13 12 14 13 13 13 13 13 13 13 12
742_1_3 3 6 7 5 6 0 3 2 4 2 2 4 2 3 3 2 27 12 13 13 13 13 13 13 13 14 12 13 13 13 13 13 13 13 13 13 13 13 13 13 13 13 13 14 14 13 13 13 13 13 13 13 13 13 13 13 13 13 13 13 13 12 14 13 13 13 13 13 13 13 12
743_0_3 3 5 6 6 7 1 3 2 3 1 3 5 2 3 2 2 27 13 13 13 13 12 13 13 13 13 12 13 13 13 13 14 13 13 13 13 13 13 13 13 14 13 13 13 13 13 13 14 13 13 13 13 13 13 13 13 14 13 13 13 13 12 13 13 13 13 12 13 13 13 13
744_1_1 3 7 6 6 5 1 3 2 1 3 2 3 1 3 4 4 27 13 13 13 13 12 13 13 13 13 12 13 13 13 13 14 13 13 13 13 13 13 13 13 13 13 14 13 13 14 13 13 13 13 13 13 13 13 13 13 14 13 13 13 13 12 13 13 13 13 12 13 13 13 13
746_1_1 3 7 6 6 5 1 1 3 3 3 2 3 4 1 4 2 27 13 13 13 13 12 13 13 13 13 12 13 13 13 13 14 13 13 13 14 13 13 13 13 13 13 13 13 13 13 13 13 13 13 13 13 14 13 13 13 14 13 13 13 13 12 13 13 13 13 12 13 13 13 13
747_1_3 3 6 7 5 6 1 2 2 5 2 2 4 2 3 2 2 27 12 14 13 13 13 13 13 13 13 13 13 13 13 13 12 13 13 13 14 13 13 13 13 13 13 13 13 13 13 13 13 13 13 13 13 14 13 13 13 12 13 13 13 13 13 13 13 13 13 13 13 13 14 12
748_1_3 3 6 5 8 5 1 2 2 5 2 2 4 2 3 2 2 27 12 13 13 13 13 13 13 13 13 13 13 13 13 13 13 13 13 12 14 14 13 13 13 13 13 13 13 13 13 13 13 13 13 13 14 14 12 13 13 13 13 13 13 13 13 13 13 13 13 13 13 13 13 12
750_0_3 4 4 6 5 8 1 2 4 2 4 3 2 2 1 4 2 27 12 13 13 13 13 13 13 13 12 13 13 13 13 14 13 13 13 14 13 13 13 13 13 13 13 13 13 13 13 13 13 13 13 13 13 13 14 13 13 13 14 13 13 13 13 12 13 13 13 13 13 13 13 12
751_0_3 3 6 5 7 6 1 2 3 5 1 3 3 2 3 2 2 27 12 13 14 13 13 14 13 13 13 13 13 13 13 13 13 13 13 13 13 13 13 13 13 13 12 13 13 13 13 12 13 13 13 13 13 13 13 13 13 13 13 13 13 13 13 13 13 13 14 13 13 14 13 12
752_0_3 4 4 6 5 8 1 2 3 5 1 3 3 2 3 2 2 27 12 14 13 13 14 13 13 13 13 13 13 13 13 13 13 13 13 13 13 12 13 13 13 13 13 13 13 13 13 13 13 13 13 13 12 13 13 13 13 13 13 13 13 13 13 13 13 13 13 14 13 13 14 12
753_0_3 3 5 7 5 7 1 2 2 3 4 4 1 2 4 1 3 27 12 13 13 13 13 13 13 13 13 13 13 13 13 13 13 13 13 13 13 13 13 14 13 13 13 12 14 14 12 13 13 13 14 13 13 13 13 13 13 13 13 13 13 13 13 13 13 13 13 13 13 13 13 12
753_1_3 3 7 5 7 5 1 2 2 3 4 4 1 2 4 1 3 27 12 13 13 13 13 13 13 13 13 13 13 13 13 13 13 13 13 13 13 13 13 14 13 13 13 12 14 14 12 13 13 13 14 13 13 13 13 13 13 13 13 13 13 13 13 13 13 13 13 13 13 13 13 12
754_1_1 4 4 8 5 6 1 2 2 5 1 2 4 3 3 2 2 27 12 13 13 13 13 13 13 13 12 13 14 13 13 13 13 13 13 14 13 13 13 13 13 13 13 13 13 13 13 13 13 13 13 13 13 13 14 13 13 13 13 13 13 14 13 12 13 13 13 13 13 13 13 12
756_0_3 3 5 7 5 7 1 1 3 2 3 2 3 3 2 5 2 27 12 13 13 13 13 13 13 13 13 13 13 13 13 13 13 13 13 14 12 13 13 13 14 13 13 13 13 13 13 13 13 14 13 13 13 12 14 13 13 13 13 13 13 13 13 13 13 13 13 13 13 13 13 12
757_0_3 3 5 7 5 7 1 3 1 3 4 4 1 3 2 3 2 27 12 13 13 13 13 13 14 13 13 13 13 13 14 12 13 13 13 13 13 13 13 13 13 13 13 13 13 13 13 13 13 13 13 13 13 13 13 13 13 13 12 14 13 13 13 13 13 14 13 13 13 13 13 12
758_0_3 3 5 7 5 7 1 2 4 2 4 3 2 2 1 4 2 27 12 13 14 13 13 13 14 13 13 13 13 13 13 13 13 13 13 13 13 13 13 13 13 12 13 13 13 13 13 13 12 13 13 13 13 13 13 13 13 13 13 13 13 13 13 13 13 14 13 13 13 14 13 12
759_1_1 4 4 8 5 6 1 2 1 3 4 3 1 4 3 2 3 27 12 12 14 13 13 13 13 13 13 13 13 13 13 13 13 13 13 13 13 13 13 13 14 13 13 13 13 13 13 13 13 14 13 13 13 13 13 13 13 13 13 13 13 13 13 13 13 13 13 13 13 14 12 12
760_1_3 3 7 5 7 5 1 4 2 2 2 2 1 4 3 4 2 27 12 13 13 13 13 13 13 13 13 13 13 13 13 13 13 13 14 13 13 13 13 13 13 13 13 12 14 14 12 13 13 13 13 13 13 13 13 14 13 13 13 13 13 13 13 13 13 13 13 13 13 13 13 12
761_1_3 4 4 8 5 6 1 4 2 2 2 2 1 4 3 4 2 27 12 13 13 13 13 14 13 13 13 13 13 13 13 13 13 13 13 13 13 13 13 13 13 13 13 12 14 14 12 13 13 13 13 13 13 13 13 13 13 13 13 13 13 13 13 13 13 13 14 13 13 13 13 12
763_0_3 3 5 5 6 8 1 2 4 2 4 3 2 2 1 4 2 27 12 12 14 13 13 13 13 13 13 13 13 13 13 13 14 13 13 13 13 13 13 13 13 13 13 13 13 13 13 13 13 13 13 13 13 13 13 13 13 14 13 13 13 13 13 13 13 13 13 13 13 14 12 12
764_1_1 4 4 8 5 6 1 1 3 3 4 2 3 3 1 4 2 27 12 13 13 12 13 14 13 13 13 13 13 14 13 13 13 13 13 13 13 13 13 13 13 13 13 13 13 13 13 13 13 13 13 13 13 13 13 13 13 13 13 13 14 13 13 13 13 13 14 13 12 13 13 12
765_1_3 3 6 7 5 6 1 2 4 2 4 3 2 2 1 4 2 27 12 13 14 13 13 13 13 13 13 13 13 13 13 13 13 13 13 13 13 12 13 13 13 13 13 14 13 13 14 13 13 13 13 13 12 13 13 13 13 13 13 13 13 13 13 13 13 13 13 13 13 14 13 12
766_1_3 3 7 5 7 5 1 3 1 3 4 4 1 3 2 3 2 27 12 13 13 13 13 13 13 13 13 13 13 13 14 13 13 13 13 14 12 13 13 13 13 13 13 13 13 13 13 13 13 13 13 13 13 12 14 13 13 13 13 14 13 13 13 13 13 13 13 13 13 13 13 12
768_0_3 4 4 6 5 8 1 2 4 2 4 3 2 2 1 4 2 27 12 12 14 13 13 13 14 13 13 13 13 13 13 13 13 13 13 13 13 13 13 13 13 13 13 13 13 13 13 13 13 13 13 13 13 13 13 13 13 13 13 13 13 13 13 13 13 14 13 13 13 14 12 12
769_0_3 4 4 6 5 8 1 2 2 3 4 4 1 2 4 1 3 27 12 13 13 13 13 13 13 13 13 13 14 13 13 13 13 13 13 13 13 13 13 13 13 13 13 12 14 14 12 13 13 13 13 13 13 13 13 13 13 13 13 13 13 14 13 13 13 13 13 13 13 13 13 12
769_1_3 4 4 8 5 6 1 2 2 3 4 4 1 2 4 1 3 27 12 13 13 13 13 13 13 13 13 13 14 13 13 13 13 13 13 13 13 13 13 13 13 13 13 12 14 14 12 13 13 13 13 13 13 13 13 13 13 13 13 13 13 14 13 13 13 13 13 13 13 13 13 12
770_0_3 4 4 6 5 8 1 3 1 3 3 4 3 2 1 4 2 27 12 13 14 13 13 13 13 13 13 13 13 13 13 13 13 14 13 13 13 13 13 13 13 13 13 12 13 13 12 13 13 13 13 13 13 13 13 13 14 13 13 13 13 13 13 13 13 13 13 13 13 14 13 12
771_1_1 4 4 8 5 6 1 1 3 3 4 2 3 3 1 4 2 27 12 13 13 13 13 13 13 13 13 13 13 13 13 13 13 13 13 13 13 13 14 13 13 13 13 12 14 14 12 13 13 13 13 14 13 13 13 13 13 13 13 13 13 13 13 13 13 13 13 13 13 13 13 12
772_1_3 4 4 8 5 6 1 3 2 3 1 3 5 2 3 2 2 27 12 13 13 13 13 13 13 13 14 13 13 13 13 13 13 12 13 14 13 13 13 13 13 13 13 13 13 13 13 13 13 13 13 13 13 13 14 13 12 13 13 13 13 13 13 14 13 13 13 13 13 13 13 12
773_1_3 4 4 8 5 6 1 3 1 3 2 4 4 2 1 3 3 27 12 13 13 13 13 13 13 13 13 13 13 13 13 13 13 13 13 14 12 13 13 13 13 13 13 14 13 13 14 13 13 13 13 13 13 12 14 13 13 13 13 13 13 13 13 13 13 13 13 13 13 13 13 12
775_1_1 4 4 8 5 6 1 1 3 3 3 2 3 4 1 4 2 27 12 13 13 13 13 13 14 13 13 13 13 13 13 14 13 12 13 13 13 13 13 13 13 13 13 13 13 13 13 13 13 13 13 13 13 13 13 13 12 13 14 13 13 13 13 13 13 14 13 13 13 13 13 12
776_1_3 3 6 7 5 6 1 3 2 3 1 3 5 2 3 2 2 27 12 13 13 13 12 13 13 13 14 13 13 13 13 13 13 13 13 14 13 13 13 13 13 13 13 13 13 13 13 13 13 13 13 13 13 13 14 13 13 13 13 13 13 13 13 14 13 13 13 12 13 13 13 12
777_1_3 4 4 8 5 6 1 3 1 3 3 4 3 2 1 4 2 27 12 13 13 13 13 13 13 13 13 13 13 13 13 13 13 13 13 13 14 13 13 13 13 13 13 12 14 14 12 13 13 13 13 13 13 14 13 13 13 13 13 13 13 13 13 13 13 13 13 13 13 13 13 12
779_1_1 4 5 4 8 6 1 2 1 3 4 3 1 4 3 2 3 27 12 13 13 13 13 13 13 13 13 13 13 13 12 14 13 13 13 13 13 13 14 13 13 13 13 13 13 13 13 13 13 13 13 14 13 13 13 13 13 13 14 12 13 13 13 13 13 13 13 13 13 13 13 12
780_1_3 3 6 7 5 6 1 3 1 3 3 4 3 2 1 4 2 27 12 13 14 13 13 14 13 13 13 13 13 13 13 13 12 13 13 13 13 13 13 13 13 13 13 13 13 13 13 13 13 13 13 13 13 13 13 13 13 12 13 13 13 13 13 13 13 13 14 13 13 14 13 12
781_1_3 4 5 4 8 6 1 3 2 2 2 3 1 3 5 2 3 27 12 13 13 14 13 13 13 13 14 13 13 13 13 13 13 13 13 13 13 13 13 13 12 13 13 13 13 13 13 13 13 12 13 13 13 13 13 13 13 13 13 13 13 13 13 14 13 13 13 13 14 13 13 12
782_1_3 4 4 8 5 6 1 3 2 2 2 3 1 3 5 2 3 27 12 13 13 14 13 13 13 13 13 13 13 13 14 13 13 13 13 13 13 13 12 13 13 13 13 13 13 13 13 13 13 13 13 12 13 13 13 13 13 13 13 14 13 13 13 13 13 13 13 13 14 13 13 12
784_0_3 4 4 6 5 8 1 2 2 3 5 1 3 3 3 2 2 27 12 13 13 12 13 13 13 13 14 13 13 13 13 13 13 13 13 13 13 13 13 13 14 13 13 13 13 13 13 13 13 14 13 13 13 13 13 13 13 13 13 13 13 13 13 14 13 13 13 13 12 13 13 12
785_0_3 3 6 5 7 6 1 3 2 2 2 3 1 3 5 2 3 27 12 13 13 13 13 13 14 13 13 12 13 13 13 13 13 13 13 13 13 13 13 13 13 14 13 13 13 13 13 13 14 13 13 13 13 13 13 13 13 13 13 13 13 13 12 13 13 14 13 13 13 13 13 12
786_0_3 3 6 5 7 6 1 3 2 3 1 3 5 2 3 2 2 27 12 13 13 13 12 13 14 13 13 13 13 13 13 13 13 13 13 13 13 13 13 13 13 14 13 13 13 13 13 13 14 13 13 13 13 13 13 13 13 13 13 13 13 13 13 13 13 14 13 12 13 13 13 12
787_0_3 3 5 8 5 6 1 3 1 3 3 2 2 5 3 2 2 27 12 13 13 13 13 13 13 13 13 13 13 13 13 13 13 13 12 13 13 13 14 13 13 13 14 13 13 13 13 14 13 13 13 14 13 13 13 12 13 13 13 13 13 13 13 13 13 13 13 13 13 13 13 12
788_1_1 3 6 7 5 6 0 3 3 3 3 4 1 3 2 3 2 27 12 14 13 13 13 13 13 13 13 13 13 13 13 14 13 13 13 13 13 13 13 13 13 13 12 13 13 13 13 12 13 13 13 13 13 13 13 13 13 13 14 13 13 13 13 13 13 13 13 13 13 13 14 12
789_1_3 3 6 7 5 6 1 4 2 2 2 2 1 4 3 4 2 27 12 13 13 13 13 13 13 13 13 13 13 13 13 13 12 14 13 13 13 13 13 13 13 13 13 13 14 14 13 13 13 13 13 13 13 13 13 13 14 12 13 13 13 13 13 13 13 13 13 13 13 13 13 12
790_1_3 3 6 7 5 6 1 2 2 3 5 1 3 3 3 2 2 27 12 13 13 13 13 13 13 13 13 13 13 14 13 13 12 13 13 13 13 13 13 13 13 14 13 13 13 13 13 13 14 13 13 13 13 13 13 13 13 12 13 13 14 13 13 13 13 13 13 13 13 13 13 12
791_1_3 4 4 8 5 6 1 2 3 5 1 3 3 2 3 2 2 27 12 13 13 13 13 13 13 13 13 13 13 13 13 14 13 13 14 13 12 13 13 13 13 13 13 13 13 13 13 13 13 13 13 13 13 12 13 14 13 13 14 13 13 13 13 13 13 13 13 13 13 13 13 12
792_1_3 3 6 5 8 5 1 3 2 2 2 3 1 3 5 2 3 27 12 13 13 13 13 13 13 13 13 13 13 12 13 13 14 13 13 13 13 13 13 13 13 14 13 13 13 13 13 13 14 13 13 13 13 13 13 13 13 14 13 13 12 13 13 13 13 13 13 13 13 13 13 12
793_1_3 4 4 8 5 6 1 2 5 2 4 2 2 2 2 3 2 27 12 13 13 13 13 13 13 13 14 13 13 13 13 13 13 13 14 13 12 13 13 13 13 13 13 13 13 13 13 13 13 13 13 13 13 12 13 14 13 13 13 13 13 13 13 14 13 13 13 13 13 13 13 12
794_1_3 3 6 7 5 6 1 3 2 2 2 3 1 3 5 2 3 27 12 13 13 13 13 13 13 13 13 12 13 13 14 13 13 13 13 13 13 13 13 13 13 13 13 14 13 13 14 13 13 13 13 13 13 13 13 13 13 13 13 14 13 13 12 13 13 13 13 13 13 13 13 12
795_1_3 3 7 5 7 5 1 3 1 3 3 4 3 2 1 4 2 27 12 13 13 12 13 13 13 14 13 13 13 13 13 13 13 13 14 13 13 13 13 13 13 13 13 13 13 13 13 13 13 13 13 13 13 13 13 14 13 13 13 13 13 13 13 13 14 13 13 13 12 13 13 12
797_0_3 3 5 7 5 7 1 2 1 4 4 1 3 3 3 2 3 27 12 13 13 13 13 13 14 13 12 13 13 13 13 13 13 13 13 14 13 13 13 13 13 13 13 13 13 13 13 13 13 13 13 13 13 13 14 13 13 13 13 13 13 13 13 12 13 14 13 13 13 13 13 12
798_0_3 3 6 5 7 6 1 2 2 3 5 1 3 3 3 2 2 27 12 14 13 13 13 13 13 13 13 13 13 13 13 13 12 13 13 13 13 13 14 13 13 13 13 13 13 13 13 13 13 13 13 14 13 13 13 13 13 12 13 13 13 13 13 13 13 13 13 13 13 13 14 12
799_1_1 4 4 8 5 6 0 3 3 3 3 4 1 3 2 3 2 27 12 13 13 12 13 13 14 13 13 13 13 13 13 13 13 13 13 13 13 13 13 13 13 14 13 13 13 13 13 13 14 13 13 13 13 13 13 13 13 13 13 13 13 13 13 13 13 14 13 13 12 13 13 12
801_0_3 4 5 4 6 8 1 2 3 5 1 3 3 2 3 2 2 27 12 13 13 13 13 13 13 12 13 13 13 13 13 13 13 14 13 13 14 13 13 13 13 13 13 13 13 13 13 13 13 13 13 13 13 14 13 13 14 13 13 13 13 13 13 13 12 13 13 13 13 13 13 12
802_1_1 3 6 7 5 6 1 3 1 4 3 1 3 4 3 2 2 27 12 13 13 13 13 13 13 14 13 13 13 13 13 13 13 14 13 13 13 12 13 13 13 13 13 13 13 13 13 13 13 13 13 13 12 13 13 13 14 13 13 13 13 13 13 13 14 13 13 13 13 13 13 12
804_1_1 3 6 7 5 6 0 3 3 3 3 4 1 3 2 3 2 27 12 14 13 13 13 13 13 13 14 13 13 13 13 13 13 13 13 13 13 12 13 13 13 13 13 13 13 13 13 13 13 13 13 13 12 13 13 13 13 13 13 13 13 13 13 14 13 13 13 13 13 13 14 12
806_0_3 3 6 5 7 6 1 3 2 2 2 3 1 3 5 2 3 27 12 14 13 13 13 13 13 13 13 12 13 13 13 13 13 13 13 13 13 13 13 13 13 13 13 14 13 13 14 13 13 13 13 13 13 13 13 13 13 13 13 13 13 13 12 13 13 13 13 13 13 13 14 12
807_1_1 4 4 8 5 6 1 3 1 3 2 1 3 5 3 2 3 27 12 13 13 13 12 13 13 13 13 14 13 13 13 13 13 13 13 13 13 13 13 14 13 13 13 13 13 13 13 13 13 13 14 13 13 13 13 13 13 13 13 13 13 13 14 13 13 13 13 12 13 13 13 12
809_1_1 3 7 5 7 5 0 3 3 3 3 4 1 3 2 3 2 27 12 13 13 13 13 13 13 13 13 13 13 13 14 13 13 13 13 13 13 13 12 13 14 13 13 13 13 13 13 13 13 14 13 12 13 13 13 13 13 13 13 14 13 13 13 13 13 13 13 13 13 13 13 12
810_0_7 4 4 6 5 8 1 2 4 3 1 4 2 4 2 2 2 27 12 13 13 13 13 13 13 13 13 12 13 13 13 13 13 13 14 13 13 14 13 13 13 13 13 13 13 13 13 13 13 13 13 13 14 13 13 14 13 13 13 13 13 13 12 13 13 13 13 13 13 13 13 12
810_1_7 4 4 8 5 6 1 2 4 3 1 4 2 4 2 2 2 27 12 13 13 13 13 13 13 13 13 12 13 13 13 13 13 13 14 13 13 14 13 13 13 13 13 13 13 13 13 13 13 13 13 13 14 13 13 14 13 13 13 13 13 13 12 13 13 13 13 13 13 13 13 12
812_1_1 3 6 7 5 6 1 3 1 4 3 1 3 4 3 2 2 27 12 13 13 13 13 13 13 13 13 13 13 13 13 13 13 13 13 13 14 12 13 13 13 13 13 13 14 14 13 13 13 13 13 13 12 14 13 13 13 13 13 13 13 13 13 13 13 13 13 13 13 13 13 12
814_1_1 4 4 8 5 6 0 3 3 4 3 3 2 2 1 3 3 27 12 13 13 13 12 13 13 13 13 14 13 13 13 13 13 13 13 13 13 13 13 13 14 13 13 13 13 13 13 13 13 14 13 13 13 13 13 13 13 13 13 13 13 13 14 13 13 13 13 12 13 13 13 12
816_0_3 4 4 6 5 8 1 2 4 2 4 3 2 2 1 4 2 27 12 13 13 13 13 13 13 14 13 13 13 13 13 13 14 13 13 13 13 12 13 13 13 13 13 13 13 13 13 13 13 13 13 13 12 13 13 13 13 14 13 13 13 13 13 13 14 13 13 13 13 13 13 12
817_1_1 3 6 5 8 5 0 3 3 3 3 4 1 3 2 3 2 27 12 13 13 13 13 13 13 13 13 14 13 12 13 13 13 13 13 13 13 13 13 13 13 14 13 13 13 13 13 13 14 13 13 13 13 13 13 13 13 13 13 13 12 13 14 13 13 13 13 13 13 13 13 12
819_0_3 3 6 5 7 6 1 1 4 1 2 3 2 4 3 4 2 27 13 13 13 13 12 13 13 13 13 13 13 13 13 13 12 13 13 13 13 14 13 14 13 13 13 13 13 13 13 13 13 13 14 13 14 13 13 13 13 12 13 13 13 13 13 13 13 13 13 12 13 13 13 13
819_1_3 3 6 7 5 6 1 1 4 1 2 3 2 4 3 4 2 27 13 13 13 13 12 13 13 13 13 13 13 13 13 13 12 13 13 13 13 14 13 14 13 13 13 13 13 13 13 13 13 13 14 13 14 13 13 13 13 12 13 13 13 13 13 13 13 13 13 12 13 13 13 13
820_0_3 3 6 5 7 6 1 3 1 3 3 4 3 2 1 4 2 27 12 13 13 13 13 13 13 13 13 13 13 13 13 13 12 13 14 13 14 13 13 13 13 13 13 13 13 13 13 13 13 13 13 13 13 14 13 14 13 12 13 13 13 13 13 13 13 13 13 13 13 13 13 12
821_0_3 3 6 5 7 6 1 1 4 1 2 2 3 3 4 3 3 27 13 13 13 13 12 13 13 13 13 13 13 13 13 13 12 13 13 13 13 14 13 13 14 13 13 13 13 13 13 13 13 14 13 13 14 13 13 13 13 12 13 13 13 13 13 13 13 13 13 12 13 13 13 13
822_0_3 3 5 6 6 7 1 2 1 4 4 2 4 2 2 2 3 27 13 13 13 13 12 13 13 13 13 13 13 13 13 13 12 13 13 13 13 14 13 13 13 14 13 13 13 13 13 13 14 13 13 13 14 13 13 13 13 12 13 13 13 13 13 13 13 13 13 12 13 13 13 13
823_0_3 3 6 5 7 6 1 2 2 3 5 1 3 3 3 2 2 27 13 13 13 13 12 13 13 13 13 13 13 13 13 13 12 13 13 13 13 14 13 13 13 13 13 13 14 14 13 13 13 13 13 13 14 13 13 13 13 12 13 13 13 13 13 13 13 13 13 12 13 13 13 13
824_1_1 3 7 6 6 5 1 1 3 3 4 1 4 3 2 3 2 27 13 13 13 13 12 13 13 13 13 13 13 13 13 13 12 13 13 13 13 14 13 13 13 13 13 14 13 13 14 13 13 13 13 13 14 13 13 13 13 12 13 13 13 13 13 13 13 13 13 12 13 13 13 13
825_0_7 4 4 6 5 8 1 2 4 3 1 4 2 4 2 2 2 27 12 13 13 13 13 14 13 13 13 13 13 13 14 13 13 13 13 13 13 13 12 13 13 13 13 13 13 13 13 13 13 13 13 12 13 13 13 13 13 13 13 14 13 13 13 13 13 13 14 13 13 13 13 12
825_1_7 4 4 8 5 6 1 2 4 3 1 4 2 4 2 2 2 27 12 13 13 13 13 14 13 13 13 13 13 13 14 13 13 13 13 13 13 13 12 13 13 13 13 13 13 13 13 13 13 13 13 12 13 13 13 13 13 13 13 14 13 13 13 13 13 13 14 13 13 13 13 12
827_1_1 4 4 8 5 6 1 1 4 1 3 3 2 3 3 4 2 27 12 13 13 13 13 13 13 13 13 13 13 13 14 13 13 13 13 13 13 13 13 13 13 12 13 14 13 13 14 13 12 13 13 13 13 13 13 13 13 13 13 14 13 13 13 13 13 13 13 13 13 13 13 12
829_1_1 4 4 8 5 6 0 3 3 4 3 3 2 2 1 3 3 27 12 13 13 13 13 12 13 13 13 13 13 14 13 13 13 13 13 13 13 13 14 13 13 13 13 13 13 13 13 13 13 13 13 14 13 13 13 13 13 13 13 13 14 13 13 13 13 13 12 13 13 13 13 12
830_1_1 3 6 7 5 6 1 1 4 3 3 2 3 3 3 1 3 27 13 13 13 13 12 13 13 13 13 13 12 13 13 13 13 13 14 13 14 13 13 13 13 13 13 13 13 13 13 13 13 13 13 13 13 14 13 14 13 13 13 13 13 12 13 13 13 13 13 12 13 13 13 13
831_0_3 3 6 5 7 6 1 3 2 3 1 3 5 2 3 2 2 27 12 14 13 13 12 13 13 13 13 13 13 13 13 13 13 13 13 13 13 13 13 13 13 13 13 14 13 13 14 13 13 13 13 13 13 13 13 13 13 13 13 13 13 13 13 13 13 13 13 12 13 13 14 12
832_1_1 3 7 5 7 5 0 3 3 2 1 3 3 4 3 2 3 27 12 13 13 13 13 13 13 13 13 13 13 13 13 13 13 13 14 13 12 13 13 13 14 13 13 13 13 13 13 13 13 14 13 13 13 12 13 14 13 13 13 13 13 13 13 13 13 13 13 13 13 13 13 12
834_0_3 3 5 7 5 7 1 2 3 4 3 2 2 4 1 3 2 27 12 13 13 13 13 13 13 13 13 13 12 14 13 13 13 13 13 13 13 13 13 13 13 13 13 13 14 14 13 13 13 13 13 13 13 13 13 13 13 13 13 13 14 12 13 13 13 13 13 13 13 13 13 12
834_1_5 3 7 5 7 5 1 3 1 3 4 3 3 1 3 3 2 27 12 13 13 13 13 13 13 13 13 13 12 14 13 13 13 13 13 13 13 13 13 13 13 13 13 13 14 14 13 13 13 13 13 13 13 13 13 13 13 13 13 13 14 12 13 13 13 13 13 13 13 13 13 12
835_1_3 3 6 7 5 6 1 2 3 5 1 3 3 2 3 2 2 27 12 13 13 13 13 13 13 13 13 12 13 13 13 13 13 13 14 13 13 13 14 13 13 13 13 13 13 13 13 13 13 13 13 14 13 13 13 14 13 13 13 13 13 13 12 13 13 13 13 13 13 13 13 12
836_1_3 3 6 7 5 6 1 3 1 3 3 2 1 5 3 3 2 27 12 13 13 13 13 13 13 13 13 12 14 13 13 13 13 13 13 13 13 13 13 13 13 13 13 13 14 14 13 13 13 13 13 13 13 13 13 13 13 13 13 13 13 14 12 13 13 13 13 13 13 13 13 12
838_0_3 3 6 5 7 6 1 2 3 5 1 3 3 2 3 2 2 27 12 13 13 13 13 14 13 13 13 12 13 14 13 13 13 13 13 13 13 13 13 13 13 13 13 13 13 13 13 13 13 13 13 13 13 13 13 13 13 13 13 13 14 13 12 13 13 13 14 13 13 13 13 12
839_0_3 4 4 6 5 8 1 3 1 3 3 2 1 5 3 3 2 27 12 13 13 13 13 13 13 13 13 13 13 13 13 13 13 13 13 13 13 13 13 14 12 13 13 13 14 14 13 13 13 12 14 13 13 13 13 13 13 13 13 13 13 13 13 13 13 13 13 13 13 13 13 12
840_0_3 3 5 7 5 7 1 3 1 3 3 2 1 5 3 3 2 27 12 13 13 13 13 13 13 13 13 13 13 13 13 13 13 13 13 13 13 13 12 14 13 13 13 13 14 14 13 13 13 13 14 12 13 13 13 13 13 13 13 13 13 13 13 13 13 13 13 13 13 13 13 12
841_1_1 3 6 7 5 6 0 3 2 4 2 3 3 3 2 4 1 27 12 14 13 13 13 13 13 13 13 13 14 13 13 13 12 13 13 13 13 13 13 13 13 13 13 13 13 13 13 13 13 13 13 13 13 13 13 13 13 12 13 13 13 14 13 13 13 13 13 13 13 13 14 12
842_1_3 3 7 5 7 5 1 2 3 5 1 3 3 2 3 2 2 27 12 13 13 13 13 13 13 13 13 13 13 13 13 13 13 12 14 13 13 13 13 13 13 13 13 13 14 14 13 13 13 13 13 13 13 13 13 14 12 13 13 13 13 13 13 13 13 13 13 13 13 13 13 12
843_1_3 4 4 8 5 6 1 3 1 3 3 4 3 2 1 4 2 27 12 13 13 13 13 13 12 14 13 13 13 13 13 13 13 13 13 13 13 13 13 13 13 13 13 13 14 14 13 13 13 13 13 13 13 13 13 13 13 13 13 13 13 13 13 13 14 12 13 13 13 13 13 12
844_1_3 3 6 7 5 6 1 2 3 5 1 3 3 2 3 2 2 27 12 13 13 13 12 14 13 13 13 13 13 13 13 13 13 13 13 13 13 13 13 13 13 13 13 13 14 14 13 13 13 13 13 13 13 13 13 13 13 13 13 13 13 13 13 13 13 13 14 12 13 13 13 12
845_1_3 4 4 8 5 6 1 2 3 5 1 3 3 2 3 2 2 27 12 13 13 13 13 13 13 13 13 13 13 13 13 13 13 14 13 13 13 13 12 13 14 13 13 13 13 13 13 13 13 14 13 12 13 13 13 13 14 13 13 13 13 13 13 13 13 13 13 13 13 13 13 12
846_1_1 4 4 8 5 6 1 2 3 1 4 2 2 3 4 3 2 27 12 13 13 13 13 13 13 13 13 13 13 13 13 13 13 13 13 13 13 13 13 12 14 13 13 13 14 14 13 13 13 14 12 13 13 13 13 13 13 13 13 13 13 13 13 13 13 13 13 13 13 13 13 12
847_0_3 4 4 6 5 8 1 2 3 4 3 2 2 4 1 3 2 27 12 13 13 13 13 13 13 13 13 13 12 13 13 13 13 13 14 13 13 13 14 13 13 13 13 13 13 13 13 13 13 13 13 14 13 13 13 14 13 13 13 13 13 12 13 13 13 13 13 13 13 13 13 12
847_1_5 4 4 8 5 6 1 3 1 3 4 3 3 1 3 3 2 27 12 13 13 13 13 13 13 13 13 13 12 13 13 13 13 13 14 13 13 13 14 13 13 13 13 13 13 13 13 13 13 13 13 14 13 13 13 14 13 13 13 13 13 12 13 13 13 13 13 13 13 13 13 12
848_1_3 3 6 5 8 5 1 2 5 2 4 2 2 2 2 3 2 27 12 13 13 13 13 13 13 12 13 13 13 13 13 13 13 14 13 13 13 14 13 13 13 13 13 13 13 13 13 13 13 13 13 13 14 13 13 13 14 13 13 13 13 13 13 13 12 13 13 13 13 13 13 12
849_1_3 4 4 8 5 6 1 2 2 3 5 1 3 3 3 2 2 27 12 13 13 13 13 13 13 13 13 13 13 14 13 13 13 13 13 13 13 13 13 13 13 14 13 12 13 13 12 13 14 13 13 13 13 13 13 13 13 13 13 13 14 13 13 13 13 13 13 13 13 13 13 12
850_1_1 4 4 8 5 6 1 2 3 1 4 2 2 3 4 3 2 27 12 13 13 13 13 13 13 13 13 13 12 13 13 13 13 14 13 13 13 13 13 13 14 13 13 13 13 13 13 13 13 14 13 13 13 13 13 13 14 13 13 13 13 12 13 13 13 13 13 13 13 13 13 12
851_0_3 3 5 8 5 6 0 3 2 4 2 2 4 2 3 3 2 27 12 13 13 13 14 13 13 13 13 13 13 12 13 13 13 13 13 13 13 13 13 13 13 14 13 13 13 13 13 13 14 13 13 13 13 13 13 13 13 13 13 13 12 13 13 13 13 13 13 14 13 13 13 12
851_1_3 3 6 5 8 5 0 3 2 4 2 2 4 2 3 3 2 27 12 13 13 13 14 13 13 13 13 13 13 12 13 13 13 13 13 13 13 13 13 13 13 14 13 13 13 13 13 13 14 13 13 13 13 13 13 13 13 13 13 13 12 13 13 13 13 13 13 14 13 13 13 12
852_0_3 4 5 4 6 8 0 3 2 4 2 2 4 2 3 3 2 27 12 13 13 13 13 13 13 13 13 13 13 12 13 13 13 14 13 13 13 13 13 13 13 14 13 13 13 13 13 13 14 13 13 13 13 13 13 13 14 13 13 13 12 13 13 13 13 13 13 13 13 13 13 12
852_1_3 4 5 4 8 6 0 3 2 4 2 2 4 2 3 3 2 27 12 13 13 13 13 13 13 13 13 13 13 12 13 13 13 14 13 13 13 13 13 13 13 14 13 13 13 13 13 13 14 13 13 13 13 13 13 13 14 13 13 13 12 13 13 13 13 13 13 13 13 13 13 12
853_1_1 3 6 7 5 6 1 1 4 1 3 3 2 3 3 4 2 27 12 13 13 14 13 13 13 14 13 13 13 13 13 13 13 13 13 13 13 13 13 13 13 13 12 13 13 13 13 12 13 13 13 13 13 13 13 13 13 13 13 13 13 13 13 13 14 13 13 13 14 13 13 12
855_1_1 3 6 7 5 6 1 1 3 3 4 1 4 3 2 3 2 27 12 13 13 13 12 13 13 13 13 13 13 14 13 13 13 13 13 13 13 13 13 13 13 14 13 13 13 13 13 13 14 13 13 13 13 13 13 13 13 13 13 13 14 13 13 13 13 13 13 12 13 13 13 12
856_1_3 3 6 7 5 6 1 2 2 3 5 1 3 3 3 2 2 27 12 13 13 13 13 13 13 13 13 13 13 13 14 13 12 13 13 13 13 13 14 13 13 13 13 13 13 13 13 13 13 13 13 14 13 13 13 13 13 12 13 14 13 13 13 13 13 13 13 13 13 13 13 12
858_0_3 4 5 4 6 8 1 3 1 3 3 2 2 5 3 2 2 27 12 13 13 13 13 13 13 13 13 13 13 13 13 14 13 13 12 13 13 13 14 13 13 13 13 13 13 13 13 13 13 13 13 14 13 13 13 12 13 13 14 13 13 13 13 13 13 13 13 13 13 13 13 12
859_1_1 4 4 8 5 6 1 1 3 3 4 1 4 3 2 3 2 27 12 13 13 13 13 12 13 13 14 13 13 14 13 13 13 13 13 13 13 13 13 13 13 13 13 13 13 13 13 13 13 13 13 13 13 13 13 13 13 13 13 13 14 13 13 14 13 13 12 13 13 13 13 12
860_1_3 3 6 7 5 6 1 2 4 2 4 3 2 2 1 4 2 27 12 13 13 14 13 13 13 14 13 13 13 13 13 13 13 13 13 13 13 12 13 13 13 13 13 13 13 13 13 13 13 13 13 13 12 13 13 13 13 13 13 13 13 13 13 13 14 13 13 13 14 13 13 12
861_1_3 3 7 5 7 5 1 3 1 3 3 2 2 5 3 2 2 27 12 13 13 13 13 12 13 14 13 13 13 14 13 13 13 13 13 13 13 13 13 13 13 13 13 13 13 13 13 13 13 13 13 13 13 13 13 13 13 13 13 13 14 13 13 13 14 13 12 13 13 13 13 12
863_1_1 4 4 8 5 6 0 4 3 3 3 3 1 3 3 2 2 27 12 13 13 13 13 14 13 13 13 13 13 13 13 13 13 13 14 13 12 13 13 13 13 13 13 13 13 13 13 13 13 13 13 13 13 12 13 14 13 13 13 13 13 13 13 13 13 13 14 13 13 13 13 12
864_1_3 4 5 4 8 6 1 2 1 4 4 1 3 3 3 2 3 27 12 13 13 14 13 13 13 13 13 13 13 13 12 13 13 13 13 13 13 13 13 13 13 13 13 14 13 13 14 13 13 13 13 13 13 13 13 13 13 13 13 12 13 13 13 13 13 13 13 13 14 13 13 12
865_1_3 3 7 5 7 5 1 2 4 2 4 3 2 2 1 4 2 27 12 13 14 13 13 13 13 13 12 13 13 13 13 13 13 13 13 14 13 13 13 13 13 13 13 13 13 13 13 13 13 13 13 13 13 13 14 13 13 13 13 13 13 13 13 12 13 13 13 13 13 14 13 12
867_1_1 4 4 8 5 6 1 3 1 4 3 1 3 4 3 2 2 27 12 13 13 13 13 13 13 13 12 13 13 13 13 13 13 13 14 13 14 13 13 13 13 13 13 13 13 13 13 13 13 13 13 13 13 14 13 14 13 13 13 13 13 13 13 12 13 13 13 13 13 13 13 12
868_1_3 3 7 5 7 5 1 2 5 2 4 2 2 2 2 3 2 27 12 13 13 13 13 13 13 13 13 13 13 13 14 13 13 13 14 13 12 13 13 13 13 13 13 13 13 13 13 13 13 13 13 13 13 12 13 14 13 13 13 14 13 13 13 13 13 13 13 13 13 13 13 12
870_0_3 4 4 6 5 8 1 2 1 4 4 1 3 3 3 2 3 27 12 13 13 14 13 13 14 13 13 13 13 13 13 13 13 13 13 13 13 13 13 13 13 12 13 13 13 13 13 13 12 13 13 13 13 13 13 13 13 13 13 13 13 13 13 13 13 14 13 13 14 13 13 12
871_1_1 3 6 7 5 6 1 1 3 3 3 2 3 4 1 4 2 27 12 13 13 13 12 13 14 13 13 13 13 13 13 14 13 13 13 13 13 13 13 13 13 13 13 13 13 13 13 13 13 13 13 13 13 13 13 13 13 13 14 13 13 13 13 13 13 14 13 12 13 13 13 12
873_0_3 4 4 6 5 8 1 2 1 4 4 1 3 3 3 2 3 27 12 13 13 13 13 13 14 13 13 13 13 13 13 13 13 13 13 13 13 13 13 13 13 12 13 14 13 13 14 13 12 13 13 13 13 13 13 13 13 13 13 13 13 13 13 13 13 14 13 13 13 13 13 12
874_0_3 4 5 4 6 8 1 2 2 5 2 2 4 2 3 2 2 27 12 13 13 13 13 13 12 13 14 13 13 13 13 14 13 13 13 13 13 13 13 13 13 13 13 13 13 13 13 13 13 13 13 13 13 13 13 13 13 13 14 13 13 13 13 14 13 12 13 13 13 13 13 12
875_1_1 3 7 5 7 5 0 3 3 4 3 3 2 2 1 3 3 27 12 13 13 13 13 12 13 13 13 13 13 14 13 13 13 13 13 13 13 13 13 13 14 13 13 13 13 13 13 13 13 14 13 13 13 13 13 13 13 13 13 13 14 13 13 13 13 13 12 13 13 13 13 12
876_1_3 3 6 7 5 6 1 2 5 2 4 2 2 2 2 3 2 27 12 14 13 13 13 13 13 13 13 13 13 13 13 13 13 14 13 13 13 13 13 13 13 13 12 13 13 13 13 12 13 13 13 13 13 13 13 13 14 13 13 13 13 13 13 13 13 13 13 13 13 13 14 12
878_1_1 4 5 4 8 6 0 4 3 3 3 3 1 3 3 2 2 27 12 13 13 13 13 14 13 12 13 13 13 13 13 13 13 14 13 13 13 13 13 13 13 13 13 13 13 13 13 13 13 13 13 13 13 13 13 13 14 13 13 13 13 13 13 13 12 13 14 13 13 13 13 12
880_1_1 4 4 8 5 6 0 3 3 2 1 3 3 4 3 2 3 27 12 13 13 13 13 13 13 13 13 13 13 13 13 13 13 14 13 13 12 13 13 13 14 13 13 13 13 13 13 13 13 14 13 13 13 12 13 13 14 13 13 13 13 13 13 13 13 13 13 13 13 13 13 12
882_1_1 4 4 8 5 6 1 2 2 5 1 2 4 3 3 2 2 27 12 13 13 13 13 13 13 13 13 13 13 13 13 13 14 13 13 13 13 12 13 14 13 13 13 13 13 13 13 13 13 13 14 13 12 13 13 13 13 14 13 13 13 13 13 13 13 13 13 13 13 13 13 12
883_1_3 4 4 8 5 6 1 2 1 4 4 1 3 3 3 2 3 27 12 13 13 13 13 13 14 13 13 13 13 13 13 13 14 13 13 13 13 12 13 13 13 13 13 13 13 13 13 13 13 13 13 13 12 13 13 13 13 14 13 13 13 13 13 13 13 14 13 13 13 13 13 12
885_1_1 3 6 7 5 6 0 3 3 3 3 4 1 3 2 3 2 27 12 14 13 13 13 13 13 13 13 13 13 13 13 13 13 13 13 13 13 12 13 13 13 14 13 13 13 13 13 13 14 13 13 13 12 13 13 13 13 13 13 13 13 13 13 13 13 13 13 13 13 13 14 12
886_1_3 4 4 8 5 6 1 3 1 3 3 4 3 2 1 4 2 27 12 13 13 13 13 13 13 13 13 13 13 13 13 13 12 13 14 13 13 13 13 13 13 13 14 13 13 13 13 14 13 13 13 13 13 13 13 14 13 12 13 13 13 13 13 13 13 13 13 13 13 13 13 12
888_1_1 4 4 8 5 6 0 3 3 4 3 3 2 2 1 3 3 27 13 13 13 13 12 13 13 13 13 14 12 13 13 13 13 13 13 13 13 13 13 14 13 13 13 13 13 13 13 13 13 13 14 13 13 13 13 13 13 13 13 13 13 12 14 13 13 13 13 12 13 13 13 13
890_1_1 3 6 7 5 6 0 3 3 2 1 3 3 4 3 2 3 27 12 13 13 13 13 13 13 13 13 13 13 13 13 13 13 13 14 13 13 13 14 13 13 13 12 13 13 13 13 12 13 13 13 14 13 13 13 14 13 13 13 13 13 13 13 13 13 13 13 13 13 13 13 12
891_1_3 4 4 8 5 6 1 3 2 3 1 3 5 2 3 2 2 27 12 13 13 13 13 12 13 13 13 13 13 13 14 13 13 13 13 13 13 13 13 13 13 13 13 14 13 13 14 13 13 13 13 13 13 13 13 13 13 13 13 14 13 13 13 13 13 13 12 13 13 13 13 12
892_1_3 4 4 8 5 6 1 3 1 3 3 4 3 2 1 4 2 27 12 13 13 12 13 14 13 14 13 13 13 13 13 13 13 13 13 13 13 13 13 13 13 13 13 13 13 13 13 13 13 13 13 13 13 13 13 13 13 13 13 13 13 13 13 13 14 13 14 13 12 13 13 12
893_1_3 4 5 4 8 6 1 2 5 2 4 2 2 2 2 3 2 27 12 13 12 13 13 14 13 13 13 13 13 13 13 13 13 13 13 13 13 13 13 13 13 14 13 13 13 13 13 13 14 13 13 13 13 13 13 13 13 13 13 13 13 13 13 13 13 13 14 13 13 12 13 12
894_1_3 3 6 7 5 6 1 3 1 3 2 1 4 4 3 2 3 27 12 14 13 13 12 13 13 13 14 13 13 13 13 13 13 13 13 13 13 13 13 13 13 13 13 13 13 13 13 13 13 13 13 13 13 13 13 13 13 13 13 13 13 13 13 14 13 13 13 12 13 13 14 12
896_0_3 4 4 6 5 8 1 2 2 5 2 2 4 2 3 2 2 27 12 13 13 12 13 13 13 14 13 13 13 13 13 13 13 13 13 13 13 13 13 13 13 14 13 13 13 13 13 13 14 13 13 13 13 13 13 13 13 13 13 13 13 13 13 13 14 13 13 13 12 13 13 12
897_1_1 3 7 5 7 5 1 2 2 5 1 2 4 3 3 2 2 27 12 13 13 13 13 13 14 13 13 13 13 13 13 13 13 13 13 13 13 13 13 14 13 12 13 13 13 13 13 13 12 13 14 13 13 13 13 13 13 13 13 13 13 13 13 13 13 14 13 13 13 13 13 12
898_1_3 4 5 4 8 6 1 3 1 3 2 4 4 2 1 3 3 27 12 13 12 14 13 13 13 13 13 13 13 13 13 13 13 13 13 13 13 13 13 13 13 13 13 14 13 13 14 13 13 13 13 13 13 13 13 13 13 13 13 13 13 13 13 13 13 13 13 13 14 12 13 12
899_1_3 4 4 8 5 6 1 2 4 2 4 3 2 2 1 4 2 27 12 13 13 13 13 13 14 13 13 13 13 13 13 13 13 13 13 13 14 13 13 13 13 12 13 13 13 13 13 13 12 13 13 13 13 14 13 13 13 13 13 13 13 13 13 13 13 14 13 13 13 13 13 12
900_1_3 3 6 7 5 6 1 1 5 2 3 3 2 3 2 3 2 27 12 13 13 13 13 13 13 14 13 12 13 13 13 13 13 14 13 13 13 13 13 13 13 13 13 13 13 13 13 13 13 13 13 13 13 13 13 13 14 13 13 13 13 13 12 13 14 13 13 13 13 13 13 12
902_1_1 4 4 8 5 6 0 3 3 2 1 3 3 4 3 2 3 27 12 13 13 13 14 13 13 13 13 13 13 13 13 13 13 13 13 13 13 13 13 13 14 13 12 13 13 13 13 12 13 14 13 13 13 13 13 13 13 13 13 13 13 13 13 13 13 13 13 14 13 13 13 12
903_1_3 3 6 5 8 5 1 3 1 3 3 4 3 2 1 4 2 27 12 13 13 13 14 13 12 13 13 13 13 13 13 14 13 13 13 13 13 13 13 13 13 13 13 13 13 13 13 13 13 13 13 13 13 13 13 13 13 13 14 13 13 13 13 13 13 12 13 14 13 13 13 12
904_1_3 3 7 5 7 5 1 3 1 3 3 2 2 5 3 2 2 27 12 13 14 13 13 13 13 13 13 13 13 13 13 13 13 12 13 13 13 13 13 13 14 13 13 13 13 13 13 13 13 14 13 13 13 13 13 13 12 13 13 13 13 13 13 13 13 13 13 13 13 14 13 12
905_1_3 4 4 8 5 6 1 3 2 3 1 3 5 2 3 2 2 27 12 13 13 13 13 12 13 13 14 13 13 13 13 13 13 13 13 14 13 13 13 13 13 13 13 13 13 13 13 13 13 13 13 13 13 13 14 13 13 13 13 13 13 13 13 14 13 13 12 13 13 13 13 12
906_1_3 4 4 8 5 6 1 3 2 2 2 3 1 3 5 2 3 27 12 14 13 13 13 13 13 13 13 12 13 13 13 13 14 13 13 13 13 13 13 13 13 13 13 13 13 13 13 13 13 13 13 13 13 13 13 13 13 14 13 13 13 13 12 13 13 13 13 13 13 13 14 12
908_1_1 4 4 8 5 6 0 3 3 3 3 4 1 3 2 3 2 27 12 13 13 13 13 13 13 13 13 13 13 14 13 13 13 13 13 13 13 13 12 13 13 14 13 13 13 13 13 13 14 13 13 12 13 13 13 13 13 13 13 13 14 13 13 13 13 13 13 13 13 13 13 12
910_0_3 4 4 6 5 8 1 2 2 3 5 1 3 3 3 2 2 27 12 14 13 13 13 13 13 13 13 14 13 13 13 13 12 13 13 13 13 13 13 13 13 13 13 13 13 13 13 13 13 13 13 13 13 13 13 13 13 12 13 13 13 13 14 13 13 13 13 13 13 13 14 12
911_1_1 4 4 8 5 6 1 1 3 3 4 2 3 3 1 4 2 27 12 13 13 13 13 13 13 13 13 13 13 13 13 13 13 14 13 13 13 13 13 13 14 13 13 12 13 13 12 13 13 14 13 13 13 13 13 13 14 13 13 13 13 13 13 13 13 13 13 13 13 13 13 12
912_1_3 4 4 8 5 6 1 2 5 2 4 2 2 2 2 3 2 27 12 13 13 13 13 13 13 13 13 13 13 13 13 13 13 13 14 13 12 13 13 13 13 14 13 13 13 13 13 13 14 13 13 13 13 12 13 14 13 13 13 13 13 13 13 13 13 13 13 13 13 13 13 12
913_1_3 3 6 5 8 5 1 2 3 5 1 3 3 2 3 2 2 27 12 13 12 13 13 14 13 13 13 13 13 13 13 13 13 13 13 13 13 13 13 13 13 13 14 13 13 13 13 14 13 13 13 13 13 13 13 13 13 13 13 13 13 13 13 13 13 13 14 13 13 12 13 12
914_1_3 4 4 8 5 6 1 4 2 1 4 3 4 2 2 2 2 27 12 13 14 13 13 13 13 13 13 13 13 13 13 13 13 13 13 13 14 13 13 13 13 13 13 12 13 13 12 13 13 13 13 13 13 14 13 13 13 13 13 13 13 13 13 13 13 13 13 13 13 14 13 12
915_1_3 4 4 8 5 6 1 2 1 4 2 4 3 2 2 4 2 27 12 14 13 13 13 13 13 13 13 13 13 13 13 13 13 13 13 13 13 14 13 13 13 13 12 13 13 13 13 12 13 13 13 13 14 13 13 13 13 13 13 13 13 13 13 13 13 13 13 13 13 13 14 12
917_0_3 4 4 6 5 8 1 3 1 3 3 2 2 5 3 2 2 27 12 13 13 13 13 13 13 13 13 13 13 13 13 14 13 12 13 13 13 13 13 13 14 13 13 13 13 13 13 13 13 14 13 13 13 13 13 13 12 13 14 13 13 13 13 13 13 13 13 13 13 13 13 12
918_1_1 3 7 5 7 5 1 1 4 1 3 3 2 3 3 4 2 27 12 13 13 13 13 13 13 13 12 13 13 13 14 13 13 13 13 14 13 13 13 13 13 13 13 13 13 13 13 13 13 13 13 13 13 13 14 13 13 13 13 14 13 13 13 12 13 13 13 13 13 13 13 12
920_0_3 3 6 6 6 6 1 1 4 2 4 3 3 2 1 3 3 27 13 13 13 13 12 13 13 13 13 13 13 13 13 13 13 13 13 14 14 12 13 13 13 13 13 13 13 13 13 13 13 13 13 13 12 14 14 13 13 13 13 13 13 13 13 13 13 13 13 12 13 13 13 13
922_1_1 3 7 5 7 5 0 3 1 3 3 3 3 2 3 4 2 27 12 13 14 13 13 13 13 13 13 13 13 14 13 13 13 13 13 13 13 13 13 13 13 13 13 12 13 13 12 13 13 13 13 13 13 13 13 13 13 13 13 13 14 13 13 13 13 13 13 13 13 14 13 12
925_0_1 4 5 4 6 8 1 3 1 3 4 1 3 3 4 2 2 27 12 13 13 14 13 13 13 13 13 13 13 12 13 13 13 13 13 13 13 13 13 13 13 14 13 13 13 13 13 13 14 13 13 13 13 13 13 13 13 13 13 13 12 13 13 13 13 13 13 13 14 13 13 12
926_0_1 4 5 4 6 8 0 3 3 2 1 3 3 4 3 2 3 27 12 13 13 13 13 13 13 12 13 13 13 13 13 13 13 14 13 13 13 13 14 13 13 13 13 13 13 13 13 13 13 13 13 14 13 13 13 13 14 13 13 13 13 13 13 13 12 13 13 13 13 13 13 12
927_1_1 3 6 7 5 6 1 1 3 4 1 4 2 3 3 3 2 27 12 14 13 13 13 14 13 13 13 13 13 13 13 13 13 13 13 13 13 13 13 13 13 13 12 13 13 13 13 12 13 13 13 13 13 13 13 13 13 13 13 13 13 13 13 13 13 13 14 13 13 13 14 12
929_0_1 4 4 6 5 8 0 3 3 3 4 2 3 1 2 3 3 27 12 13 14 13 14 13 13 13 13 13 13 13 13 13 13 13 13 13 13 13 13 13 13 13 12 13 13 13 13 12 13 13 13 13 13 13 13 13 13 13 13 13 13 13 13 13 13 13 13 14 13 14 13 12
930_0_1 4 4 6 5 8 1 3 1 3 4 1 3 3 4 2 2 27 12 13 13 13 13 13 13 13 13 12 13 13 13 13 13 13 13 14 13 14 13 13 13 13 13 13 13 13 13 13 13 13 13 13 14 13 14 13 13 13 13 13 13 13 12 13 13 13 13 13 13 13 13 12
931_0_1 3 6 5 7 6 1 1 4 1 3 3 2 3 3 4 2 27 12 13 13 13 13 13 13 13 14 13 13 13 13 13 13 13 13 14 13 12 13 13 13 13 13 13 13 13 13 13 13 13 13 13 12 13 14 13 13 13 13 13 13 13 13 14 13 13 13 13 13 13 13 12
932_1_1 4 4 8 5 6 1 2 3 1 5 3 2 2 3 3 2 27 12 13 14 13 13 13 13 13 13 13 13 13 13 13 14 13 13 13 13 12 13 13 13 13 13 13 13 13 13 13 13 13 13 13 12 13 13 13 13 14 13 13 13 13 13 13 13 13 13 13 13 14 13 12
933_1_1 3 7 5 7 5 0 3 2 4 2 2 4 3 2 3 2 27 12 13 14 13 13 13 13 14 13 13 13 13 13 13 13 13 13 13 13 13 13 13 13 13 13 12 13 13 12 13 13 13 13 13 13 13 13 13 13 13 13 13 13 13 13 13 14 13 13 13 13 14 13 12
934_1_1 4 4 8 5 6 0 3 3 3 3 4 1 3 3 2 2 27 12 13 13 12 13 13 13 13 13 13 13 14 13 13 13 13 13 13 13 13 13 13 13 14 13 13 13 13 13 13 14 13 13 13 13 13 13 13 13 13 13 13 14 13 13 13 13 13 13 13 12 13 13 12
935_1_1 4 4 8 5 6 0 3 3 3 3 4 1 3 3 2 2 27 12 13 13 13 13 13 13 13 14 13 13 13 13 13 13 13 13 13 13 13 13 13 14 13 13 12 13 13 12 13 13 14 13 13 13 13 13 13 13 13 13 13 13 13 13 14 13 13 13 13 13 13 13 12
937_0_1 4 4 6 5 8 0 3 2 4 2 2 4 3 2 3 2 27 12 13 14 13 13 13 13 13 13 13 13 13 13 13 12 13 13 13 13 13 13 13 13 13 14 13 13 13 13 14 13 13 13 13 13 13 13 13 13 12 13 13 13 13 13 13 13 13 13 13 13 14 13 12
938_0_1 4 4 6 5 8 0 4 2 3 3 3 2 3 3 3 1 27 12 13 13 13 13 13 13 13 12 13 13 13 13 13 13 13 13 14 13 13 14 13 13 13 13 13 13 13 13 13 13 13 13 14 13 13 14 13 13 13 13 13 13 13 13 12 13 13 13 13 13 13 13 12
940_0_1 3 5 7 5 7 0 4 2 3 3 3 2 3 3 3 1 27 12 13 13 13 13 13 13 13 12 13 13 14 13 13 13 13 13 14 13 13 13 13 13 13 13 13 13 13 13 13 13 13 13 13 13 13 14 13 13 13 13 13 14 13 13 12 13 13 13 13 13 13 13 12
941_1_1 4 4 8 5 6 1 1 4 3 4 1 3 3 2 2 3 27 12 13 13 13 13 13 13 13 13 13 13 13 13 13 14 13 13 14 13 12 13 13 13 13 13 13 13 13 13 13 13 13 13 13 12 13 14 13 13 14 13 13 13 13 13 13 13 13 13 13 13 13 13 12
942_1_1 4 4 8 5 6 0 3 4 3 2 3 3 3 2 1 3 27 12 13 14 13 12 13 13 13 13 14 13 13 13 13 13 13 13 13 13 13 13 13 13 13 13 13 13 13 13 13 13 13 13 13 13 13 13 13 13 13 13 13 13 13 14 13 13 13 13 12 13 14 13 12
944_0_1 4 4 6 5 8 1 3 1 3 4 1 3 3 4 2 2 27 12 13 13 13 13 13 13 13 14 13 13 13 13 13 13 13 13 14 13 13 12 13 13 13 13 13 13 13 13 13 13 13 13 12 13 13 14 13 13 13 13 13 13 13 13 14 13 13 13 13 13 13 13 12
945_0_1 4 4 6 5 8 1 1 3 3 4 1 4 3 2 3 2 27 12 13 13 13 13 12 13 13 14 13 13 13 13 13 13 13 13 13 13 13 13 13 14 13 13 13 13 13 13 13 13 14 13 13 13 13 13 13 13 13 13 13 13 13 13 14 13 13 12 13 13 13 13 12
947_0_1 3 5 7 5 7 1 2 3 5 2 2 4 1 3 2 2 27 12 13 13 12 13 13 13 14 13 13 13 13 13 13 13 13 13 13 13 13 13 14 13 13 13 13 13 13 13 13 13 13 14 13 13 13 13 13 13 13 13 13 13 13 13 13 14 13 13 13 12 13 13 12
948_1_1 3 7 5 7 5 1 3 1 3 4 1 3 3 4 2 2 27 12 13 13 13 13 13 13 13 13 13 13 13 14 13 13 13 13 14 13 13 12 13 13 13 13 13 13 13 13 13 13 13 13 12 13 13 14 13 13 13 13 14 13 13 13 13 13 13 13 13 13 13 13 12
950_0_1 4 5 4 6 8 0 2 3 3 4 2 3 2 2 2 4 27 12 13 13 13 13 14 13 13 14 13 13 13 13 13 13 13 13 13 13 13 13 13 12 13 13 13 13 13 13 13 13 12 13 13 13 13 13 13 13 13 13 13 13 13 13 14 13 13 14 13 13 13 13 12
950_1_1 4 5 4 8 6 0 2 3 3 4 2 3 2 2 2 4 27 12 13 13 13 13 14 13 13 14 13 13 13 13 13 13 13 13 13 13 13 13 13 12 13 13 13 13 13 13 13 13 12 13 13 13 13 13 13 13 13 13 13 13 13 13 14 13 13 14 13 13 13 13 12
951_0_1 4 5 4 6 8 1 3 1 3 4 1 3 3 4 2 2 27 12 13 13 13 13 13 13 13 14 13 13 13 13 13 13 13 13 13 13 13 13 13 12 13 13 14 13 13 14 13 13 12 13 13 13 13 13 13 13 13 13 13 13 13 13 14 13 13 13 13 13 13 13 12
952_0_1 4 4 6 5 8 0 3 2 4 2 2 4 3 2 3 2 27 12 13 13 12 13 13 13 14 13 13 13 13 13 13 13 13 13 13 14 13 13 13 13 13 13 13 13 13 13 13 13 13 13 13 13 14 13 13 13 13 13 13 13 13 13 13 14 13 13 13 12 13 13 12
953_0_1 4 4 6 5 8 1 1 3 2 4 1 3 4 3 2 3 27 12 13 14 13 13 13 13 13 14 13 13 13 13 13 13 13 13 13 13 13 13 13 13 13 13 12 13 13 12 13 13 13 13 13 13 13 13 13 13 13 13 13 13 13 13 14 13 13 13 13 13 14 13 12
954_0_1 3 5 8 5 6 0 3 1 3 3 3 3 2 3 4 2 27 12 13 13 13 13 13 12 13 13 14 13 13 13 14 13 13 13 13 13 13 13 13 13 13 13 13 13 13 13 13 13 13 13 13 13 13 13 13 13 13 14 13 13 13 14 13 13 12 13 13 13 13 13 12
956_0_1 4 4 6 5 8 1 2 3 5 2 2 4 1 3 2 2 27 12 13 13 13 13 13 13 13 13 13 13 13 13 13 12 13 13 13 13 13 13 14 13 13 14 13 13 13 13 14 13 13 14 13 13 13 13 13 13 12 13 13 13 13 13 13 13 13 13 13 13 13 13 12
957_1_1 4 5 4 8 6 1 2 3 1 5 3 2 2 3 3 2 27 12 13 13 13 13 13 13 13 13 13 13 13 12 13 13 13 13 13 14 13 13 13 13 13 13 14 13 13 14 13 13 13 13 13 13 14 13 13 13 13 13 12 13 13 13 13 13 13 13 13 13 13 13 12
959_0_1 4 5 4 6 8 1 1 4 1 3 3 2 3 3 4 2 27 12 13 13 13 13 13 13 13 14 13 13 13 12 13 13 13 13 13 13 13 13 13 13 13 13 14 13 13 14 13 13 13 13 13 13 13 13 13 13 13 13 12 13 13 13 14 13 13 13 13 13 13 13 12
960_1_1 3 7 5 7 5 0 4 2 2 2 2 4 3 3 3 2 27 12 13 14 13 13 13 13 13 13 13 13 13 13 13 13 13 14 13 13 13 13 13 13 13 13 12 13 13 12 13 13 13 13 13 13 13 13 14 13 13 13 13 13 13 13 13 13 13 13 13 13 14 13 12
962_0_1 4 4 6 5 8 1 2 4 2 4 3 2 1 3 2 3 27 12 14 13 13 13 13 13 13 13 13 12 13 13 13 13 14 13 13 13 13 13 13 13 13 13 13 13 13 13 13 13 13 13 13 13 13 13 13 14 13 13 13 13 12 13 13 13 13 13 13 13 13 14 12
963_1_1 3 6 5 8 5 1 1 3 2 4 1 3 4 3 2 3 27 12 13 13 13 13 13 12 13 13 13 13 13 13 14 13 13 13 13 13 14 13 13 13 13 13 13 13 13 13 13 13 13 13 13 14 13 13 13 13 13 14 13 13 13 13 13 13 12 13 13 13 13 13 12
964_1_1 3 6 7 5 6 1 2 3 1 5 3 2 2 3 3 2 27 12 13 13 13 13 13 14 13 13 13 13 13 13 14 13 13 13 13 13 12 13 13 13 13 13 13 13 13 13 13 13 13 13 13 12 13 13 13 13 13 14 13 13 13 13 13 13 14 13 13 13 13 13 12
966_0_1 4 5 4 6 8 1 2 3 5 2 2 4 1 3 2 2 27 12 13 13 13 13 13 12 13 13 13 14 13 13 14 13 13 13 13 13 13 13 13 13 13 13 13 13 13 13 13 13 13 13 13 13 13 13 13 13 13 14 13 13 14 13 13 13 12 13 13 13 13 13 12
968_0_1 4 5 4 6 8 0 3 4 1 3 2 4 3 3 2 2 27 12 13 13 13 13 13 13 12 13 13 14 13 13 13 13 14 13 13 13 13 13 13 13 13 13 13 13 13 13 13 13 13 13 13 13 13 13 13 14 13 13 13 13 14 13 13 12 13 13 13 13 13 13 12
969_1_1 3 6 7 5 6 1 1 4 3 3 3 2 4 1 3 2 27 12 14 13 13 12 13 13 13 13 13 13 13 13 13 13 13 13 13 13 13 13 13 13 14 13 13 13 13 13 13 14 13 13 13 13 13 13 13 13 13 13 13 13 13 13 13 13 13 13 12 13 13 14 12
971_0_1 3 5 7 5 7 1 2 2 5 1 2 4 3 3 2 2 27 12 13 13 13 13 13 13 13 12 13 13 13 13 13 13 13 13 14 13 13 13 14 13 13 13 13 13 13 13 13 13 13 14 13 13 13 14 13 13 13 13 13 13 13 13 12 13 13 13 13 13 13 13 12
972_0_5 3 6 5 7 6 0 4 2 2 2 3 2 4 3 3 2 27 12 14 13 13 13 13 13 13 13 12 13 13 13 13 13 14 13 13 13 13 13 13 13 13 13 13 13 13 13 13 13 13 13 13 13 13 13 13 14 13 13 13 13 13 12 13 13 13 13 13 13 13 14 12
972_1_5 3 6 7 5 6 0 4 2 2 2 3 2 4 3 3 2 27 12 14 13 13 13 13 13 13 13 12 13 13 13 13 13 14 13 13 13 13 13 13 13 13 13 13 13 13 13 13 13 13 13 13 13 13 13 13 14 13 13 13 13 13 12 13 13 13 13 13 13 13 14 12
974_0_1 4 5 4 6 8 0 3 3 3 4 2 3 1 2 3 3 27 12 13 12 13 13 14 13 13 13 13 13 13 13 14 13 13 13 13 13 13 13 13 13 13 13 13 13 13 13 13 13 13 13 13 13 13 13 13 13 13 14 13 13 13 13 13 13 13 14 13 13 12 13 12
975_0_1 4 5 4 6 8 0 3 2 4 2 2 4 3 2 3 2 27 12 13 13 13 13 13 12 13 13 13 13 13 13 14 13 13 13 13 14 13 13 13 13 13 13 13 13 13 13 13 13 13 13 13 13 14 13 13 13 13 14 13 13 13 13 13 13 12 13 13 13 13 13 12
976_0_1 4 4 6 5 8 0 4 3 3 3 3 1 2 2 3 3 27 12 13 13 13 13 13 13 14 13 13 13 13 13 13 13 14 13 13 13 13 12 13 13 13 13 13 13 13 13 13 13 13 13 12 13 13 13 13 14 13 13 13 13 13 13 13 14 13 13 13 13 13 13 12
977_0_1 4 4 6 5 8 0 3 3 3 4 2 3 1 2 3 3 27 12 13 13 13 14 13 13 14 13 13 13 13 13 13 13 13 13 13 13 13 13 13 13 13 12 13 13 13 13 12 13 13 13 13 13 13 13 13 13 13 13 13 13 13 13 13 14 13 13 14 13 13 13 12
978_0_1 4 4 6 5 8 0 4 2 3 3 3 2 3 3 3 1 27 12 13 13 13 13 13 13 13 13 13 13 13 13 13 14 13 13 13 13 12 13 13 14 13 13 13 13 13 13 13 13 14 13 13 12 13 13 13 13 14 13 13 13 13 13 13 13 13 13 13 13 13 13 12
979_1_1 4 5 5 5 8 0 3 2 2 4 2 3 2 4 3 2 27 12 14 13 13 13 13 13 13 13 13 13 13 13 13 13 13 13 14 13 13 13 13 13 13 12 13 13 13 13 12 13 13 13 13 13 13 14 13 13 13 13 13 13 13 13 13 13 13 13 13 13 13 14 12
980_0_1 4 4 6 5 8 1 1 4 1 3 3 2 3 3 4 2 27 12 13 13 13 13 13 13 13 12 13 13 13 13 13 13 13 13 14 13 13 13 13 13 14 13 13 13 13 13 13 14 13 13 13 13 13 14 13 13 13 13 13 13 13 13 12 13 13 13 13 13 13 13 12
981_1_1 3 6 5 8 5 0 3 2 4 2 2 4 3 2 3 2 27 12 13 13 13 13 13 12 13 13 13 13 13 13 14 13 13 13 13 13 13 13 13 13 13 14 13 13 13 13 14 13 13 13 13 13 13 13 13 13 13 14 13 13 13 13 13 13 12 13 13 13 13 13 12
983_0_1 3 5 8 5 6 1 1 4 3 4 1 3 3 2 2 3 27 12 13 13 13 13 13 13 13 13 13 13 13 12 13 14 13 13 13 13 13 13 13 13 13 13 14 13 13 14 13 13 13 13 13 13 13 13 13 13 14 13 12 13 13 13 13 13 13 13 13 13 13 13 12
984_0_1 3 6 5 7 6 1 2 2 3 2 5 3 1 3 2 3 27 12 13 13 13 12 13 13 13 13 13 13 13 14 13 13 13 13 13 13 13 13 13 13 13 13 14 13 13 14 13 13 13 13 13 13 13 13 13 13 13 13 14 13 13 13 13 13 13 13 12 13 13 13 12
985_0_1 3 5 8 5 6 0 4 3 3 3 3 1 3 3 2 2 27 12 13 13 13 14 13 13 12 13 13 13 13 13 13 13 14 13 13 13 13 13 13 13 13 13 13 13 13 13 13 13 13 13 13 13 13 13 13 14 13 13 13 13 13 13 13 12 13 13 14 13 13 13 12
986_1_1 3 6 7 5 6 0 3 2 2 4 2 3 2 4 3 2 27 12 13 13 13 13 13 13 13 14 13 13 13 13 13 13 13 13 14 13 13 13 13 13 13 12 13 13 13 13 12 13 13 13 13 13 13 14 13 13 13 13 13 13 13 13 14 13 13 13 13 13 13 13 12
987_0_5 4 4 6 5 8 1 1 3 4 1 3 2 4 3 2 3 27 12 13 13 13 13 14 13 13 12 13 13 13 13 13 13 13 13 14 13 13 13 13 13 13 13 13 13 13 13 13 13 13 13 13 13 13 14 13 13 13 13 13 13 13 13 12 13 13 14 13 13 13 13 12
987_1_5 4 4 8 5 6 1 1 3 4 1 3 2 4 3 2 3 27 12 13 13 13 13 14 13 13 12 13 13 13 13 13 13 13 13 14 13 13 13 13 13 13 13 13 13 13 13 13 13 13 13 13 13 13 14 13 13 13 13 13 13 13 13 12 13 13 14 13 13 13 13 12
989_0_1 4 4 6 5 8 1 1 3 3 4 2 3 3 1 4 2 27 12 13 13 13 13 13 13 13 13 13 13 13 13 13 13 13 14 13 13 13 14 13 13 13 13 12 13 13 12 13 13 13 13 14 13 13 13 14 13 13 13 13 13 13 13 13 13 13 13 13 13 13 13 12
991_0_3 3 5 8 5 6 0 4 3 4 2 2 3 2 2 3 2 27 12 13 13 13 14 13 13 13 13 13 13 13 12 13 13 13 13 13 13 13 13 13 13 13 13 14 13 13 14 13 13 13 13 13 13 13 13 13 13 13 13 12 13 13 13 13 13 13 13 14 13 13 13 12
991_1_3 3 6 5 8 5 0 4 3 4 2 2 3 2 2 3 2 27 12 13 13 13 14 13 13 13 13 13 13 13 12 13 13 13 13 13 13 13 13 13 13 13 13 14 13 13 14 13 13 13 13 13 13 13 13 13 13 13 13 12 13 13 13 13 13 13 13 14 13 13 13 12
992_1_1 3 7 5 7 5 1 2 4 2 4 3 2 1 3 2 3 27 12 14 13 13 13 13 13 13 13 13 12 13 13 13 13 13 14 13 13 13 13 13 13 13 13 13 13 13 13 13 13 13 13 13 13 13 13 14 13 13 13 13 13 12 13 13 13 13 13 13 13 13 14 12
994_0_3 4 4 6 5 8 1 3 2 2 2 3 1 3 5 2 3 27 12 13 13 13 13 13 14 13 13 12 13 13 13 13 13 13 13 13 13 14 13 13 13 13 13 13 13 13 13 13 13 13 13 13 14 13 13 13 13 13 13 13 13 13 12 13 13 14 13 13 13 13 13 12
995_1_1 3 6 7 5 6 1 1 4 1 3 3 2 3 3 4 2 27 12 13 13 13 13 13 14 13 13 13 13 13 13 13 13 13 13 13 13 12 13 13 13 14 13 13 13 13 13 13 14 13 13 13 12 13 13 13 13 13 13 13 13 13 13 13 13 14 13 13 13 13 13 12
996_1_3 3 6 7 5 6 1 2 1 4 2 4 3 2 2 4 2 27 12 14 13 13 13 13 13 13 14 13 13 13 13 13 13 13 13 13 13 13 13 13 13 13 12 13 13 13 13 12 13 13 13 13 13 13 13 13 13 13 13 13 13 13 13 14 13 13 13 13 13 13 14 12
998_1_1 3 6 7 5 6 1 2 1 4 3 2 2 5 2 3 2 27 12 14 13 13 12 13 13 13 13 13 14 13 13 13 13 13 13 13 13 13 13 13 13 13 13 13 13 13 13 13 13 13 13 13 13 13 13 13 13 13 13 13 13 14 13 13 13 13 13 12 13 13 14 12
1000_0_3 4 4 6 5 8 1 4 2 1 4 3 4 2 2 2 2 27 12 13 13 12 13 13 13 14 13 13 13 13 13 14 13 13 13 13 13 13 13 13 13 13 13 13 13 13 13 13 13 13 13 13 13 13 13 13 13 13 14 13 13 13 13 13 14 13 13 13 12 13 13 12
1001_0_3 4 4 6 5 8 1 2 1 4 2 2 3 3 2 4 3 27 12 13 13 13 13 13 13 14 13 13 12 13 13 13 13 14 13 13 13 13 13 13 13 13 13 13 13 13 13 13 13 13 13 13 13 13 13 13 14 13 13 13 13 12 13 13 14 13 13 13 13 13 13 12
1002_0_3 3 6 5 7 6 1 1 5 2 3 3 2 3 2 3 2 27 12 13 13 13 13 13 13 13 13 12 13 13 13 13 13 13 14 13 14 13 13 13 13 13 13 13 13 13 13 13 13 13 13 13 13 14 13 14 13 13 13 13 13 13 12 13 13 13 13 13 13 13 13 12
1003_0_3 4 5 4 6 8 1 2 3 5 1 3 3 2 3 2 2 27 12 13 12 13 13 14 13 13 13 13 13 13 13 13 13 13 13 13 14 13 13 13 13 13 13 13 13 13 13 13 13 13 13 13 13 14 13 13 13 13 13 13 13 13 13 13 13 13 14 13 13 12 13 12
1004_1_1 3 6 7 5 6 1 1 4 1 3 3 2 3 3 4 2 27 12 13 13 13 13 13 13 13 13 13 13 13 14 13 13 13 13 13 13 12 13 13 13 13 13 14 13 13 14 13 13 13 13 13 12 13 13 13 13 13 13 14 13 13 13 13 13 13 13 13 13 13 13 12
1006_0_1 3 6 5 7 6 0 3 3 3 4 2 3 1 2 3 3 27 12 14 13 13 13 14 13 13 13 13 13 13 13 13 13 13 13 13 13 12 13 13 13 13 13 13 13 13 13 13 13 13 13 13 12 13 13 13 13 13 13 13 13 13 13 13 13 13 14 13 13 13 14 12
1007_0_1 4 4 7 5 7 1 1 3 4 1 4 2 3 3 3 2 27 12 14 13 13 13 13 13 13 13 13 13 13 13 13 13 13 14 13 13 13 13 13 13 13 12 13 13 13 13 12 13 13 13 13 13 13 13 14 13 13 13 13 13 13 13 13 13 13 13 13 13 13 14 12
1007_2_1 4 8 5 5 5 1 1 3 4 1 4 2 3 3 3 2 27 12 14 13 13 13 13 13 13 13 13 13 13 13 13 13 13 14 13 13 13 13 13 13 13 12 13 13 13 13 12 13 13 13 13 13 13 13 14 13 13 13 13 13 13 13 13 13 13 13 13 13 13 14 12
1009_0_1 4 4 6 5 8 0 3 4 1 3 2 4 3 3 2 2 27 12 13 13 13 14 13 13 13 13 13 13 13 13 13 13 13 13 13 13 13 13 14 13 13 12 13 13 13 13 12 13 13 14 13 13 13 13 13 13 13 13 13 13 13 13 13 13 13 13 14 13 13 13 12
1010_2_1 4 8 5 5 5 0 3 3 3 3 4 1 3 2 3 2 27 12 14 13 13 13 13 13 14 13 13 13 13 13 13 13 13 13 13 13 13 13 13 13 13 12 13 13 13 13 12 13 13 13 13 13 13 13 13 13 13 13 13 13 13 13 13 14 13 13 13 13 13 14 12
1011_0_7 4 4 7 5 7 1 2 4 3 1 4 2 4 2 2 2 27 12 14 13 13 13 13 13 13 13 12 13 13 13 13 13 13 14 13 13 13 13 13 13 13 13 13 13 13 13 13 13 13 13 13 13 13 13 14 13 13 13 13 13 13 12 13 13 13 13 13 13 13 14 12
1011_1_7 4 5 5 5 8 1 2 4 3 1 4 2 4 2 2 2 27 12 14 13 13 13 13 13 13 13 12 13 13 13 13 13 13 14 13 13 13 13 13 13 13 13 13 13 13 13 13 13 13 13 13 13 13 13 14 13 13 13 13 13 13 12 13 13 13 13 13 13 13 14 12
1011_2_7 4 8 5 5 5 1 2 4 3 1 4 2 4 2 2 2 27 12 14 13 13 13 13 13 13 13 12 13 13 13 13 13 13 14 13 13 13 13 13 13 13 13 13 13 13 13 13 13 13 13 13 13 13 13 14 13 13 13 13 13 13 12 13 13 13 13 13 13 13 14 12
1013_1_1 4 4 8 5 6 1 3 3 2 5 2 2 2 3 2 2 27 12 14 13 13 13 13 13 14 13 13 13 13 13 13 13 13 13 13 13 13 13 12 13 13 13 13 13 13 13 13 13 13 12 13 13 13 13 13 13 13 13 13 13 13 13 13 14 13 13 13 13 13 14 12
1015_0_1 3 6 5 7 6 0 3 4 3 3 2 3 2 2 2 3 27 13 13 13 13 12 13 13 13 13 13 12 13 13 13 13 13 13 14 14 13 13 13 13 13 13 13 13 13 13 13 13 13 13 13 13 14 14 13 13 13 13 13 13 12 13 13 13 13 13 12 13 13 13 13
1016_0_1 4 4 6 5 8 1 1 3 3 4 1 4 3 2 3 2 27 12 13 13 13 12 13 13 13 13 14 13 13 14 13 13 13 13 13 13 13 13 13 13 13 13 13 13 13 13 13 13 13 13 13 13 13 13 13 13 13 13 14 13 13 14 13 13 13 13 12 13 13 13 12
1018_0_1 4 4 6 5 8 1 1 3 3 4 2 3 3 1 4 2 27 12 13 13 12 13 13 13 13 13 13 13 13 13 13 13 14 13 13 13 13 13 13 14 13 13 13 13 13 13 13 13 14 13 13 13 13 13 13 14 13 13 13 13 13 13 13 13 13 13 13 12 13 13 12
1020_0_1 4 4 6 5 8 1 2 2 3 2 5 3 1 3 2 3 27 12 14 13 13 12 13 13 13 13 13 13 13 13 13 14 13 13 13 13 13 13 13 13 13 13 13 13 13 13 13 13 13 13 13 13 13 13 13 13 14 13 13 13 13 13 13 13 13 13 12 13 13 14 12
1021_0_1 3 6 5 7 6 0 3 3 3 3 4 1 3 2 3 2 27 12 14 13 13 13 13 13 13 13 13 13 13 13 13 13 13 13 13 14 13 13 13 13 13 12 13 13 13 13 12 13 13 13 13 13 14 13 13 13 13 13 13 13 13 13 13 13 13 13 13 13 13 14 12
1022_1_1 3 7 5 7 5 1 3 1 3 4 1 3 3 4 2 2 27 12 13 13 13 13 13 14 13 13 13 13 13 14 13 13 13 13 13 13 13 12 13 13 13 13 13 13 13 13 13 13 13 13 12 13 13 13 13 13 13 13 14 13 13 13 13 13 14 13 13 13 13 13 12
1023_0_5 4 4 6 5 8 0 4 2 2 2 3 2 4 3 3 2 27 12 13 13 13 13 13 13 13 13 13 13 13 14 13 13 14 13 13 13 13 12 13 13 13 13 13 13 13 13 13 13 13 13 12 13 13 13 13 14 13 13 14 13 13 13 13 13 13 13 13 13 13 13 12
1023_1_5 4 4 8 5 6 0 4 2 2 2 3 2 4 3 3 2 27 12 13 13 13 13 13 13 13 13 13 13 13 14 13 13 14 13 13 13 13 12 13 13 13 13 13 13 13 13 13 13 13 13 12 13 13 13 13 14 13 13 14 13 13 13 13 13 13 13 13 13 13 13 12
1024_1_1 4 4 8 5 6 0 3 2 2 4 2 3 2 4 3 2 27 12 13 13 13 13 13 13 13 13 13 13 13 14 13 13 13 13 13 12 13 13 13 13 13 13 14 13 13 14 13 13 13 13 13 13 12 13 13 13 13 13 14 13 13 13 13 13 13 13 13 13 13 13 12
1026_0_1 3 5 7 5 7 0 3 3 3 4 2 3 1 2 3 3 27 12 13 14 13 13 13 13 13 13 13 13 13 13 13 13 13 14 13 12 13 13 13 13 13 13 13 13 13 13 13 13 13 13 13 13 12 13 14 13 13 13 13 13 13 13 13 13 13 13 13 13 14 13 12
1027_0_1 4 4 6 5 8 1 1 4 3 4 1 3 3 2 2 3 27 12 13 13 14 13 13 13 13 12 13 13 13 13 13 13 13 13 14 13 13 13 13 13 13 13 13 13 13 13 13 13 13 13 13 13 13 14 13 13 13 13 13 13 13 13 12 13 13 13 13 14 13 13 12
1028_0_1 4 4 6 5 8 1 1 4 3 3 3 2 4 1 3 2 27 12 14 13 13 12 13 13 13 13 13 13 13 13 13 13 13 13 13 13 14 13 13 13 13 13 13 13 13 13 13 13 13 13 13 14 13 13 13 13 13 13 13 13 13 13 13 13 13 13 12 13 13 14 12
1029_0_1 3 5 8 5 6 1 1 3 4 1 4 2 3 3 3 2 27 12 13 12 13 13 14 13 13 13 13 13 13 13 13 13 13 13 13 13 14 13 13 13 13 13 13 13 13 13 13 13 13 13 13 14 13 13 13 13 13 13 13 13 13 13 13 13 13 14 13 13 12 13 12
1030_0_1 4 5 4 6 8 0 3 3 2 1 3 3 4 3 2 3 27 12 13 12 13 13 14 13 13 13 13 13 13 13 13 13 13 13 13 13 13 14 13 13 13 13 13 13 13 13 13 13 13 13 14 13 13 13 13 13 13 13 13 13 13 13 13 13 13 14 13 13 12 13 12
1031_1_1 4 4 8 5 6 0 3 3 3 3 4 1 3 3 2 2 27 12 13 13 12 13 13 13 13 13 13 13 13 14 13 13 13 13 13 13 13 14 13 13 13 13 13 13 13 13 13 13 13 13 14 13 13 13 13 13 13 13 14 13 13 13 13 13 13 13 13 12 13 13 12
1033_0_1 4 4 6 5 8 0 3 2 4 2 2 4 3 2 3 2 27 12 13 14 13 13 13 13 13 13 13 13 13 13 14 13 13 13 13 13 13 13 13 13 13 13 12 13 13 12 13 13 13 13 13 13 13 13 13 13 13 14 13 13 13 13 13 13 13 13 13 13 14 13 12
1034_0_1 4 4 6 5 8 0 3 1 3 3 3 3 2 3 4 2 27 12 13 13 13 13 13 13 13 13 13 13 13 13 13 12 13 13 13 13 13 13 13 14 13 14 13 13 13 13 14 13 14 13 13 13 13 13 13 13 12 13 13 13 13 13 13 13 13 13 13 13 13 13 12
1035_1_1 4 4 8 5 6 0 3 4 3 2 3 3 3 2 1 3 27 12 13 13 13 12 13 13 14 13 14 13 13 13 13 13 13 13 13 13 13 13 13 13 13 13 13 13 13 13 13 13 13 13 13 13 13 13 13 13 13 13 13 13 13 14 13 14 13 13 12 13 13 13 12
1037_0_1 4 5 4 6 8 0 3 3 3 4 2 3 1 2 3 3 27 12 13 13 13 13 13 13 12 13 13 13 13 13 14 13 14 13 13 13 13 13 13 13 13 13 13 13 13 13 13 13 13 13 13 13 13 13 13 14 13 14 13 13 13 13 13 12 13 13 13 13 13 13 12
1038_0_1 4 5 4 6 8 0 4 2 2 2 2 4 3 3 3 2 27 12 13 13 13 13 13 12 13 13 13 13 13 13 14 13 14 13 13 13 13 13 13 13 13 13 13 13 13 13 13 13 13 13 13 13 13 13 13 14 13 14 13 13 13 13 13 13 12 13 13 13 13 13 12
1039_0_1 4 4 6 5 8 0 3 4 3 2 3 3 3 2 1 3 27 12 13 13 13 13 13 13 13 13 13 13 13 13 13 13 12 13 13 14 13 13 13 14 13 13 13 13 13 13 13 13 14 13 13 13 14 13 13 12 13 13 13 13 13 13 13 13 13 13 13 13 13 13 12
1040_0_1 4 4 7 5 7 1 2 2 3 2 5 3 1 3 2 3 27 12 14 13 13 12 13 13 13 13 13 13 13 13 13 13 13 13 14 13 13 13 13 13 13 13 13 13 13 13 13 13 13 13 13 13 13 14 13 13 13 13 13 13 13 13 13 13 13 13 12 13 13 14 12
1040_2_1 4 8 5 5 5 1 2 2 3 2 5 3 1 3 2 3 27 12 14 13 13 12 13 13 13 13 13 13 13 13 13 13 13 13 14 13 13 13 13 13 13 13 13 13 13 13 13 13 13 13 13 13 13 14 13 13 13 13 13 13 13 13 13 13 13 13 12 13 13 14 12
1042_0_1 4 4 6 5 8 0 3 3 2 2 1 4 3 3 3 3 27 12 13 13 13 13 13 13 13 12 13 13 13 13 13 13 14 13 14 13 13 13 13 13 13 13 13 13 13 13 13 13 13 13 13 13 13 14 13 14 13 13 13 13 13 13 12 13 13 13 13 13 13 13 12
1042_1_1 4 4 8 5 6 0 3 3 2 2 1 4 3 3 3 3 27 12 13 13 13 13 13 13 13 12 13 13 13 13 13 13 14 13 14 13 13 13 13 13 13 13 13 13 13 13 13 13 13 13 13 13 13 14 13 14 13 13 13 13 13 13 12 13 13 13 13 13 13 13 12
1043_0_1 4 4 6 5 8 1 2 2 3 2 5 3 1 3 2 3 27 12 13 13 13 13 13 14 13 13 13 13 13 13 13 13 12 13 13 13 13 13 13 13 14 13 13 13 13 13 13 14 13 13 13 13 13 13 13 12 13 13 13 13 13 13 13 13 14 13 13 13 13 13 12
1044_0_1 4 4 6 5 8 1 1 3 2 4 1 3 4 3 2 3 27 12 13 14 13 13 13 13 13 13 13 13 13 13 13 13 13 13 13 13 13 13 13 13 14 13 12 13 13 12 13 14 13 13 13 13 13 13 13 13 13 13 13 13 13 13 13 13 13 13 13 13 14 13 12
1045_0_1 4 4 6 5 8 1 1 3 4 1 4 2 3 3 3 2 27 12 13 13 13 14 13 13 13 13 13 13 13 14 13 13 13 13 13 13 13 13 13 13 13 12 13 13 13 13 12 13 13 13 13 13 13 13 13 13 13 13 14 13 13 13 13 13 13 13 14 13 13 13 12
1046_0_1 3 6 5 7 6 0 3 2 3 2 2 4 4 2 2 3 27 12 14 13 13 12 13 13 13 13 13 13 13 13 14 13 13 13 13 13 13 13 13 13 13 13 13 13 13 13 13 13 13 13 13 13 13 13 13 13 13 14 13 13 13 13 13 13 13 13 12 13 13 14 12
1046_1_1 3 6 7 5 6 0 3 2 3 2 2 4 4 2 2 3 27 12 14 13 13 12 13 13 13 13 13 13 13 13 14 13 13 13 13 13 13 13 13 13 13 13 13 13 13 13 13 13 13 13 13 13 13 13 13 13 13 14 13 13 13 13 13 13 13 13 12 13 13 14 12
1047_0_1 4 5 4 6 8 1 2 1 4 4 2 3 3 2 2 3 27 13 13 13 13 12 13 13 13 13 14 13 13 13 13 13 13 13 13 14 13 13 12 13 13 13 13 13 13 13 13 13 13 12 13 13 14 13 13 13 13 13 13 13 13 14 13 13 13 13 12 13 13 13 13
1049_0_1 4 4 7 5 7 1 3 1 3 4 1 3 3 4 2 2 27 12 14 13 13 13 13 13 13 13 12 13 13 13 13 13 13 13 14 13 13 13 13 13 13 13 13 13 13 13 13 13 13 13 13 13 13 14 13 13 13 13 13 13 13 12 13 13 13 13 13 13 13 14 12
1049_2_1 4 8 5 5 5 1 3 1 3 4 1 3 3 4 2 2 27 12 14 13 13 13 13 13 13 13 12 13 13 13 13 13 13 13 14 13 13 13 13 13 13 13 13 13 13 13 13 13 13 13 13 13 13 14 13 13 13 13 13 13 13 12 13 13 13 13 13 13 13 14 12
1050_1_1 3 6 7 5 6 0 3 3 3 4 2 3 1 2 3 3 27 12 13 13 13 13 13 13 13 13 12 13 13 13 13 13 14 13 13 13 13 13 13 14 13 13 13 13 13 13 13 13 14 13 13 13 13 13 13 14 13 13 13 13 13 12 13 13 13 13 13 13 13 13 12
1051_1_1 3 7 6 6 5 0 3 4 3 3 2 3 2 2 2 3 27 13 13 13 13 12 13 13 13 13 13 13 13 13 13 13 13 13 14 14 13 13 12 13 13 13 13 13 13 13 13 13 13 12 13 13 14 14 13 13 13 13 13 13 13 13 13 13 13 13 12 13 13 13 13
1052_1_1 4 4 8 5 6 0 3 3 2 4 2 3 2 3 3 2 27 12 13 14 13 13 14 13 13 13 13 12 13 13 13 13 13 13 13 13 13 13 13 13 13 13 13 13 13 13 13 13 13 13 13 13 13 13 13 13 13 13 13 13 12 13 13 13 13 14 13 13 14 13 12
1054_0_1 4 5 4 6 8 0 3 3 2 2 1 4 3 3 3 3 27 12 13 13 13 13 14 13 13 13 13 13 13 12 13 13 13 13 13 13 13 13 13 13 13 13 14 13 13 14 13 13 13 13 13 13 13 13 13 13 13 13 12 13 13 13 13 13 13 14 13 13 13 13 12
1054_1_1 4 5 4 8 6 0 3 3 2 2 1 4 3 3 3 3 27 12 13 13 13 13 14 13 13 13 13 13 13 12 13 13 13 13 13 13 13 13 13 13 13 13 14 13 13 14 13 13 13 13 13 13 13 13 13 13 13 13 12 13 13 13 13 13 13 14 13 13 13 13 12
1055_0_1 3 6 5 7 6 0 3 3 3 4 2 3 1 2 3 3 27 12 13 13 13 13 13 13 13 13 13 13 13 13 13 13 13 14 13 14 13 13 13 13 13 12 13 13 13 13 12 13 13 13 13 13 14 13 14 13 13 13 13 13 13 13 13 13 13 13 13 13 13 13 12
1056_0_1 3 6 5 7 6 1 1 3 3 4 1 4 3 2 3 2 27 12 14 13 13 12 13 13 13 13 13 13 13 13 13 13 13 13 13 13 13 14 13 13 13 13 13 13 13 13 13 13 13 13 14 13 13 13 13 13 13 13 13 13 13 13 13 13 13 13 12 13 13 14 12
1057_1_1 4 5 5 5 8 0 3 3 3 3 4 1 3 3 2 2 27 12 14 13 13 13 13 13 13 13 13 13 13 13 13 12 13 13 13 13 13 13 13 14 13 13 13 13 13 13 13 13 14 13 13 13 13 13 13 13 12 13 13 13 13 13 13 13 13 13 13 13 13 14 12
1058_0_1 4 4 7 5 7 0 3 3 3 3 4 1 3 2 3 2 27 12 14 13 13 12 13 13 13 13 13 13 13 13 13 13 13 14 13 13 13 13 13 13 13 13 13 13 13 13 13 13 13 13 13 13 13 13 14 13 13 13 13 13 13 13 13 13 13 13 12 13 13 14 12
1059_0_3 4 4 7 5 7 1 2 2 5 2 2 4 2 3 2 2 27 12 14 13 13 13 13 13 14 13 13 13 13 13 13 12 13 13 13 13 13 13 13 13 13 13 13 13 13 13 13 13 13 13 13 13 13 13 13 13 12 13 13 13 13 13 13 14 13 13 13 13 13 14 12
1059_2_3 4 8 5 5 5 1 2 2 5 2 2 4 2 3 2 2 27 12 14 13 13 13 13 13 14 13 13 13 13 13 13 12 13 13 13 13 13 13 13 13 13 13 13 13 13 13 13 13 13 13 13 13 13 13 13 13 12 13 13 13 13 13 13 14 13 13 13 13 13 14 12
1061_1_1 4 5 5 5 8 0 3 3 3 3 4 1 3 2 3 2 27 12 14 13 13 13 13 14 13 13 13 13 13 13 13 12 13 13 13 13 13 13 13 13 13 13 13 13 13 13 13 13 13 13 13 13 13 13 13 13 12 13 13 13 13 13 13 13 14 13 13 13 13 14 12
1062_1_1 4 4 8 5 6 0 4 2 2 2 2 4 3 3 3 2 27 12 13 13 12 13 13 13 13 13 13 13 13 13 13 13 13 14 13 14 13 13 13 13 13 13 13 13 13 13 13 13 13 13 13 13 14 13 14 13 13 13 13 13 13 13 13 13 13 13 13 12 13 13 12
1064_0_1 4 4 6 5 8 0 3 3 4 3 3 2 2 1 3 3 27 12 13 13 13 13 13 13 13 13 13 13 13 13 13 13 12 13 13 13 13 14 13 14 13 13 13 13 13 13 13 13 14 13 14 13 13 13 13 12 13 13 13 13 13 13 13 13 13 13 13 13 13 13 12
1065_2_1 4 8 5 5 5 0 3 3 3 3 4 1 3 2 3 2 27 12 14 13 13 13 13 13 13 13 13 13 13 14 13 13 13 13 13 13 12 13 13 13 13 13 13 13 13 13 13 13 13 13 13 12 13 13 13 13 13 13 14 13 13 13 13 13 13 13 13 13 13 14 12
1067_0_1 4 4 6 5 8 0 3 3 4 3 3 2 2 1 3 3 27 12 13 13 13 12 13 13 13 13 14 13 14 13 13 13 13 13 13 13 13 13 13 13 13 13 13 13 13 13 13 13 13 13 13 13 13 13 13 13 13 13 13 14 13 14 13 13 13 13 12 13 13 13 12
1068_1_1 4 4 8 5 6 0 3 3 2 4 2 3 2 3 3 2 27 12 13 13 13 13 13 13 13 13 13 12 13 13 13 13 13 14 13 14 13 13 13 13 13 13 13 13 13 13 13 13 13 13 13 13 14 13 14 13 13 13 13 13 12 13 13 13 13 13 13 13 13 13 12
1069_1_1 4 5 5 5 8 0 3 4 2 4 2 3 2 3 2 2 27 12 14 13 13 13 13 13 13 13 13 13 13 14 13 13 13 13 13 13 13 13 13 13 13 12 13 13 13 13 12 13 13 13 13 13 13 13 13 13 13 13 14 13 13 13 13 13 13 13 13 13 13 14 12
1070_0_1 4 5 4 6 8 1 1 4 1 3 3 2 3 3 4 2 27 12 13 13 13 13 13 13 13 13 13 13 13 12 13 13 13 13 13 13 13 13 13 13 14 13 14 13 13 14 13 14 13 13 13 13 13 13 13 13 13 13 12 13 13 13 13 13 13 13 13 13 13 13 12
1071_1_1 4 4 8 5 6 0 3 2 4 2 2 4 3 2 3 2 27 12 13 13 13 13 13 13 14 13 13 13 13 13 13 12 13 13 13 13 13 13 13 13 13 14 13 13 13 13 14 13 13 13 13 13 13 13 13 13 12 13 13 13 13 13 13 14 13 13 13 13 13 13 12
1073_0_1 4 4 7 5 7 1 1 3 3 4 1 4 3 2 3 2 27 12 14 13 13 12 13 13 13 13 13 13 13 13 13 13 13 13 13 13 13 13 13 14 13 13 13 13 13 13 13 13 14 13 13 13 13 13 13 13 13 13 13 13 13 13 13 13 13 13 12 13 13 14 12
1074_1_1 4 5 4 8 6 0 3 3 3 3 4 1 3 2 3 2 27 12 13 13 13 13 13 13 13 13 13 13 12 13 13 13 13 13 13 13 13 14 13 13 14 13 13 13 13 13 13 14 13 13 14 13 13 13 13 13 13 13 13 12 13 13 13 13 13 13 13 13 13 13 12
1076_0_1 4 4 6 5 8 0 3 4 3 2 3 3 3 2 1 3 27 12 13 13 13 13 12 13 13 13 13 13 14 13 14 13 13 13 13 13 13 13 13 13 13 13 13 13 13 13 13 13 13 13 13 13 13 13 13 13 13 14 13 14 13 13 13 13 13 12 13 13 13 13 12
1077_0_1 4 4 7 5 7 0 3 2 2 4 2 3 2 4 3 2 27 12 14 13 13 13 13 14 13 13 13 13 13 13 13 13 13 13 13 13 13 13 13 13 13 12 13 13 13 13 12 13 13 13 13 13 13 13 13 13 13 13 13 13 13 13 13 13 14 13 13 13 13 14 12
1077_2_1 4 8 5 5 5 0 3 2 2 4 2 3 2 4 3 2 27 12 14 13 13 13 13 14 13 13 13 13 13 13 13 13 13 13 13 13 13 13 13 13 13 12 13 13 13 13 12 13 13 13 13 13 13 13 13 13 13 13 13 13 13 13 13 13 14 13 13 13 13 14 12
1079_0_1 4 4 6 5 8 0 4 2 2 2 2 4 3 3 3 2 27 12 13 13 13 13 13 13 13 13 13 13 13 13 13 13 13 14 13 14 13 13 13 13 13 13 12 13 13 12 13 13 13 13 13 13 14 13 14 13 13 13 13 13 13 13 13 13 13 13 13 13 13 13 12
1080_0_1 4 5 4 6 8 1 3 1 3 4 1 3 3 4 2 2 27 12 13 13 13 13 13 13 13 13 13 13 12 13 13 13 13 13 13 13 13 13 13 13 14 13 14 13 13 14 13 14 13 13 13 13 13 13 13 13 13 13 13 12 13 13 13 13 13 13 13 13 13 13 12
1081_0_1 3 6 5 7 6 0 3 2 3 2 2 4 4 2 2 3 27 12 14 13 13 12 13 13 13 13 13 13 13 13 13 13 13 13 13 14 13 13 13 13 13 13 13 13 13 13 13 13 13 13 13 13 14 13 13 13 13 13 13 13 13 13 13 13 13 13 12 13 13 14 12
1081_1_1 3 6 7 5 6 0 3 2 3 2 2 4 4 2 2 3 27 12 14 13 13 12 13 13 13 13 13 13 13 13 13 13 13 13 13 14 13 13 13 13 13 13 13 13 13 13 13 13 13 13 13 13 14 13 13 13 13 13 13 13 13 13 13 13 13 13 12 13 13 14 12
1082_0_1 4 4 7 5 7 1 1 4 3 3 3 2 4 1 3 2 27 12 14 13 13 12 13 13 13 13 13 13 13 14 13 13 13 13 13 13 13 13 13 13 13 13 13 13 13 13 13 13 13 13 13 13 13 13 13 13 13 13 14 13 13 13 13 13 13 13 12 13 13 14 12
1082_2_1 4 8 5 5 5 1 1 4 3 3 3 2 4 1 3 2 27 12 14 13 13 12 13 13 13 13 13 13 13 14 13 13 13 13 13 13 13 13 13 13 13 13 13 13 13 13 13 13 13 13 13 13 13 13 13 13 13 13 14 13 13 13 13 13 13 13 12 13 13 14 12
1083_1_1 3 7 5 7 5 1 1 4 3 4 1 3 3 2 2 3 27 12 13 13 13 13 13 14 13 13 13 13 13 13 13 13 13 13 14 13 13 13 13 13 12 13 13 13 13 13 13 12 13 13 13 13 13 14 13 13 13 13 13 13 13 13 13 13 14 13 13 13 13 13 12
1085_0_1 3 6 5 7 6 0 3 3 3 3 4 1 3 3 2 2 27 12 13 13 13 13 13 13 13 14 13 13 13 13 13 12 13 13 13 13 13 13 13 14 13 13 13 13 13 13 13 13 14 13 13 13 13 13 13 13 12 13 13 13 13 13 14 13 13 13 13 13 13 13 12
1086_0_1 3 5 8 5 6 0 3 3 3 4 2 3 1 2 3 3 27 12 13 13 13 13 13 13 12 13 13 13 13 13 13 13 14 13 13 13 13 13 13 13 13 14 13 13 13 13 14 13 13 13 13 13 13 13 13 14 13 13 13 13 13 13 13 12 13 13 13 13 13 13 12
1087_0_1 3 6 5 7 6 0 4 3 3 3 3 1 2 2 3 3 27 12 13 14 13 13 14 13 13 13 12 13 13 13 13 13 13 13 13 13 13 13 13 13 13 13 13 13 13 13 13 13 13 13 13 13 13 13 13 13 13 13 13 13 13 12 13 13 13 14 13 13 14 13 12
1088_0_1 4 4 7 5 7 0 3 3 3 3 4 1 3 2 3 2 27 12 14 13 13 13 13 13 13 13 13 13 13 13 13 12 13 13 14 13 13 13 13 13 13 13 13 13 13 13 13 13 13 13 13 13 13 14 13 13 12 13 13 13 13 13 13 13 13 13 13 13 13 14 12
1089_0_3 4 4 6 5 8 1 3 1 3 3 2 2 5 3 2 2 27 12 13 13 13 13 12 13 13 13 13 13 14 13 13 13 13 13 13 14 13 13 13 13 13 13 13 13 13 13 13 13 13 13 13 13 14 13 13 13 13 13 13 14 13 13 13 13 13 12 13 13 13 13 12
1090_1_1 4 4 8 5 6 1 1 5 3 3 2 3 2 3 1 3 27 12 13 13 13 13 13 13 13 13 12 13 13 13 13 13 13 13 13 13 14 13 14 13 13 13 13 13 13 13 13 13 13 14 13 14 13 13 13 13 13 13 13 13 13 12 13 13 13 13 13 13 13 13 12
1092_1_1 4 5 5 5 8 1 1 5 3 3 2 3 2 3 1 3 27 12 14 13 13 13 13 13 13 13 12 13 13 13 13 13 13 13 13 13 13 13 14 13 13 13 13 13 13 13 13 13 13 14 13 13 13 13 13 13 13 13 13 13 13 12 13 13 13 13 13 13 13 14 12
1094_0_1 4 4 6 5 8 0 3 3 2 2 1 4 3 3 3 3 27 12 13 13 13 13 13 13 13 13 13 13 13 13 13 14 13 14 13 13 12 13 13 13 13 13 13 13 13 13 13 13 13 13 13 12 13 13 14 13 14 13 13 13 13 13 13 13 13 13 13 13 13 13 12
1094_1_1 4 4 8 5 6 0 3 3 2 2 1 4 3 3 3 3 27 12 13 13 13 13 13 13 13 13 13 13 13 13 13 14 13 14 13 13 12 13 13 13 13 13 13 13 13 13 13 13 13 13 13 12 13 13 14 13 14 13 13 13 13 13 13 13 13 13 13 13 13 13 12
1095_0_1 3 5 7 5 7 1 1 3 2 4 1 3 4 3 2 3 27 12 13 13 12 13 13 13 14 13 13 13 13 14 13 13 13 13 13 13 13 13 13 13 13 13 13 13 13 13 13 13 13 13 13 13 13 13 13 13 13 13 14 13 13 13 13 14 13 13 13 12 13 13 12
1096_0_1 3 5 7 5 7 1 3 3 2 5 2 2 2 3 2 2 27 12 14 13 13 13 13 13 14 13 13 12 13 13 13 13 13 13 13 13 13 13 13 13 13 13 13 13 13 13 13 13 13 13 13 13 13 13 13 13 13 13 13 13 12 13 13 14 13 13 13 13 13 14 12
1098_0_1 4 4 6 5 8 1 1 4 3 4 1 3 3 2 2 3 27 12 13 13 13 13 13 13 13 12 13 13 13 13 13 13 13 13 14 13 13 13 13 13 13 13 14 13 13 14 13 13 13 13 13 13 13 14 13 13 13 13 13 13 13 13 12 13 13 13 13 13 13 13 12
1099_0_1 4 4 6 5 8 1 2 3 5 2 2 4 1 3 2 2 27 12 13 13 12 13 13 13 14 13 13 14 13 13 13 13 13 13 13 13 13 13 13 13 13 13 13 13 13 13 13 13 13 13 13 13 13 13 13 13 13 13 13 13 14 13 13 14 13 13 13 12 13 13 12
1101_0_1 4 4 7 5 7 1 1 3 3 4 1 4 3 2 3 2 27 12 14 13 13 12 13 13 13 13 13 13 14 13 13 13 13 13 13 13 13 13 13 13 13 13 13 13 13 13 13 13 13 13 13 13 13 13 13 13 13 13 13 14 13 13 13 13 13 13 12 13 13 14 12
1102_1_1 3 6 5 8 5 0 3 3 2 1 3 3 4 3 2 3 27 12 13 12 13 13 14 13 13 13 14 13 13 13 13 13 13 13 13 13 13 13 13 13 13 13 13 13 13 13 13 13 13 13 13 13 13 13 13 13 13 13 13 13 13 14 13 13 13 14 13 13 12 13 12
1103_1_3 3 6 7 5 6 1 2 3 5 1 3 3 2 3 2 2 27 12 13 13 13 13 13 13 14 13 13 13 13 13 13 13 14 13 13 13 13 13 13 13 13 12 13 13 13 13 12 13 13 13 13 13 13 13 13 14 13 13 13 13 13 13 13 14 13 13 13 13 13 13 12
1104_1_3 4 5 5 5 8 1 3 2 2 2 3 1 3 5 2 3 27 12 14 13 13 13 13 14 13 13 12 13 13 13 13 13 13 13 13 13 13 13 13 13 13 13 13 13 13 13 13 13 13 13 13 13 13 13 13 13 13 13 13 13 13 12 13 13 14 13 13 13 13 14 12
1105_0_3 3 5 8 5 6 1 3 2 2 2 3 1 3 5 2 3 27 12 13 13 13 13 13 13 13 14 13 13 13 13 13 14 13 13 13 13 13 13 13 12 13 13 13 13 13 13 13 13 12 13 13 13 13 13 13 13 14 13 13 13 13 13 14 13 13 13 13 13 13 13 12
1106_0_3 4 4 7 5 7 1 2 2 3 5 1 3 3 3 2 2 27 12 14 13 13 13 13 13 13 13 13 13 14 13 13 12 13 13 13 13 13 13 13 13 13 13 13 13 13 13 13 13 13 13 13 13 13 13 13 13 12 13 13 14 13 13 13 13 13 13 13 13 13 14 12
1106_2_3 4 8 5 5 5 1 2 2 3 5 1 3 3 3 2 2 27 12 14 13 13 13 13 13 13 13 13 13 14 13 13 12 13 13 13 13 13 13 13 13 13 13 13 13 13 13 13 13 13 13 13 13 13 13 13 13 12 13 13 14 13 13 13 13 13 13 13 13 13 14 12
1108_0_1 3 5 5 6 8 1 3 3 2 5 2 2 2 3 2 2 27 12 14 13 13 13 13 13 13 13 13 13 13 13 13 13 13 13 13 13 13 13 12 13 13 14 13 13 13 13 14 13 13 12 13 13 13 13 13 13 13 13 13 13 13 13 13 13 13 13 13 13 13 14 12
1109_1_1 3 6 7 5 6 1 1 3 2 4 1 3 4 3 2 3 27 12 13 13 13 13 13 13 13 13 13 13 13 14 14 12 13 13 13 13 13 13 13 13 13 13 13 13 13 13 13 13 13 13 13 13 13 13 13 13 12 14 14 13 13 13 13 13 13 13 13 13 13 13 12
1110_1_1 3 8 6 5 5 1 1 3 4 1 4 2 3 3 3 2 27 12 13 12 13 14 13 13 13 13 13 13 13 14 13 13 13 13 13 13 13 13 13 13 13 13 13 13 13 13 13 13 13 13 13 13 13 13 13 13 13 13 14 13 13 13 13 13 13 13 14 13 12 13 12
1112_0_1 3 5 7 5 7 1 1 4 1 3 3 2 3 3 4 2 27 12 13 13 12 13 13 14 13 13 13 13 13 13 13 13 13 13 14 13 13 13 13 13 13 13 13 13 13 13 13 13 13 13 13 13 13 14 13 13 13 13 13 13 13 13 13 13 14 13 13 12 13 13 12
1113_1_1 3 7 5 7 5 1 1 3 4 1 4 2 3 3 3 2 27 12 14 13 13 13 13 13 13 13 13 13 13 13 13 13 13 14 13 12 13 13 13 13 13 13 13 13 13 13 13 13 13 13 13 13 12 13 14 13 13 13 13 13 13 13 13 13 13 13 13 13 13 14 12
1115_0_1 3 6 5 7 6 1 1 4 1 3 3 2 3 3 4 2 27 12 13 13 13 13 13 13 13 13 13 13 13 13 13 12 13 13 14 13 13 13 13 13 13 13 14 13 13 14 13 13 13 13 13 13 13 14 13 13 12 13 13 13 13 13 13 13 13 13 13 13 13 13 12
1117_0_1 4 4 6 5 8 1 3 1 3 3 1 3 4 4 2 2 27 12 13 13 13 13 13 13 13 13 13 13 14 13 13 13 13 13 13 12 13 14 13 13 13 13 13 13 13 13 13 13 13 13 14 13 12 13 13 13 13 13 13 14 13 13 13 13 13 13 13 13 13 13 12
1119_0_1 4 4 6 5 8 1 2 2 3 2 5 3 1 3 2 3 27 12 13 13 13 13 13 13 13 13 13 13 13 13 13 13 12 13 14 13 13 13 13 13 14 13 13 13 13 13 13 14 13 13 13 13 13 14 13 12 13 13 13 13 13 13 13 13 13 13 13 13 13 13 12
1120_0_1 3 6 5 7 6 1 2 4 3 4 1 3 2 1 3 3 27 12 13 14 13 13 13 13 13 13 13 13 13 13 14 13 13 13 13 13 12 13 13 13 13 13 13 13 13 13 13 13 13 13 13 12 13 13 13 13 13 14 13 13 13 13 13 13 13 13 13 13 14 13 12
1122_0_1 3 5 8 5 6 1 2 3 1 5 3 2 2 3 3 2 27 12 12 13 14 13 13 13 13 13 13 13 13 13 13 13 13 13 13 13 13 13 13 13 13 14 13 13 13 13 14 13 13 13 13 13 13 13 13 13 13 13 13 13 13 13 13 13 13 13 13 14 13 12 12
1123_0_1 3 6 5 7 6 0 3 3 3 4 2 3 1 2 3 3 27 12 13 13 13 13 13 13 13 13 13 13 13 13 13 12 13 14 13 13 13 13 13 13 13 13 14 13 13 14 13 13 13 13 13 13 13 13 14 13 12 13 13 13 13 13 13 13 13 13 13 13 13 13 12
1124_0_1 4 4 6 5 8 0 3 2 4 2 3 3 3 2 4 1 27 12 13 13 12 13 13 13 13 14 13 13 13 13 13 13 13 13 13 13 13 13 14 13 13 13 13 13 13 13 13 13 13 14 13 13 13 13 13 13 13 13 13 13 13 13 14 13 13 13 13 12 13 13 12
1126_0_1 4 5 4 6 8 1 1 3 2 4 1 3 4 3 2 3 27 12 13 13 13 13 13 12 13 14 13 13 13 13 13 13 13 13 13 14 13 13 13 13 13 13 13 13 13 13 13 13 13 13 13 13 14 13 13 13 13 13 13 13 13 13 14 13 12 13 13 13 13 13 12
1127_0_1 3 5 7 5 7 0 3 4 3 2 3 3 3 2 1 3 27 12 13 13 13 13 12 13 14 13 13 13 13 13 13 13 13 13 13 13 13 13 13 14 13 13 13 13 13 13 13 13 14 13 13 13 13 13 13 13 13 13 13 13 13 13 13 14 13 12 13 13 13 13 12
1128_0_1 3 6 5 7 6 1 1 3 2 4 1 3 4 3 2 3 27 12 13 14 13 13 13 13 13 14 13 13 13 13 13 12 13 13 13 13 13 13 13 13 13 13 13 13 13 13 13 13 13 13 13 13 13 13 13 13 12 13 13 13 13 13 14 13 13 13 13 13 14 13 12
1129_0_1 4 4 6 5 8 1 2 3 1 5 3 2 2 3 3 2 27 12 13 13 13 13 13 14 13 12 13 13 13 13 13 13 13 13 13 14 13 13 13 13 13 13 13 13 13 13 13 13 13 13 13 13 14 13 13 13 13 13 13 13 13 13 12 13 14 13 13 13 13 13 12
1130_0_1 3 6 5 7 6 1 1 3 3 3 2 3 4 1 4 2 27 12 13 13 13 12 13 14 13 13 13 13 13 13 13 13 13 13 13 14 13 13 13 13 13 13 13 13 13 13 13 13 13 13 13 13 14 13 13 13 13 13 13 13 13 13 13 13 14 13 12 13 13 13 12
1131_0_5 3 5 8 5 6 1 5 3 3 2 2 2 2 2 3 2 27 12 13 13 13 13 13 13 13 13 14 13 13 13 13 13 13 13 13 14 13 13 12 13 13 13 13 13 13 13 13 13 13 12 13 13 14 13 13 13 13 13 13 13 13 14 13 13 13 13 13 13 13 13 12
1132_0_1 3 5 5 6 8 1 1 4 1 3 2 2 3 3 4 3 27 12 13 13 12 14 14 13 13 13 13 13 13 13 13 13 13 13 13 13 13 13 13 13 13 13 13 13 13 13 13 13 13 13 13 13 13 13 13 13 13 13 13 13 13 13 13 13 13 14 14 12 13 13 12
1133_0_1 3 5 5 6 8 1 2 3 1 5 3 2 2 3 3 2 27 12 13 13 13 13 13 13 13 13 13 13 13 13 13 13 13 13 13 13 13 13 13 13 12 14 14 13 13 14 14 12 13 13 13 13 13 13 13 13 13 13 13 13 13 13 13 13 13 13 13 13 13 13 12
1134_0_1 3 5 7 5 7 1 1 3 3 5 1 3 3 2 2 3 27 12 13 13 13 13 13 13 13 13 13 13 13 13 13 13 13 13 13 13 13 12 14 14 13 13 13 13 13 13 13 13 14 14 12 13 13 13 13 13 13 13 13 13 13 13 13 13 13 13 13 13 13 13 12
1136_0_1 3 5 6 6 7 1 1 3 3 5 1 3 3 2 2 3 27 12 13 13 13 13 13 13 13 13 12 14 13 13 13 13 13 13 13 13 13 14 13 13 13 13 13 13 13 13 13 13 13 13 14 13 13 13 13 13 13 13 13 13 14 12 13 13 13 13 13 13 13 13 12
1138_0_1 3 5 7 5 7 1 1 3 3 5 1 3 3 2 2 3 27 12 13 13 13 13 13 13 13 13 13 13 13 14 13 13 13 13 13 13 13 13 14 13 12 13 13 13 13 13 13 12 13 14 13 13 13 13 13 13 13 13 14 13 13 13 13 13 13 13 13 13 13 13 12
1140_0_1 3 5 6 6 7 1 1 3 4 1 4 2 3 3 3 2 27 12 13 13 13 13 14 13 13 13 13 13 13 13 13 13 13 13 13 13 13 13 13 13 14 12 13 13 13 13 12 14 13 13 13 13 13 13 13 13 13 13 13 13 13 13 13 13 13 14 13 13 13 13 12
1141_0_1 3 5 5 6 8 1 1 3 2 4 1 3 4 3 2 3 27 12 13 13 13 13 13 13 13 13 13 13 13 13 13 13 13 13 13 13 13 13 13 13 14 14 12 13 13 12 14 14 13 13 13 13 13 13 13 13 13 13 13 13 13 13 13 13 13 13 13 13 13 13 12
1142_0_1 3 6 5 7 6 1 1 3 3 5 1 3 3 2 2 3 27 12 13 13 13 13 13 13 13 14 13 13 13 13 13 13 13 13 13 13 12 13 14 13 13 13 13 13 13 13 13 13 13 14 13 12 13 13 13 13 13 13 13 13 13 13 14 13 13 13 13 13 13 13 12
1143_1_1 3 8 6 5 5 1 1 3 2 4 1 3 4 3 2 3 27 12 13 13 13 13 13 12 13 13 13 13 13 14 13 13 13 13 13 13 13 13 13 13 13 14 13 13 13 13 14 13 13 13 13 13 13 13 13 13 13 13 14 13 13 13 13 13 12 13 13 13 13 13 12
1145_0_1 3 5 5 6 8 1 1 4 3 3 2 3 3 3 1 3 27 12 13 13 13 13 13 13 13 13 13 13 14 13 13 13 13 13 13 13 13 13 12 13 13 14 13 13 13 13 14 13 13 12 13 13 13 13 13 13 13 13 13 14 13 13 13 13 13 13 13 13 13 13 12
1145_1_3 3 8 6 5 5 1 2 3 2 2 2 2 2 3 3 5 27 12 13 13 13 13 13 13 13 13 13 13 14 13 13 13 13 13 13 13 13 13 12 13 13 14 13 13 13 13 14 13 13 12 13 13 13 13 13 13 13 13 13 14 13 13 13 13 13 13 13 13 13 13 12
1146_1_1 3 6 7 5 6 0 3 3 3 4 2 3 1 2 3 3 27 12 13 13 13 13 13 13 13 13 13 13 13 13 14 13 13 13 13 13 13 13 13 13 13 12 13 14 14 13 12 13 13 13 13 13 13 13 13 13 13 14 13 13 13 13 13 13 13 13 13 13 13 13 12
1148_0_1 3 5 7 5 7 1 1 3 3 5 1 3 3 2 2 3 27 12 13 13 13 13 13 13 13 13 13 13 13 13 13 13 12 14 13 13 13 13 14 13 13 13 13 13 13 13 13 13 13 14 13 13 13 13 14 12 13 13 13 13 13 13 13 13 13 13 13 13 13 13 12
1150_0_1 3 5 6 6 7 1 1 3 3 5 1 3 3 2 2 3 27 12 13 13 13 12 14 13 13 13 13 14 13 13 13 13 13 13 13 13 13 13 13 13 13 13 13 13 13 13 13 13 13 13 13 13 13 13 13 13 13 13 13 13 14 13 13 13 13 14 12 13 13 13 12
1152_0_1 3 5 6 6 7 1 2 2 3 2 5 3 1 3 2 3 27 12 13 13 14 12 13 13 13 14 13 13 13 13 13 13 13 13 13 13 13 13 13 13 13 13 13 13 13 13 13 13 13 13 13 13 13 13 13 13 13 13 13 13 13 13 14 13 13 13 12 14 13 13 12
1153_0_1 3 6 5 7 6 1 1 4 3 3 3 3 1 3 2 3 27 13 13 13 13 12 13 13 13 13 13 12 13 13 13 13 13 14 13 13 13 13 13 13 13 13 14 13 13 14 13 13 13 13 13 13 13 13 14 13 13 13 13 13 12 13 13 13 13 13 12 13 13 13 13
1153_1_3 3 6 7 5 6 1 3 1 4 4 2 2 3 3 2 2 27 13 13 13 13 12 13 13 13 13 13 12 13 13 13 13 13 14 13 13 13 13 13 13 13 13 14 13 13 14 13 13 13 13 13 13 13 13 14 13 13 13 13 13 12 13 13 13 13 13 12 13 13 13 13
1155_0_1 4 4 6 5 8 1 2 4 2 4 3 2 1 3 2 3 27 12 13 13 13 13 13 13 13 14 13 12 13 13 13 13 13 14 13 13 13 13 13 13 13 13 13 13 13 13 13 13 13 13 13 13 13 13 14 13 13 13 13 13 12 13 14 13 13 13 13 13 13 13 12
1156_0_5 4 4 6 5 8 1 1 3 4 1 3 2 4 3 2 3 27 12 13 13 13 13 13 14 13 13 13 13 13 13 13 13 14 13 13 13 13 13 13 13 12 13 13 13 13 13 13 12 13 13 13 13 13 13 13 14 13 13 13 13 13 13 13 13 14 13 13 13 13 13 12
1156_1_5 4 4 8 5 6 1 1 3 4 1 3 2 4 3 2 3 27 12 13 13 13 13 13 14 13 13 13 13 13 13 13 13 14 13 13 13 13 13 13 13 12 13 13 13 13 13 13 12 13 13 13 13 13 13 13 14 13 13 13 13 13 13 13 13 14 13 13 13 13 13 12
1157_0_5 3 5 6 6 7 1 3 2 3 5 2 2 2 3 2 2 27 13 13 13 13 12 13 13 13 13 13 12 13 13 13 13 14 13 13 13 13 14 13 13 13 13 13 13 13 13 13 13 13 13 14 13 13 13 13 14 13 13 13 13 12 13 13 13 13 13 12 13 13 13 13
1158_0_1 3 6 5 7 6 0 4 2 3 2 3 3 3 3 3 1 27 12 13 13 14 13 13 13 13 13 13 13 13 13 13 13 13 13 13 13 13 13 13 14 13 12 13 13 13 13 12 13 14 13 13 13 13 13 13 13 13 13 13 13 13 13 13 13 13 13 13 14 13 13 12
1159_0_1 3 5 5 6 8 1 2 4 2 4 3 2 1 4 2 2 27 12 13 13 13 13 13 14 12 13 13 13 13 13 13 14 13 13 13 13 13 13 13 13 13 13 13 13 13 13 13 13 13 13 13 13 13 13 13 13 14 13 13 13 13 13 13 12 14 13 13 13 13 13 12
1160_0_1 3 5 7 5 7 1 1 4 2 3 2 3 4 2 3 2 27 12 13 13 13 13 13 13 13 13 13 12 14 14 13 13 13 13 13 13 13 13 13 13 13 13 13 13 13 13 13 13 13 13 13 13 13 13 13 13 13 13 14 14 12 13 13 13 13 13 13 13 13 13 12
1160_1_3 3 7 5 7 5 1 2 1 4 3 3 3 3 1 3 3 27 12 13 13 13 13 13 13 13 13 13 12 14 14 13 13 13 13 13 13 13 13 13 13 13 13 13 13 13 13 13 13 13 13 13 13 13 13 13 13 13 13 14 14 12 13 13 13 13 13 13 13 13 13 12
1161_0_5 3 5 8 5 6 1 2 3 2 2 3 3 2 5 2 2 27 12 13 13 13 13 13 13 13 13 13 13 13 13 13 13 13 13 13 13 14 14 12 13 13 13 13 13 13 13 13 13 13 12 14 14 13 13 13 13 13 13 13 13 13 13 13 13 13 13 13 13 13 13 12
1162_0_1 3 5 7 5 7 1 2 2 3 2 5 3 1 3 2 3 27 12 13 13 13 13 12 14 13 13 13 13 13 14 13 13 13 13 13 13 13 13 13 13 13 13 13 13 13 13 13 13 13 13 13 13 13 13 13 13 13 13 14 13 13 13 13 13 14 12 13 13 13 13 12
1163_0_1 3 5 8 5 6 1 1 4 1 3 3 2 3 3 4 2 27 12 13 13 13 13 13 13 13 13 13 13 13 13 13 14 14 12 13 13 13 13 13 13 13 13 13 13 13 13 13 13 13 13 13 13 13 13 12 14 14 13 13 13 13 13 13 13 13 13 13 13 13 13 12
1165_0_1 3 5 5 6 8 1 1 4 2 3 2 3 4 2 3 2 27 12 13 13 13 13 13 13 13 14 14 12 13 13 13 13 13 13 13 13 13 13 13 13 13 13 13 13 13 13 13 13 13 13 13 13 13 13 13 13 13 13 13 13 12 14 14 13 13 13 13 13 13 13 12
1165_1_3 3 8 6 5 5 1 2 1 4 3 3 3 3 1 3 3 27 12 13 13 13 13 13 13 13 14 14 12 13 13 13 13 13 13 13 13 13 13 13 13 13 13 13 13 13 13 13 13 13 13 13 13 13 13 13 13 13 13 13 13 12 14 14 13 13 13 13 13 13 13 12
1167_0_1 3 6 5 7 6 1 1 4 1 3 2 2 3 3 4 3 27 12 13 13 13 13 13 13 13 13 13 13 13 13 13 12 14 14 13 13 13 13 13 13 13 13 13 13 13 13 13 13 13 13 13 13 13 13 14 14 12 13 13 13 13 13 13 13 13 13 13 13 13 13 12
1168_0_1 3 5 5 6 8 1 1 3 3 3 2 3 4 1 4 2 27 12 13 13 13 13 13 13 14 13 13 13 13 13 13 14 13 12 13 13 13 13 13 13 13 13 13 13 13 13 13 13 13 13 13 13 13 13 12 13 14 13 13 13 13 13 13 14 13 13 13 13 13 13 12
1169_0_5 4 5 4 6 8 0 4 2 2 2 3 2 4 3 3 2 27 12 13 13 13 13 14 13 13 13 13 13 12 13 13 13 13 13 13 13 13 13 13 13 14 13 13 13 13 13 13 14 13 13 13 13 13 13 13 13 13 13 13 12 13 13 13 13 13 14 13 13 13 13 12
1169_1_5 4 5 4 8 6 0 4 2 2 2 3 2 4 3 3 2 27 12 13 13 13 13 14 13 13 13 13 13 12 13 13 13 13 13 13 13 13 13 13 13 14 13 13 13 13 13 13 14 13 13 13 13 13 13 13 13 13 13 13 12 13 13 13 13 13 14 13 13 13 13 12
1171_0_1 3 6 5 7 6 1 2 2 3 2 5 3 1 3 2 3 27 12 13 13 13 12 13 14 13 14 13 13 13 13 13 13 13 13 13 13 13 13 13 13 13 13 13 13 13 13 13 13 13 13 13 13 13 13 13 13 13 13 13 13 13 13 14 13 14 13 12 13 13 13 12
1172_0_1 3 5 8 5 6 0 2 3 3 4 2 3 2 2 2 4 27 12 13 13 13 13 13 13 13 13 13 13 12 13 13 13 14 13 13 13 14 13 13 13 13 13 13 13 13 13 13 13 13 13 13 14 13 13 13 14 13 13 13 12 13 13 13 13 13 13 13 13 13 13 12
1172_1_1 3 6 5 8 5 0 2 3 3 4 2 3 2 2 2 4 27 12 13 13 13 13 13 13 13 13 13 13 12 13 13 13 14 13 13 13 14 13 13 13 13 13 13 13 13 13 13 13 13 13 13 14 13 13 13 14 13 13 13 12 13 13 13 13 13 13 13 13 13 13 12
1173_0_1 3 5 8 5 6 1 1 4 1 3 3 2 3 3 4 2 27 12 13 13 13 13 13 13 13 13 13 13 13 12 13 14 13 13 13 13 13 13 13 13 14 13 13 13 13 13 13 14 13 13 13 13 13 13 13 13 14 13 12 13 13 13 13 13 13 13 13 13 13 13 12
1175_0_1 3 6 5 7 6 1 1 3 4 1 4 2 3 3 3 2 27 12 13 13 13 13 14 13 13 13 13 13 13 14 13 13 13 13 13 13 13 13 13 13 13 12 13 13 13 13 12 13 13 13 13 13 13 13 13 13 13 13 14 13 13 13 13 13 13 14 13 13 13 13 12
1176_0_1 3 6 5 7 6 0 3 3 3 3 4 1 3 2 3 2 27 12 13 13 13 12 13 13 13 14 13 13 13 13 13 13 13 14 13 13 13 13 13 13 13 13 13 13 13 13 13 13 13 13 13 13 13 13 14 13 13 13 13 13 13 13 14 13 13 13 12 13 13 13 12
1177_1_1 3 8 6 5 5 0 3 3 3 3 4 1 3 3 2 2 27 12 13 13 13 13 13 12 13 13 14 13 13 14 13 13 13 13 13 13 13 13 13 13 13 13 13 13 13 13 13 13 13 13 13 13 13 13 13 13 13 13 14 13 13 14 13 13 12 13 13 13 13 13 12
1179_0_1 3 5 8 5 6 0 4 2 3 3 3 2 3 3 3 1 27 12 12 13 14 13 13 13 13 13 14 13 13 13 13 13 13 13 13 13 13 13 13 13 13 13 13 13 13 13 13 13 13 13 13 13 13 13 13 13 13 13 13 13 13 14 13 13 13 13 13 14 13 12 12
1180_1_1 3 7 6 6 5 1 2 4 2 4 3 2 1 4 2 2 27 12 13 13 14 13 13 13 13 13 13 13 13 13 13 13 13 13 13 13 13 13 13 13 13 12 14 13 13 14 12 13 13 13 13 13 13 13 13 13 13 13 13 13 13 13 13 13 13 13 13 14 13 13 12
1182_0_1 3 5 5 6 8 0 3 1 3 3 3 3 2 3 4 2 27 12 13 13 13 13 13 12 13 13 13 13 14 13 13 13 13 13 13 13 13 13 13 13 13 14 13 13 13 13 14 13 13 13 13 13 13 13 13 13 13 13 13 14 13 13 13 13 12 13 13 13 13 13 12
1183_1_1 3 6 7 5 6 1 2 4 2 4 3 2 1 4 2 2 27 12 13 13 14 13 13 14 13 13 13 13 13 13 13 13 13 13 13 13 13 13 13 13 13 12 13 13 13 13 12 13 13 13 13 13 13 13 13 13 13 13 13 13 13 13 13 13 14 13 13 14 13 13 12
1185_0_1 3 5 7 5 7 1 1 4 3 3 2 3 3 3 1 3 27 12 13 13 13 13 13 13 14 13 13 12 13 13 13 13 13 13 13 13 13 13 13 14 13 13 13 13 13 13 13 13 14 13 13 13 13 13 13 13 13 13 13 13 12 13 13 14 13 13 13 13 13 13 12
1185_1_3 3 7 5 7 5 1 2 3 2 2 2 2 2 3 3 5 27 12 13 13 13 13 13 13 14 13 13 12 13 13 13 13 13 13 13 13 13 13 13 14 13 13 13 13 13 13 13 13 14 13 13 13 13 13 13 13 13 13 13 13 12 13 13 14 13 13 13 13 13 13 12
1186_0_5 3 5 5 6 8 1 3 2 3 5 2 2 2 3 2 2 27 12 13 13 13 13 13 13 13 13 14 12 13 13 13 13 13 13 13 13 13 14 13 13 13 13 13 13 13 13 13 13 13 13 14 13 13 13 13 13 13 13 13 13 12 14 13 13 13 13 13 13 13 13 12
1187_0_1 3 6 5 7 6 1 2 3 1 4 2 2 3 4 3 2 27 13 13 13 13 12 13 13 13 13 13 12 13 13 13 13 14 13 13 13 13 13 13 13 13 13 13 14 14 13 13 13 13 13 13 13 13 13 13 14 13 13 13 13 12 13 13 13 13 13 12 13 13 13 13
1187_1_3 3 6 7 5 6 1 2 3 4 3 2 2 4 1 3 2 27 13 13 13 13 12 13 13 13 13 13 12 13 13 13 13 14 13 13 13 13 13 13 13 13 13 13 14 14 13 13 13 13 13 13 13 13 13 13 14 13 13 13 13 12 13 13 13 13 13 12 13 13 13 13
1188_0_5 3 5 5 6 8 1 3 2 3 5 2 2 2 3 2 2 27 12 13 13 13 13 13 13 13 13 14 13 13 13 13 13 13 13 13 13 13 13 12 14 13 13 13 13 13 13 13 13 14 12 13 13 13 13 13 13 13 13 13 13 13 14 13 13 13 13 13 13 13 13 12
1189_0_1 3 5 7 5 7 1 1 3 3 3 4 2 3 1 3 3 27 12 13 13 13 13 13 13 13 13 13 12 14 13 13 13 13 13 13 13 13 13 13 14 13 13 13 13 13 13 13 13 14 13 13 13 13 13 13 13 13 13 13 14 12 13 13 13 13 13 13 13 13 13 12
1189_1_3 3 7 5 7 5 1 2 2 3 3 4 1 3 4 2 2 27 12 13 13 13 13 13 13 13 13 13 12 14 13 13 13 13 13 13 13 13 13 13 14 13 13 13 13 13 13 13 13 14 13 13 13 13 13 13 13 13 13 13 14 12 13 13 13 13 13 13 13 13 13 12
1191_0_1 3 5 7 5 7 1 2 3 1 4 2 2 3 4 3 2 27 12 13 13 13 13 13 13 13 13 13 12 13 13 13 13 13 14 13 13 13 13 13 14 13 13 13 13 13 13 13 13 14 13 13 13 13 13 14 13 13 13 13 13 12 13 13 13 13 13 13 13 13 13 12
1191_1_3 3 7 5 7 5 1 2 3 4 3 2 2 4 1 3 2 27 12 13 13 13 13 13 13 13 13 13 12 13 13 13 13 13 14 13 13 13 13 13 14 13 13 13 13 13 13 13 13 14 13 13 13 13 13 14 13 13 13 13 13 12 13 13 13 13 13 13 13 13 13 12
1193_0_1 3 5 5 6 8 1 2 1 3 4 3 1 4 3 2 3 27 12 13 13 13 13 13 13 13 12 14 13 13 13 13 13 13 13 13 14 13 13 13 13 13 13 13 13 13 13 13 13 13 13 13 13 14 13 13 13 13 13 13 13 13 14 12 13 13 13 13 13 13 13 12
1195_0_1 3 5 5 6 8 1 2 3 1 4 2 2 3 4 3 2 27 12 13 13 13 14 13 13 13 13 13 13 14 13 13 13 13 13 13 13 13 13 12 13 13 13 13 13 13 13 13 13 13 12 13 13 13 13 13 13 13 13 13 14 13 13 13 13 13 13 14 13 13 13 12
1195_1_3 3 8 6 5 5 1 2 3 4 3 2 2 4 1 3 2 27 12 13 13 13 14 13 13 13 13 13 13 14 13 13 13 13 13 13 13 13 13 12 13 13 13 13 13 13 13 13 13 13 12 13 13 13 13 13 13 13 13 13 14 13 13 13 13 13 13 14 13 13 13 12
1197_0_1 3 5 8 5 6 1 2 3 1 4 2 2 3 4 3 2 27 12 13 13 13 13 14 13 13 13 14 13 13 13 13 13 13 13 13 13 13 13 12 13 13 13 13 13 13 13 13 13 13 12 13 13 13 13 13 13 13 13 13 13 13 14 13 13 13 14 13 13 13 13 12
1197_1_3 3 6 5 8 5 1 2 3 4 3 2 2 4 1 3 2 27 12 13 13 13 13 14 13 13 13 14 13 13 13 13 13 13 13 13 13 13 13 12 13 13 13 13 13 13 13 13 13 13 12 13 13 13 13 13 13 13 13 13 13 13 14 13 13 13 14 13 13 13 13 12
1199_0_1 3 6 5 7 6 1 1 4 3 3 2 3 3 3 1 3 27 13 13 13 13 12 13 13 13 13 13 12 13 13 13 13 13 13 13 14 13 13 13 13 13 13 13 14 14 13 13 13 13 13 13 13 14 13 13 13 13 13 13 13 12 13 13 13 13 13 12 13 13 13 13
1199_1_3 3 6 7 5 6 1 2 3 2 2 2 2 2 3 3 5 27 13 13 13 13 12 13 13 13 13 13 12 13 13 13 13 13 13 13 14 13 13 13 13 13 13 13 14 14 13 13 13 13 13 13 13 14 13 13 13 13 13 13 13 12 13 13 13 13 13 12 13 13 13 13
1201_0_1 3 6 5 7 6 1 1 4 1 3 2 2 3 3 4 3 27 12 13 13 13 13 14 13 13 13 13 13 13 13 13 12 13 14 13 13 13 13 13 13 13 13 13 13 13 13 13 13 13 13 13 13 13 13 14 13 12 13 13 13 13 13 13 13 13 14 13 13 13 13 12
1202_0_1 3 5 7 5 7 1 1 3 3 4 1 4 3 2 3 2 27 12 13 13 13 13 12 13 13 13 13 13 13 14 13 13 13 13 13 13 13 13 13 14 13 13 13 13 13 13 13 13 14 13 13 13 13 13 13 13 13 13 14 13 13 13 13 13 13 12 13 13 13 13 12
1203_1_1 3 6 5 8 5 1 2 2 3 2 5 3 1 3 2 3 27 12 13 13 13 13 13 13 13 13 13 13 13 13 13 13 13 12 13 13 14 13 13 13 13 13 14 13 13 14 13 13 13 13 13 14 13 13 12 13 13 13 13 13 13 13 13 13 13 13 13 13 13 13 12
1204_1_1 3 6 5 8 5 1 1 3 2 4 1 3 4 3 2 3 27 12 13 13 13 13 13 12 13 14 13 13 13 13 13 13 13 13 13 13 13 13 13 13 13 14 13 13 13 13 14 13 13 13 13 13 13 13 13 13 13 13 13 13 13 13 14 13 12 13 13 13 13 13 12
1205_1_1 3 6 7 5 6 0 3 4 3 2 3 3 3 2 1 3 27 12 13 13 13 12 13 13 14 13 13 13 13 13 13 13 13 13 13 13 13 14 13 13 13 13 13 13 13 13 13 13 13 13 14 13 13 13 13 13 13 13 13 13 13 13 13 14 13 13 12 13 13 13 12
1207_0_1 3 5 7 5 7 0 3 3 3 3 4 1 3 2 3 2 27 12 13 13 12 13 13 14 13 13 13 13 13 14 13 13 13 13 13 13 13 13 13 13 13 13 13 13 13 13 13 13 13 13 13 13 13 13 13 13 13 13 14 13 13 13 13 13 14 13 13 12 13 13 12
1209_0_1 3 5 8 5 6 0 3 1 3 3 3 3 2 3 4 2 27 12 13 13 13 13 13 12 13 13 14 13 13 13 13 13 13 13 13 14 13 13 13 13 13 13 13 13 13 13 13 13 13 13 13 13 14 13 13 13 13 13 13 13 13 14 13 13 12 13 13 13 13 13 12
1210_1_1 3 6 5 8 5 1 2 4 2 4 3 2 1 4 2 2 27 12 13 13 13 13 13 13 12 13 13 13 13 13 13 14 13 13 13 13 13 13 13 13 13 13 14 13 13 14 13 13 13 13 13 13 13 13 13 13 14 13 13 13 13 13 13 12 13 13 13 13 13 13 12
1211_1_1 3 6 5 8 5 1 1 3 4 1 4 2 3 3 3 2 27 12 13 12 13 14 13 13 13 13 13 13 13 13 13 13 13 13 13 13 13 13 13 13 14 13 13 13 13 13 13 14 13 13 13 13 13 13 13 13 13 13 13 13 13 13 13 13 13 13 14 13 12 13 12
1213_0_1 3 5 8 5 6 0 3 3 3 4 2 3 1 2 3 3 27 12 13 13 13 14 13 13 13 13 13 14 13 13 13 13 13 13 13 13 13 13 12 13 13 13 13 13 13 13 13 13 13 12 13 13 13 13 13 13 13 13 13 13 14 13 13 13 13 13 14 13 13 13 12
1214_0_1 4 4 6 5 8 0 3 3 3 4 2 3 1 2 3 3 27 12 13 13 13 13 13 13 13 13 13 12 13 13 13 13 14 13 13 13 13 13 14 13 13 13 13 13 13 13 13 13 13 14 13 13 13 13 13 14 13 13 13 13 12 13 13 13 13 13 13 13 13 13 12
1215_0_1 3 6 5 7 6 0 3 4 3 2 3 3 3 2 1 3 27 13 13 13 13 12 13 13 13 13 13 12 13 13 13 13 13 13 13 14 13 13 14 13 13 13 13 13 13 13 13 13 13 14 13 13 14 13 13 13 13 13 13 13 12 13 13 13 13 13 12 13 13 13 13
1216_0_1 3 5 7 5 7 0 3 3 3 4 2 3 1 2 3 3 27 12 13 13 13 13 13 13 13 13 13 12 13 13 13 13 13 14 13 13 13 13 14 13 13 13 13 13 13 13 13 13 13 14 13 13 13 13 14 13 13 13 13 13 12 13 13 13 13 13 13 13 13 13 12
1217_0_1 4 5 4 6 8 0 3 3 3 4 2 3 1 2 3 3 27 12 13 13 13 13 14 13 13 13 13 14 13 13 13 13 13 13 13 13 13 13 12 13 13 13 13 13 13 13 13 13 13 12 13 13 13 13 13 13 13 13 13 13 14 13 13 13 13 14 13 13 13 13 12
1218_0_1 3 5 5 6 8 0 3 3 2 1 3 3 4 3 2 3 27 12 13 12 13 14 13 13 13 13 13 13 13 13 13 13 13 13 13 13 13 13 13 14 13 13 13 13 13 13 13 13 14 13 13 13 13 13 13 13 13 13 13 13 13 13 13 13 13 13 14 13 12 13 12
1220_0_1 3 5 8 5 6 0 3 3 3 4 2 3 1 2 3 3 27 12 13 12 13 14 13 13 13 13 13 13 13 13 14 13 13 13 13 13 13 13 13 13 13 13 13 13 13 13 13 13 13 13 13 13 13 13 13 13 13 14 13 13 13 13 13 13 13 13 14 13 12 13 12
1221_0_1 3 5 5 6 8 0 3 3 2 1 3 3 4 3 2 3 27 12 13 12 13 14 13 13 13 13 13 13 14 13 13 13 13 13 13 13 13 13 13 13 13 13 13 13 13 13 13 13 13 13 13 13 13 13 13 13 13 13 13 14 13 13 13 13 13 13 14 13 12 13 12
1223_0_1 3 5 7 5 7 1 1 3 3 3 2 3 4 1 4 2 27 12 13 13 13 13 12 13 14 13 13 13 13 13 13 13 13 13 14 13 13 13 13 13 13 13 13 13 13 13 13 13 13 13 13 13 13 14 13 13 13 13 13 13 13 13 13 14 13 12 13 13 13 13 12
1225_0_1 3 5 8 5 6 0 3 3 3 4 2 3 1 2 3 3 27 12 13 12 13 14 13 13 13 13 13 13 13 13 13 13 13 13 13 14 13 13 13 13 13 13 13 13 13 13 13 13 13 13 13 13 14 13 13 13 13 13 13 13 13 13 13 13 13 13 14 13 12 13 12
1226_0_1 3 5 5 6 8 0 2 3 3 4 2 3 2 2 2 4 27 12 13 13 13 14 13 13 13 13 12 13 13 13 13 13 13 13 13 13 14 13 13 13 13 13 13 13 13 13 13 13 13 13 13 14 13 13 13 13 13 13 13 13 13 12 13 13 13 13 14 13 13 13 12
1226_1_1 3 8 6 5 5 0 2 3 3 4 2 3 2 2 2 4 27 12 13 13 13 14 13 13 13 13 12 13 13 13 13 13 13 13 13 13 14 13 13 13 13 13 13 13 13 13 13 13 13 13 13 14 13 13 13 13 13 13 13 13 13 12 13 13 13 13 14 13 13 13 12
1227_0_1 3 5 8 5 6 0 4 3 3 3 3 1 3 3 2 2 27 12 13 12 13 14 13 13 13 13 13 13 13 13 13 13 14 13 13 13 13 13 13 13 13 13 13 13 13 13 13 13 13 13 13 13 13 13 13 14 13 13 13 13 13 13 13 13 13 13 14 13 12 13 12
1229_0_1 3 5 5 6 8 1 1 3 2 4 1 3 4 3 2 3 27 12 13 13 13 13 13 13 13 13 13 13 13 13 13 12 13 13 13 13 14 13 13 13 13 14 13 13 13 13 14 13 13 13 13 14 13 13 13 13 12 13 13 13 13 13 13 13 13 13 13 13 13 13 12
1230_0_1 3 5 5 6 8 0 3 4 3 2 3 3 3 2 1 3 27 12 13 13 13 12 13 13 13 13 14 13 13 13 13 13 13 13 13 13 13 13 13 13 13 14 13 13 13 13 14 13 13 13 13 13 13 13 13 13 13 13 13 13 13 14 13 13 13 13 12 13 13 13 12
1231_0_1 3 5 5 6 8 1 2 1 4 4 2 3 3 2 2 3 27 13 13 13 13 12 13 13 13 13 14 12 13 13 13 13 13 13 13 13 13 13 13 13 13 14 13 13 13 13 14 13 13 13 13 13 13 13 13 13 13 13 13 13 12 14 13 13 13 13 12 13 13 13 13
1233_0_1 3 5 5 6 8 0 3 4 1 3 2 4 3 3 2 2 27 12 13 12 13 14 13 13 13 13 13 13 13 13 13 13 13 13 13 13 13 13 14 13 13 13 13 13 13 13 13 13 13 14 13 13 13 13 13 13 13 13 13 13 13 13 13 13 13 13 14 13 12 13 12
1235_0_1 3 6 5 7 6 0 2 3 3 4 2 3 2 2 2 4 27 12 13 13 13 13 13 13 13 13 12 13 13 14 13 13 14 13 13 13 13 13 13 13 13 13 13 13 13 13 13 13 13 13 13 13 13 13 13 14 13 13 14 13 13 12 13 13 13 13 13 13 13 13 12
1235_1_1 3 6 7 5 6 0 2 3 3 4 2 3 2 2 2 4 27 12 13 13 13 13 13 13 13 13 12 13 13 14 13 13 14 13 13 13 13 13 13 13 13 13 13 13 13 13 13 13 13 13 13 13 13 13 13 14 13 13 14 13 13 12 13 13 13 13 13 13 13 13 12
1236_0_1 3 5 5 6 8 0 4 3 3 3 3 1 3 3 2 2 27 12 13 12 13 14 13 13 13 13 13 13 13 13 13 13 13 14 13 13 13 13 13 13 13 13 13 13 13 13 13 13 13 13 13 13 13 13 14 13 13 13 13 13 13 13 13 13 13 13 14 13 12 13 12
1238_0_1 3 6 5 7 6 0 4 3 4 3 2 3 1 2 3 2 27 13 13 13 13 12 13 13 13 13 13 13 13 13 13 12 13 13 13 13 13 13 14 13 13 14 13 13 13 13 14 13 13 14 13 13 13 13 13 13 12 13 13 13 13 13 13 13 13 13 12 13 13 13 13
1239_1_1 3 6 7 5 6 1 2 3 2 1 4 4 3 3 1 3 27 13 13 13 13 12 13 13 13 13 13 13 13 13 13 12 13 13 13 13 13 13 13 14 13 14 13 13 13 13 14 13 14 13 13 13 13 13 13 13 12 13 13 13 13 13 13 13 13 13 12 13 13 13 13
1241_0_1 3 5 6 6 7 0 3 4 3 2 3 3 3 2 1 3 27 13 13 13 13 12 13 13 13 13 13 13 13 13 13 12 13 13 13 13 13 13 13 13 13 14 14 13 13 14 14 13 13 13 13 13 13 13 13 13 12 13 13 13 13 13 13 13 13 13 12 13 13 13 13
1242_0_1 4 4 6 5 8 1 3 1 3 3 1 3 4 4 2 2 27 12 13 12 13 13 13 13 13 13 13 13 14 13 13 13 13 13 13 13 13 13 13 14 13 13 13 13 13 13 13 13 14 13 13 13 13 13 13 13 13 13 13 14 13 13 13 13 13 13 13 13 12 13 12
1244_0_1 3 5 7 5 7 1 2 2 3 2 5 3 1 3 2 3 27 12 13 13 13 13 13 13 13 13 13 13 13 14 13 13 12 13 14 13 13 13 13 13 13 13 13 13 13 13 13 13 13 13 13 13 13 14 13 12 13 13 14 13 13 13 13 13 13 13 13 13 13 13 12
1245_0_1 3 5 7 5 7 1 2 2 3 2 5 3 1 3 2 3 27 12 13 13 13 13 13 14 13 13 13 13 13 14 13 13 12 13 13 13 13 13 13 13 13 13 13 13 13 13 13 13 13 13 13 13 13 13 13 12 13 13 14 13 13 13 13 13 14 13 13 13 13 13 12
1246_0_1 3 6 5 7 6 0 4 2 3 3 3 2 3 3 3 1 27 12 13 13 14 13 13 13 13 13 13 13 14 13 13 13 13 13 13 13 12 13 13 13 13 13 13 13 13 13 13 13 13 13 13 12 13 13 13 13 13 13 13 14 13 13 13 13 13 13 13 14 13 13 12
1247_1_1 3 7 5 7 5 0 3 3 3 4 2 3 1 2 3 3 27 12 13 13 12 13 13 14 13 13 13 13 13 13 13 13 13 14 13 13 13 13 13 13 13 13 13 13 13 13 13 13 13 13 13 13 13 13 14 13 13 13 13 13 13 13 13 13 14 13 13 12 13 13 12
1249_0_1 4 4 6 5 8 1 1 3 4 1 4 2 3 3 3 2 27 12 13 13 13 13 13 13 13 13 13 13 13 14 13 13 14 13 13 12 13 13 13 13 13 13 13 13 13 13 13 13 13 13 13 13 12 13 13 14 13 13 14 13 13 13 13 13 13 13 13 13 13 13 12
1250_0_1 3 6 5 7 6 0 2 3 3 4 2 3 2 2 2 4 27 12 13 13 13 13 13 13 13 13 12 13 13 13 13 13 13 14 13 13 13 13 13 13 14 13 13 13 13 13 13 14 13 13 13 13 13 13 14 13 13 13 13 13 13 12 13 13 13 13 13 13 13 13 12
1250_1_1 3 6 7 5 6 0 2 3 3 4 2 3 2 2 2 4 27 12 13 13 13 13 13 13 13 13 12 13 13 13 13 13 13 14 13 13 13 13 13 13 14 13 13 13 13 13 13 14 13 13 13 13 13 13 14 13 13 13 13 13 13 12 13 13 13 13 13 13 13 13 12
1251_0_1 3 6 6 6 6 0 3 3 4 3 3 2 2 1 3 3 27 13 13 13 13 12 13 13 13 13 13 13 13 13 13 12 13 13 14 13 13 14 13 13 13 13 13 13 13 13 13 13 13 13 14 13 13 14 13 13 12 13 13 13 13 13 13 13 13 13 12 13 13 13 13
1253_1_1 3 6 7 5 6 0 3 4 3 2 3 3 3 2 1 3 27 12 13 13 13 12 13 13 13 13 13 13 13 13 14 13 13 13 13 13 13 13 13 14 13 13 13 13 13 13 13 13 14 13 13 13 13 13 13 13 13 14 13 13 13 13 13 13 13 13 12 13 13 13 12
1254_1_1 3 8 6 5 5 1 2 4 2 4 3 2 1 4 2 2 27 12 13 13 13 13 13 13 12 13 13 13 13 13 13 14 13 13 14 13 13 13 13 13 13 13 13 13 13 13 13 13 13 13 13 13 13 14 13 13 14 13 13 13 13 13 13 12 13 13 13 13 13 13 12
1255_1_1 4 4 8 5 6 1 1 4 1 3 2 2 3 3 4 3 27 12 13 13 12 13 14 13 13 13 13 13 13 13 13 13 13 14 13 13 13 13 13 13 13 13 13 13 13 13 13 13 13 13 13 13 13 13 14 13 13 13 13 13 13 13 13 13 13 14 13 12 13 13 12
1256_1_1 3 6 7 5 6 0 3 4 3 2 3 3 3 2 1 3 27 12 13 13 13 12 13 13 13 13 13 13 14 13 13 13 13 13 13 14 13 13 13 13 13 13 13 13 13 13 13 13 13 13 13 13 14 13 13 13 13 13 13 14 13 13 13 13 13 13 12 13 13 13 12
1257_1_1 3 6 7 5 6 1 2 4 2 4 3 2 1 4 2 2 27 12 13 13 14 13 13 13 13 13 13 13 13 13 13 13 13 13 14 13 13 13 13 13 13 12 13 13 13 13 12 13 13 13 13 13 13 14 13 13 13 13 13 13 13 13 13 13 13 13 13 14 13 13 12
1259_0_1 3 5 5 6 8 1 2 4 2 4 3 2 1 4 2 2 27 12 13 12 13 13 13 14 13 13 13 13 13 13 13 14 13 13 13 13 13 13 13 13 13 13 13 13 13 13 13 13 13 13 13 13 13 13 13 13 14 13 13 13 13 13 13 13 14 13 13 13 12 13 12
1260_0_1 3 5 7 5 7 1 3 2 1 3 2 3 1 3 4 4 27 12 13 13 13 13 13 14 13 13 13 13 13 13 13 13 12 13 14 13 13 13 13 13 13 13 13 13 13 13 13 13 13 13 13 13 13 14 13 12 13 13 13 13 13 13 13 13 14 13 13 13 13 13 12
1262_0_1 3 5 8 5 6 1 1 3 3 4 2 3 3 1 4 2 27 12 13 13 13 14 13 12 13 13 13 13 13 13 13 13 13 13 13 13 13 14 13 13 13 13 13 13 13 13 13 13 13 13 14 13 13 13 13 13 13 13 13 13 13 13 13 13 12 13 14 13 13 13 12
1263_1_1 4 4 8 5 6 1 1 4 1 3 2 2 3 3 4 3 27 12 13 13 13 14 13 13 13 13 13 13 13 13 13 12 13 14 13 13 13 13 13 13 13 13 13 13 13 13 13 13 13 13 13 13 13 13 14 13 12 13 13 13 13 13 13 13 13 13 14 13 13 13 12
1265_0_1 3 5 7 5 7 1 1 4 3 3 2 3 3 3 1 3 27 12 13 14 13 13 13 13 13 13 13 12 13 13 13 13 13 13 13 13 13 13 13 14 13 13 13 13 13 13 13 13 14 13 13 13 13 13 13 13 13 13 13 13 12 13 13 13 13 13 13 13 14 13 12
1265_1_3 3 7 5 7 5 1 2 3 2 2 2 2 2 3 3 5 27 12 13 14 13 13 13 13 13 13 13 12 13 13 13 13 13 13 13 13 13 13 13 14 13 13 13 13 13 13 13 13 14 13 13 13 13 13 13 13 13 13 13 13 12 13 13 13 13 13 13 13 14 13 12
1267_0_1 4 4 6 5 8 0 3 3 3 3 4 1 3 2 3 2 27 12 13 13 13 13 13 13 13 14 13 12 13 13 13 13 13 13 13 13 13 13 14 13 13 13 13 13 13 13 13 13 13 14 13 13 13 13 13 13 13 13 13 13 12 13 14 13 13 13 13 13 13 13 12
1269_0_1 4 5 4 6 8 0 3 3 3 3 4 1 3 2 3 2 27 12 13 13 13 13 13 13 13 13 13 14 13 13 13 13 13 13 13 13 13 13 12 13 14 13 13 13 13 13 13 14 13 12 13 13 13 13 13 13 13 13 13 13 14 13 13 13 13 13 13 13 13 13 12
1271_0_1 3 5 8 5 6 0 3 3 3 4 2 3 1 2 3 3 27 12 13 13 13 13 13 13 13 13 13 13 13 12 13 13 14 13 13 13 14 13 13 13 13 13 13 13 13 13 13 13 13 13 13 14 13 13 13 14 13 13 12 13 13 13 13 13 13 13 13 13 13 13 12
1272_0_1 4 4 6 5 8 0 3 3 3 3 4 1 3 3 2 2 27 12 13 13 13 13 13 13 13 13 14 13 13 14 13 12 13 13 13 13 13 13 13 13 13 13 13 13 13 13 13 13 13 13 13 13 13 13 13 13 12 13 14 13 13 14 13 13 13 13 13 13 13 13 12
1273_0_1 4 4 6 5 8 1 1 4 3 3 3 3 1 3 2 3 27 13 13 13 13 12 13 13 13 13 13 12 13 13 13 14 13 13 13 13 13 13 13 13 13 13 13 14 14 13 13 13 13 13 13 13 13 13 13 13 14 13 13 13 12 13 13 13 13 13 12 13 13 13 13
1273_1_3 4 4 8 5 6 1 3 1 4 4 2 2 3 3 2 2 27 13 13 13 13 12 13 13 13 13 13 12 13 13 13 14 13 13 13 13 13 13 13 13 13 13 13 14 14 13 13 13 13 13 13 13 13 13 13 13 14 13 13 13 12 13 13 13 13 13 12 13 13 13 13
1274_1_1 3 8 6 5 5 1 1 4 3 4 1 3 3 2 2 3 27 12 13 13 13 13 13 13 13 13 13 13 13 12 13 14 13 13 14 13 13 13 13 13 13 13 13 13 13 13 13 13 13 13 13 13 13 14 13 13 14 13 12 13 13 13 13 13 13 13 13 13 13 13 12
1276_0_1 4 4 6 5 8 0 3 3 3 3 4 1 3 2 3 2 27 12 13 13 13 13 13 12 13 13 13 13 13 14 13 13 13 13 14 13 13 13 13 13 13 13 13 13 13 13 13 13 13 13 13 13 13 14 13 13 13 13 14 13 13 13 13 13 12 13 13 13 13 13 12
1277_1_1 3 6 5 8 5 0 4 2 3 2 3 3 3 3 3 1 27 12 13 13 13 13 13 13 12 13 13 13 13 13 13 14 13 13 13 13 13 14 13 13 13 13 13 13 13 13 13 13 13 13 14 13 13 13 13 13 14 13 13 13 13 13 13 12 13 13 13 13 13 13 12
1279_0_1 4 4 6 5 8 1 1 4 3 3 2 3 3 3 1 3 27 12 13 14 13 13 13 13 13 13 13 13 14 13 13 13 13 13 13 13 13 13 12 13 13 13 13 13 13 13 13 13 13 12 13 13 13 13 13 13 13 13 13 14 13 13 13 13 13 13 13 13 14 13 12
1279_1_3 4 4 8 5 6 1 2 3 2 2 2 2 2 3 3 5 27 12 13 14 13 13 13 13 13 13 13 13 14 13 13 13 13 13 13 13 13 13 12 13 13 13 13 13 13 13 13 13 13 12 13 13 13 13 13 13 13 13 13 14 13 13 13 13 13 13 13 13 14 13 12
1280_1_1 3 7 5 7 5 0 3 4 3 2 3 3 3 2 1 3 27 12 13 14 13 13 12 13 13 13 13 13 14 13 13 13 13 13 13 13 13 13 13 13 13 13 13 13 13 13 13 13 13 13 13 13 13 13 13 13 13 13 13 14 13 13 13 13 13 12 13 13 14 13 12
1281_1_1 3 7 5 7 5 0 3 3 3 4 2 3 1 2 3 3 27 12 13 14 13 13 13 13 13 13 13 13 13 13 12 13 13 13 13 13 13 13 13 13 13 13 13 14 14 13 13 13 13 13 13 13 13 13 13 13 13 12 13 13 13 13 13 13 13 13 13 13 14 13 12
1283_0_1 3 5 8 5 6 1 2 3 1 5 3 2 2 3 3 2 27 12 13 13 13 13 13 13 13 13 13 13 13 12 14 14 13 13 13 13 13 13 13 13 13 13 13 13 13 13 13 13 13 13 13 13 13 13 13 13 14 14 12 13 13 13 13 13 13 13 13 13 13 13 12
1284_0_1 3 5 5 6 8 0 3 4 3 2 3 3 3 2 1 3 27 12 13 13 13 13 12 13 13 13 14 13 13 13 13 13 13 13 13 14 13 13 13 13 13 13 13 13 13 13 13 13 13 13 13 13 14 13 13 13 13 13 13 13 13 14 13 13 13 12 13 13 13 13 12
1285_0_1 4 5 4 6 8 0 4 2 2 2 2 4 3 3 3 2 27 12 13 13 13 13 13 12 13 13 13 13 13 13 13 13 14 13 13 14 13 13 13 13 13 13 13 13 13 13 13 13 13 13 13 13 14 13 13 14 13 13 13 13 13 13 13 13 12 13 13 13 13 13 12
1286_0_1 3 5 5 6 8 0 3 4 3 2 3 3 3 2 1 3 27 12 13 13 13 13 13 13 13 13 13 13 13 13 13 13 12 13 13 13 13 14 13 13 13 14 13 13 13 13 14 13 13 13 14 13 13 13 13 12 13 13 13 13 13 13 13 13 13 13 13 13 13 13 12
1287_0_1 4 4 6 5 8 1 1 4 3 3 2 3 3 3 1 3 27 12 13 14 13 13 13 13 13 13 13 12 13 13 13 13 13 13 13 13 13 14 13 13 13 13 13 13 13 13 13 13 13 13 14 13 13 13 13 13 13 13 13 13 12 13 13 13 13 13 13 13 14 13 12
1287_1_3 4 4 8 5 6 1 2 3 2 2 2 2 2 3 3 5 27 12 13 14 13 13 13 13 13 13 13 12 13 13 13 13 13 13 13 13 13 14 13 13 13 13 13 13 13 13 13 13 13 13 14 13 13 13 13 13 13 13 13 13 12 13 13 13 13 13 13 13 14 13 12
1289_0_1 4 4 6 5 8 0 3 3 3 3 4 1 3 2 3 2 27 12 13 13 13 13 13 13 13 13 13 13 13 13 13 13 13 13 14 13 13 13 13 13 14 13 12 13 13 12 13 14 13 13 13 13 13 14 13 13 13 13 13 13 13 13 13 13 13 13 13 13 13 13 12
1291_0_1 3 5 7 5 7 1 1 3 4 1 4 2 3 3 3 2 27 12 13 13 13 13 13 13 13 13 13 13 13 14 12 13 13 13 13 13 13 13 13 13 13 13 13 14 14 13 13 13 13 13 13 13 13 13 13 13 13 12 14 13 13 13 13 13 13 13 13 13 13 13 12
1292_0_1 4 4 6 5 8 1 3 2 1 3 2 3 1 3 4 4 27 12 13 13 14 13 13 14 13 13 13 13 13 13 13 13 12 13 13 13 13 13 13 13 13 13 13 13 13 13 13 13 13 13 13 13 13 13 13 12 13 13 13 13 13 13 13 13 14 13 13 14 13 13 12
1294_0_1 4 4 6 5 8 1 3 1 4 3 1 3 4 3 2 2 27 12 12 14 13 13 13 13 13 13 13 13 13 13 13 13 13 13 13 13 13 13 13 13 13 13 13 14 14 13 13 13 13 13 13 13 13 13 13 13 13 13 13 13 13 13 13 13 13 13 13 13 14 12 12
1295_1_1 4 4 8 5 6 1 1 3 4 1 4 2 3 3 3 2 27 12 13 13 13 13 13 13 13 13 13 13 13 13 13 13 13 14 13 13 14 13 13 13 13 12 13 13 13 13 12 13 13 13 13 14 13 13 14 13 13 13 13 13 13 13 13 13 13 13 13 13 13 13 12
1297_0_1 3 5 7 5 7 1 1 4 1 3 3 2 3 3 4 2 27 12 13 13 13 13 13 13 13 13 13 13 14 13 13 13 13 13 14 13 13 12 13 13 13 13 13 13 13 13 13 13 13 13 12 13 13 14 13 13 13 13 13 14 13 13 13 13 13 13 13 13 13 13 12
1298_1_1 3 8 6 5 5 1 3 1 3 4 1 3 3 4 2 2 27 12 13 13 13 13 13 13 13 13 13 13 13 13 13 14 13 13 13 13 13 12 13 13 14 13 13 13 13 13 13 14 13 13 12 13 13 13 13 13 14 13 13 13 13 13 13 13 13 13 13 13 13 13 12
1300_0_1 4 5 4 6 8 0 3 3 3 3 4 1 3 2 3 2 27 12 13 13 13 13 13 12 13 14 13 13 13 13 13 13 13 13 13 13 13 13 13 13 13 13 14 13 13 14 13 13 13 13 13 13 13 13 13 13 13 13 13 13 13 13 14 13 12 13 13 13 13 13 12
1302_0_1 4 4 6 5 8 1 3 1 4 3 1 3 4 3 2 2 27 12 13 13 13 13 13 13 13 12 13 13 13 13 14 13 13 13 13 13 13 13 13 13 13 13 13 14 14 13 13 13 13 13 13 13 13 13 13 13 13 14 13 13 13 13 12 13 13 13 13 13 13 13 12
1303_1_1 4 5 4 8 6 1 2 2 3 2 5 3 1 3 2 3 27 12 13 13 14 13 13 13 13 14 13 13 13 13 13 13 13 12 13 13 13 13 13 13 13 13 13 13 13 13 13 13 13 13 13 13 13 13 12 13 13 13 13 13 13 13 14 13 13 13 13 14 13 13 12
1305_0_1 4 4 6 5 8 1 2 2 3 2 5 3 1 3 2 3 27 12 13 13 13 12 13 14 13 13 13 13 13 13 13 13 13 13 13 13 14 13 13 13 13 13 13 13 13 13 13 13 13 13 13 14 13 13 13 13 13 13 13 13 13 13 13 13 14 13 12 13 13 13 12
1306_0_1 4 5 4 6 8 1 3 2 1 3 2 3 1 3 4 4 27 12 13 13 14 13 13 13 13 13 13 13 13 13 13 13 13 12 13 13 13 13 13 13 13 13 14 13 13 14 13 13 13 13 13 13 13 13 12 13 13 13 13 13 13 13 13 13 13 13 13 14 13 13 12
1307_0_5 3 5 5 6 8 1 5 3 3 2 2 2 2 2 3 2 27 12 13 14 13 13 13 13 13 13 14 13 13 13 13 13 13 13 13 13 13 13 12 13 13 13 13 13 13 13 13 13 13 12 13 13 13 13 13 13 13 13 13 13 13 14 13 13 13 13 13 13 14 13 12
1308_0_1 3 6 5 7 6 1 2 1 3 3 3 5 1 2 3 3 27 12 13 13 13 13 13 13 13 13 13 14 13 13 13 12 13 13 13 13 13 13 13 14 13 13 13 13 13 13 13 13 14 13 13 13 13 13 13 13 12 13 13 13 14 13 13 13 13 13 13 13 13 13 12
1310_0_1 4 4 6 5 8 1 2 3 1 5 3 2 2 3 3 2 27 12 13 13 13 13 13 13 13 12 13 13 13 13 13 13 13 13 14 14 13 13 13 13 13 13 13 13 13 13 13 13 13 13 13 13 14 14 13 13 13 13 13 13 13 13 12 13 13 13 13 13 13 13 12
1311_0_1 4 4 6 5 8 1 1 4 3 4 1 3 3 2 2 3 27 12 13 13 13 13 13 13 13 13 13 13 13 13 13 13 13 13 14 13 13 13 13 13 12 13 14 13 13 14 13 12 13 13 13 13 13 14 13 13 13 13 13 13 13 13 13 13 13 13 13 13 13 13 12
1312_0_1 4 5 4 6 8 1 3 1 3 4 1 3 3 4 2 2 27 12 13 13 13 13 13 13 13 14 13 13 12 13 13 13 13 13 13 13 13 13 13 13 13 13 14 13 13 14 13 13 13 13 13 13 13 13 13 13 13 13 13 12 13 13 14 13 13 13 13 13 13 13 12
1313_0_1 4 4 7 5 7 0 3 3 3 4 2 3 1 2 3 3 27 12 14 13 13 13 13 13 13 13 13 13 13 13 13 13 13 14 13 13 12 13 13 13 13 13 13 13 13 13 13 13 13 13 13 12 13 13 14 13 13 13 13 13 13 13 13 13 13 13 13 13 13 14 12
1313_2_1 4 8 5 5 5 0 3 3 3 4 2 3 1 2 3 3 27 12 14 13 13 13 13 13 13 13 13 13 13 13 13 13 13 14 13 13 12 13 13 13 13 13 13 13 13 13 13 13 13 13 13 12 13 13 14 13 13 13 13 13 13 13 13 13 13 13 13 13 13 14 12
1314_1_1 3 7 5 7 5 1 1 3 2 4 1 3 4 3 2 3 27 12 13 14 13 13 13 13 13 13 13 13 13 14 13 13 13 13 13 13 13 13 13 13 13 13 12 13 13 12 13 13 13 13 13 13 13 13 13 13 13 13 14 13 13 13 13 13 13 13 13 13 14 13 12
1316_0_1 4 4 6 5 8 1 1 4 3 3 3 3 1 3 2 3 27 12 13 13 13 13 13 13 13 13 13 12 13 13 13 13 13 13 14 13 13 14 13 13 13 13 13 13 13 13 13 13 13 13 14 13 13 14 13 13 13 13 13 13 12 13 13 13 13 13 13 13 13 13 12
1316_1_3 4 4 8 5 6 1 3 1 4 4 2 2 3 3 2 2 27 12 13 13 13 13 13 13 13 13 13 12 13 13 13 13 13 13 14 13 13 14 13 13 13 13 13 13 13 13 13 13 13 13 14 13 13 14 13 13 13 13 13 13 12 13 13 13 13 13 13 13 13 13 12
1317_0_5 3 5 7 5 7 1 3 2 2 3 5 2 2 2 2 3 27 12 13 13 13 13 13 13 13 13 13 12 13 13 13 13 13 13 14 13 13 13 13 14 13 13 13 13 13 13 13 13 14 13 13 13 13 14 13 13 13 13 13 13 12 13 13 13 13 13 13 13 13 13 12
1318_0_1 4 5 4 6 8 1 1 3 4 1 4 2 3 3 3 2 27 12 13 13 13 13 14 13 12 13 13 13 13 13 13 13 13 13 13 13 13 13 13 13 14 13 13 13 13 13 13 14 13 13 13 13 13 13 13 13 13 13 13 13 13 13 13 12 13 14 13 13 13 13 12
1319_0_1 3 6 5 7 6 1 2 3 1 5 3 2 2 3 3 2 27 12 13 13 13 13 13 13 13 13 13 13 13 13 14 13 13 13 14 13 12 13 13 13 13 13 13 13 13 13 13 13 13 13 13 12 13 14 13 13 13 14 13 13 13 13 13 13 13 13 13 13 13 13 12
1320_0_1 4 5 4 6 8 1 2 3 1 5 3 2 2 3 3 2 27 12 12 13 14 13 13 13 13 13 13 13 13 13 13 13 13 13 13 14 13 13 13 13 13 13 13 13 13 13 13 13 13 13 13 13 14 13 13 13 13 13 13 13 13 13 13 13 13 13 13 14 13 12 12
1321_0_1 4 5 4 6 8 0 4 3 3 3 3 1 2 2 3 3 27 12 13 13 13 13 13 13 13 13 13 13 12 13 13 13 14 13 13 14 13 13 13 13 13 13 13 13 13 13 13 13 13 13 13 13 14 13 13 14 13 13 13 12 13 13 13 13 13 13 13 13 13 13 12
1322_0_1 3 5 6 6 7 0 3 3 3 4 2 3 1 2 3 3 27 12 13 13 13 13 13 13 13 14 13 13 13 13 13 13 14 13 13 13 12 13 13 13 13 13 13 13 13 13 13 13 13 13 13 12 13 13 13 14 13 13 13 13 13 13 14 13 13 13 13 13 13 13 12
1323_0_1 3 5 5 6 8 1 3 1 4 3 1 3 4 3 2 2 27 12 13 13 13 14 13 13 13 13 13 13 13 13 14 13 13 13 13 13 13 13 13 13 12 13 13 13 13 13 13 12 13 13 13 13 13 13 13 13 13 14 13 13 13 13 13 13 13 13 14 13 13 13 12
1325_0_1 4 4 6 5 8 1 1 3 3 3 2 3 4 1 4 2 27 12 13 13 13 12 13 13 14 13 13 13 13 13 13 14 13 13 13 13 13 13 13 13 13 13 13 13 13 13 13 13 13 13 13 13 13 13 13 13 14 13 13 13 13 13 13 14 13 13 12 13 13 13 12
1326_1_1 4 4 8 5 6 0 3 4 3 2 3 3 3 2 1 3 27 12 13 13 13 13 13 13 13 13 13 13 14 13 14 13 12 13 13 13 13 13 13 13 13 13 13 13 13 13 13 13 13 13 13 13 13 13 13 12 13 14 13 14 13 13 13 13 13 13 13 13 13 13 12
1328_0_1 3 6 5 7 6 0 3 3 3 4 2 3 1 2 3 3 27 12 13 13 13 13 13 13 13 13 12 13 14 13 13 13 14 13 13 13 13 13 13 13 13 13 13 13 13 13 13 13 13 13 13 13 13 13 13 14 13 13 13 14 13 12 13 13 13 13 13 13 13 13 12
1329_0_1 3 6 6 6 6 1 2 1 4 2 1 3 4 3 3 3 27 13 13 13 13 12 13 13 13 13 13 13 13 13 13 13 13 13 13 13 12 13 13 14 13 13 14 13 13 14 13 13 14 13 13 12 13 13 13 13 13 13 13 13 13 13 13 13 13 13 12 13 13 13 13
1331_0_1 3 5 8 5 6 1 2 4 2 4 3 2 1 3 2 3 27 12 13 13 13 13 14 13 13 13 13 13 13 13 13 13 13 13 13 13 14 13 12 13 13 13 13 13 13 13 13 13 13 12 13 14 13 13 13 13 13 13 13 13 13 13 13 13 13 14 13 13 13 13 12
1333_0_1 3 5 5 6 8 1 2 1 3 3 2 1 4 4 2 4 27 12 13 13 13 13 13 13 13 13 13 14 13 13 13 14 13 13 13 12 13 13 13 13 13 13 13 13 13 13 13 13 13 13 13 13 12 13 13 13 14 13 13 13 14 13 13 13 13 13 13 13 13 13 12
1333_1_1 3 8 6 5 5 1 2 1 3 3 2 1 4 4 2 4 27 12 13 13 13 13 13 13 13 13 13 14 13 13 13 14 13 13 13 12 13 13 13 13 13 13 13 13 13 13 13 13 13 13 13 13 12 13 13 13 14 13 13 13 14 13 13 13 13 13 13 13 13 13 12
1334_0_1 3 5 5 6 8 1 1 4 3 3 3 3 1 3 2 3 27 12 13 13 13 13 13 13 13 13 14 13 13 13 13 13 13 13 14 13 13 13 12 13 13 13 13 13 13 13 13 13 13 12 13 13 13 14 13 13 13 13 13 13 13 14 13 13 13 13 13 13 13 13 12
1334_1_3 3 8 6 5 5 1 3 1 4 4 2 2 3 3 2 2 27 12 13 13 13 13 13 13 13 13 14 13 13 13 13 13 13 13 14 13 13 13 12 13 13 13 13 13 13 13 13 13 13 12 13 13 13 14 13 13 13 13 13 13 13 14 13 13 13 13 13 13 13 13 12
1336_0_1 3 6 5 7 6 1 1 3 3 5 1 3 3 2 2 3 27 12 13 13 13 13 13 13 13 13 13 14 13 13 13 12 13 13 14 13 13 13 13 13 13 13 13 13 13 13 13 13 13 13 13 13 13 14 13 13 12 13 13 13 14 13 13 13 13 13 13 13 13 13 12
1338_0_1 3 5 5 6 8 0 3 3 3 4 2 3 1 2 3 3 27 12 13 13 13 13 13 13 13 13 14 13 12 13 13 13 13 14 13 13 13 13 13 13 13 13 13 13 13 13 13 13 13 13 13 13 13 13 14 13 13 13 13 12 13 14 13 13 13 13 13 13 13 13 12
1339_0_1 3 5 6 6 7 0 3 3 3 4 2 3 1 2 3 3 27 12 13 13 13 13 13 13 13 13 12 13 13 13 13 13 14 13 13 13 13 14 13 13 13 13 13 13 13 13 13 13 13 13 14 13 13 13 13 14 13 13 13 13 13 12 13 13 13 13 13 13 13 13 12
1340_0_1 3 5 5 6 8 1 2 4 2 4 3 2 1 4 2 2 27 12 13 13 13 13 13 13 13 13 13 13 13 13 13 14 13 13 13 12 13 13 13 13 13 13 14 13 13 14 13 13 13 13 13 13 12 13 13 13 14 13 13 13 13 13 13 13 13 13 13 13 13 13 12
1341_0_1 4 4 6 5 8 0 3 3 3 4 2 3 1 2 3 3 27 12 13 13 13 13 13 13 13 13 13 13 12 13 13 13 13 14 13 13 13 13 13 14 13 13 13 13 13 13 13 13 14 13 13 13 13 13 14 13 13 13 13 12 13 13 13 13 13 13 13 13 13 13 12
1342_0_1 3 5 8 5 6 0 3 3 3 2 3 3 4 2 1 3 27 12 13 13 13 13 13 12 13 14 13 13 13 13 13 13 13 13 13 13 14 13 13 13 13 13 13 13 13 13 13 13 13 13 13 14 13 13 13 13 13 13 13 13 13 13 14 13 12 13 13 13 13 13 12
1343_1_1 4 4 8 5 6 0 4 2 3 4 3 2 1 2 3 3 27 12 13 13 13 13 13 13 13 13 13 13 12 13 13 13 13 14 13 13 13 13 14 13 13 13 13 13 13 13 13 13 13 14 13 13 13 13 14 13 13 13 13 12 13 13 13 13 13 13 13 13 13 13 12
1344_0_5 4 4 6 5 8 1 2 3 2 2 3 3 2 5 2 2 27 13 13 13 13 12 13 13 13 13 13 12 13 13 13 13 13 13 13 13 14 13 13 13 13 13 13 14 14 13 13 13 13 13 13 14 13 13 13 13 13 13 13 13 12 13 13 13 13 13 12 13 13 13 13
1345_0_1 4 4 6 5 8 1 1 4 3 3 3 3 1 3 2 3 27 12 13 13 13 13 13 13 13 13 13 13 14 13 13 13 13 13 14 13 13 13 12 13 13 13 13 13 13 13 13 13 13 12 13 13 13 14 13 13 13 13 13 14 13 13 13 13 13 13 13 13 13 13 12
1345_1_3 4 4 8 5 6 1 3 1 4 4 2 2 3 3 2 2 27 12 13 13 13 13 13 13 13 13 13 13 14 13 13 13 13 13 14 13 13 13 12 13 13 13 13 13 13 13 13 13 13 12 13 13 13 14 13 13 13 13 13 14 13 13 13 13 13 13 13 13 13 13 12
1346_1_1 3 7 6 6 5 1 1 3 2 4 1 3 4 3 2 3 27 12 13 13 13 13 13 13 13 13 13 13 13 13 13 12 13 13 13 14 13 13 13 13 14 13 13 13 13 13 13 14 13 13 13 13 14 13 13 13 12 13 13 13 13 13 13 13 13 13 13 13 13 13 12
1347_0_5 3 5 7 5 7 1 2 2 5 3 1 4 2 3 2 2 27 12 13 13 13 13 13 13 13 13 13 13 13 13 13 13 13 14 13 13 13 13 14 13 13 13 12 13 13 12 13 13 13 14 13 13 13 13 14 13 13 13 13 13 13 13 13 13 13 13 13 13 13 13 12
1347_1_5 3 7 5 7 5 1 2 2 5 3 1 4 2 3 2 2 27 12 13 13 13 13 13 13 13 13 13 13 13 13 13 13 13 14 13 13 13 13 14 13 13 13 12 13 13 12 13 13 13 14 13 13 13 13 14 13 13 13 13 13 13 13 13 13 13 13 13 13 13 13 12
1348_1_1 3 6 7 5 6 0 4 2 3 4 3 2 1 2 3 3 27 12 13 13 13 13 13 13 13 13 12 13 13 13 13 13 14 13 13 13 13 13 14 13 13 13 13 13 13 13 13 13 13 14 13 13 13 13 13 14 13 13 13 13 13 12 13 13 13 13 13 13 13 13 12
1350_0_1 4 4 6 5 8 1 2 1 4 3 2 2 5 2 3 2 27 12 13 13 13 13 13 13 13 13 13 13 13 13 13 13 12 13 13 13 13 13 14 13 14 13 13 13 13 13 13 14 13 14 13 13 13 13 13 12 13 13 13 13 13 13 13 13 13 13 13 13 13 13 12
1351_1_1 3 8 6 5 5 0 4 2 3 4 3 2 1 2 3 3 27 12 13 13 13 14 13 13 13 13 13 14 13 13 13 13 13 13 13 13 13 12 13 13 13 13 13 13 13 13 13 13 13 13 12 13 13 13 13 13 13 13 13 13 14 13 13 13 13 13 14 13 13 13 12
1353_0_1 4 5 4 6 8 1 2 2 5 1 2 4 3 3 2 2 27 12 12 13 14 13 13 13 13 13 13 14 13 13 13 13 13 13 13 13 13 13 13 13 13 13 13 13 13 13 13 13 13 13 13 13 13 13 13 13 13 13 13 13 14 13 13 13 13 13 13 14 13 12 12
1355_0_1 4 4 6 5 8 0 3 3 2 2 1 4 3 3 3 3 27 12 13 13 13 13 13 13 13 13 13 13 13 13 13 13 13 14 13 13 13 13 13 13 12 13 14 13 13 14 13 12 13 13 13 13 13 13 14 13 13 13 13 13 13 13 13 13 13 13 13 13 13 13 12
1355_1_1 4 4 8 5 6 0 3 3 2 2 1 4 3 3 3 3 27 12 13 13 13 13 13 13 13 13 13 13 13 13 13 13 13 14 13 13 13 13 13 13 12 13 14 13 13 14 13 12 13 13 13 13 13 13 14 13 13 13 13 13 13 13 13 13 13 13 13 13 13 13 12
1356_0_1 3 5 5 6 8 0 3 3 3 4 2 3 1 2 3 3 27 12 13 13 13 13 13 13 13 13 13 13 13 12 13 13 13 14 13 13 14 13 13 13 13 13 13 13 13 13 13 13 13 13 13 14 13 13 14 13 13 13 12 13 13 13 13 13 13 13 13 13 13 13 12
1357_0_1 4 5 4 6 8 0 3 3 3 4 2 3 1 2 3 3 27 12 13 13 13 13 13 13 13 13 13 13 13 12 13 13 14 13 13 13 13 13 13 13 14 13 13 13 13 13 13 14 13 13 13 13 13 13 13 14 13 13 12 13 13 13 13 13 13 13 13 13 13 13 12
1358_0_1 4 4 6 5 8 1 2 4 2 4 3 2 1 3 2 3 27 12 14 13 13 13 13 13 13 13 13 13 13 13 13 13 13 13 13 13 13 13 12 13 13 13 13 14 14 13 13 13 13 12 13 13 13 13 13 13 13 13 13 13 13 13 13 13 13 13 13 13 13 14 12
1360_0_1 4 4 6 5 8 1 2 4 2 4 3 2 1 4 2 2 27 12 13 12 13 13 13 14 13 13 13 13 13 13 13 13 13 13 14 13 13 13 13 13 13 13 13 13 13 13 13 13 13 13 13 13 13 14 13 13 13 13 13 13 13 13 13 13 14 13 13 13 12 13 12
1361_0_1 3 5 6 6 7 1 2 1 4 4 2 3 3 2 2 3 27 13 13 13 13 12 13 13 13 13 13 12 13 13 14 13 13 13 13 13 13 14 13 13 13 13 13 13 13 13 13 13 13 13 14 13 13 13 13 13 13 14 13 13 12 13 13 13 13 13 12 13 13 13 13
1363_0_1 4 4 7 5 7 0 3 2 3 2 2 4 4 2 2 3 27 12 14 13 13 12 13 13 14 13 13 13 13 13 13 13 13 13 13 13 13 13 13 13 13 13 13 13 13 13 13 13 13 13 13 13 13 13 13 13 13 13 13 13 13 13 13 14 13 13 12 13 13 14 12
1363_1_1 4 5 5 5 8 0 3 2 3 2 2 4 4 2 2 3 27 12 14 13 13 12 13 13 14 13 13 13 13 13 13 13 13 13 13 13 13 13 13 13 13 13 13 13 13 13 13 13 13 13 13 13 13 13 13 13 13 13 13 13 13 13 13 14 13 13 12 13 13 14 12
1363_2_1 4 8 5 5 5 0 3 2 3 2 2 4 4 2 2 3 27 12 14 13 13 12 13 13 14 13 13 13 13 13 13 13 13 13 13 13 13 13 13 13 13 13 13 13 13 13 13 13 13 13 13 13 13 13 13 13 13 13 13 13 13 13 13 14 13 13 12 13 13 14 12
1364_0_1 3 5 8 5 6 1 2 4 2 4 3 2 1 3 2 3 27 12 13 13 13 14 13 13 13 13 13 13 13 13 13 13 13 13 13 13 13 13 12 13 14 13 13 13 13 13 13 14 13 12 13 13 13 13 13 13 13 13 13 13 13 13 13 13 13 13 14 13 13 13 12
1365_0_5 4 4 6 5 8 1 2 2 5 3 2 2 4 1 3 2 27 12 13 13 13 13 13 13 13 13 13 13 13 13 13 13 13 13 13 12 13 13 14 13 13 13 14 13 13 14 13 13 13 14 13 13 12 13 13 13 13 13 13 13 13 13 13 13 13 13 13 13 13 13 12
1365_1_5 4 4 8 5 6 1 2 2 5 3 2 2 4 1 3 2 27 12 13 13 13 13 13 13 13 13 13 13 13 13 13 13 13 13 13 12 13 13 14 13 13 13 14 13 13 14 13 13 13 14 13 13 12 13 13 13 13 13 13 13 13 13 13 13 13 13 13 13 13 13 12
1367_0_1 3 6 5 7 6 0 4 3 3 3 3 1 2 2 3 3 27 12 13 14 13 13 13 13 13 13 12 13 13 13 13 13 14 13 13 13 13 13 13 13 13 13 13 13 13 13 13 13 13 13 13 13 13 13 13 14 13 13 13 13 13 12 13 13 13 13 13 13 14 13 12
1368_0_1 3 5 7 5 7 0 4 2 3 3 3 2 3 3 3 1 27 12 13 13 13 13 13 13 13 12 13 13 13 13 13 13 13 13 14 13 13 13 13 14 13 13 13 13 13 13 13 13 14 13 13 13 13 14 13 13 13 13 13 13 13 13 12 13 13 13 13 13 13 13 12
1370_0_1 3 5 6 6 7 1 1 4 3 3 3 2 4 1 3 2 27 12 13 13 13 12 13 13 13 14 13 13 13 13 13 13 13 13 13 13 13 13 13 13 14 13 13 13 13 13 13 14 13 13 13 13 13 13 13 13 13 13 13 13 13 13 14 13 13 13 12 13 13 13 12
1371_0_1 3 6 5 7 6 1 1 3 2 4 1 3 4 3 2 3 27 12 13 14 13 13 13 13 13 13 13 13 13 13 13 12 13 13 13 13 13 13 13 13 14 13 13 13 13 13 13 14 13 13 13 13 13 13 13 13 12 13 13 13 13 13 13 13 13 13 13 13 14 13 12
1372_0_1 3 5 8 5 6 1 1 4 1 3 3 2 3 3 4 2 27 12 13 13 13 13 13 13 13 13 14 13 12 13 13 13 13 13 13 13 13 13 13 13 13 13 14 13 13 14 13 13 13 13 13 13 13 13 13 13 13 13 13 12 13 14 13 13 13 13 13 13 13 13 12
1373_1_1 3 8 6 5 5 0 3 3 3 3 4 1 3 3 2 2 27 12 13 13 12 13 13 13 13 13 14 13 13 13 13 13 13 13 13 13 13 13 13 13 14 13 13 13 13 13 13 14 13 13 13 13 13 13 13 13 13 13 13 13 13 14 13 13 13 13 13 12 13 13 12
1375_0_1 3 5 5 6 8 0 4 2 3 3 3 2 3 3 3 1 27 12 13 13 13 13 13 13 13 13 14 13 13 13 13 13 13 13 13 13 13 13 13 13 12 13 14 13 13 14 13 12 13 13 13 13 13 13 13 13 13 13 13 13 13 14 13 13 13 13 13 13 13 13 12
1377_0_1 3 6 5 7 6 1 2 1 4 3 2 2 5 2 3 2 27 12 13 13 13 12 13 13 13 14 13 13 13 13 13 13 13 13 13 13 13 13 14 13 13 13 13 13 13 13 13 13 13 14 13 13 13 13 13 13 13 13 13 13 13 13 14 13 13 13 12 13 13 13 12
1378_1_1 4 4 8 5 6 0 3 3 3 4 2 3 1 2 3 3 27 12 13 13 13 13 13 13 13 14 13 13 13 13 13 13 13 14 13 13 13 13 13 13 12 13 13 13 13 13 13 12 13 13 13 13 13 13 14 13 13 13 13 13 13 13 14 13 13 13 13 13 13 13 12
1380_0_1 3 5 6 6 7 1 1 4 1 3 3 2 3 3 4 2 27 12 13 13 14 13 13 13 13 13 13 13 13 13 14 13 13 13 13 13 13 13 13 13 13 12 13 13 13 13 12 13 13 13 13 13 13 13 13 13 13 14 13 13 13 13 13 13 13 13 13 14 13 13 12
1381_1_1 3 7 6 6 5 0 3 3 3 4 2 3 1 2 3 3 27 12 13 13 13 13 14 13 13 13 13 13 13 13 14 13 13 13 13 13 13 13 13 13 13 12 13 13 13 13 12 13 13 13 13 13 13 13 13 13 13 14 13 13 13 13 13 13 13 14 13 13 13 13 12
1383_0_1 4 5 4 6 8 1 1 4 1 3 3 2 3 3 4 2 27 12 12 13 14 13 13 13 13 13 13 13 13 13 13 13 13 13 13 13 13 13 13 13 14 13 13 13 13 13 13 14 13 13 13 13 13 13 13 13 13 13 13 13 13 13 13 13 13 13 13 14 13 12 12
1384_2_1 4 8 5 5 5 1 1 4 1 3 3 2 3 3 4 2 27 12 13 13 13 13 13 13 13 13 12 13 14 13 13 13 13 13 14 13 13 13 13 13 13 13 13 13 13 13 13 13 13 13 13 13 13 14 13 13 13 13 13 14 13 12 13 13 13 13 13 13 13 13 12
1386_0_1 3 5 8 5 6 1 2 4 2 4 3 2 1 3 2 3 27 12 13 13 13 14 13 13 13 14 13 13 13 13 13 13 13 13 13 13 13 13 12 13 13 13 13 13 13 13 13 13 13 12 13 13 13 13 13 13 13 13 13 13 13 13 14 13 13 13 14 13 13 13 12
1387_1_1 3 8 6 5 5 0 3 3 3 4 2 3 1 2 3 3 27 12 13 13 13 13 13 13 13 13 13 13 13 13 13 13 14 13 13 12 13 13 13 13 13 14 13 13 13 13 14 13 13 13 13 13 12 13 13 14 13 13 13 13 13 13 13 13 13 13 13 13 13 13 12
1389_0_1 4 4 6 5 8 1 1 2 5 1 3 3 3 3 3 2 27 12 13 13 13 13 13 13 13 13 14 13 13 13 13 13 13 13 13 13 13 13 14 13 13 12 13 13 13 13 12 13 13 14 13 13 13 13 13 13 13 13 13 13 13 14 13 13 13 13 13 13 13 13 12
1391_0_1 4 4 6 5 8 1 1 3 3 3 2 3 4 1 4 2 27 12 13 13 13 13 12 13 14 13 13 13 13 13 13 13 13 13 13 13 13 13 13 13 13 13 14 13 13 14 13 13 13 13 13 13 13 13 13 13 13 13 13 13 13 13 13 14 13 12 13 13 13 13 12
1393_0_1 3 5 5 6 8 1 2 1 4 3 2 2 5 2 3 2 27 12 13 13 13 13 12 13 13 13 13 14 13 13 13 13 13 13 13 13 14 13 13 13 13 13 13 13 13 13 13 13 13 13 13 14 13 13 13 13 13 13 13 13 14 13 13 13 13 12 13 13 13 13 12
1395_0_1 4 4 6 5 8 0 3 3 3 3 4 1 3 2 3 2 27 12 13 13 13 12 13 13 13 13 13 13 13 13 13 13 13 14 13 13 14 13 13 13 13 13 13 13 13 13 13 13 13 13 13 14 13 13 14 13 13 13 13 13 13 13 13 13 13 13 12 13 13 13 12
1397_0_1 3 6 5 7 6 1 1 4 3 4 1 3 3 2 2 3 27 12 13 13 14 13 13 14 13 13 13 13 13 13 13 13 13 13 13 13 12 13 13 13 13 13 13 13 13 13 13 13 13 13 13 12 13 13 13 13 13 13 13 13 13 13 13 13 14 13 13 14 13 13 12
1398_0_1 4 4 7 5 7 1 1 4 1 3 3 2 3 3 4 2 27 12 13 14 13 13 13 14 13 13 13 13 13 13 13 13 13 13 13 13 13 13 13 13 13 12 13 13 13 13 12 13 13 13 13 13 13 13 13 13 13 13 13 13 13 13 13 13 14 13 13 13 14 13 12
1399_1_1 3 7 6 6 5 0 3 3 3 3 4 1 3 2 3 2 27 12 13 13 14 13 13 13 13 14 13 13 13 13 13 12 13 13 13 13 13 13 13 13 13 13 13 13 13 13 13 13 13 13 13 13 13 13 13 13 12 13 13 13 13 13 14 13 13 13 13 14 13 13 12
1401_1_1 4 5 4 8 6 1 2 4 2 4 3 2 1 3 2 3 27 12 13 13 13 13 13 13 13 13 13 13 13 13 13 13 14 13 13 13 13 13 12 13 14 13 13 13 13 13 13 14 13 12 13 13 13 13 13 14 13 13 13 13 13 13 13 13 13 13 13 13 13 13 12
1402_1_1 4 4 8 5 6 1 1 4 3 3 3 3 1 3 2 3 27 12 13 13 13 13 13 14 13 13 13 13 14 13 13 13 13 13 13 13 13 13 12 13 13 13 13 13 13 13 13 13 13 12 13 13 13 13 13 13 13 13 13 14 13 13 13 13 14 13 13 13 13 13 12
1403_0_3 3 5 5 6 8 1 2 3 5 1 3 3 2 3 2 2 27 12 13 13 13 13 13 13 13 13 13 13 13 13 13 13 14 13 13 13 14 13 13 13 12 13 13 13 13 13 13 12 13 13 13 14 13 13 13 14 13 13 13 13 13 13 13 13 13 13 13 13 13 13 12
1404_1_1 4 4 8 5 6 1 1 3 3 4 2 3 3 1 4 2 27 12 13 13 12 13 14 13 13 13 13 13 13 13 13 13 13 13 13 13 13 13 13 14 13 13 13 13 13 13 13 13 14 13 13 13 13 13 13 13 13 13 13 13 13 13 13 13 13 14 13 12 13 13 12
1406_0_3 3 5 6 6 7 1 2 3 5 1 3 3 2 3 2 2 27 12 13 13 13 13 14 13 13 13 13 13 13 13 13 12 13 13 13 13 13 13 13 13 13 13 14 13 13 14 13 13 13 13 13 13 13 13 13 13 12 13 13 13 13 13 13 13 13 14 13 13 13 13 12
1407_0_3 3 6 5 7 6 1 2 1 4 4 3 1 4 2 2 3 27 12 13 13 13 13 13 14 13 13 13 14 13 13 13 13 13 13 13 13 13 13 13 13 13 12 13 13 13 13 12 13 13 13 13 13 13 13 13 13 13 13 13 13 14 13 13 13 14 13 13 13 13 13 12
1407_1_3 3 6 7 5 6 1 2 1 4 4 3 1 4 2 2 3 27 12 13 13 13 13 13 14 13 13 13 14 13 13 13 13 13 13 13 13 13 13 13 13 13 12 13 13 13 13 12 13 13 13 13 13 13 13 13 13 13 13 13 13 14 13 13 13 14 13 13 13 13 13 12
1408_0_3 3 5 6 6 7 1 3 1 3 3 2 2 5 3 2 2 27 12 13 13 13 12 13 13 13 13 13 13 13 13 14 13 13 13 13 13 13 14 13 13 13 13 13 13 13 13 13 13 13 13 14 13 13 13 13 13 13 14 13 13 13 13 13 13 13 13 12 13 13 13 12
1409_1_1 4 4 8 5 6 1 1 3 3 5 1 3 3 2 2 3 27 12 13 13 13 13 13 12 13 13 13 13 13 13 13 13 13 13 14 13 13 13 14 13 13 13 13 13 13 13 13 13 13 14 13 13 13 14 13 13 13 13 13 13 13 13 13 13 12 13 13 13 13 13 12
1410_1_3 3 8 6 5 5 1 1 3 2 3 2 3 3 2 5 2 27 12 13 13 13 13 13 13 12 13 13 13 14 13 13 14 13 13 13 13 13 13 13 13 13 13 13 13 13 13 13 13 13 13 13 13 13 13 13 13 14 13 13 14 13 13 13 12 13 13 13 13 13 13 12
1412_0_3 4 5 4 6 8 1 2 1 4 4 1 3 3 3 2 3 27 12 12 13 14 13 13 13 13 13 13 13 13 13 13 13 13 13 13 13 13 13 13 13 13 13 14 13 13 14 13 13 13 13 13 13 13 13 13 13 13 13 13 13 13 13 13 13 13 13 13 14 13 12 12
1413_1_1 3 8 6 5 5 0 3 3 3 2 3 3 4 2 1 3 27 12 13 13 12 13 13 13 13 14 13 13 13 13 13 13 13 13 13 13 14 13 13 13 13 13 13 13 13 13 13 13 13 13 13 14 13 13 13 13 13 13 13 13 13 13 14 13 13 13 13 12 13 13 12
1415_1_1 3 6 7 5 6 1 3 1 4 3 1 3 4 3 2 2 27 12 13 13 13 13 13 13 13 13 13 13 13 13 14 13 13 14 13 13 12 13 13 13 13 13 13 13 13 13 13 13 13 13 13 12 13 13 14 13 13 14 13 13 13 13 13 13 13 13 13 13 13 13 12
1416_0_7 3 5 8 5 6 1 2 3 3 1 2 5 2 4 2 2 27 12 13 13 13 13 13 13 12 13 13 14 13 13 13 14 13 13 13 13 13 13 13 13 13 13 13 13 13 13 13 13 13 13 13 13 13 13 13 13 14 13 13 13 14 13 13 12 13 13 13 13 13 13 12
1416_1_7 3 6 5 8 5 1 2 3 3 1 2 5 2 4 2 2 27 12 13 13 13 13 13 13 12 13 13 14 13 13 13 14 13 13 13 13 13 13 13 13 13 13 13 13 13 13 13 13 13 13 13 13 13 13 13 13 14 13 13 13 14 13 13 12 13 13 13 13 13 13 12
1417_0_7 4 4 6 5 8 1 2 4 3 1 4 2 4 2 2 2 27 12 14 13 13 14 13 13 13 13 12 13 13 13 13 13 13 13 13 13 13 13 13 13 13 13 13 13 13 13 13 13 13 13 13 13 13 13 13 13 13 13 13 13 13 12 13 13 13 13 14 13 13 14 12
1417_1_7 4 4 8 5 6 1 2 4 3 1 4 2 4 2 2 2 27 12 14 13 13 14 13 13 13 13 12 13 13 13 13 13 13 13 13 13 13 13 13 13 13 13 13 13 13 13 13 13 13 13 13 13 13 13 13 13 13 13 13 13 13 12 13 13 13 13 14 13 13 14 12
1419_0_3 3 5 7 5 7 1 2 2 3 5 1 3 3 3 2 2 27 12 13 13 12 13 13 13 13 13 13 13 13 14 13 13 13 13 13 13 13 13 13 14 13 13 13 13 13 13 13 13 14 13 13 13 13 13 13 13 13 13 14 13 13 13 13 13 13 13 13 12 13 13 12
1420_1_1 4 4 8 5 6 1 1 3 3 5 1 3 3 2 2 3 27 12 13 13 12 13 13 13 13 13 13 14 13 13 13 13 13 13 14 13 13 13 13 13 13 13 13 13 13 13 13 13 13 13 13 13 13 14 13 13 13 13 13 13 14 13 13 13 13 13 13 12 13 13 12
1423_0_1 4 4 7 5 7 1 2 3 1 5 3 2 2 3 3 2 27 12 13 14 13 13 13 14 13 13 13 13 13 13 13 13 13 13 13 13 12 13 13 13 13 13 13 13 13 13 13 13 13 13 13 12 13 13 13 13 13 13 13 13 13 13 13 13 14 13 13 13 14 13 12
1423_2_1 4 8 5 5 5 1 2 3 1 5 3 2 2 3 3 2 27 12 13 14 13 13 13 14 13 13 13 13 13 13 13 13 13 13 13 13 12 13 13 13 13 13 13 13 13 13 13 13 13 13 13 12 13 13 13 13 13 13 13 13 13 13 13 13 14 13 13 13 14 13 12
1425_0_1 3 5 6 6 7 1 1 4 1 3 3 2 3 3 4 2 27 12 13 13 14 13 13 13 13 13 12 13 13 13 13 13 13 13 13 13 13 14 13 13 13 13 13 13 13 13 13 13 13 13 14 13 13 13 13 13 13 13 13 13 13 12 13 13 13 13 13 14 13 13 12
1426_1_1 3 7 6 6 5 0 3 3 3 4 2 3 1 2 3 3 27 12 13 13 13 13 14 13 13 13 13 13 13 13 13 13 13 13 13 13 12 13 13 13 14 13 13 13 13 13 13 14 13 13 13 12 13 13 13 13 13 13 13 13 13 13 13 13 13 14 13 13 13 13 12
1428_0_1 3 6 5 7 6 1 1 3 3 3 2 3 4 1 4 2 27 12 13 13 13 12 13 13 14 13 13 13 13 13 13 13 13 13 13 13 13 13 13 13 13 13 14 13 13 14 13 13 13 13 13 13 13 13 13 13 13 13 13 13 13 13 13 14 13 13 12 13 13 13 12
1430_0_1 3 5 5 6 8 1 3 1 3 3 1 3 4 4 2 2 27 12 13 13 13 13 13 13 12 13 14 13 13 13 13 13 13 13 13 13 13 13 13 14 13 13 13 13 13 13 13 13 14 13 13 13 13 13 13 13 13 13 13 13 13 14 13 12 13 13 13 13 13 13 12
1431_1_1 4 4 8 5 6 1 1 4 1 3 2 2 3 3 4 3 27 12 13 13 13 13 14 13 13 13 13 13 13 13 13 13 13 14 13 13 13 13 13 13 13 13 12 13 13 12 13 13 13 13 13 13 13 13 14 13 13 13 13 13 13 13 13 13 13 14 13 13 13 13 12
1432_0_5 3 5 5 6 8 1 3 2 2 3 5 2 2 2 2 3 27 12 13 13 13 13 13 13 13 13 13 12 13 13 13 14 13 13 13 13 13 14 13 13 13 13 13 13 13 13 13 13 13 13 14 13 13 13 13 13 14 13 13 13 12 13 13 13 13 13 13 13 13 13 12
1433_0_1 3 6 5 7 6 1 1 5 2 3 2 3 4 2 2 2 27 12 13 13 13 13 13 13 13 13 13 14 13 13 13 12 13 14 13 13 13 13 13 13 13 13 13 13 13 13 13 13 13 13 13 13 13 13 14 13 12 13 13 13 14 13 13 13 13 13 13 13 13 13 12
1433_1_1 3 6 7 5 6 1 1 5 2 3 2 3 4 2 2 2 27 12 13 13 13 13 13 13 13 13 13 14 13 13 13 12 13 14 13 13 13 13 13 13 13 13 13 13 13 13 13 13 13 13 13 13 13 13 14 13 12 13 13 13 14 13 13 13 13 13 13 13 13 13 12
1434_0_1 3 5 8 5 6 1 1 4 3 3 3 2 4 1 3 2 27 12 13 13 13 13 13 13 13 14 13 13 13 13 13 13 13 12 13 13 14 13 13 13 13 13 13 13 13 13 13 13 13 13 13 14 13 13 12 13 13 13 13 13 13 13 14 13 13 13 13 13 13 13 12
1435_0_1 3 5 7 5 7 0 4 3 3 3 3 1 3 3 2 2 27 12 13 13 13 13 13 13 13 13 13 13 13 13 12 13 13 14 13 13 13 13 13 13 13 13 13 14 14 13 13 13 13 13 13 13 13 13 14 13 13 12 13 13 13 13 13 13 13 13 13 13 13 13 12
1436_0_5 3 5 5 6 8 0 4 2 2 2 3 2 4 3 3 2 27 12 13 13 13 13 13 13 13 13 13 13 12 13 13 13 13 14 13 13 14 13 13 13 13 13 13 13 13 13 13 13 13 13 13 14 13 13 14 13 13 13 13 12 13 13 13 13 13 13 13 13 13 13 12
1436_1_5 3 8 6 5 5 0 4 2 2 2 3 2 4 3 3 2 27 12 13 13 13 13 13 13 13 13 13 13 12 13 13 13 13 14 13 13 14 13 13 13 13 13 13 13 13 13 13 13 13 13 13 14 13 13 14 13 13 13 13 12 13 13 13 13 13 13 13 13 13 13 12
1437_1_1 3 7 6 6 5 1 1 4 3 4 1 3 3 2 2 3 27 12 13 13 14 13 13 13 13 13 13 13 13 13 13 13 13 13 13 13 12 13 13 13 13 13 14 13 13 14 13 13 13 13 13 12 13 13 13 13 13 13 13 13 13 13 13 13 13 13 13 14 13 13 12
1438_1_1 3 7 6 6 5 1 2 3 1 5 3 2 2 3 3 2 27 12 13 13 13 13 13 13 13 13 13 13 13 13 14 13 13 13 13 13 12 13 13 13 13 13 14 13 13 14 13 13 13 13 13 12 13 13 13 13 13 14 13 13 13 13 13 13 13 13 13 13 13 13 12
1440_0_1 3 5 5 6 8 0 4 2 2 2 2 4 3 3 3 2 27 12 13 13 12 13 14 13 13 13 13 13 13 13 13 13 13 13 13 13 13 13 13 13 13 14 13 13 13 13 14 13 13 13 13 13 13 13 13 13 13 13 13 13 13 13 13 13 13 14 13 12 13 13 12
1441_0_1 3 5 7 5 7 1 1 4 3 3 3 3 1 3 2 3 27 12 13 13 13 13 13 14 13 13 13 12 13 13 13 13 13 13 13 13 13 13 13 14 13 13 13 13 13 13 13 13 14 13 13 13 13 13 13 13 13 13 13 13 12 13 13 13 14 13 13 13 13 13 12
1441_1_3 3 7 5 7 5 1 3 1 4 4 2 2 3 3 2 2 27 12 13 13 13 13 13 14 13 13 13 12 13 13 13 13 13 13 13 13 13 13 13 14 13 13 13 13 13 13 13 13 14 13 13 13 13 13 13 13 13 13 13 13 12 13 13 13 14 13 13 13 13 13 12
1442_0_5 3 5 6 6 7 1 2 2 5 3 1 4 2 3 2 2 27 12 13 13 13 13 14 13 13 13 13 14 13 13 13 12 13 13 13 13 13 13 13 13 13 13 13 13 13 13 13 13 13 13 13 13 13 13 13 13 12 13 13 13 14 13 13 13 13 14 13 13 13 13 12
1442_1_5 3 7 6 6 5 1 2 2 5 3 1 4 2 3 2 2 27 12 13 13 13 13 14 13 13 13 13 14 13 13 13 12 13 13 13 13 13 13 13 13 13 13 13 13 13 13 13 13 13 13 13 13 13 13 13 13 12 13 13 13 14 13 13 13 13 14 13 13 13 13 12
1444_0_1 4 4 6 5 8 1 1 5 2 3 2 3 4 2 2 2 27 12 13 13 12 13 14 13 13 13 13 13 13 13 13 13 13 13 13 13 13 13 14 13 13 13 13 13 13 13 13 13 13 14 13 13 13 13 13 13 13 13 13 13 13 13 13 13 13 14 13 12 13 13 12
1444_1_1 4 4 8 5 6 1 1 5 2 3 2 3 4 2 2 2 27 12 13 13 12 13 14 13 13 13 13 13 13 13 13 13 13 13 13 13 13 13 14 13 13 13 13 13 13 13 13 13 13 14 13 13 13 13 13 13 13 13 13 13 13 13 13 13 13 14 13 12 13 13 12
1445_0_1 3 5 6 6 7 1 1 3 4 1 4 2 3 3 3 2 27 12 13 13 13 13 14 13 13 14 13 13 13 13 13 13 13 13 13 13 13 13 13 13 13 12 13 13 13 13 12 13 13 13 13 13 13 13 13 13 13 13 13 13 13 13 14 13 13 14 13 13 13 13 12
1446_0_1 3 6 5 7 6 0 3 3 3 4 2 3 1 2 3 3 27 12 13 13 13 13 13 13 13 14 13 13 13 13 13 13 13 14 13 13 12 13 13 13 13 13 13 13 13 13 13 13 13 13 13 12 13 13 14 13 13 13 13 13 13 13 14 13 13 13 13 13 13 13 12
1447_0_1 3 5 6 6 7 0 3 3 2 2 1 4 3 3 3 3 27 12 13 13 13 13 13 13 13 13 13 13 13 13 13 13 14 13 13 13 12 13 13 13 13 13 14 13 13 14 13 13 13 13 13 12 13 13 13 14 13 13 13 13 13 13 13 13 13 13 13 13 13 13 12
1447_1_1 3 7 6 6 5 0 3 3 2 2 1 4 3 3 3 3 27 12 13 13 13 13 13 13 13 13 13 13 13 13 13 13 14 13 13 13 12 13 13 13 13 13 14 13 13 14 13 13 13 13 13 12 13 13 13 14 13 13 13 13 13 13 13 13 13 13 13 13 13 13 12
1448_0_1 3 5 5 6 8 0 3 2 4 2 3 3 3 2 4 1 27 12 13 13 12 13 13 13 13 13 13 14 13 13 13 13 13 13 13 13 14 13 13 13 13 13 13 13 13 13 13 13 13 13 13 14 13 13 13 13 13 13 13 13 14 13 13 13 13 13 13 12 13 13 12
1450_0_1 3 6 5 7 6 0 4 3 3 3 3 1 3 3 2 2 27 12 13 13 13 13 14 13 13 13 13 13 13 13 13 13 13 14 13 13 13 13 13 13 13 12 13 13 13 13 12 13 13 13 13 13 13 13 14 13 13 13 13 13 13 13 13 13 13 14 13 13 13 13 12
1452_0_1 4 4 6 5 8 1 1 4 3 3 3 2 4 1 3 2 27 12 13 13 13 13 12 13 13 13 13 13 13 14 13 13 13 13 13 13 13 13 13 13 14 13 13 13 13 13 13 14 13 13 13 13 13 13 13 13 13 13 14 13 13 13 13 13 13 12 13 13 13 13 12
1453_0_1 3 5 6 6 7 0 2 3 3 4 2 3 2 2 2 4 27 12 13 13 13 13 13 13 13 13 12 13 13 13 13 13 14 13 13 13 13 13 13 13 14 13 13 13 13 13 13 14 13 13 13 13 13 13 13 14 13 13 13 13 13 12 13 13 13 13 13 13 13 13 12
1453_1_1 3 7 6 6 5 0 2 3 3 4 2 3 2 2 2 4 27 12 13 13 13 13 13 13 13 13 12 13 13 13 13 13 14 13 13 13 13 13 13 13 14 13 13 13 13 13 13 14 13 13 13 13 13 13 13 14 13 13 13 13 13 12 13 13 13 13 13 13 13 13 12
1454_0_1 4 5 4 6 8 0 4 2 3 3 3 2 3 3 3 1 27 12 12 13 14 13 13 13 13 13 13 13 13 13 13 13 13 13 13 13 13 14 13 13 13 13 13 13 13 13 13 13 13 13 14 13 13 13 13 13 13 13 13 13 13 13 13 13 13 13 13 14 13 12 12
1455_1_1 3 8 6 5 5 1 2 3 1 5 3 2 2 3 3 2 27 12 13 13 13 13 13 13 13 12 13 13 13 13 13 14 13 13 13 14 13 13 13 13 13 13 13 13 13 13 13 13 13 13 13 13 14 13 13 13 14 13 13 13 13 13 12 13 13 13 13 13 13 13 12
1456_1_1 3 6 7 5 6 0 4 3 3 3 3 1 2 2 3 3 27 12 13 13 13 13 13 13 13 13 12 13 13 13 14 13 13 14 13 13 13 13 13 13 13 13 13 13 13 13 13 13 13 13 13 13 13 13 14 13 13 14 13 13 13 12 13 13 13 13 13 13 13 13 12
1457_1_1 3 8 6 5 5 1 1 4 3 3 3 2 4 1 3 2 27 12 13 13 13 13 13 13 13 13 13 13 13 13 13 13 12 13 13 13 14 13 13 13 14 13 13 13 13 13 13 14 13 13 13 14 13 13 13 12 13 13 13 13 13 13 13 13 13 13 13 13 13 13 12
1458_1_1 3 7 5 7 5 0 3 3 2 4 2 3 2 3 3 2 27 12 13 14 13 13 13 13 13 13 13 12 13 13 13 13 13 14 13 13 13 13 13 13 13 13 13 13 13 13 13 13 13 13 13 13 13 13 14 13 13 13 13 13 12 13 13 13 13 13 13 13 14 13 12
1460_0_1 3 6 5 7 6 1 3 1 3 3 1 3 4 4 2 2 27 12 13 13 13 13 13 13 13 13 13 13 14 13 13 13 13 13 13 13 13 14 13 13 13 12 13 13 13 13 12 13 13 13 14 13 13 13 13 13 13 13 13 14 13 13 13 13 13 13 13 13 13 13 12
1461_2_1 4 8 5 5 5 0 3 3 3 3 4 1 3 2 3 2 27 12 13 13 13 13 13 13 13 13 13 13 13 14 13 12 13 13 14 13 13 13 13 13 13 13 13 13 13 13 13 13 13 13 13 13 13 14 13 13 12 13 14 13 13 13 13 13 13 13 13 13 13 13 12
1463_0_3 4 4 6 5 8 1 1 3 2 3 2 3 3 2 5 2 27 12 13 12 13 13 13 14 13 13 13 13 13 13 13 13 13 13 13 13 13 13 13 14 13 13 13 13 13 13 13 13 14 13 13 13 13 13 13 13 13 13 13 13 13 13 13 13 14 13 13 13 12 13 12
1464_1_1 3 8 6 5 5 0 3 3 3 3 4 1 3 2 3 2 27 12 13 13 13 13 13 13 13 13 13 13 13 13 13 14 13 13 13 13 13 13 13 13 14 13 12 13 13 12 13 14 13 13 13 13 13 13 13 13 14 13 13 13 13 13 13 13 13 13 13 13 13 13 12
1466_1_1 4 5 4 8 6 0 3 3 3 3 4 1 3 2 3 2 27 12 13 12 13 13 13 13 13 14 13 13 13 13 13 13 13 13 13 14 13 13 13 13 13 13 13 13 13 13 13 13 13 13 13 13 14 13 13 13 13 13 13 13 13 13 14 13 13 13 13 13 12 13 12
1467_1_3 3 6 5 8 5 1 2 5 2 4 2 2 2 2 3 2 27 12 13 12 13 14 13 13 13 14 13 13 13 13 13 13 13 13 13 13 13 13 13 13 13 13 13 13 13 13 13 13 13 13 13 13 13 13 13 13 13 13 13 13 13 13 14 13 13 13 14 13 12 13 12
1468_1_3 4 4 8 5 6 1 3 1 3 3 2 2 5 3 2 2 27 12 13 13 13 13 13 13 14 13 13 13 13 13 13 13 13 12 13 13 13 13 13 14 13 13 13 13 13 13 13 13 14 13 13 13 13 13 12 13 13 13 13 13 13 13 13 14 13 13 13 13 13 13 12
1470_1_1 3 7 6 6 5 0 3 4 1 3 2 4 3 3 2 2 27 12 13 13 13 13 14 13 13 13 13 14 13 13 13 13 13 13 13 13 13 13 13 13 13 12 13 13 13 13 12 13 13 13 13 13 13 13 13 13 13 13 13 13 14 13 13 13 13 14 13 13 13 13 12
1472_1_1 4 4 8 5 6 1 2 1 3 4 3 1 4 3 2 3 27 12 13 13 13 13 13 13 13 13 13 13 14 13 13 13 13 13 13 13 12 13 13 13 13 14 13 13 13 13 14 13 13 13 13 12 13 13 13 13 13 13 13 14 13 13 13 13 13 13 13 13 13 13 12
1473_1_3 4 4 8 5 6 1 3 1 3 2 1 4 4 3 2 3 27 12 13 13 13 13 12 13 13 14 13 13 13 14 13 13 13 13 13 13 13 13 13 13 13 13 13 13 13 13 13 13 13 13 13 13 13 13 13 13 13 13 14 13 13 13 14 13 13 12 13 13 13 13 12
1475_1_1 3 6 5 8 5 1 3 2 1 3 2 3 1 3 4 4 27 12 13 13 14 13 13 13 13 13 13 13 13 13 13 14 13 12 13 13 13 13 13 13 13 13 13 13 13 13 13 13 13 13 13 13 13 13 12 13 14 13 13 13 13 13 13 13 13 13 13 14 13 13 12
1477_0_3 3 5 8 5 6 1 3 1 4 4 2 2 3 3 2 2 27 12 13 13 14 13 13 13 13 13 14 13 13 13 13 13 13 13 13 13 13 13 12 13 13 13 13 13 13 13 13 13 13 12 13 13 13 13 13 13 13 13 13 13 13 14 13 13 13 13 13 14 13 13 12
1477_1_5 3 6 5 8 5 1 3 2 2 3 5 2 2 2 2 3 27 12 13 13 14 13 13 13 13 13 14 13 13 13 13 13 13 13 13 13 13 13 12 13 13 13 13 13 13 13 13 13 13 12 13 13 13 13 13 13 13 13 13 13 13 14 13 13 13 13 13 14 13 13 12
1479_1_1 3 7 5 7 5 1 1 4 1 3 3 2 3 3 4 2 27 12 13 13 13 13 13 13 13 13 13 12 13 13 13 13 13 13 14 13 13 13 14 13 13 13 13 13 13 13 13 13 13 14 13 13 13 14 13 13 13 13 13 13 12 13 13 13 13 13 13 13 13 13 12
1481_1_1 3 6 7 5 6 0 3 2 4 2 3 3 3 2 4 1 27 12 13 13 13 13 13 13 13 13 13 13 13 13 13 12 13 13 13 13 13 13 14 13 14 13 13 13 13 13 13 14 13 14 13 13 13 13 13 13 12 13 13 13 13 13 13 13 13 13 13 13 13 13 12
1483_1_1 3 7 6 6 5 1 1 3 3 4 1 4 3 2 3 2 27 12 13 13 13 12 13 13 13 14 13 13 13 13 13 13 13 13 13 13 13 14 13 13 13 13 13 13 13 13 13 13 13 13 14 13 13 13 13 13 13 13 13 13 13 13 14 13 13 13 12 13 13 13 12
1484_1_3 3 7 6 6 5 1 3 2 3 1 3 5 2 3 2 2 27 12 13 13 13 12 13 13 13 14 13 13 13 13 13 13 13 13 13 13 13 13 13 13 13 13 14 13 13 14 13 13 13 13 13 13 13 13 13 13 13 13 13 13 13 13 14 13 13 13 12 13 13 13 12
1485_1_3 3 7 6 6 5 1 2 3 5 1 3 3 2 3 2 2 27 12 13 13 13 13 14 13 13 13 12 13 13 13 13 13 13 13 13 13 13 14 13 13 13 13 13 13 13 13 13 13 13 13 14 13 13 13 13 13 13 13 13 13 13 12 13 13 13 14 13 13 13 13 12
1486_1_3 4 5 4 8 6 1 2 2 3 5 1 3 3 3 2 2 27 12 13 13 13 13 13 12 13 14 13 13 13 13 13 13 13 13 13 13 13 14 13 13 13 13 13 13 13 13 13 13 13 13 14 13 13 13 13 13 13 13 13 13 13 13 14 13 12 13 13 13 13 13 12
1488_0_3 3 5 8 5 6 1 2 1 4 4 1 3 3 3 2 3 27 12 12 13 14 13 13 13 13 13 13 13 13 13 13 14 13 13 13 13 13 13 13 13 13 13 13 13 13 13 13 13 13 13 13 13 13 13 13 13 14 13 13 13 13 13 13 13 13 13 13 14 13 12 12
1489_1_1 4 5 4 8 6 1 1 3 3 5 1 3 3 2 2 3 27 12 13 13 13 13 13 12 13 13 13 14 13 13 13 13 13 13 13 13 13 13 13 13 13 13 14 13 13 14 13 13 13 13 13 13 13 13 13 13 13 13 13 13 14 13 13 13 12 13 13 13 13 13 12
1490_1_3 3 8 6 5 5 1 3 2 3 1 3 5 2 3 2 2 27 12 13 13 13 13 12 13 13 13 13 13 13 13 13 14 13 13 13 13 13 13 13 13 14 13 13 13 13 13 13 14 13 13 13 13 13 13 13 13 14 13 13 13 13 13 13 13 13 12 13 13 13 13 12
1491_1_3 4 4 8 5 6 1 2 1 4 2 2 3 3 2 4 3 27 12 13 13 13 13 13 13 13 13 13 12 13 13 14 13 13 14 13 13 13 13 13 13 13 13 13 13 13 13 13 13 13 13 13 13 13 13 14 13 13 14 13 13 12 13 13 13 13 13 13 13 13 13 12
1492_1_3 4 4 8 5 6 1 2 3 5 1 3 3 2 3 2 2 27 12 13 13 13 13 13 13 13 13 13 13 13 13 12 13 13 13 13 14 13 13 13 13 13 13 13 14 14 13 13 13 13 13 13 13 14 13 13 13 13 12 13 13 13 13 13 13 13 13 13 13 13 13 12
1494_1_1 3 6 7 5 6 0 3 3 4 3 3 2 2 1 3 3 27 12 13 13 13 12 13 13 13 13 13 13 14 13 13 13 13 13 13 13 13 14 13 13 13 13 13 13 13 13 13 13 13 13 14 13 13 13 13 13 13 13 13 14 13 13 13 13 13 13 12 13 13 13 12
1496_1_1 3 7 6 6 5 1 2 1 4 4 2 3 3 2 2 3 27 13 13 13 13 12 13 13 13 13 13 12 13 13 13 13 13 13 13 14 13 14 13 13 13 13 13 13 13 13 13 13 13 13 14 13 14 13 13 13 13 13 13 13 12 13 13 13 13 13 12 13 13 13 13
1498_1_1 4 5 4 8 6 0 3 2 4 2 3 3 3 2 4 1 27 12 13 13 13 13 13 12 13 14 13 14 13 13 13 13 13 13 13 13 13 13 13 13 13 13 13 13 13 13 13 13 13 13 13 13 13 13 13 13 13 13 13 13 14 13 14 13 12 13 13 13 13 13 12
1499_1_3 3 8 6 5 5 1 2 3 5 1 3 3 2 3 2 2 27 12 13 13 13 14 13 13 13 13 13 13 12 13 13 13 13 13 13 13 13 13 13 14 13 13 13 13 13 13 13 13 14 13 13 13 13 13 13 13 13 13 13 12 13 13 13 13 13 13 14 13 13 13 12
1501_1_1 4 4 8 5 6 0 3 3 3 3 4 1 3 2 3 2 27 12 13 13 13 13 12 13 13 14 13 13 13 13 13 13 13 14 13 13 13 13 13 13 13 13 13 13 13 13 13 13 13 13 13 13 13 13 14 13 13 13 13 13 13 13 14 13 13 12 13 13 13 13 12
1503_0_3 3 5 5 6 8 0 4 3 4 2 2 3 2 2 3 2 27 12 13 13 13 13 13 13 13 13 13 13 13 12 13 14 13 14 13 13 13 13 13 13 13 13 13 13 13 13 13 13 13 13 13 13 13 13 14 13 14 13 12 13 13 13 13 13 13 13 13 13 13 13 12
1503_1_3 3 8 6 5 5 0 4 3 4 2 2 3 2 2 3 2 27 12 13 13 13 13 13 13 13 13 13 13 13 12 13 14 13 14 13 13 13 13 13 13 13 13 13 13 13 13 13 13 13 13 13 13 13 13 14 13 14 13 12 13 13 13 13 13 13 13 13 13 13 13 12
1504_1_1 3 7 6 6 5 0 3 3 3 3 4 1 3 2 3 2 27 12 13 13 13 13 13 13 13 14 13 13 13 13 13 13 13 13 13 14 13 13 13 13 13 12 13 13 13 13 12 13 13 13 13 13 14 13 13 13 13 13 13 13 13 13 14 13 13 13 13 13 13 13 12
1505_0_7 4 5 4 6 8 1 3 1 3 2 3 2 2 3 5 2 27 12 12 13 14 13 13 13 13 13 13 13 13 13 13 13 14 13 13 13 13 13 13 13 13 13 13 13 13 13 13 13 13 13 13 13 13 13 13 14 13 13 13 13 13 13 13 13 13 13 13 14 13 12 12
1505_1_7 4 5 4 8 6 1 3 1 3 2 3 2 2 3 5 2 27 12 12 13 14 13 13 13 13 13 13 13 13 13 13 13 14 13 13 13 13 13 13 13 13 13 13 13 13 13 13 13 13 13 13 13 13 13 13 14 13 13 13 13 13 13 13 13 13 13 13 14 13 12 12
1507_0_3 4 4 6 5 8 1 2 3 2 2 2 2 2 3 3 5 27 12 13 13 13 13 13 13 13 13 13 12 13 13 13 13 13 13 13 14 13 13 13 14 13 13 13 13 13 13 13 13 14 13 13 13 14 13 13 13 13 13 13 13 12 13 13 13 13 13 13 13 13 13 12
1507_1_5 4 4 8 5 6 1 5 3 3 2 2 2 2 2 3 2 27 12 13 13 13 13 13 13 13 13 13 12 13 13 13 13 13 13 13 14 13 13 13 14 13 13 13 13 13 13 13 13 14 13 13 13 14 13 13 13 13 13 13 13 12 13 13 13 13 13 13 13 13 13 12
1509_0_3 3 6 6 6 6 1 3 2 3 1 3 5 2 3 2 2 27 13 13 13 13 12 13 13 13 13 12 13 13 14 13 13 13 13 13 13 13 13 13 13 13 13 14 13 13 14 13 13 13 13 13 13 13 13 13 13 13 13 14 13 13 12 13 13 13 13 12 13 13 13 13
1510_0_7 3 5 6 6 7 1 2 3 3 1 2 5 2 4 2 2 27 12 13 13 14 13 13 13 13 13 13 14 13 13 13 13 13 13 13 13 13 13 13 13 13 12 13 13 13 13 12 13 13 13 13 13 13 13 13 13 13 13 13 13 14 13 13 13 13 13 13 14 13 13 12
1510_1_7 3 7 6 6 5 1 2 3 3 1 2 5 2 4 2 2 27 12 13 13 14 13 13 13 13 13 13 14 13 13 13 13 13 13 13 13 13 13 13 13 13 12 13 13 13 13 12 13 13 13 13 13 13 13 13 13 13 13 13 13 14 13 13 13 13 13 13 14 13 13 12
1512_1_1 4 4 8 5 6 1 1 4 1 3 3 2 3 3 4 2 27 12 13 13 12 13 13 14 13 13 13 13 13 13 13 13 13 13 13 13 13 13 13 13 13 13 14 13 13 14 13 13 13 13 13 13 13 13 13 13 13 13 13 13 13 13 13 13 14 13 13 12 13 13 12
1513_1_3 4 4 8 5 6 1 2 2 3 5 1 3 3 3 2 2 27 12 13 13 13 13 13 12 13 13 13 13 13 14 13 13 13 13 13 13 13 13 13 14 13 13 13 13 13 13 13 13 14 13 13 13 13 13 13 13 13 13 14 13 13 13 13 13 12 13 13 13 13 13 12
1515_0_3 3 5 5 6 8 1 3 1 3 2 1 4 4 3 2 3 27 12 13 13 13 13 12 13 13 14 13 13 13 13 13 13 13 13 13 13 14 13 13 13 13 13 13 13 13 13 13 13 13 13 13 14 13 13 13 13 13 13 13 13 13 13 14 13 13 12 13 13 13 13 12
1516_0_3 4 5 4 6 8 1 2 2 5 2 2 4 2 3 2 2 27 12 13 13 13 13 13 12 13 13 13 13 13 13 14 13 13 13 13 13 13 13 13 13 14 13 13 13 13 13 13 14 13 13 13 13 13 13 13 13 13 14 13 13 13 13 13 13 12 13 13 13 13 13 12
1517_0_3 3 6 5 7 6 1 3 1 3 2 1 4 4 3 2 3 27 12 13 13 13 12 13 13 13 13 13 13 13 14 13 13 13 13 13 13 13 13 13 13 14 13 13 13 13 13 13 14 13 13 13 13 13 13 13 13 13 13 14 13 13 13 13 13 13 13 12 13 13 13 12
1518_1_1 4 4 8 5 6 1 1 3 3 4 1 4 3 2 3 2 27 13 13 13 13 12 13 13 13 13 13 12 13 13 13 13 13 13 13 13 14 13 14 13 13 13 13 13 13 13 13 13 13 14 13 14 13 13 13 13 13 13 13 13 12 13 13 13 13 13 12 13 13 13 13
1520_0_3 4 4 6 5 8 1 2 2 3 4 4 1 2 4 1 3 27 12 13 13 13 13 13 12 13 13 13 13 13 13 13 13 13 14 13 13 13 13 14 13 13 13 13 13 13 13 13 13 13 14 13 13 13 13 14 13 13 13 13 13 13 13 13 13 12 13 13 13 13 13 12
1520_1_3 4 4 8 5 6 1 2 2 3 4 4 1 2 4 1 3 27 12 13 13 13 13 13 12 13 13 13 13 13 13 13 13 13 14 13 13 13 13 14 13 13 13 13 13 13 13 13 13 13 14 13 13 13 13 14 13 13 13 13 13 13 13 13 13 12 13 13 13 13 13 12
1521_0_3 3 5 6 6 7 1 1 5 2 3 3 2 3 2 3 2 27 12 13 13 13 13 14 13 13 13 12 13 13 13 13 13 13 13 13 14 13 13 13 13 13 13 13 13 13 13 13 13 13 13 13 13 14 13 13 13 13 13 13 13 13 12 13 13 13 14 13 13 13 13 12
1522_0_3 3 5 8 5 6 1 1 5 2 3 3 2 3 2 3 2 27 12 13 13 13 13 13 13 13 13 13 13 12 13 13 13 14 13 13 13 13 13 13 13 13 14 13 13 13 13 14 13 13 13 13 13 13 13 13 14 13 13 13 12 13 13 13 13 13 13 13 13 13 13 12
1523_0_3 4 4 6 5 8 1 2 3 5 1 3 3 2 3 2 2 27 12 13 13 12 13 14 13 13 13 13 13 13 13 13 13 13 13 14 13 13 13 13 13 13 13 13 13 13 13 13 13 13 13 13 13 13 14 13 13 13 13 13 13 13 13 13 13 13 14 13 12 13 13 12
1524_0_3 4 4 6 5 8 1 2 3 2 2 2 2 2 3 3 5 27 12 13 13 13 13 13 13 14 13 13 13 14 13 13 13 13 13 13 13 13 13 12 13 13 13 13 13 13 13 13 13 13 12 13 13 13 13 13 13 13 13 13 14 13 13 13 14 13 13 13 13 13 13 12
1524_1_5 4 4 8 5 6 1 5 3 3 2 2 2 2 2 3 2 27 12 13 13 13 13 13 13 14 13 13 13 14 13 13 13 13 13 13 13 13 13 12 13 13 13 13 13 13 13 13 13 13 12 13 13 13 13 13 13 13 13 13 14 13 13 13 14 13 13 13 13 13 13 12
1526_1_1 3 7 6 6 5 0 3 3 3 3 4 1 3 2 3 2 27 12 13 13 14 13 13 13 13 13 13 13 13 13 13 12 13 13 13 13 13 13 13 13 14 13 13 13 13 13 13 14 13 13 13 13 13 13 13 13 12 13 13 13 13 13 13 13 13 13 13 14 13 13 12
1528_1_1 3 7 5 7 5 0 3 2 4 2 3 3 3 2 4 1 27 12 13 13 12 13 13 13 13 13 13 13 13 14 13 13 13 13 13 13 13 13 14 13 13 13 13 13 13 13 13 13 13 14 13 13 13 13 13 13 13 13 14 13 13 13 13 13 13 13 13 12 13 13 12
1529_1_3 4 4 8 5 6 1 2 3 5 1 3 3 2 3 2 2 27 12 13 13 13 13 13 13 13 13 13 13 14 13 13 13 14 13 13 13 13 12 13 13 13 13 13 13 13 13 13 13 13 13 12 13 13 13 13 14 13 13 13 14 13 13 13 13 13 13 13 13 13 13 12
1530_0_7 3 5 5 6 8 1 2 4 3 1 4 2 4 2 2 2 27 12 13 13 13 14 13 13 13 13 13 13 13 13 13 13 13 13 13 13 13 12 13 13 14 13 13 13 13 13 13 14 13 13 12 13 13 13 13 13 13 13 13 13 13 13 13 13 13 13 14 13 13 13 12
1530_1_7 3 8 6 5 5 1 2 4 3 1 4 2 4 2 2 2 27 12 13 13 13 14 13 13 13 13 13 13 13 13 13 13 13 13 13 13 13 12 13 13 14 13 13 13 13 13 13 14 13 13 12 13 13 13 13 13 13 13 13 13 13 13 13 13 13 13 14 13 13 13 12
1531_1_3 3 6 7 5 6 1 3 1 3 4 4 1 3 2 3 2 27 12 13 13 14 13 13 13 13 13 13 13 13 14 13 13 13 13 13 13 13 13 13 13 13 12 13 13 13 13 12 13 13 13 13 13 13 13 13 13 13 13 14 13 13 13 13 13 13 13 13 14 13 13 12
1533_1_1 3 6 7 5 6 0 3 3 3 3 4 1 3 2 3 2 27 12 13 13 13 13 13 13 13 13 13 13 13 14 13 13 13 13 13 13 12 13 13 13 14 13 13 13 13 13 13 14 13 13 13 12 13 13 13 13 13 13 14 13 13 13 13 13 13 13 13 13 13 13 12
1535_0_3 3 5 5 6 8 1 2 2 5 2 2 4 2 3 2 2 27 12 13 13 12 13 13 13 13 14 13 13 13 13 13 13 13 13 13 13 13 13 13 13 13 14 13 13 13 13 14 13 13 13 13 13 13 13 13 13 13 13 13 13 13 13 14 13 13 13 13 12 13 13 12
1536_0_3 3 5 8 5 6 1 2 3 5 1 3 3 2 3 2 2 27 12 13 13 13 13 13 13 13 13 14 13 12 13 13 13 14 13 13 13 13 13 13 13 13 13 13 13 13 13 13 13 13 13 13 13 13 13 13 14 13 13 13 12 13 14 13 13 13 13 13 13 13 13 12
1537_0_3 3 6 5 7 6 1 1 4 3 2 4 2 3 2 3 2 27 13 13 13 13 12 13 13 13 13 13 12 13 13 14 13 13 13 14 13 13 13 13 13 13 13 13 13 13 13 13 13 13 13 13 13 13 14 13 13 13 14 13 13 12 13 13 13 13 13 12 13 13 13 13
1538_1_1 4 5 4 8 6 0 4 2 3 3 3 2 3 3 3 1 27 12 13 13 13 13 13 13 13 13 13 13 13 12 13 13 13 13 13 13 13 14 13 13 13 13 14 13 13 14 13 13 13 13 14 13 13 13 13 13 13 13 12 13 13 13 13 13 13 13 13 13 13 13 12
1539_1_3 3 7 6 6 5 1 3 1 3 4 4 1 3 2 3 2 27 12 13 13 14 13 13 13 13 14 13 13 13 13 13 13 13 13 13 13 13 13 13 13 13 12 13 13 13 13 12 13 13 13 13 13 13 13 13 13 13 13 13 13 13 13 14 13 13 13 13 14 13 13 12
1541_1_1 3 8 6 5 5 0 4 2 3 3 3 2 3 3 3 1 27 12 13 13 13 13 13 13 13 13 13 13 13 12 13 14 13 13 13 13 13 13 13 14 13 13 13 13 13 13 13 13 14 13 13 13 13 13 13 13 14 13 12 13 13 13 13 13 13 13 13 13 13 13 12
1542_1_3 3 6 7 5 6 1 1 5 2 3 3 2 3 2 3 2 27 12 13 13 13 13 13 13 13 13 12 13 13 13 14 13 13 13 13 13 13 13 13 13 13 13 13 14 14 13 13 13 13 13 13 13 13 13 13 13 13 14 13 13 13 12 13 13 13 13 13 13 13 13 12
1543_1_3 4 5 5 5 8 1 2 3 5 1 3 3 2 3 2 2 27 12 14 13 13 13 13 13 13 13 13 13 13 13 13 13 13 13 13 13 12 13 13 13 13 13 13 14 14 13 13 13 13 13 13 12 13 13 13 13 13 13 13 13 13 13 13 13 13 13 13 13 13 14 12
1544_0_3 3 5 8 5 6 1 2 1 4 2 2 3 3 2 4 3 27 12 13 13 13 14 13 13 13 13 13 13 13 13 14 13 13 13 13 13 13 13 12 13 13 13 13 13 13 13 13 13 13 12 13 13 13 13 13 13 13 14 13 13 13 13 13 13 13 13 14 13 13 13 12
1545_0_3 3 5 6 6 7 1 1 5 2 3 3 2 3 2 3 2 27 12 13 13 13 13 13 13 13 13 12 13 13 13 13 13 14 13 13 14 13 13 13 13 13 13 13 13 13 13 13 13 13 13 13 13 14 13 13 14 13 13 13 13 13 12 13 13 13 13 13 13 13 13 12
1546_1_1 3 8 6 5 5 0 3 3 3 2 3 3 4 2 1 3 27 12 13 13 13 13 13 13 13 13 13 13 13 13 13 13 13 13 13 13 14 13 13 13 14 13 12 13 13 12 13 14 13 13 13 14 13 13 13 13 13 13 13 13 13 13 13 13 13 13 13 13 13 13 12
1547_0_7 3 5 5 6 8 1 2 4 3 1 4 2 4 2 2 2 27 12 13 13 13 14 13 13 13 13 13 13 13 14 13 13 13 13 13 13 13 13 13 12 13 13 13 13 13 13 13 13 12 13 13 13 13 13 13 13 13 13 14 13 13 13 13 13 13 13 14 13 13 13 12
1547_1_7 3 8 6 5 5 1 2 4 3 1 4 2 4 2 2 2 27 12 13 13 13 14 13 13 13 13 13 13 13 14 13 13 13 13 13 13 13 13 13 12 13 13 13 13 13 13 13 13 12 13 13 13 13 13 13 13 13 13 14 13 13 13 13 13 13 13 14 13 13 13 12
1548_1_3 3 6 7 5 6 1 2 2 3 5 1 3 3 3 2 2 27 12 13 13 13 13 13 13 13 14 13 13 14 13 13 12 13 13 13 13 13 13 13 13 13 13 13 13 13 13 13 13 13 13 13 13 13 13 13 13 12 13 13 14 13 13 14 13 13 13 13 13 13 13 12
1549_1_3 4 4 8 5 6 1 1 3 2 3 2 3 3 2 5 2 27 12 13 13 13 13 13 14 13 13 13 13 13 13 13 13 13 13 13 12 13 14 13 13 13 13 13 13 13 13 13 13 13 13 14 13 12 13 13 13 13 13 13 13 13 13 13 13 14 13 13 13 13 13 12
1550_1_1 4 4 8 5 6 1 2 3 1 4 2 2 3 4 3 2 27 12 13 13 13 13 14 13 13 13 13 12 13 13 13 13 13 13 13 13 13 13 13 14 13 13 13 13 13 13 13 13 14 13 13 13 13 13 13 13 13 13 13 13 12 13 13 13 13 14 13 13 13 13 12
1551_0_3 4 4 7 5 7 1 2 3 5 1 3 3 2 3 2 2 27 12 13 13 13 13 13 13 13 13 12 13 14 13 13 13 13 14 13 13 13 13 13 13 13 13 13 13 13 13 13 13 13 13 13 13 13 13 14 13 13 13 13 14 13 12 13 13 13 13 13 13 13 13 12
1551_2_3 4 8 5 5 5 1 2 3 5 1 3 3 2 3 2 2 27 12 13 13 13 13 13 13 13 13 12 13 14 13 13 13 13 14 13 13 13 13 13 13 13 13 13 13 13 13 13 13 13 13 13 13 13 13 14 13 13 13 13 14 13 12 13 13 13 13 13 13 13 13 12
1552_1_3 4 5 5 5 8 1 2 2 3 5 1 3 3 3 2 2 27 12 13 13 13 13 13 13 13 13 13 13 13 14 13 12 13 13 13 13 13 13 13 14 13 13 13 13 13 13 13 13 14 13 13 13 13 13 13 13 12 13 14 13 13 13 13 13 13 13 13 13 13 13 12
1553_1_1 3 7 6 6 5 1 1 4 1 3 3 2 3 3 4 2 27 12 13 13 14 13 13 13 13 13 13 13 13 13 13 12 13 13 13 13 13 13 13 13 13 13 14 13 13 14 13 13 13 13 13 13 13 13 13 13 12 13 13 13 13 13 13 13 13 13 13 14 13 13 12
1555_0_1 3 5 5 6 8 0 3 3 2 4 2 3 2 3 3 2 27 12 13 13 13 13 14 13 13 13 13 12 13 13 13 13 13 13 13 13 13 13 13 13 13 14 13 13 13 13 14 13 13 13 13 13 13 13 13 13 13 13 13 13 12 13 13 13 13 14 13 13 13 13 12
1556_0_1 3 5 5 6 8 0 3 3 3 4 2 3 1 2 3 3 27 12 13 13 12 13 14 13 13 13 13 13 13 13 13 14 13 13 13 13 13 13 13 13 13 13 13 13 13 13 13 13 13 13 13 13 13 13 13 13 14 13 13 13 13 13 13 13 13 14 13 12 13 13 12
1557_0_1 3 5 8 5 6 1 2 3 1 4 2 2 3 4 3 2 27 12 13 13 13 13 13 13 13 13 14 13 13 13 13 13 14 13 13 13 13 13 12 13 13 13 13 13 13 13 13 13 13 12 13 13 13 13 13 14 13 13 13 13 13 14 13 13 13 13 13 13 13 13 12
1557_1_3 3 6 5 8 5 1 2 3 4 3 2 2 4 1 3 2 27 12 13 13 13 13 13 13 13 13 14 13 13 13 13 13 14 13 13 13 13 13 12 13 13 13 13 13 13 13 13 13 13 12 13 13 13 13 13 14 13 13 13 13 13 14 13 13 13 13 13 13 13 13 12
1558_1_1 4 4 8 5 6 0 4 3 3 3 3 1 2 2 3 3 27 12 13 13 13 13 13 13 14 13 13 13 12 13 13 13 13 14 13 13 13 13 13 13 13 13 13 13 13 13 13 13 13 13 13 13 13 13 14 13 13 13 13 12 13 13 13 14 13 13 13 13 13 13 12
1559_1_1 3 8 6 5 5 0 3 4 3 2 3 3 3 2 1 3 27 12 13 13 13 13 12 13 13 13 14 13 13 13 14 13 13 13 13 13 13 13 13 13 13 13 13 13 13 13 13 13 13 13 13 13 13 13 13 13 13 14 13 13 13 14 13 13 13 12 13 13 13 13 12
1560_1_1 3 7 6 6 5 0 3 3 3 3 4 1 3 3 2 2 27 12 13 13 13 13 13 13 13 13 13 13 13 13 13 12 13 13 13 13 13 14 13 13 14 13 13 13 13 13 13 14 13 13 14 13 13 13 13 13 12 13 13 13 13 13 13 13 13 13 13 13 13 13 12
1562_0_1 4 4 7 5 7 0 3 2 4 2 3 3 3 2 4 1 27 12 13 13 13 13 13 13 13 13 13 13 13 14 13 12 13 13 13 13 13 13 14 13 13 13 13 13 13 13 13 13 13 14 13 13 13 13 13 13 12 13 14 13 13 13 13 13 13 13 13 13 13 13 12
1563_1_1 3 8 6 5 5 1 3 1 3 3 1 3 4 4 2 2 27 12 13 13 13 13 13 13 13 13 14 13 13 13 13 13 13 13 13 12 13 14 13 13 13 13 13 13 13 13 13 13 13 13 14 13 12 13 13 13 13 13 13 13 13 14 13 13 13 13 13 13 13 13 12
1565_1_1 3 6 5 8 5 1 1 4 1 3 3 2 3 3 4 2 27 12 13 13 13 13 13 12 13 13 13 13 13 13 13 14 13 13 13 13 13 13 13 13 13 13 14 13 13 14 13 13 13 13 13 13 13 13 13 13 14 13 13 13 13 13 13 13 12 13 13 13 13 13 12
1566_0_7 3 5 7 5 7 1 2 4 3 1 4 2 4 2 2 2 27 12 13 13 13 13 13 13 13 13 13 13 13 14 13 13 13 14 13 13 13 12 13 13 13 13 13 13 13 13 13 13 13 13 12 13 13 13 14 13 13 13 14 13 13 13 13 13 13 13 13 13 13 13 12
1566_1_7 3 7 5 7 5 1 2 4 3 1 4 2 4 2 2 2 27 12 13 13 13 13 13 13 13 13 13 13 13 14 13 13 13 14 13 13 13 12 13 13 13 13 13 13 13 13 13 13 13 13 12 13 13 13 14 13 13 13 14 13 13 13 13 13 13 13 13 13 13 13 12
1567_1_1 3 8 6 5 5 1 2 3 1 4 2 2 3 4 3 2 27 12 13 13 13 14 13 13 13 13 13 12 13 13 13 13 13 13 13 13 13 14 13 13 13 13 13 13 13 13 13 13 13 13 14 13 13 13 13 13 13 13 13 13 12 13 13 13 13 13 14 13 13 13 12
1568_0_3 3 5 6 6 7 1 2 3 5 1 3 3 2 3 2 2 27 12 13 13 13 13 13 13 13 13 13 13 13 13 13 13 14 13 13 13 12 13 13 13 14 13 13 13 13 13 13 14 13 13 13 12 13 13 13 14 13 13 13 13 13 13 13 13 13 13 13 13 13 13 12
1569_0_3 4 5 4 6 8 1 3 1 3 3 2 2 5 3 2 2 27 12 13 13 13 13 13 13 13 13 13 13 13 13 13 13 13 12 13 14 13 14 13 13 13 13 13 13 13 13 13 13 13 13 14 13 14 13 12 13 13 13 13 13 13 13 13 13 13 13 13 13 13 13 12
1570_1_1 3 6 7 5 6 1 2 2 5 1 2 4 3 3 2 2 27 12 13 13 14 13 13 13 13 13 13 13 13 13 13 13 13 13 13 13 12 13 14 13 13 13 13 13 13 13 13 13 13 14 13 12 13 13 13 13 13 13 13 13 13 13 13 13 13 13 13 14 13 13 12
1572_0_3 4 4 7 5 7 1 3 1 4 4 2 2 3 3 2 2 27 13 13 13 13 12 13 13 13 13 13 12 13 13 13 13 13 14 14 13 13 13 13 13 13 13 13 13 13 13 13 13 13 13 13 13 13 14 14 13 13 13 13 13 12 13 13 13 13 13 12 13 13 13 13
1572_1_5 4 5 5 5 8 1 3 2 2 3 5 2 2 2 2 3 27 13 13 13 13 12 13 13 13 13 13 12 13 13 13 13 13 14 14 13 13 13 13 13 13 13 13 13 13 13 13 13 13 13 13 13 13 14 14 13 13 13 13 13 12 13 13 13 13 13 12 13 13 13 13
1573_0_1 3 5 5 6 8 0 4 3 3 3 3 1 2 2 3 3 27 12 13 13 13 14 13 13 13 13 13 13 13 13 13 13 13 13 13 14 13 12 13 13 13 13 13 13 13 13 13 13 13 13 12 13 14 13 13 13 13 13 13 13 13 13 13 13 13 13 14 13 13 13 12
1574_0_1 4 4 6 5 8 1 1 2 5 1 3 3 3 3 3 2 27 12 13 12 13 13 13 13 13 13 13 13 14 13 13 13 13 13 13 13 13 13 14 13 13 13 13 13 13 13 13 13 13 14 13 13 13 13 13 13 13 13 13 14 13 13 13 13 13 13 13 13 12 13 12
1575_1_1 4 5 4 8 6 0 3 3 2 4 2 3 2 3 3 2 27 12 13 13 13 13 14 13 13 13 13 13 13 13 14 13 13 13 13 13 13 13 12 13 13 13 13 13 13 13 13 13 13 12 13 13 13 13 13 13 13 14 13 13 13 13 13 13 13 14 13 13 13 13 12
1577_0_1 3 5 5 6 8 0 3 2 3 2 2 4 4 2 2 3 27 12 13 13 13 13 13 13 13 13 13 13 13 13 14 13 12 13 13 13 14 13 13 13 13 13 13 13 13 13 13 13 13 13 13 14 13 13 13 12 13 14 13 13 13 13 13 13 13 13 13 13 13 13 12
1577_1_1 3 8 6 5 5 0 3 2 3 2 2 4 4 2 2 3 27 12 13 13 13 13 13 13 13 13 13 13 13 13 14 13 12 13 13 13 14 13 13 13 13 13 13 13 13 13 13 13 13 13 13 14 13 13 13 12 13 14 13 13 13 13 13 13 13 13 13 13 13 13 12
1578_0_1 3 5 5 6 8 1 1 4 3 3 3 2 4 1 3 2 27 12 13 13 13 13 13 13 13 13 13 13 13 14 13 13 13 12 13 13 14 13 13 13 13 13 13 13 13 13 13 13 13 13 13 14 13 13 12 13 13 13 14 13 13 13 13 13 13 13 13 13 13 13 12
1579_0_1 4 4 6 5 8 1 2 1 4 3 2 2 5 2 3 2 27 12 13 13 13 13 12 13 13 13 13 14 13 14 13 13 13 13 13 13 13 13 13 13 13 13 13 13 13 13 13 13 13 13 13 13 13 13 13 13 13 13 14 13 14 13 13 13 13 12 13 13 13 13 12
1580_0_5 3 5 7 5 7 0 4 2 2 2 3 2 4 3 3 2 27 12 13 13 13 13 13 13 13 13 13 13 13 14 13 13 13 13 13 13 13 12 13 13 13 13 13 14 14 13 13 13 13 13 12 13 13 13 13 13 13 13 14 13 13 13 13 13 13 13 13 13 13 13 12
1580_1_5 3 7 5 7 5 0 4 2 2 2 3 2 4 3 3 2 27 12 13 13 13 13 13 13 13 13 13 13 13 14 13 13 13 13 13 13 13 12 13 13 13 13 13 14 14 13 13 13 13 13 12 13 13 13 13 13 13 13 14 13 13 13 13 13 13 13 13 13 13 13 12
1581_0_5 4 4 6 5 8 1 2 2 5 3 1 4 2 3 2 2 27 12 13 13 12 13 13 13 13 13 13 13 13 13 13 13 14 13 13 13 13 13 14 13 13 13 13 13 13 13 13 13 13 14 13 13 13 13 13 14 13 13 13 13 13 13 13 13 13 13 13 12 13 13 12
1581_1_5 4 4 8 5 6 1 2 2 5 3 1 4 2 3 2 2 27 12 13 13 12 13 13 13 13 13 13 13 13 13 13 13 14 13 13 13 13 13 14 13 13 13 13 13 13 13 13 13 13 14 13 13 13 13 13 14 13 13 13 13 13 13 13 13 13 13 13 12 13 13 12
1582_1_1 4 5 4 8 6 0 4 3 3 3 3 1 2 2 3 3 27 12 13 13 13 13 13 13 13 13 13 13 12 13 14 13 14 13 13 13 13 13 13 13 13 13 13 13 13 13 13 13 13 13 13 13 13 13 13 14 13 14 13 12 13 13 13 13 13 13 13 13 13 13 12
1583_0_5 3 5 6 6 7 1 1 5 2 3 3 3 2 3 2 2 27 12 13 13 13 12 13 13 13 14 13 13 13 13 13 13 13 13 13 14 13 13 13 13 13 13 13 13 13 13 13 13 13 13 13 13 14 13 13 13 13 13 13 13 13 13 14 13 13 13 12 13 13 13 12
1583_1_5 3 7 6 6 5 1 1 5 2 3 3 3 2 3 2 2 27 12 13 13 13 12 13 13 13 14 13 13 13 13 13 13 13 13 13 14 13 13 13 13 13 13 13 13 13 13 13 13 13 13 13 13 14 13 13 13 13 13 13 13 13 13 14 13 13 13 12 13 13 13 12
1584_1_1 4 4 8 5 6 0 3 3 3 4 2 3 1 2 3 3 27 12 13 13 13 13 13 13 13 13 13 13 13 13 14 13 13 13 13 12 13 13 13 13 13 13 13 14 14 13 13 13 13 13 13 13 12 13 13 13 13 14 13 13 13 13 13 13 13 13 13 13 13 13 12
1585_0_5 4 5 4 7 7 1 5 3 3 2 2 2 2 2 3 2 27 13 13 13 13 12 13 13 13 13 13 13 13 13 13 13 14 13 13 14 13 13 12 13 13 13 13 13 13 13 13 13 13 12 13 13 14 13 13 14 13 13 13 13 13 13 13 13 13 13 12 13 13 13 13
1585_2_1 4 5 8 5 5 1 1 4 3 3 2 3 3 3 1 3 27 13 13 13 13 12 13 13 13 13 13 13 13 13 13 13 14 13 13 14 13 13 12 13 13 13 13 13 13 13 13 13 13 12 13 13 14 13 13 14 13 13 13 13 13 13 13 13 13 13 12 13 13 13 13
1586_1_1 4 4 8 5 6 0 4 3 3 3 3 1 3 3 2 2 27 12 13 13 13 14 13 13 13 13 13 13 13 13 13 13 13 13 13 13 13 13 13 13 13 12 13 14 14 13 12 13 13 13 13 13 13 13 13 13 13 13 13 13 13 13 13 13 13 13 14 13 13 13 12
1588_0_3 4 4 6 5 8 1 2 1 4 2 2 3 3 2 4 3 27 12 13 13 13 13 13 13 14 13 13 13 13 13 13 13 13 14 13 13 13 13 12 13 13 13 13 13 13 13 13 13 13 12 13 13 13 13 14 13 13 13 13 13 13 13 13 14 13 13 13 13 13 13 12
1589_1_1 4 5 4 8 6 1 1 2 5 1 3 3 3 3 3 2 27 12 13 12 13 13 13 13 13 13 13 14 13 13 13 13 13 13 13 13 13 14 13 13 13 13 13 13 13 13 13 13 13 13 14 13 13 13 13 13 13 13 13 13 14 13 13 13 13 13 13 13 12 13 12
1591_0_3 3 6 6 6 6 1 5 4 2 2 2 2 2 2 2 3 27 13 13 13 13 12 13 13 13 13 13 13 13 13 13 12 13 13 13 14 13 13 13 14 13 13 13 13 13 13 13 13 14 13 13 13 14 13 13 13 12 13 13 13 13 13 13 13 13 13 12 13 13 13 13
1593_0_1 4 4 6 5 8 1 2 3 1 4 2 2 3 4 3 2 27 12 13 13 13 13 13 13 13 13 13 13 14 13 13 13 13 14 13 13 13 13 12 13 13 13 13 13 13 13 13 13 13 12 13 13 13 13 14 13 13 13 13 14 13 13 13 13 13 13 13 13 13 13 12
1593_1_3 4 4 8 5 6 1 2 3 4 3 2 2 4 1 3 2 27 12 13 13 13 13 13 13 13 13 13 13 14 13 13 13 13 14 13 13 13 13 12 13 13 13 13 13 13 13 13 13 13 12 13 13 13 13 14 13 13 13 13 14 13 13 13 13 13 13 13 13 13 13 12
1595_0_1 3 5 5 6 8 1 1 3 2 4 1 3 4 3 2 3 27 12 13 13 12 13 13 13 13 13 13 13 13 13 14 13 13 13 13 13 14 13 13 13 13 13 13 13 13 13 13 13 13 13 13 14 13 13 13 13 13 14 13 13 13 13 13 13 13 13 13 12 13 13 12
1596_0_1 3 5 8 5 6 1 1 4 1 3 3 2 3 3 4 2 27 12 12 13 14 13 13 13 13 13 13 13 13 13 13 13 13 13 13 13 14 13 13 13 13 13 13 13 13 13 13 13 13 13 13 14 13 13 13 13 13 13 13 13 13 13 13 13 13 13 13 14 13 12 12
1597_1_1 4 4 8 5 6 0 4 2 2 2 2 4 3 3 3 2 27 12 13 13 12 13 13 13 13 13 13 13 13 13 14 13 13 13 13 13 13 13 13 13 13 13 13 14 14 13 13 13 13 13 13 13 13 13 13 13 13 14 13 13 13 13 13 13 13 13 13 12 13 13 12
1598_0_5 3 6 5 7 6 1 2 3 2 2 3 3 2 5 2 2 27 13 13 13 13 12 13 13 13 13 13 12 13 13 13 13 13 14 13 13 13 13 13 13 14 13 13 13 13 13 13 14 13 13 13 13 13 13 14 13 13 13 13 13 12 13 13 13 13 13 12 13 13 13 13
1599_0_1 3 6 5 7 6 1 1 4 1 3 3 2 3 3 4 2 27 12 13 13 13 13 13 14 13 13 13 13 13 13 13 12 13 13 13 13 13 13 13 13 13 13 14 13 13 14 13 13 13 13 13 13 13 13 13 13 12 13 13 13 13 13 13 13 14 13 13 13 13 13 12
1601_0_1 4 4 6 5 8 0 3 3 3 3 4 1 3 2 3 2 27 12 13 13 12 13 13 14 13 14 13 13 13 13 13 13 13 13 13 13 13 13 13 13 13 13 13 13 13 13 13 13 13 13 13 13 13 13 13 13 13 13 13 13 13 13 14 13 14 13 13 12 13 13 12
1602_1_1 3 6 5 8 5 0 4 3 3 3 3 1 2 2 3 3 27 12 13 13 13 14 13 13 13 13 13 13 12 13 14 13 13 13 13 13 13 13 13 13 13 13 13 13 13 13 13 13 13 13 13 13 13 13 13 13 13 14 13 12 13 13 13 13 13 13 14 13 13 13 12
1603_1_1 4 4 8 5 6 1 2 2 3 2 5 3 1 3 2 3 27 12 13 13 13 13 13 14 13 13 13 13 13 14 13 13 13 12 13 13 13 13 13 13 13 13 13 13 13 13 13 13 13 13 13 13 13 13 12 13 13 13 14 13 13 13 13 13 14 13 13 13 13 13 12
1604_1_1 4 5 5 5 8 0 3 4 3 2 3 3 3 2 1 3 27 12 13 13 13 12 13 13 14 13 13 13 13 13 13 13 13 13 13 13 13 13 13 14 13 13 13 13 13 13 13 13 14 13 13 13 13 13 13 13 13 13 13 13 13 13 13 14 13 13 12 13 13 13 12
1605_0_1 3 5 5 6 8 1 1 4 3 3 3 3 1 3 2 3 27 12 13 13 13 13 13 14 13 13 14 13 13 13 13 13 13 13 13 13 13 13 12 13 13 13 13 13 13 13 13 13 13 12 13 13 13 13 13 13 13 13 13 13 13 14 13 13 14 13 13 13 13 13 12
1605_1_3 3 8 6 5 5 1 3 1 4 4 2 2 3 3 2 2 27 12 13 13 13 13 13 14 13 13 14 13 13 13 13 13 13 13 13 13 13 13 12 13 13 13 13 13 13 13 13 13 13 12 13 13 13 13 13 13 13 13 13 13 13 14 13 13 14 13 13 13 13 13 12
1606_1_1 3 8 6 5 5 0 3 4 3 2 3 3 3 2 1 3 27 12 13 13 13 13 13 13 13 13 14 13 13 13 14 13 12 13 13 13 13 13 13 13 13 13 13 13 13 13 13 13 13 13 13 13 13 13 13 12 13 14 13 13 13 14 13 13 13 13 13 13 13 13 12
1607_0_5 4 4 7 5 7 1 2 3 2 2 3 3 2 5 2 2 27 13 13 13 13 12 13 13 13 13 13 12 13 14 13 13 13 14 13 13 13 13 13 13 13 13 13 13 13 13 13 13 13 13 13 13 13 13 14 13 13 13 14 13 12 13 13 13 13 13 12 13 13 13 13
1607_2_1 4 8 5 5 5 1 1 4 2 3 2 3 4 2 3 2 27 13 13 13 13 12 13 13 13 13 13 12 13 14 13 13 13 14 13 13 13 13 13 13 13 13 13 13 13 13 13 13 13 13 13 13 13 13 14 13 13 13 14 13 12 13 13 13 13 13 12 13 13 13 13
1608_1_1 3 8 6 5 5 1 1 4 1 3 3 2 3 3 4 2 27 12 13 13 13 13 13 13 13 13 13 13 13 13 13 13 13 13 13 13 14 13 13 13 12 13 14 13 13 14 13 12 13 13 13 14 13 13 13 13 13 13 13 13 13 13 13 13 13 13 13 13 13 13 12
1610_1_1 4 4 8 5 6 1 1 3 3 5 1 3 3 2 2 3 27 12 13 12 13 13 13 13 14 13 13 13 13 13 13 13 13 13 13 13 13 13 14 13 13 13 13 13 13 13 13 13 13 14 13 13 13 13 13 13 13 13 13 13 13 13 13 14 13 13 13 13 12 13 12
1611_1_3 3 6 7 5 6 1 1 5 2 3 3 2 3 2 3 2 27 12 13 13 13 13 14 13 14 13 12 13 13 13 13 13 13 13 13 13 13 13 13 13 13 13 13 13 13 13 13 13 13 13 13 13 13 13 13 13 13 13 13 13 13 12 13 14 13 14 13 13 13 13 12
1612_0_7 4 4 7 5 7 1 2 4 3 1 4 2 4 2 2 2 27 12 14 13 13 13 13 13 13 13 12 13 13 13 13 13 13 13 13 13 13 13 13 13 13 13 13 14 14 13 13 13 13 13 13 13 13 13 13 13 13 13 13 13 13 12 13 13 13 13 13 13 13 14 12
1612_1_7 4 5 5 5 8 1 2 4 3 1 4 2 4 2 2 2 27 12 14 13 13 13 13 13 13 13 12 13 13 13 13 13 13 13 13 13 13 13 13 13 13 13 13 14 14 13 13 13 13 13 13 13 13 13 13 13 13 13 13 13 13 12 13 13 13 13 13 13 13 14 12
1612_2_7 4 8 5 5 5 1 2 4 3 1 4 2 4 2 2 2 27 12 14 13 13 13 13 13 13 13 12 13 13 13 13 13 13 13 13 13 13 13 13 13 13 13 13 14 14 13 13 13 13 13 13 13 13 13 13 13 13 13 13 13 13 12 13 13 13 13 13 13 13 14 12
1614_1_1 3 8 6 5 5 0 3 1 3 3 3 3 2 3 4 2 27 12 13 13 12 13 13 13 13 13 14 13 13 13 13 13 13 13 13 14 13 13 13 13 13 13 13 13 13 13 13 13 13 13 13 13 14 13 13 13 13 13 13 13 13 14 13 13 13 13 13 12 13 13 12
1615_1_3 4 4 8 5 6 1 2 3 5 1 3 3 2 3 2 2 27 12 13 12 13 13 13 13 14 13 13 13 13 13 13 13 13 14 13 13 13 13 13 13 13 13 13 13 13 13 13 13 13 13 13 13 13 13 14 13 13 13 13 13 13 13 13 14 13 13 13 13 12 13 12
1616_1_3 4 5 4 8 6 1 2 4 2 4 3 2 2 1 4 2 27 12 12 13 14 13 13 13 13 13 13 13 13 13 14 13 13 13 13 13 13 13 13 13 13 13 13 13 13 13 13 13 13 13 13 13 13 13 13 13 13 14 13 13 13 13 13 13 13 13 13 14 13 12 12
1617_1_1 3 6 5 8 5 1 1 4 3 3 2 3 3 3 1 3 27 12 13 13 13 13 13 13 13 13 14 13 13 13 14 13 13 13 13 13 13 13 12 13 13 13 13 13 13 13 13 13 13 12 13 13 13 13 13 13 13 14 13 13 13 14 13 13 13 13 13 13 13 13 12
1618_0_3 3 5 8 5 6 1 2 4 2 4 3 2 2 1 4 2 27 12 13 13 13 13 13 13 13 13 13 13 13 12 13 14 13 13 13 14 13 13 13 13 13 13 13 13 13 13 13 13 13 13 13 13 14 13 13 13 14 13 12 13 13 13 13 13 13 13 13 13 13 13 12
1619_1_1 3 8 6 5 5 1 2 2 5 1 2 4 3 3 2 2 27 12 13 13 13 13 13 13 13 13 13 13 13 12 13 14 13 13 13 13 13 13 14 13 13 13 13 13 13 13 13 13 13 14 13 13 13 13 13 13 14 13 12 13 13 13 13 13 13 13 13 13 13 13 12
1620_1_1 4 5 5 5 8 1 1 4 2 3 2 3 4 2 3 2 27 13 13 13 13 12 13 13 13 13 13 12 13 14 13 13 13 13 13 13 13 13 13 13 13 13 13 14 14 13 13 13 13 13 13 13 13 13 13 13 13 13 14 13 12 13 13 13 13 13 12 13 13 13 13
1620_2_3 4 8 5 5 5 1 2 1 4 3 3 3 3 1 3 3 27 13 13 13 13 12 13 13 13 13 13 12 13 14 13 13 13 13 13 13 13 13 13 13 13 13 13 14 14 13 13 13 13 13 13 13 13 13 13 13 13 13 14 13 12 13 13 13 13 13 12 13 13 13 13
1621_1_1 4 4 8 5 6 0 4 3 3 3 3 1 2 2 3 3 27 12 13 13 13 13 13 13 13 13 13 13 13 13 13 13 13 14 13 14 13 12 13 13 13 13 13 13 13 13 13 13 13 13 12 13 14 13 14 13 13 13 13 13 13 13 13 13 13 13 13 13 13 13 12
1622_1_1 3 6 7 5 6 0 3 3 3 4 2 3 1 2 3 3 27 12 13 13 13 13 13 13 13 13 13 13 13 14 13 13 14 13 13 13 12 13 13 13 13 13 13 13 13 13 13 13 13 13 13 12 13 13 13 14 13 13 14 13 13 13 13 13 13 13 13 13 13 13 12
1623_2_1 4 8 5 5 5 1 2 1 3 3 3 5 1 2 3 3 27 12 13 13 13 13 13 13 13 13 13 13 14 13 13 12 13 13 13 13 13 13 14 13 13 13 13 13 13 13 13 13 13 14 13 13 13 13 13 13 12 13 13 14 13 13 13 13 13 13 13 13 13 13 12
1625_1_1 3 8 6 5 5 0 3 3 2 1 3 3 4 3 2 3 27 12 13 13 13 14 13 13 13 13 13 13 13 13 13 13 13 13 13 12 13 14 13 13 13 13 13 13 13 13 13 13 13 13 14 13 12 13 13 13 13 13 13 13 13 13 13 13 13 13 14 13 13 13 12
1626_0_7 4 5 4 6 8 1 2 4 3 1 4 2 4 2 2 2 27 12 13 13 13 13 13 13 13 14 13 13 13 13 13 13 14 13 13 13 13 13 13 12 13 13 13 13 13 13 13 13 12 13 13 13 13 13 13 14 13 13 13 13 13 13 14 13 13 13 13 13 13 13 12
1626_1_7 4 5 4 8 6 1 2 4 3 1 4 2 4 2 2 2 27 12 13 13 13 13 13 13 13 14 13 13 13 13 13 13 14 13 13 13 13 13 13 12 13 13 13 13 13 13 13 13 12 13 13 13 13 13 13 14 13 13 13 13 13 13 14 13 13 13 13 13 13 13 12
1627_1_3 3 6 7 5 6 1 2 2 5 2 2 4 2 3 2 2 27 12 13 13 13 13 13 13 13 13 13 13 13 14 13 12 13 13 13 14 13 13 13 13 13 13 13 13 13 13 13 13 13 13 13 13 14 13 13 13 12 13 14 13 13 13 13 13 13 13 13 13 13 13 12
1629_1_1 3 6 7 5 6 1 1 4 1 3 3 2 3 3 4 2 27 12 13 13 14 13 13 14 13 13 13 13 13 13 13 12 13 13 13 13 13 13 13 13 13 13 13 13 13 13 13 13 13 13 13 13 13 13 13 13 12 13 13 13 13 13 13 13 14 13 13 14 13 13 12
1631_0_1 3 5 6 6 7 0 2 3 3 4 2 3 2 2 2 4 27 12 13 13 13 13 14 13 13 13 12 13 13 13 13 13 13 13 13 13 13 13 13 13 14 13 13 13 13 13 13 14 13 13 13 13 13 13 13 13 13 13 13 13 13 12 13 13 13 14 13 13 13 13 12
1631_1_1 3 7 6 6 5 0 2 3 3 4 2 3 2 2 2 4 27 12 13 13 13 13 14 13 13 13 12 13 13 13 13 13 13 13 13 13 13 13 13 13 14 13 13 13 13 13 13 14 13 13 13 13 13 13 13 13 13 13 13 13 13 12 13 13 13 14 13 13 13 13 12
1632_0_1 3 5 5 6 8 1 2 2 3 2 5 3 1 3 2 3 27 12 13 13 13 13 13 13 13 13 13 13 13 14 13 14 13 12 13 13 13 13 13 13 13 13 13 13 13 13 13 13 13 13 13 13 13 13 12 13 14 13 14 13 13 13 13 13 13 13 13 13 13 13 12
1633_0_1 4 4 6 5 8 1 3 3 2 5 2 2 2 3 2 2 27 12 13 13 13 13 13 13 13 13 13 12 13 14 13 13 13 13 13 14 13 13 13 13 13 13 13 13 13 13 13 13 13 13 13 13 14 13 13 13 13 13 14 13 12 13 13 13 13 13 13 13 13 13 12
1635_1_1 3 8 6 5 5 1 1 4 1 3 3 2 3 3 4 2 27 12 13 13 12 13 13 13 13 13 13 13 13 13 13 14 13 13 13 13 13 13 13 13 13 13 14 13 13 14 13 13 13 13 13 13 13 13 13 13 14 13 13 13 13 13 13 13 13 13 13 12 13 13 12
1637_1_1 4 4 8 5 6 1 3 1 3 3 1 3 4 4 2 2 27 12 13 13 13 13 13 13 13 13 13 13 13 13 13 13 13 13 13 12 13 14 13 14 13 13 13 13 13 13 13 13 14 13 14 13 12 13 13 13 13 13 13 13 13 13 13 13 13 13 13 13 13 13 12
1639_1_1 4 4 8 5 6 0 3 2 4 2 3 3 3 2 4 1 27 12 13 13 13 13 13 13 13 13 13 13 13 13 13 13 13 13 13 13 13 13 14 13 14 13 12 13 13 12 13 14 13 14 13 13 13 13 13 13 13 13 13 13 13 13 13 13 13 13 13 13 13 13 12
1640_1_3 4 4 8 5 6 1 2 5 2 4 2 2 2 2 3 2 27 12 13 13 13 13 13 13 13 13 13 13 13 13 12 13 13 13 13 13 13 13 13 13 14 13 13 14 14 13 13 14 13 13 13 13 13 13 13 13 13 12 13 13 13 13 13 13 13 13 13 13 13 13 12
1642_1_1 3 8 6 5 5 1 3 3 2 5 2 2 2 3 2 2 27 12 13 13 13 13 13 13 13 14 13 12 13 13 13 13 13 13 13 13 13 13 13 13 13 14 13 13 13 13 14 13 13 13 13 13 13 13 13 13 13 13 13 13 12 13 14 13 13 13 13 13 13 13 12
1644_0_3 3 5 6 6 7 1 1 4 3 2 4 2 3 2 3 2 27 13 13 13 13 12 13 13 13 13 13 12 13 13 14 13 13 13 13 13 13 13 13 13 13 13 14 13 13 14 13 13 13 13 13 13 13 13 13 13 13 14 13 13 12 13 13 13 13 13 12 13 13 13 13
1645_1_1 3 8 6 5 5 0 3 3 3 3 4 1 3 2 3 2 27 12 13 13 12 13 13 13 13 14 13 13 13 13 13 14 13 13 13 13 13 13 13 13 13 13 13 13 13 13 13 13 13 13 13 13 13 13 13 13 14 13 13 13 13 13 14 13 13 13 13 12 13 13 12
1647_0_3 3 6 6 6 6 1 2 1 4 4 2 4 2 2 2 3 27 13 13 13 13 12 13 13 13 13 13 13 13 14 13 12 13 13 13 13 13 13 13 13 14 13 13 13 13 13 13 14 13 13 13 13 13 13 13 13 12 13 14 13 13 13 13 13 13 13 12 13 13 13 13
1649_1_1 3 8 6 5 5 0 3 2 4 2 3 3 3 2 4 1 27 12 13 13 13 13 13 13 13 13 13 14 13 13 13 13 13 13 13 13 14 13 13 13 13 13 12 13 13 12 13 13 13 13 13 14 13 13 13 13 13 13 13 13 14 13 13 13 13 13 13 13 13 13 12
1650_1_3 3 7 6 6 5 1 1 4 3 2 4 2 3 2 3 2 27 13 13 13 13 12 13 13 13 13 13 13 13 13 14 13 13 13 14 13 13 13 12 13 13 13 13 13 13 13 13 13 13 12 13 13 13 14 13 13 13 14 13 13 13 13 13 13 13 13 12 13 13 13 13
1651_1_3 3 7 5 7 5 1 2 3 5 1 3 3 2 3 2 2 27 12 13 13 13 13 13 13 14 13 13 13 13 13 12 13 13 13 13 13 13 13 13 13 13 13 13 14 14 13 13 13 13 13 13 13 13 13 13 13 13 12 13 13 13 13 13 14 13 13 13 13 13 13 12
1652_1_1 3 8 6 5 5 1 1 4 3 3 2 3 3 3 1 3 27 12 13 13 13 13 13 13 13 13 13 12 13 13 13 13 13 13 13 13 13 14 13 13 13 14 13 13 13 13 14 13 13 13 14 13 13 13 13 13 13 13 13 13 12 13 13 13 13 13 13 13 13 13 12
1653_1_1 3 7 6 6 5 0 3 2 4 2 3 3 3 2 4 1 27 12 13 13 13 13 13 13 13 13 13 14 13 13 13 12 13 13 13 13 13 13 13 13 14 13 13 13 13 13 13 14 13 13 13 13 13 13 13 13 12 13 13 13 14 13 13 13 13 13 13 13 13 13 12
1654_1_3 3 6 7 5 6 1 1 3 2 3 2 3 3 2 5 2 27 12 13 13 13 13 13 13 13 13 13 13 13 13 13 13 13 13 14 13 13 14 13 13 13 12 13 13 13 13 12 13 13 13 14 13 13 14 13 13 13 13 13 13 13 13 13 13 13 13 13 13 13 13 12
1656_0_1 3 6 5 7 6 0 3 4 1 3 2 4 3 3 2 2 27 12 13 13 13 13 13 13 13 13 13 13 13 13 13 13 14 13 13 13 13 13 14 13 13 12 13 13 13 13 12 13 13 14 13 13 13 13 13 14 13 13 13 13 13 13 13 13 13 13 13 13 13 13 12
1658_0_1 4 4 6 5 8 1 1 3 2 4 1 3 4 3 2 3 27 12 13 13 12 13 13 13 13 13 13 13 13 14 13 13 13 13 13 14 13 13 13 13 13 13 13 13 13 13 13 13 13 13 13 13 14 13 13 13 13 13 14 13 13 13 13 13 13 13 13 12 13 13 12
1659_0_1 4 5 4 6 8 1 3 3 2 5 2 2 2 3 2 2 27 12 13 13 13 13 13 13 13 14 13 13 13 13 13 13 13 13 13 14 13 13 12 13 13 13 13 13 13 13 13 13 13 12 13 13 14 13 13 13 13 13 13 13 13 13 14 13 13 13 13 13 13 13 12
1661_1_1 3 8 6 5 5 1 3 3 2 5 2 2 2 3 2 2 27 12 13 13 13 13 13 13 14 13 13 13 13 13 13 13 13 13 13 13 14 13 12 13 13 13 13 13 13 13 13 13 13 12 13 14 13 13 13 13 13 13 13 13 13 13 13 14 13 13 13 13 13 13 12
1662_1_3 4 4 8 5 6 1 3 1 3 3 2 2 5 3 2 2 27 12 13 13 13 13 12 13 14 13 13 13 13 13 13 13 13 13 13 13 13 14 13 13 13 13 13 13 13 13 13 13 13 13 14 13 13 13 13 13 13 13 13 13 13 13 13 14 13 12 13 13 13 13 12
1663_1_3 3 8 6 5 5 1 1 5 2 3 3 2 3 2 3 2 27 12 13 13 13 13 13 13 13 13 13 13 13 13 13 13 14 13 13 13 13 12 13 13 13 14 13 13 13 13 14 13 13 13 12 13 13 13 13 14 13 13 13 13 13 13 13 13 13 13 13 13 13 13 12
1664_1_3 3 7 5 7 5 1 2 1 4 2 2 3 3 2 4 3 27 12 13 13 13 13 13 13 14 13 13 12 13 13 13 13 13 14 13 13 13 13 13 13 13 13 13 13 13 13 13 13 13 13 13 13 13 13 14 13 13 13 13 13 12 13 13 14 13 13 13 13 13 13 12
1665_1_1 4 4 8 5 6 1 1 4 3 3 3 3 1 3 2 3 27 12 13 13 14 13 13 13 13 13 13 12 13 13 13 13 13 13 13 13 13 13 13 14 13 13 13 13 13 13 13 13 14 13 13 13 13 13 13 13 13 13 13 13 12 13 13 13 13 13 13 14 13 13 12
1666_1_1 4 5 5 5 8 0 3 3 3 3 4 1 3 2 3 2 27 12 13 13 13 13 13 14 13 13 13 13 13 14 13 12 13 13 13 13 13 13 13 13 13 13 13 13 13 13 13 13 13 13 13 13 13 13 13 13 12 13 14 13 13 13 13 13 14 13 13 13 13 13 12
1668_1_1 3 6 7 5 6 1 3 5 2 3 2 3 2 2 2 2 27 13 13 13 13 12 13 13 13 13 13 12 14 13 13 13 13 13 13 13 13 13 13 13 13 13 14 13 13 14 13 13 13 13 13 13 13 13 13 13 13 13 13 14 12 13 13 13 13 13 12 13 13 13 13
1669_0_7 3 6 6 6 6 1 3 1 5 4 2 2 3 2 2 2 27 13 13 13 13 12 13 13 13 13 13 13 13 13 13 12 13 13 13 13 13 13 14 13 14 13 13 13 13 13 13 14 13 14 13 13 13 13 13 13 12 13 13 13 13 13 13 13 13 13 12 13 13 13 13
1671_1_1 3 6 7 5 6 1 1 4 1 3 3 2 3 3 4 2 27 12 13 13 13 13 13 14 13 13 12 13 13 13 13 13 13 13 13 13 13 14 13 13 13 13 13 13 13 13 13 13 13 13 14 13 13 13 13 13 13 13 13 13 13 12 13 13 14 13 13 13 13 13 12
1673_1_1 3 8 6 5 5 1 3 3 2 5 2 2 2 3 2 2 27 12 13 13 13 13 13 13 13 13 13 13 13 14 13 13 13 13 13 13 13 13 12 13 13 14 13 13 13 13 14 13 13 12 13 13 13 13 13 13 13 13 14 13 13 13 13 13 13 13 13 13 13 13 12
1675_0_3 3 5 8 5 6 1 2 1 4 2 2 3 3 2 4 3 27 12 13 13 13 13 14 13 13 13 13 13 13 13 13 13 13 13 13 13 13 13 12 13 13 14 13 13 13 13 14 13 13 12 13 13 13 13 13 13 13 13 13 13 13 13 13 13 13 14 13 13 13 13 12
1676_1_1 4 5 4 8 6 1 1 3 3 5 1 3 3 2 2 3 27 12 13 12 13 13 13 13 13 13 13 14 13 13 13 13 13 13 13 14 13 13 13 13 13 13 13 13 13 13 13 13 13 13 13 13 14 13 13 13 13 13 13 13 14 13 13 13 13 13 13 13 12 13 12
1678_1_1 3 8 6 5 5 1 3 2 1 3 2 3 1 3 4 4 27 12 13 13 13 13 12 13 13 13 13 13 13 13 13 14 13 13 13 13 13 13 13 13 13 13 14 13 13 14 13 13 13 13 13 13 13 13 13 13 14 13 13 13 13 13 13 13 13 12 13 13 13 13 12
1680_0_3 3 5 5 6 8 1 3 1 3 4 4 1 3 2 3 2 27 12 13 13 13 13 13 13 13 13 13 13 13 13 13 14 13 13 13 12 13 13 13 13 14 13 13 13 13 13 13 14 13 13 13 13 12 13 13 13 14 13 13 13 13 13 13 13 13 13 13 13 13 13 12
1681_0_3 4 4 6 5 8 1 2 1 4 2 2 3 3 2 4 3 27 12 13 13 13 13 13 13 13 13 13 12 13 13 14 13 13 13 13 13 13 13 13 13 13 13 13 14 14 13 13 13 13 13 13 13 13 13 13 13 13 14 13 13 12 13 13 13 13 13 13 13 13 13 12
1682_1_1 3 7 6 6 5 0 3 3 3 3 4 1 3 2 3 2 27 12 13 13 13 12 13 13 13 13 13 13 13 13 13 13 14 13 13 13 13 13 13 13 14 13 13 13 13 13 13 14 13 13 13 13 13 13 13 14 13 13 13 13 13 13 13 13 13 13 12 13 13 13 12
1684_1_1 3 6 7 5 6 0 3 2 4 2 3 3 3 2 4 1 27 12 13 13 13 13 13 13 13 13 13 14 13 14 13 12 13 13 13 13 13 13 13 13 13 13 13 13 13 13 13 13 13 13 13 13 13 13 13 13 12 13 14 13 14 13 13 13 13 13 13 13 13 13 12
1685_1_3 3 7 6 6 5 1 2 3 5 1 3 3 2 3 2 2 27 12 13 13 13 13 13 13 13 13 13 13 13 13 13 13 14 13 13 14 13 13 13 13 13 12 13 13 13 13 12 13 13 13 13 13 14 13 13 14 13 13 13 13 13 13 13 13 13 13 13 13 13 13 12
1687_1_1 3 6 7 5 6 0 3 4 1 3 2 4 3 3 2 2 27 12 13 13 13 13 14 13 13 13 13 13 13 13 13 13 13 13 13 13 13 13 14 13 13 12 13 13 13 13 12 13 13 14 13 13 13 13 13 13 13 13 13 13 13 13 13 13 13 14 13 13 13 13 12
1689_0_1 4 4 6 5 8 1 1 4 1 3 3 2 3 3 4 2 27 12 13 13 14 13 13 13 13 13 13 12 13 13 13 13 13 13 13 13 13 13 14 13 13 13 13 13 13 13 13 13 13 14 13 13 13 13 13 13 13 13 13 13 12 13 13 13 13 13 13 14 13 13 12
1690_1_1 3 7 6 6 5 1 1 3 2 4 1 3 4 3 2 3 27 12 13 13 13 13 13 13 13 14 13 13 13 13 13 12 13 13 13 14 13 13 13 13 13 13 13 13 13 13 13 13 13 13 13 13 14 13 13 13 12 13 13 13 13 13 14 13 13 13 13 13 13 13 12
1691_0_5 3 6 5 7 6 1 1 3 4 1 3 2 4 3 2 3 27 12 13 13 13 13 13 14 13 13 13 13 13 13 13 13 14 13 13 13 12 13 13 13 13 13 13 13 13 13 13 13 13 13 13 12 13 13 13 14 13 13 13 13 13 13 13 13 14 13 13 13 13 13 12
1691_1_5 3 6 7 5 6 1 1 3 4 1 3 2 4 3 2 3 27 12 13 13 13 13 13 14 13 13 13 13 13 13 13 13 14 13 13 13 12 13 13 13 13 13 13 13 13 13 13 13 13 13 13 12 13 13 13 14 13 13 13 13 13 13 13 13 14 13 13 13 13 13 12
1692_1_1 4 4 8 5 6 0 3 3 3 4 2 3 1 2 3 3 27 12 13 13 13 14 13 13 13 13 13 13 13 13 13 12 13 13 14 13 13 13 13 13 13 13 13 13 13 13 13 13 13 13 13 13 13 14 13 13 12 13 13 13 13 13 13 13 13 13 14 13 13 13 12
1694_0_1 3 5 5 6 8 1 1 3 2 4 1 3 4 3 2 3 27 12 13 13 13 13 13 13 13 13 13 13 13 13 14 13 13 13 13 13 14 13 13 13 13 13 12 13 13 12 13 13 13 13 13 14 13 13 13 13 13 14 13 13 13 13 13 13 13 13 13 13 13 13 12
1695_0_1 3 6 5 7 6 0 3 2 3 2 2 4 4 2 2 3 27 12 13 13 13 12 13 13 14 13 13 13 13 13 13 13 13 13 13 13 13 13 13 13 14 13 13 13 13 13 13 14 13 13 13 13 13 13 13 13 13 13 13 13 13 13 13 14 13 13 12 13 13 13 12
1695_1_1 3 6 7 5 6 0 3 2 3 2 2 4 4 2 2 3 27 12 13 13 13 12 13 13 14 13 13 13 13 13 13 13 13 13 13 13 13 13 13 13 14 13 13 13 13 13 13 14 13 13 13 13 13 13 13 13 13 13 13 13 13 13 13 14 13 13 12 13 13 13 12
1696_0_1 3 5 7 5 7 1 3 1 4 3 1 3 4 3 2 2 27 12 13 13 13 13 13 13 14 13 13 13 13 13 13 13 13 14 13 13 13 13 13 13 12 13 13 13 13 13 13 12 13 13 13 13 13 13 14 13 13 13 13 13 13 13 13 14 13 13 13 13 13 13 12
1697_1_1 4 5 4 8 6 0 3 3 2 4 2 3 2 3 3 2 27 12 13 13 13 13 13 13 13 13 13 13 13 13 13 13 14 13 13 14 13 13 12 13 13 13 13 13 13 13 13 13 13 12 13 13 14 13 13 14 13 13 13 13 13 13 13 13 13 13 13 13 13 13 12
1699_0_1 3 5 7 5 7 1 2 2 3 2 5 3 1 3 2 3 27 12 13 13 13 13 12 13 13 13 13 13 13 14 13 13 13 13 14 13 13 13 13 13 13 13 13 13 13 13 13 13 13 13 13 13 13 14 13 13 13 13 14 13 13 13 13 13 13 12 13 13 13 13 12
1700_0_1 3 5 6 6 7 1 1 4 1 3 3 2 3 3 4 2 27 12 13 13 14 13 13 13 13 13 13 13 13 13 13 13 13 13 13 14 13 13 13 13 13 12 13 13 13 13 12 13 13 13 13 13 14 13 13 13 13 13 13 13 13 13 13 13 13 13 13 14 13 13 12
1702_0_1 3 5 7 5 7 1 3 3 2 5 2 2 2 3 2 2 27 12 13 13 13 13 13 13 14 13 13 12 13 14 13 13 13 13 13 13 13 13 13 13 13 13 13 13 13 13 13 13 13 13 13 13 13 13 13 13 13 13 14 13 12 13 13 14 13 13 13 13 13 13 12
1703_0_5 3 5 8 5 6 1 3 2 2 3 5 2 2 2 2 3 27 12 13 13 13 13 13 13 13 13 14 13 13 13 13 13 13 13 13 13 13 13 12 13 13 13 14 13 13 14 13 13 13 12 13 13 13 13 13 13 13 13 13 13 13 14 13 13 13 13 13 13 13 13 12
1704_0_1 3 6 5 7 6 1 1 4 3 4 1 3 3 2 2 3 27 12 13 13 13 13 13 13 13 13 13 13 13 13 13 13 13 13 14 13 12 13 13 13 13 13 14 13 13 14 13 13 13 13 13 12 13 14 13 13 13 13 13 13 13 13 13 13 13 13 13 13 13 13 12
1705_0_1 4 4 6 5 8 1 3 1 4 3 1 3 4 3 2 2 27 12 13 14 13 14 13 13 13 13 13 13 13 13 13 13 13 13 13 13 12 13 13 13 13 13 13 13 13 13 13 13 13 13 13 12 13 13 13 13 13 13 13 13 13 13 13 13 13 13 14 13 14 13 12
1706_2_1 4 8 5 5 5 1 1 3 3 4 1 4 3 2 3 2 27 13 13 13 13 12 13 13 13 13 13 12 13 14 13 13 13 13 13 13 13 13 14 13 13 13 13 13 13 13 13 13 13 14 13 13 13 13 13 13 13 13 14 13 12 13 13 13 13 13 12 13 13 13 13
1707_1_3 4 4 8 5 6 1 3 1 3 4 4 1 3 2 3 2 27 12 13 13 13 13 13 13 13 13 13 13 13 13 13 13 13 13 14 13 14 13 13 13 13 12 13 13 13 13 12 13 13 13 13 14 13 14 13 13 13 13 13 13 13 13 13 13 13 13 13 13 13 13 12
1709_0_1 4 5 4 6 8 0 3 3 3 3 4 1 3 2 3 2 27 12 13 12 13 13 13 13 13 13 13 13 13 13 14 13 13 13 13 13 13 13 13 13 14 13 13 13 13 13 13 14 13 13 13 13 13 13 13 13 13 14 13 13 13 13 13 13 13 13 13 13 12 13 12
1710_1_1 3 6 7 5 6 0 3 3 3 4 2 3 1 2 3 3 27 12 13 13 14 13 13 13 13 13 13 13 13 13 13 12 13 14 13 13 13 13 13 13 13 13 13 13 13 13 13 13 13 13 13 13 13 13 14 13 12 13 13 13 13 13 13 13 13 13 13 14 13 13 12
1711_0_5 3 6 5 7 6 1 2 3 2 2 3 3 2 5 2 2 27 13 13 13 13 12 13 13 13 13 13 12 13 13 13 13 13 13 13 13 13 13 13 13 14 13 13 14 14 13 13 14 13 13 13 13 13 13 13 13 13 13 13 13 12 13 13 13 13 13 12 13 13 13 13
1712_0_1 3 5 5 6 8 0 3 3 2 4 2 3 2 3 3 2 27 12 13 13 13 13 13 13 13 13 13 12 13 13 13 13 14 13 13 13 13 13 13 13 13 14 13 13 13 13 14 13 13 13 13 13 13 13 13 14 13 13 13 13 12 13 13 13 13 13 13 13 13 13 12
1713_0_1 3 6 5 7 6 1 1 3 2 4 1 3 4 3 2 3 27 12 13 13 13 13 13 13 14 13 13 13 13 13 13 12 13 13 13 13 13 13 13 13 14 13 13 13 13 13 13 14 13 13 13 13 13 13 13 13 12 13 13 13 13 13 13 14 13 13 13 13 13 13 12
1714_0_1 4 4 6 5 8 0 3 2 3 2 2 4 4 2 2 3 27 12 13 13 13 13 12 13 14 13 13 13 13 13 13 13 13 13 13 13 13 13 13 13 14 13 13 13 13 13 13 14 13 13 13 13 13 13 13 13 13 13 13 13 13 13 13 14 13 12 13 13 13 13 12
1714_1_1 4 4 8 5 6 0 3 2 3 2 2 4 4 2 2 3 27 12 13 13 13 13 12 13 14 13 13 13 13 13 13 13 13 13 13 13 13 13 13 13 14 13 13 13 13 13 13 14 13 13 13 13 13 13 13 13 13 13 13 13 13 13 13 14 13 12 13 13 13 13 12
1715_0_1 3 5 8 5 6 0 3 3 2 4 2 3 2 3 3 2 27 12 13 13 13 14 13 13 13 13 13 13 13 13 13 13 13 13 13 14 13 13 12 13 13 13 13 13 13 13 13 13 13 12 13 13 14 13 13 13 13 13 13 13 13 13 13 13 13 13 14 13 13 13 12
1716_0_1 3 5 5 6 8 0 3 3 3 3 4 1 3 2 3 2 27 12 13 13 12 13 13 13 13 13 13 13 13 13 13 14 13 13 13 13 13 13 13 13 14 13 13 13 13 13 13 14 13 13 13 13 13 13 13 13 14 13 13 13 13 13 13 13 13 13 13 12 13 13 12
1717_0_5 4 4 6 5 8 1 2 2 5 3 2 2 4 1 3 2 27 12 13 12 13 13 13 14 13 13 13 13 13 13 13 13 13 13 13 13 13 13 14 13 13 13 13 13 13 13 13 13 13 14 13 13 13 13 13 13 13 13 13 13 13 13 13 13 14 13 13 13 12 13 12
1717_1_5 4 4 8 5 6 1 2 2 5 3 2 2 4 1 3 2 27 12 13 12 13 13 13 14 13 13 13 13 13 13 13 13 13 13 13 13 13 13 14 13 13 13 13 13 13 13 13 13 13 14 13 13 13 13 13 13 13 13 13 13 13 13 13 13 14 13 13 13 12 13 12
1719_0_1 4 5 4 6 8 1 1 4 1 3 3 2 3 3 4 2 27 12 13 13 13 13 13 13 13 13 13 14 13 13 13 13 13 13 13 13 13 13 12 13 13 13 14 13 13 14 13 13 13 12 13 13 13 13 13 13 13 13 13 13 14 13 13 13 13 13 13 13 13 13 12
1721_0_1 3 6 6 6 6 1 3 1 3 2 1 3 5 3 2 3 27 13 13 13 13 12 13 13 13 13 13 13 13 13 13 12 13 13 13 13 13 13 14 13 13 13 14 13 13 14 13 13 13 14 13 13 13 13 13 13 12 13 13 13 13 13 13 13 13 13 12 13 13 13 13
1723_0_3 4 4 6 5 8 0 4 3 4 2 2 3 2 2 3 2 27 12 13 13 13 14 13 13 13 13 13 13 13 13 13 13 13 13 14 13 12 13 13 13 13 13 13 13 13 13 13 13 13 13 13 12 13 14 13 13 13 13 13 13 13 13 13 13 13 13 14 13 13 13 12
1723_1_3 4 4 8 5 6 0 4 3 4 2 2 3 2 2 3 2 27 12 13 13 13 14 13 13 13 13 13 13 13 13 13 13 13 13 14 13 12 13 13 13 13 13 13 13 13 13 13 13 13 13 13 12 13 14 13 13 13 13 13 13 13 13 13 13 13 13 14 13 13 13 12
1724_1_1 3 6 7 5 6 0 3 3 3 3 4 1 3 2 3 2 27 12 13 13 13 13 13 13 13 14 13 13 13 14 13 13 13 13 13 13 12 13 13 13 13 13 13 13 13 13 13 13 13 13 13 12 13 13 13 13 13 13 14 13 13 13 14 13 13 13 13 13 13 13 12
1726_1_1 4 4 8 5 6 1 1 3 3 3 2 3 4 1 4 2 27 12 13 14 13 12 13 13 13 13 13 13 13 13 13 14 13 13 13 13 13 13 13 13 13 13 13 13 13 13 13 13 13 13 13 13 13 13 13 13 14 13 13 13 13 13 13 13 13 13 12 13 14 13 12
1727_0_7 3 6 5 7 6 1 2 4 3 1 4 2 4 2 2 2 27 12 13 13 13 13 14 13 13 13 12 13 13 14 13 13 13 13 13 13 13 13 13 13 13 13 13 13 13 13 13 13 13 13 13 13 13 13 13 13 13 13 14 13 13 12 13 13 13 14 13 13 13 13 12
1727_1_7 3 6 7 5 6 1 2 4 3 1 4 2 4 2 2 2 27 12 13 13 13 13 14 13 13 13 12 13 13 14 13 13 13 13 13 13 13 13 13 13 13 13 13 13 13 13 13 13 13 13 13 13 13 13 13 13 13 13 14 13 13 12 13 13 13 14 13 13 13 13 12
1729_1_1 3 6 7 5 6 0 3 3 3 3 4 1 3 2 3 2 27 12 13 13 14 13 13 13 13 13 13 13 13 14 13 12 13 13 13 13 13 13 13 13 13 13 13 13 13 13 13 13 13 13 13 13 13 13 13 13 12 13 14 13 13 13 13 13 13 13 13 14 13 13 12
1731_1_1 4 4 8 5 6 1 1 3 3 4 1 4 3 2 3 2 27 12 13 13 13 12 13 13 13 13 13 13 14 13 13 13 13 13 13 13 14 13 13 13 13 13 13 13 13 13 13 13 13 13 13 14 13 13 13 13 13 13 13 14 13 13 13 13 13 13 12 13 13 13 12
1732_1_3 4 4 8 5 6 1 1 3 2 3 2 3 3 2 5 2 27 12 13 13 13 13 13 14 13 13 14 13 13 13 13 13 13 13 13 13 13 13 13 13 13 12 13 13 13 13 12 13 13 13 13 13 13 13 13 13 13 13 13 13 13 14 13 13 14 13 13 13 13 13 12
1733_1_3 4 4 8 5 6 1 2 4 2 4 3 2 2 1 4 2 27 12 13 13 13 13 13 13 13 13 13 13 13 13 13 13 13 13 14 13 12 13 13 13 13 14 13 13 13 13 14 13 13 13 13 12 13 14 13 13 13 13 13 13 13 13 13 13 13 13 13 13 13 13 12
1735_0_3 4 4 6 5 8 1 3 1 3 4 4 1 3 2 3 2 27 12 13 12 13 13 13 14 13 13 13 13 13 14 13 13 13 13 13 13 13 13 13 13 13 13 13 13 13 13 13 13 13 13 13 13 13 13 13 13 13 13 14 13 13 13 13 13 14 13 13 13 12 13 12
1736_0_3 4 4 6 5 8 0 3 3 1 2 3 3 3 4 2 3 27 12 13 14 13 12 13 13 13 13 13 13 13 13 13 13 13 13 13 13 14 13 13 13 13 13 13 13 13 13 13 13 13 13 13 14 13 13 13 13 13 13 13 13 13 13 13 13 13 13 12 13 14 13 12
1736_1_3 4 4 8 5 6 0 3 3 1 2 3 3 3 4 2 3 27 12 13 14 13 12 13 13 13 13 13 13 13 13 13 13 13 13 13 13 14 13 13 13 13 13 13 13 13 13 13 13 13 13 13 14 13 13 13 13 13 13 13 13 13 13 13 13 13 13 12 13 14 13 12
1737_1_1 3 8 6 5 5 1 1 3 3 4 1 4 3 2 3 2 27 12 13 13 13 13 13 13 13 13 13 13 14 13 13 13 13 12 13 13 14 13 13 13 13 13 13 13 13 13 13 13 13 13 13 14 13 13 12 13 13 13 13 14 13 13 13 13 13 13 13 13 13 13 12
1739_0_3 3 5 5 6 8 1 2 1 4 4 3 1 4 2 2 3 27 12 13 12 13 13 13 13 13 13 13 13 13 13 13 14 13 13 13 13 13 13 14 13 13 13 13 13 13 13 13 13 13 14 13 13 13 13 13 13 14 13 13 13 13 13 13 13 13 13 13 13 12 13 12
1739_1_3 3 8 6 5 5 1 2 1 4 4 3 1 4 2 2 3 27 12 13 12 13 13 13 13 13 13 13 13 13 13 13 14 13 13 13 13 13 13 14 13 13 13 13 13 13 13 13 13 13 14 13 13 13 13 13 13 14 13 13 13 13 13 13 13 13 13 13 13 12 13 12
1740_0_3 3 5 8 5 6 1 1 5 2 3 3 2 3 2 3 2 27 12 13 13 13 14 13 13 13 13 13 13 13 13 14 13 13 13 13 13 13 13 13 12 13 13 13 13 13 13 13 13 12 13 13 13 13 13 13 13 13 14 13 13 13 13 13 13 13 13 14 13 13 13 12
1741_0_3 4 4 6 5 8 1 3 1 3 3 4 3 2 1 4 2 27 12 13 14 13 14 13 13 13 13 13 13 13 13 13 12 13 13 13 13 13 13 13 13 13 13 13 13 13 13 13 13 13 13 13 13 13 13 13 13 12 13 13 13 13 13 13 13 13 13 14 13 14 13 12
1742_1_1 4 4 8 5 6 1 1 3 3 4 2 3 3 1 4 2 27 12 13 13 13 14 13 13 13 13 13 13 13 13 13 12 13 13 13 13 13 13 13 14 13 13 13 13 13 13 13 13 14 13 13 13 13 13 13 13 12 13 13 13 13 13 13 13 13 13 14 13 13 13 12
1743_0_7 4 4 6 5 8 1 2 4 3 4 1 3 3 2 1 3 27 12 13 13 13 12 13 13 14 13 13 13 13 13 13 13 13 13 13 13 14 13 13 13 13 13 13 13 13 13 13 13 13 13 13 14 13 13 13 13 13 13 13 13 13 13 13 14 13 13 12 13 13 13 12
1743_1_7 4 4 8 5 6 1 2 4 3 4 1 3 3 2 1 3 27 12 13 13 13 12 13 13 14 13 13 13 13 13 13 13 13 13 13 13 14 13 13 13 13 13 13 13 13 13 13 13 13 13 13 14 13 13 13 13 13 13 13 13 13 13 13 14 13 13 12 13 13 13 12
1744_1_3 3 7 6 6 5 1 2 4 2 4 3 2 2 1 4 2 27 12 13 13 14 13 13 13 13 13 13 13 13 13 14 13 13 13 13 13 12 13 13 13 13 13 13 13 13 13 13 13 13 13 13 12 13 13 13 13 13 14 13 13 13 13 13 13 13 13 13 14 13 13 12
1745_1_3 3 8 6 5 5 1 3 2 2 2 3 1 3 5 2 3 27 12 13 13 13 13 13 13 13 13 13 13 13 13 13 13 13 13 14 13 14 13 13 12 13 13 13 13 13 13 13 13 12 13 13 14 13 14 13 13 13 13 13 13 13 13 13 13 13 13 13 13 13 13 12
1746_1_3 4 4 8 5 6 1 3 2 3 1 3 5 2 3 2 2 27 12 13 13 13 12 13 13 13 13 13 13 13 13 13 13 13 13 14 13 14 13 13 13 13 13 13 13 13 13 13 13 13 13 13 14 13 14 13 13 13 13 13 13 13 13 13 13 13 13 12 13 13 13 12
1747_1_3 4 4 8 5 6 1 2 3 5 1 3 3 2 3 2 2 27 12 13 13 12 13 13 14 13 13 13 13 13 13 13 13 14 13 13 13 13 13 13 13 13 13 13 13 13 13 13 13 13 13 13 13 13 13 13 14 13 13 13 13 13 13 13 13 14 13 13 12 13 13 12
1749_1_1 3 7 6 6 5 1 3 5 2 3 2 3 2 2 2 2 27 13 13 13 13 12 13 13 13 13 13 13 13 13 13 13 13 13 13 13 13 13 12 14 13 13 14 13 13 14 13 13 14 12 13 13 13 13 13 13 13 13 13 13 13 13 13 13 13 13 12 13 13 13 13
1750_1_3 3 6 7 5 6 1 3 2 2 2 3 1 3 5 2 3 27 12 13 13 13 13 13 13 13 13 12 13 13 13 13 13 13 13 14 13 13 13 13 13 14 13 13 13 13 13 13 14 13 13 13 13 13 14 13 13 13 13 13 13 13 12 13 13 13 13 13 13 13 13 12
1752_1_1 3 8 6 5 5 1 1 4 1 3 3 2 3 3 4 2 27 12 13 12 13 13 13 13 14 13 13 13 13 13 13 14 13 13 13 13 13 13 13 13 13 13 13 13 13 13 13 13 13 13 13 13 13 13 13 13 14 13 13 13 13 13 13 14 13 13 13 13 12 13 12
1754_1_1 4 5 4 8 6 1 1 3 3 4 2 3 3 1 4 2 27 12 13 13 13 13 13 12 13 13 13 13 13 13 13 13 14 13 13 13 13 14 13 13 13 13 13 13 13 13 13 13 13 13 14 13 13 13 13 14 13 13 13 13 13 13 13 13 12 13 13 13 13 13 12
1756_0_3 4 4 6 5 8 1 1 3 2 3 2 3 3 2 5 2 27 12 13 13 13 13 13 13 13 13 14 13 13 13 13 13 13 13 14 13 13 13 13 13 13 12 13 13 13 13 12 13 13 13 13 13 13 14 13 13 13 13 13 13 13 14 13 13 13 13 13 13 13 13 12
1757_1_1 4 5 4 8 6 1 1 4 1 3 3 2 3 3 4 2 27 12 13 13 14 13 13 13 13 13 13 14 13 13 13 13 13 13 13 13 13 13 12 13 13 13 13 13 13 13 13 13 13 12 13 13 13 13 13 13 13 13 13 13 14 13 13 13 13 13 13 14 13 13 12
1759_1_1 4 4 8 5 6 1 2 1 3 4 3 1 4 3 2 3 27 12 13 13 13 13 13 13 14 13 13 13 13 12 13 13 13 13 13 13 13 13 13 14 13 13 13 13 13 13 13 13 14 13 13 13 13 13 13 13 13 13 12 13 13 13 13 14 13 13 13 13 13 13 12
1761_0_3 4 4 6 5 8 1 1 3 2 3 2 3 3 2 5 2 27 12 13 12 13 13 13 14 13 13 13 13 14 13 13 13 13 13 13 13 13 13 13 13 13 13 13 13 13 13 13 13 13 13 13 13 13 13 13 13 13 13 13 14 13 13 13 13 14 13 13 13 12 13 12
1762_1_1 3 6 7 5 6 1 1 3 3 4 1 4 3 2 3 2 27 13 13 13 13 12 13 13 13 13 13 12 13 13 13 13 13 13 13 13 13 13 14 13 14 13 13 13 13 13 13 14 13 14 13 13 13 13 13 13 13 13 13 13 12 13 13 13 13 13 12 13 13 13 13
1764_0_3 4 4 6 5 8 1 2 5 2 4 2 2 2 2 3 2 27 12 13 13 13 13 13 13 13 14 13 13 13 13 12 13 13 13 13 13 13 13 13 13 13 13 13 14 14 13 13 13 13 13 13 13 13 13 13 13 13 12 13 13 13 13 14 13 13 13 13 13 13 13 12
1765_1_1 4 5 5 5 8 1 1 3 3 3 2 3 4 1 4 2 27 12 13 14 13 12 13 13 13 13 13 13 13 13 13 13 13 13 14 13 13 13 13 13 13 13 13 13 13 13 13 13 13 13 13 13 13 14 13 13 13 13 13 13 13 13 13 13 13 13 12 13 14 13 12
1766_1_1 3 6 5 8 5 0 3 2 2 4 2 3 2 4 3 2 27 12 13 12 13 13 13 13 13 13 13 13 13 13 13 14 13 13 13 13 13 13 13 13 14 13 13 13 13 13 13 14 13 13 13 13 13 13 13 13 14 13 13 13 13 13 13 13 13 13 13 13 12 13 12
1768_0_1 3 5 5 6 8 1 1 4 3 3 3 3 1 3 2 3 27 12 13 13 13 13 13 13 13 13 13 13 14 13 13 14 13 13 13 13 13 13 12 13 13 13 13 13 13 13 13 13 13 12 13 13 13 13 13 13 14 13 13 14 13 13 13 13 13 13 13 13 13 13 12
1768_1_3 3 8 6 5 5 1 3 1 4 4 2 2 3 3 2 2 27 12 13 13 13 13 13 13 13 13 13 13 14 13 13 14 13 13 13 13 13 13 12 13 13 13 13 13 13 13 13 13 13 12 13 13 13 13 13 13 14 13 13 14 13 13 13 13 13 13 13 13 13 13 12
1770_0_1 4 4 7 5 7 1 3 1 3 4 1 3 3 4 2 2 27 12 13 13 13 13 13 13 13 13 12 13 13 14 13 13 13 13 14 13 13 13 13 13 13 13 13 13 13 13 13 13 13 13 13 13 13 14 13 13 13 13 14 13 13 12 13 13 13 13 13 13 13 13 12
1770_2_1 4 8 5 5 5 1 3 1 3 4 1 3 3 4 2 2 27 12 13 13 13 13 13 13 13 13 12 13 13 14 13 13 13 13 14 13 13 13 13 13 13 13 13 13 13 13 13 13 13 13 13 13 13 14 13 13 13 13 14 13 13 12 13 13 13 13 13 13 13 13 12
1772_0_1 4 4 6 5 8 0 3 3 3 2 3 3 4 1 3 2 27 12 13 13 13 13 12 13 14 13 13 13 13 13 13 13 13 13 13 14 13 13 13 13 13 13 13 13 13 13 13 13 13 13 13 13 14 13 13 13 13 13 13 13 13 13 13 14 13 12 13 13 13 13 12
1773_0_1 3 5 5 6 8 0 3 2 2 4 2 3 2 4 3 2 27 12 13 12 13 13 13 14 13 13 13 13 13 13 13 13 13 13 13 13 14 13 13 13 13 13 13 13 13 13 13 13 13 13 13 14 13 13 13 13 13 13 13 13 13 13 13 13 14 13 13 13 12 13 12
1774_0_1 3 6 5 7 6 1 1 4 1 3 3 2 3 3 4 2 27 12 13 13 13 12 13 13 13 13 13 13 13 13 13 13 13 14 13 13 13 13 13 13 13 13 14 13 13 14 13 13 13 13 13 13 13 13 14 13 13 13 13 13 13 13 13 13 13 13 12 13 13 13 12
1776_0_1 4 5 4 6 8 0 3 3 2 1 3 3 4 3 2 3 27 12 13 12 13 13 13 13 13 13 13 13 13 13 13 13 14 13 13 13 13 14 13 13 13 13 13 13 13 13 13 13 13 13 14 13 13 13 13 14 13 13 13 13 13 13 13 13 13 13 13 13 12 13 12
1778_0_1 4 5 4 6 8 1 2 2 3 2 5 3 1 3 2 3 27 12 13 13 14 13 13 13 13 13 13 13 13 13 13 13 13 12 13 13 13 13 13 13 14 13 13 13 13 13 13 14 13 13 13 13 13 13 12 13 13 13 13 13 13 13 13 13 13 13 13 14 13 13 12
1779_0_1 4 5 4 6 8 0 3 3 3 4 2 3 1 2 3 3 27 12 13 13 13 13 13 13 13 14 13 13 13 12 13 13 14 13 13 13 13 13 13 13 13 13 13 13 13 13 13 13 13 13 13 13 13 13 13 14 13 13 12 13 13 13 14 13 13 13 13 13 13 13 12
1780_0_1 4 4 7 5 7 0 3 4 3 2 3 3 3 2 1 3 27 12 13 14 13 12 13 13 13 13 13 13 13 13 13 13 13 13 13 13 13 13 13 14 13 13 13 13 13 13 13 13 14 13 13 13 13 13 13 13 13 13 13 13 13 13 13 13 13 13 12 13 14 13 12
1780_2_1 4 8 5 5 5 0 3 4 3 2 3 3 3 2 1 3 27 12 13 14 13 12 13 13 13 13 13 13 13 13 13 13 13 13 13 13 13 13 13 14 13 13 13 13 13 13 13 13 14 13 13 13 13 13 13 13 13 13 13 13 13 13 13 13 13 13 12 13 14 13 12
1781_1_1 4 4 8 5 6 1 1 4 3 3 3 2 4 1 3 2 27 12 13 13 13 12 13 13 13 13 13 13 13 14 13 13 13 13 13 13 14 13 13 13 13 13 13 13 13 13 13 13 13 13 13 14 13 13 13 13 13 13 14 13 13 13 13 13 13 13 12 13 13 13 12
1782_1_1 3 7 6 6 5 0 3 3 4 3 1 3 3 2 2 3 27 12 13 13 13 13 14 13 13 13 13 13 13 13 13 13 14 13 13 13 12 13 13 13 13 13 13 13 13 13 13 13 13 13 13 12 13 13 13 14 13 13 13 13 13 13 13 13 13 14 13 13 13 13 12
1784_0_1 4 4 6 5 8 0 3 4 3 2 3 3 3 2 1 3 27 12 13 13 13 13 12 13 13 13 13 13 13 13 13 13 13 13 13 14 13 13 13 14 13 13 13 13 13 13 13 13 14 13 13 13 14 13 13 13 13 13 13 13 13 13 13 13 13 12 13 13 13 13 12
1785_0_1 4 4 6 5 8 1 1 4 1 3 3 2 3 3 4 2 27 12 13 13 13 13 13 13 13 13 13 12 13 13 13 13 13 13 13 13 13 13 14 13 13 13 14 13 13 14 13 13 13 14 13 13 13 13 13 13 13 13 13 13 12 13 13 13 13 13 13 13 13 13 12
1787_0_1 4 4 7 5 7 1 2 3 1 5 3 2 2 3 3 2 27 12 13 13 13 13 13 13 14 13 13 13 13 13 13 13 13 13 14 13 12 13 13 13 13 13 13 13 13 13 13 13 13 13 13 12 13 14 13 13 13 13 13 13 13 13 13 14 13 13 13 13 13 13 12
1787_2_1 4 8 5 5 5 1 2 3 1 5 3 2 2 3 3 2 27 12 13 13 13 13 13 13 14 13 13 13 13 13 13 13 13 13 14 13 12 13 13 13 13 13 13 13 13 13 13 13 13 13 13 12 13 14 13 13 13 13 13 13 13 13 13 14 13 13 13 13 13 13 12
1788_0_5 3 6 5 7 6 1 1 5 2 3 3 3 2 3 2 2 27 12 13 14 13 12 13 13 13 13 13 13 13 13 13 13 13 13 13 13 13 13 13 13 14 13 13 13 13 13 13 14 13 13 13 13 13 13 13 13 13 13 13 13 13 13 13 13 13 13 12 13 14 13 12
1788_1_5 3 6 7 5 6 1 1 5 2 3 3 3 2 3 2 2 27 12 13 14 13 12 13 13 13 13 13 13 13 13 13 13 13 13 13 13 13 13 13 13 14 13 13 13 13 13 13 14 13 13 13 13 13 13 13 13 13 13 13 13 13 13 13 13 13 13 12 13 14 13 12
1789_1_1 3 8 6 5 5 0 3 3 3 4 2 3 1 2 3 3 27 12 13 13 13 13 13 12 13 13 13 13 13 13 13 14 13 14 13 13 13 13 13 13 13 13 13 13 13 13 13 13 13 13 13 13 13 13 14 13 14 13 13 13 13 13 13 13 12 13 13 13 13 13 12
1791_0_1 3 5 5 6 8 1 3 1 3 4 1 3 3 4 2 2 27 12 13 13 13 13 13 13 13 13 13 13 12 13 13 13 13 13 14 13 14 13 13 13 13 13 13 13 13 13 13 13 13 13 13 14 13 14 13 13 13 13 13 12 13 13 13 13 13 13 13 13 13 13 12
1792_0_1 4 4 7 5 7 0 3 3 3 4 2 3 1 2 3 3 27 12 13 14 13 13 13 13 13 13 13 13 13 13 13 13 13 14 13 13 13 13 13 13 13 12 13 13 13 13 12 13 13 13 13 13 13 13 14 13 13 13 13 13 13 13 13 13 13 13 13 13 14 13 12
1792_2_1 4 8 5 5 5 0 3 3 3 4 2 3 1 2 3 3 27 12 13 14 13 13 13 13 13 13 13 13 13 13 13 13 13 14 13 13 13 13 13 13 13 12 13 13 13 13 12 13 13 13 13 13 13 13 14 13 13 13 13 13 13 13 13 13 13 13 13 13 14 13 12
1793_2_1 4 8 5 5 5 1 2 4 3 4 1 3 2 1 3 3 27 12 13 14 13 13 13 13 14 13 13 13 13 13 13 13 13 13 13 13 12 13 13 13 13 13 13 13 13 13 13 13 13 13 13 12 13 13 13 13 13 13 13 13 13 13 13 14 13 13 13 13 14 13 12
1795_0_3 3 5 8 5 6 1 2 1 4 2 4 3 2 2 4 2 27 12 13 12 13 13 13 13 13 14 13 13 13 13 13 13 13 13 13 13 14 13 13 13 13 13 13 13 13 13 13 13 13 13 13 14 13 13 13 13 13 13 13 13 13 13 14 13 13 13 13 13 12 13 12
1796_1_1 3 7 6 6 5 0 3 3 3 3 4 1 3 2 3 2 27 12 13 13 13 13 13 13 13 14 13 13 13 13 13 12 13 13 13 13 13 13 13 13 13 13 14 13 13 14 13 13 13 13 13 13 13 13 13 13 12 13 13 13 13 13 14 13 13 13 13 13 13 13 12
1798_0_3 4 5 4 6 8 1 2 5 2 4 2 2 2 2 3 2 27 12 13 12 13 13 13 13 13 13 13 13 13 13 13 13 14 13 13 13 13 13 13 13 14 13 13 13 13 13 13 14 13 13 13 13 13 13 13 14 13 13 13 13 13 13 13 13 13 13 13 13 12 13 12
1799_1_1 4 4 8 5 6 0 3 3 3 3 4 1 3 2 3 2 27 12 13 13 13 13 12 13 13 13 13 13 13 14 13 13 14 13 13 13 13 13 13 13 13 13 13 13 13 13 13 13 13 13 13 13 13 13 13 14 13 13 14 13 13 13 13 13 13 12 13 13 13 13 12
1800_1_1 4 4 8 5 6 1 1 4 3 3 2 3 3 3 1 3 27 12 13 13 13 13 13 13 14 13 13 12 13 13 13 13 13 13 13 13 13 14 13 13 13 13 13 13 13 13 13 13 13 13 14 13 13 13 13 13 13 13 13 13 12 13 13 14 13 13 13 13 13 13 12
1801_0_3 4 4 6 5 8 1 2 3 5 1 3 3 2 3 2 2 27 12 13 13 13 14 13 13 13 13 13 13 13 14 13 13 13 13 13 13 12 13 13 13 13 13 13 13 13 13 13 13 13 13 13 12 13 13 13 13 13 13 14 13 13 13 13 13 13 13 14 13 13 13 12
1802_1_1 4 4 8 5 6 1 3 5 2 3 2 3 2 2 2 2 27 13 13 13 13 12 13 13 13 13 13 12 13 13 13 14 13 13 13 13 13 13 13 14 13 13 13 13 13 13 13 13 14 13 13 13 13 13 13 13 14 13 13 13 12 13 13 13 13 13 12 13 13 13 13
1803_0_7 4 4 6 5 8 1 3 1 3 2 3 2 2 3 5 2 27 12 13 13 14 13 13 13 13 13 13 13 13 13 13 13 13 14 13 13 13 13 13 13 12 13 13 13 13 13 13 12 13 13 13 13 13 13 14 13 13 13 13 13 13 13 13 13 13 13 13 14 13 13 12
1803_1_7 4 4 8 5 6 1 3 1 3 2 3 2 2 3 5 2 27 12 13 13 14 13 13 13 13 13 13 13 13 13 13 13 13 14 13 13 13 13 13 13 12 13 13 13 13 13 13 12 13 13 13 13 13 13 14 13 13 13 13 13 13 13 13 13 13 13 13 14 13 13 12
1804_1_3 3 6 7 5 6 1 3 1 3 3 2 2 5 3 2 2 27 12 13 14 13 12 13 13 13 13 13 13 13 13 13 13 13 13 13 13 13 14 13 13 13 13 13 13 13 13 13 13 13 13 14 13 13 13 13 13 13 13 13 13 13 13 13 13 13 13 12 13 14 13 12
1805_1_3 4 5 5 5 8 1 3 1 3 3 2 2 5 3 2 2 27 12 13 14 13 12 13 13 13 13 13 13 14 13 13 13 13 13 13 13 13 13 13 13 13 13 13 13 13 13 13 13 13 13 13 13 13 13 13 13 13 13 13 14 13 13 13 13 13 13 12 13 14 13 12
1806_0_3 4 4 7 5 7 1 1 3 2 3 2 3 3 2 5 2 27 12 13 13 13 13 13 13 13 13 13 13 13 13 13 13 13 13 14 13 13 13 13 14 13 12 13 13 13 13 12 13 14 13 13 13 13 14 13 13 13 13 13 13 13 13 13 13 13 13 13 13 13 13 12
1806_2_3 4 8 5 5 5 1 1 3 2 3 2 3 3 2 5 2 27 12 13 13 13 13 13 13 13 13 13 13 13 13 13 13 13 13 14 13 13 13 13 14 13 12 13 13 13 13 12 13 14 13 13 13 13 14 13 13 13 13 13 13 13 13 13 13 13 13 13 13 13 13 12
1807_1_3 3 8 6 5 5 1 2 4 2 4 3 2 2 1 4 2 27 12 13 13 13 13 13 13 13 13 13 13 13 12 13 13 13 13 14 13 13 13 13 13 13 14 13 13 13 13 14 13 13 13 13 13 13 14 13 13 13 13 12 13 13 13 13 13 13 13 13 13 13 13 12
1808_1_3 4 5 4 8 6 1 2 3 5 1 3 3 2 3 2 2 27 12 13 13 13 13 13 12 13 13 13 13 13 13 13 13 14 13 13 13 13 13 13 13 13 13 14 13 13 14 13 13 13 13 13 13 13 13 13 14 13 13 13 13 13 13 13 13 12 13 13 13 13 13 12
1810_0_3 4 4 6 5 8 1 2 3 2 2 2 2 2 3 3 5 27 12 13 13 13 13 13 13 13 13 13 12 13 13 14 13 13 13 13 13 13 13 13 14 13 13 13 13 13 13 13 13 14 13 13 13 13 13 13 13 13 14 13 13 12 13 13 13 13 13 13 13 13 13 12
1810_1_5 4 4 8 5 6 1 5 3 3 2 2 2 2 2 3 2 27 12 13 13 13 13 13 13 13 13 13 12 13 13 14 13 13 13 13 13 13 13 13 14 13 13 13 13 13 13 13 13 14 13 13 13 13 13 13 13 13 14 13 13 12 13 13 13 13 13 13 13 13 13 12
1811_1_3 4 5 4 8 6 1 1 5 2 3 3 2 3 2 3 2 27 12 13 13 13 13 14 13 13 13 13 13 13 13 14 13 13 13 13 13 13 13 13 12 13 13 13 13 13 13 13 13 12 13 13 13 13 13 13 13 13 14 13 13 13 13 13 13 13 14 13 13 13 13 12
1813_1_1 3 8 6 5 5 0 3 3 2 1 3 3 4 3 2 3 27 12 13 12 13 13 13 13 13 13 14 13 13 13 13 13 13 14 13 13 13 13 13 13 13 13 13 13 13 13 13 13 13 13 13 13 13 13 14 13 13 13 13 13 13 14 13 13 13 13 13 13 12 13 12
1815_0_3 3 5 6 6 7 1 3 1 3 2 1 4 4 3 2 3 27 13 13 13 13 12 13 13 13 13 12 13 13 13 13 13 13 13 13 13 14 13 13 13 14 13 13 13 13 13 13 14 13 13 13 14 13 13 13 13 13 13 13 13 13 12 13 13 13 13 12 13 13 13 13
1816_0_3 4 4 6 5 8 1 3 1 4 4 2 2 3 3 2 2 27 12 13 13 13 13 13 13 13 13 13 12 13 13 13 13 13 13 13 13 13 13 13 14 13 13 14 13 13 14 13 13 14 13 13 13 13 13 13 13 13 13 13 13 12 13 13 13 13 13 13 13 13 13 12
1816_1_5 4 4 8 5 6 1 3 2 2 3 5 2 2 2 2 3 27 12 13 13 13 13 13 13 13 13 13 12 13 13 13 13 13 13 13 13 13 13 13 14 13 13 14 13 13 14 13 13 14 13 13 13 13 13 13 13 13 13 13 13 12 13 13 13 13 13 13 13 13 13 12
1817_0_7 3 5 6 6 7 1 2 4 3 4 1 3 3 2 1 3 27 13 13 13 13 12 13 13 13 13 12 13 13 13 13 13 13 13 13 14 14 13 13 13 13 13 13 13 13 13 13 13 13 13 13 14 14 13 13 13 13 13 13 13 13 12 13 13 13 13 12 13 13 13 13
1817_1_7 3 7 6 6 5 1 2 4 3 4 1 3 3 2 1 3 27 13 13 13 13 12 13 13 13 13 12 13 13 13 13 13 13 13 13 14 14 13 13 13 13 13 13 13 13 13 13 13 13 13 13 14 14 13 13 13 13 13 13 13 13 12 13 13 13 13 12 13 13 13 13
1819_0_3 3 5 6 6 7 1 3 2 3 1 3 5 2 3 2 2 27 13 13 13 13 12 13 13 13 13 12 13 13 13 13 13 13 13 13 13 14 13 13 13 13 13 14 13 13 14 13 13 13 13 13 14 13 13 13 13 13 13 13 13 13 12 13 13 13 13 12 13 13 13 13
1820_1_1 4 5 5 5 8 1 1 4 1 3 3 2 3 3 4 2 27 12 13 13 13 13 13 13 13 13 13 13 13 14 13 13 13 13 14 13 12 13 13 13 13 13 13 13 13 13 13 13 13 13 13 12 13 14 13 13 13 13 14 13 13 13 13 13 13 13 13 13 13 13 12
1821_1_1 3 6 5 8 5 1 2 2 3 2 5 3 1 3 2 3 27 12 13 13 13 13 13 13 13 14 13 13 13 13 13 14 13 12 13 13 13 13 13 13 13 13 13 13 13 13 13 13 13 13 13 13 13 13 12 13 14 13 13 13 13 13 14 13 13 13 13 13 13 13 12
1822_2_1 4 8 5 5 5 0 4 2 3 3 3 2 3 3 3 1 27 12 13 13 13 13 13 13 13 13 13 13 14 13 13 13 13 13 14 13 12 13 13 13 13 13 13 13 13 13 13 13 13 13 13 12 13 14 13 13 13 13 13 14 13 13 13 13 13 13 13 13 13 13 12
1824_1_1 4 4 8 5 6 0 3 3 3 3 4 1 3 2 3 2 27 12 13 12 13 13 13 13 14 13 13 13 13 14 13 13 13 13 13 13 13 13 13 13 13 13 13 13 13 13 13 13 13 13 13 13 13 13 13 13 13 13 14 13 13 13 13 14 13 13 13 13 12 13 12
1826_1_1 4 4 8 5 6 0 3 3 3 2 3 3 4 2 1 3 27 12 14 13 13 13 13 13 13 13 13 13 13 13 13 12 13 13 13 13 14 13 13 13 13 13 13 13 13 13 13 13 13 13 13 14 13 13 13 13 12 13 13 13 13 13 13 13 13 13 13 13 13 14 12
1828_1_1 4 4 8 5 6 1 3 3 2 5 2 2 2 3 2 2 27 12 13 14 13 13 13 13 13 13 13 13 13 14 13 13 13 13 13 13 13 13 12 13 13 13 13 13 13 13 13 13 13 12 13 13 13 13 13 13 13 13 14 13 13 13 13 13 13 13 13 13 14 13 12
1830_1_1 4 5 5 5 8 1 2 2 5 1 2 4 3 3 2 2 27 12 13 13 13 13 13 13 13 13 13 13 13 13 13 13 13 13 14 13 12 13 14 13 13 13 13 13 13 13 13 13 13 14 13 12 13 14 13 13 13 13 13 13 13 13 13 13 13 13 13 13 13 13 12
1831_1_1 3 8 6 5 5 0 3 3 2 4 2 3 2 3 3 2 27 12 13 14 13 14 13 13 13 13 13 13 13 13 13 13 13 13 13 13 13 13 12 13 13 13 13 13 13 13 13 13 13 12 13 13 13 13 13 13 13 13 13 13 13 13 13 13 13 13 14 13 14 13 12
1832_1_1 4 4 8 5 6 1 1 4 3 3 3 2 4 1 3 2 27 12 13 13 13 13 13 13 13 14 13 13 13 14 13 13 12 13 13 13 13 13 13 13 13 13 13 13 13 13 13 13 13 13 13 13 13 13 13 12 13 13 14 13 13 13 14 13 13 13 13 13 13 13 12
1833_1_1 3 8 6 5 5 0 4 3 3 3 3 1 2 2 3 3 27 12 13 13 13 14 13 13 13 13 12 13 13 13 13 13 13 13 13 13 13 13 13 13 13 14 13 13 13 13 14 13 13 13 13 13 13 13 13 13 13 13 13 13 13 12 13 13 13 13 14 13 13 13 12
1834_1_1 3 8 6 5 5 0 3 3 3 3 4 1 3 3 2 2 27 12 13 13 13 13 13 13 13 13 14 13 13 13 13 12 13 13 13 13 14 13 13 13 13 13 13 13 13 13 13 13 13 13 13 14 13 13 13 13 12 13 13 13 13 14 13 13 13 13 13 13 13 13 12
1835_0_5 4 5 4 6 8 1 2 2 5 3 1 4 2 3 2 2 27 12 13 13 13 13 13 12 13 13 13 14 13 13 13 13 14 13 13 13 13 13 13 13 13 13 13 13 13 13 13 13 13 13 13 13 13 13 13 14 13 13 13 13 14 13 13 13 12 13 13 13 13 13 12
1835_1_5 4 5 4 8 6 1 2 2 5 3 1 4 2 3 2 2 27 12 13 13 13 13 13 12 13 13 13 14 13 13 13 13 14 13 13 13 13 13 13 13 13 13 13 13 13 13 13 13 13 13 13 13 13 13 13 14 13 13 13 13 14 13 13 13 12 13 13 13 13 13 12
1837_0_1 3 5 5 6 8 0 3 2 2 4 2 3 2 4 3 2 27 12 13 13 13 13 13 13 13 13 13 13 13 13 13 14 13 13 13 13 14 13 13 13 13 12 13 13 13 13 12 13 13 13 13 14 13 13 13 13 14 13 13 13 13 13 13 13 13 13 13 13 13 13 12
1838_0_1 3 5 5 6 8 1 1 3 3 3 2 3 4 1 4 2 27 12 13 13 13 12 13 13 13 13 13 13 13 13 13 14 13 13 13 13 13 13 13 13 13 14 13 13 13 13 14 13 13 13 13 13 13 13 13 13 14 13 13 13 13 13 13 13 13 13 12 13 13 13 12
1839_1_1 3 8 6 5 5 0 3 4 3 3 2 3 2 2 2 3 27 13 13 13 13 12 13 13 13 13 13 12 13 13 13 14 13 13 13 13 13 13 13 13 13 14 13 13 13 13 14 13 13 13 13 13 13 13 13 13 14 13 13 13 12 13 13 13 13 13 12 13 13 13 13
1840_0_5 3 6 5 7 6 1 3 2 2 3 5 2 2 2 2 3 27 13 13 13 13 12 13 13 13 13 13 12 13 13 13 13 13 13 13 13 13 13 13 13 13 13 14 14 14 14 13 13 13 13 13 13 13 13 13 13 13 13 13 13 12 13 13 13 13 13 12 13 13 13 13
1841_0_1 3 5 5 6 8 0 3 3 3 3 4 1 3 2 3 2 27 12 13 13 13 13 13 12 13 13 13 13 13 13 13 13 13 13 14 13 14 13 13 13 13 13 13 13 13 13 13 13 13 13 13 14 13 14 13 13 13 13 13 13 13 13 13 13 12 13 13 13 13 13 12
1842_1_1 4 5 4 8 6 0 3 4 2 4 2 3 2 3 2 2 27 12 13 12 13 13 13 13 13 14 13 13 13 13 13 13 13 13 13 13 13 13 13 13 14 13 13 13 13 13 13 14 13 13 13 13 13 13 13 13 13 13 13 13 13 13 14 13 13 13 13 13 12 13 12
1844_0_1 3 5 5 6 8 0 4 2 3 2 3 3 3 3 3 1 27 12 13 12 13 13 13 13 13 13 14 13 13 13 13 13 13 13 14 13 13 13 13 13 13 13 13 13 13 13 13 13 13 13 13 13 13 14 13 13 13 13 13 13 13 14 13 13 13 13 13 13 12 13 12
1845_0_1 3 6 5 7 6 0 3 3 3 4 2 3 1 2 3 3 27 12 13 13 13 13 14 13 13 13 13 13 13 14 13 13 13 13 13 13 12 13 13 13 13 13 13 13 13 13 13 13 13 13 13 12 13 13 13 13 13 13 14 13 13 13 13 13 13 14 13 13 13 13 12
1846_0_1 4 4 6 5 8 0 3 3 2 4 2 3 2 3 3 2 27 12 13 14 13 13 13 13 13 13 13 12 13 13 13 13 14 13 13 13 13 13 13 13 13 13 13 13 13 13 13 13 13 13 13 13 13 13 13 14 13 13 13 13 12 13 13 13 13 13 13 13 14 13 12
1847_0_1 4 4 6 5 8 0 3 1 3 3 3 3 2 3 4 2 27 12 13 13 13 13 13 13 13 13 13 13 13 13 13 13 13 13 13 14 13 13 13 14 13 13 12 13 13 12 13 13 14 13 13 13 14 13 13 13 13 13 13 13 13 13 13 13 13 13 13 13 13 13 12
1848_1_1 3 6 7 5 6 0 3 3 3 4 2 3 1 2 3 3 27 12 13 14 13 13 13 13 13 13 13 13 13 13 13 13 14 13 13 13 13 13 13 13 13 12 13 13 13 13 12 13 13 13 13 13 13 13 13 14 13 13 13 13 13 13 13 13 13 13 13 13 14 13 12
1850_0_1 4 4 7 5 7 1 1 4 3 4 1 3 3 2 2 3 27 12 13 13 13 13 13 14 13 13 13 13 13 13 13 13 13 13 14 13 12 13 13 13 13 13 13 13 13 13 13 13 13 13 13 12 13 14 13 13 13 13 13 13 13 13 13 13 14 13 13 13 13 13 12
1850_2_1 4 8 5 5 5 1 1 4 3 4 1 3 3 2 2 3 27 12 13 13 13 13 13 14 13 13 13 13 13 13 13 13 13 13 14 13 12 13 13 13 13 13 13 13 13 13 13 13 13 13 13 12 13 14 13 13 13 13 13 13 13 13 13 13 14 13 13 13 13 13 12
1851_0_5 4 4 6 5 8 1 3 2 2 3 5 2 2 2 2 3 27 12 13 13 13 13 13 14 13 13 13 12 13 13 13 13 13 13 13 13 13 14 13 13 13 13 13 13 13 13 13 13 13 13 14 13 13 13 13 13 13 13 13 13 12 13 13 13 14 13 13 13 13 13 12
1852_0_1 4 4 7 5 7 1 2 1 3 3 2 1 4 4 2 4 27 12 13 13 13 13 13 13 13 13 13 13 13 13 13 13 13 13 14 13 13 13 14 13 13 12 13 13 13 13 12 13 13 14 13 13 13 14 13 13 13 13 13 13 13 13 13 13 13 13 13 13 13 13 12
1852_1_1 4 5 5 5 8 1 2 1 3 3 2 1 4 4 2 4 27 12 13 13 13 13 13 13 13 13 13 13 13 13 13 13 13 13 14 13 13 13 14 13 13 12 13 13 13 13 12 13 13 14 13 13 13 14 13 13 13 13 13 13 13 13 13 13 13 13 13 13 13 13 12
1852_2_1 4 8 5 5 5 1 2 1 3 3 2 1 4 4 2 4 27 12 13 13 13 13 13 13 13 13 13 13 13 13 13 13 13 13 14 13 13 13 14 13 13 12 13 13 13 13 12 13 13 14 13 13 13 14 13 13 13 13 13 13 13 13 13 13 13 13 13 13 13 13 12
1853_0_1 3 6 5 7 6 1 1 4 1 3 3 2 3 3 4 2 27 12 13 13 14 13 13 13 13 13 13 13 13 14 13 13 13 13 13 13 12 13 13 13 13 13 13 13 13 13 13 13 13 13 13 12 13 13 13 13 13 13 14 13 13 13 13 13 13 13 13 14 13 13 12
1855_0_1 3 6 6 6 6 1 2 3 2 3 1 5 4 2 2 2 27 13 13 13 13 12 13 13 13 13 13 13 13 13 13 12 13 13 13 13 13 14 14 13 13 13 13 13 13 13 13 13 13 14 14 13 13 13 13 13 12 13 13 13 13 13 13 13 13 13 12 13 13 13 13
1858_0_1 4 5 4 6 8 0 3 3 2 4 2 3 2 3 3 2 27 12 13 13 13 13 14 13 13 13 13 13 13 13 13 13 13 13 13 14 13 13 12 13 13 13 13 13 13 13 13 13 13 12 13 13 14 13 13 13 13 13 13 13 13 13 13 13 13 14 13 13 13 13 12
1859_0_1 4 4 6 5 8 0 3 3 3 2 3 3 4 2 1 3 27 12 13 13 12 13 13 13 13 13 13 13 13 14 13 13 13 13 13 13 13 13 13 13 14 13 13 13 13 13 13 14 13 13 13 13 13 13 13 13 13 13 14 13 13 13 13 13 13 13 13 12 13 13 12
1860_1_1 4 4 8 5 6 0 4 3 3 3 3 1 2 2 3 3 27 12 13 13 13 13 13 13 13 13 12 13 13 13 13 13 13 14 13 13 13 13 13 13 13 14 13 13 13 13 14 13 13 13 13 13 13 13 14 13 13 13 13 13 13 12 13 13 13 13 13 13 13 13 12
1861_1_1 3 6 5 8 5 1 3 1 3 4 1 3 3 4 2 2 27 12 13 13 13 13 13 13 13 13 13 13 12 13 13 13 13 13 13 13 14 13 13 13 13 13 14 13 13 14 13 13 13 13 13 14 13 13 13 13 13 13 13 12 13 13 13 13 13 13 13 13 13 13 12
1862_1_1 3 8 6 5 5 0 3 3 2 4 2 3 2 3 3 2 27 12 13 13 13 14 13 13 14 13 13 13 13 13 13 13 13 13 13 13 13 13 12 13 13 13 13 13 13 13 13 13 13 12 13 13 13 13 13 13 13 13 13 13 13 13 13 14 13 13 14 13 13 13 12
1864_0_1 4 4 6 5 8 0 3 4 3 2 3 3 3 2 1 3 27 12 13 13 13 13 12 13 13 13 13 13 13 13 14 13 13 13 13 13 13 13 13 14 13 13 13 13 13 13 13 13 14 13 13 13 13 13 13 13 13 14 13 13 13 13 13 13 13 12 13 13 13 13 12
1865_0_1 4 4 7 5 7 0 3 1 3 3 3 3 2 3 4 2 27 12 13 14 13 13 13 13 13 13 13 13 13 13 13 12 13 13 13 13 13 13 13 14 13 13 13 13 13 13 13 13 14 13 13 13 13 13 13 13 12 13 13 13 13 13 13 13 13 13 13 13 14 13 12
1866_0_3 3 6 5 7 6 0 4 3 4 2 2 3 2 2 3 2 27 12 13 13 13 13 13 13 13 13 13 13 13 13 13 13 13 14 13 13 12 13 13 13 13 13 14 13 13 14 13 13 13 13 13 12 13 13 14 13 13 13 13 13 13 13 13 13 13 13 13 13 13 13 12
1866_1_3 3 6 7 5 6 0 4 3 4 2 2 3 2 2 3 2 27 12 13 13 13 13 13 13 13 13 13 13 13 13 13 13 13 14 13 13 12 13 13 13 13 13 14 13 13 14 13 13 13 13 13 12 13 13 14 13 13 13 13 13 13 13 13 13 13 13 13 13 13 13 12
1867_0_3 3 6 5 7 6 1 2 1 3 5 1 3 3 3 2 3 27 12 13 13 13 13 13 13 13 13 12 13 13 13 13 13 13 13 13 14 13 13 14 13 13 13 13 13 13 13 13 13 13 14 13 13 14 13 13 13 13 13 13 13 13 12 13 13 13 13 13 13 13 13 12
1869_0_1 4 4 6 5 8 1 1 5 2 4 3 2 2 2 3 2 27 12 13 12 13 13 13 13 13 13 13 13 13 14 13 13 13 13 13 13 13 13 14 13 13 13 13 13 13 13 13 13 13 14 13 13 13 13 13 13 13 13 14 13 13 13 13 13 13 13 13 13 12 13 12
1870_1_1 4 4 8 5 6 0 3 3 3 4 2 3 1 2 3 3 27 12 13 13 13 13 14 13 13 13 13 13 13 13 13 13 13 13 14 13 13 13 13 13 13 13 12 13 13 12 13 13 13 13 13 13 13 14 13 13 13 13 13 13 13 13 13 13 13 14 13 13 13 13 12
1872_0_1 3 6 5 7 6 0 3 2 2 4 2 3 2 4 3 2 27 12 13 13 13 13 13 14 13 14 13 13 13 13 13 13 13 13 13 13 13 13 13 13 13 12 13 13 13 13 12 13 13 13 13 13 13 13 13 13 13 13 13 13 13 13 14 13 14 13 13 13 13 13 12
1873_0_1 3 5 5 6 8 0 4 2 3 3 3 2 3 3 3 1 27 12 13 13 13 13 13 13 13 13 14 13 13 12 13 13 13 13 14 13 13 13 13 13 13 13 13 13 13 13 13 13 13 13 13 13 13 14 13 13 13 13 12 13 13 14 13 13 13 13 13 13 13 13 12
1875_0_1 3 5 7 5 7 0 4 2 3 2 3 3 3 3 3 1 27 12 13 13 13 13 13 14 13 13 13 13 13 13 13 13 13 13 13 12 13 13 13 14 13 13 13 13 13 13 13 13 14 13 13 13 12 13 13 13 13 13 13 13 13 13 13 13 14 13 13 13 13 13 12
1876_0_1 4 5 4 6 8 1 2 4 2 4 3 2 1 3 2 3 27 12 13 13 13 13 14 13 13 14 13 13 13 13 13 13 13 13 13 13 13 13 12 13 13 13 13 13 13 13 13 13 13 12 13 13 13 13 13 13 13 13 13 13 13 13 14 13 13 14 13 13 13 13 12
1877_0_5 4 4 6 5 8 1 2 2 5 3 1 4 2 3 2 2 27 12 13 13 12 13 13 13 13 13 13 14 13 13 13 13 13 14 13 13 13 13 13 13 13 13 13 13 13 13 13 13 13 13 13 13 13 13 14 13 13 13 13 13 14 13 13 13 13 13 13 12 13 13 12
1877_1_5 4 4 8 5 6 1 2 2 5 3 1 4 2 3 2 2 27 12 13 13 12 13 13 13 13 13 13 14 13 13 13 13 13 14 13 13 13 13 13 13 13 13 13 13 13 13 13 13 13 13 13 13 13 13 14 13 13 13 13 13 14 13 13 13 13 13 13 12 13 13 12
1878_0_5 3 6 5 7 6 1 2 2 5 3 2 2 4 1 3 2 27 12 13 13 14 13 13 13 13 13 13 13 13 13 13 13 13 13 13 13 13 13 14 13 13 12 13 13 13 13 12 13 13 14 13 13 13 13 13 13 13 13 13 13 13 13 13 13 13 13 13 14 13 13 12
1878_1_5 3 6 7 5 6 1 2 2 5 3 2 2 4 1 3 2 27 12 13 13 14 13 13 13 13 13 13 13 13 13 13 13 13 13 13 13 13 13 14 13 13 12 13 13 13 13 12 13 13 14 13 13 13 13 13 13 13 13 13 13 13 13 13 13 13 13 13 14 13 13 12
1880_0_1 3 5 8 5 6 0 4 2 2 2 2 4 3 3 3 2 27 12 13 13 13 13 13 12 13 13 13 13 13 13 13 13 14 13 13 13 13 13 13 13 13 14 13 13 13 13 14 13 13 13 13 13 13 13 13 14 13 13 13 13 13 13 13 13 12 13 13 13 13 13 12
1881_0_1 4 4 7 5 7 1 3 1 3 4 1 3 3 4 2 2 27 12 13 13 13 13 13 14 13 13 12 13 13 14 13 13 13 13 13 13 13 13 13 13 13 13 13 13 13 13 13 13 13 13 13 13 13 13 13 13 13 13 14 13 13 12 13 13 14 13 13 13 13 13 12
1881_2_1 4 8 5 5 5 1 3 1 3 4 1 3 3 4 2 2 27 12 13 13 13 13 13 14 13 13 12 13 13 14 13 13 13 13 13 13 13 13 13 13 13 13 13 13 13 13 13 13 13 13 13 13 13 13 13 13 13 13 14 13 13 12 13 13 14 13 13 13 13 13 12
1882_0_5 4 4 6 5 8 1 1 3 4 1 3 2 4 3 2 3 27 12 13 13 13 13 13 13 13 13 13 13 13 13 13 14 13 13 13 13 12 13 13 13 13 13 13 14 14 13 13 13 13 13 13 12 13 13 13 13 14 13 13 13 13 13 13 13 13 13 13 13 13 13 12
1882_1_5 4 4 8 5 6 1 1 3 4 1 3 2 4 3 2 3 27 12 13 13 13 13 13 13 13 13 13 13 13 13 13 14 13 13 13 13 12 13 13 13 13 13 13 14 14 13 13 13 13 13 13 12 13 13 13 13 14 13 13 13 13 13 13 13 13 13 13 13 13 13 12
1884_0_1 4 4 7 5 7 1 2 2 5 1 2 4 3 3 2 2 27 12 13 13 13 13 13 14 13 13 13 13 13 13 13 13 13 13 13 13 12 13 14 13 13 13 13 13 13 13 13 13 13 14 13 12 13 13 13 13 13 13 13 13 13 13 13 13 14 13 13 13 13 13 12
1885_1_1 3 6 5 8 5 1 2 1 3 4 3 1 4 3 2 3 27 12 13 13 13 13 13 13 13 13 14 13 13 12 13 13 13 13 13 14 13 13 13 13 13 13 13 13 13 13 13 13 13 13 13 13 14 13 13 13 13 13 12 13 13 14 13 13 13 13 13 13 13 13 12
1887_1_1 3 6 7 5 6 1 2 1 3 4 3 1 4 3 2 3 27 12 13 13 13 13 13 13 13 13 13 13 14 13 14 13 13 13 13 13 12 13 13 13 13 13 13 13 13 13 13 13 13 13 13 12 13 13 13 13 13 14 13 14 13 13 13 13 13 13 13 13 13 13 12
1888_0_7 3 5 7 5 7 1 3 1 3 2 3 2 2 3 5 2 27 12 13 13 13 13 13 14 13 13 13 13 13 13 13 13 13 13 13 13 13 13 13 13 12 13 13 14 14 13 13 12 13 13 13 13 13 13 13 13 13 13 13 13 13 13 13 13 14 13 13 13 13 13 12
1888_1_7 3 7 5 7 5 1 3 1 3 2 3 2 2 3 5 2 27 12 13 13 13 13 13 14 13 13 13 13 13 13 13 13 13 13 13 13 13 13 13 13 12 13 13 14 14 13 13 12 13 13 13 13 13 13 13 13 13 13 13 13 13 13 13 13 14 13 13 13 13 13 12
1890_0_1 4 4 7 5 7 1 1 2 5 1 3 3 3 3 3 2 27 12 13 13 13 13 13 13 13 13 13 13 14 13 13 13 13 13 13 13 13 13 14 13 13 12 13 13 13 13 12 13 13 14 13 13 13 13 13 13 13 13 13 14 13 13 13 13 13 13 13 13 13 13 12
1891_0_3 4 4 6 5 8 1 1 3 2 3 2 3 3 2 5 2 27 12 13 13 13 13 13 13 13 13 13 13 13 13 13 13 13 13 13 12 13 13 13 14 13 13 14 13 13 14 13 13 14 13 13 13 12 13 13 13 13 13 13 13 13 13 13 13 13 13 13 13 13 13 12
1892_0_3 4 4 7 5 7 1 2 1 3 5 1 3 3 3 2 3 27 12 13 13 13 13 13 13 14 13 12 13 13 13 13 13 13 13 13 13 13 13 14 13 13 13 13 13 13 13 13 13 13 14 13 13 13 13 13 13 13 13 13 13 13 12 13 14 13 13 13 13 13 13 12
1892_2_3 4 8 5 5 5 1 2 1 3 5 1 3 3 3 2 3 27 12 13 13 13 13 13 13 14 13 12 13 13 13 13 13 13 13 13 13 13 13 14 13 13 13 13 13 13 13 13 13 13 14 13 13 13 13 13 13 13 13 13 13 13 12 13 14 13 13 13 13 13 13 12
1894_0_1 3 5 5 6 8 0 4 2 3 4 3 1 3 3 2 2 27 12 13 13 13 13 13 13 13 13 13 13 12 13 13 13 13 13 13 13 13 13 14 13 13 14 13 13 13 13 14 13 13 14 13 13 13 13 13 13 13 13 13 12 13 13 13 13 13 13 13 13 13 13 12
1895_0_1 4 4 7 5 7 0 2 3 3 4 2 3 2 2 2 4 27 12 13 13 13 13 13 13 13 13 12 13 13 14 13 13 13 14 13 13 13 13 13 13 13 13 13 13 13 13 13 13 13 13 13 13 13 13 14 13 13 13 14 13 13 12 13 13 13 13 13 13 13 13 12
1895_1_1 4 5 5 5 8 0 2 3 3 4 2 3 2 2 2 4 27 12 13 13 13 13 13 13 13 13 12 13 13 14 13 13 13 14 13 13 13 13 13 13 13 13 13 13 13 13 13 13 13 13 13 13 13 13 14 13 13 13 14 13 13 12 13 13 13 13 13 13 13 13 12
1895_2_1 4 8 5 5 5 0 2 3 3 4 2 3 2 2 2 4 27 12 13 13 13 13 13 13 13 13 12 13 13 14 13 13 13 14 13 13 13 13 13 13 13 13 13 13 13 13 13 13 13 13 13 13 13 13 14 13 13 13 14 13 13 12 13 13 13 13 13 13 13 13 12
1896_0_1 3 5 7 5 7 1 1 3 3 4 2 3 3 1 4 2 27 12 13 13 12 13 13 13 13 13 13 13 13 13 13 13 13 14 13 13 13 13 13 14 13 13 13 13 13 13 13 13 14 13 13 13 13 13 14 13 13 13 13 13 13 13 13 13 13 13 13 12 13 13 12
1897_1_1 3 6 7 5 6 0 3 3 3 2 3 3 4 1 3 2 27 12 13 14 13 12 13 13 13 13 13 13 13 13 13 13 13 13 13 14 13 13 13 13 13 13 13 13 13 13 13 13 13 13 13 13 14 13 13 13 13 13 13 13 13 13 13 13 13 13 12 13 14 13 12
1898_2_1 4 8 5 5 5 1 3 1 4 3 1 3 4 3 2 2 27 12 13 13 13 13 13 13 14 13 13 13 13 13 13 13 13 14 13 13 12 13 13 13 13 13 13 13 13 13 13 13 13 13 13 12 13 13 14 13 13 13 13 13 13 13 13 14 13 13 13 13 13 13 12
1900_0_3 3 5 7 5 7 0 3 3 1 2 3 3 3 4 2 3 27 12 13 13 13 13 12 13 14 13 13 13 13 14 13 13 13 13 13 13 13 13 13 13 13 13 13 13 13 13 13 13 13 13 13 13 13 13 13 13 13 13 14 13 13 13 13 14 13 12 13 13 13 13 12
1900_1_3 3 7 5 7 5 0 3 3 1 2 3 3 3 4 2 3 27 12 13 13 13 13 12 13 14 13 13 13 13 14 13 13 13 13 13 13 13 13 13 13 13 13 13 13 13 13 13 13 13 13 13 13 13 13 13 13 13 13 14 13 13 13 13 14 13 12 13 13 13 13 12
1901_0_3 4 5 4 6 8 1 2 5 2 4 2 2 2 2 3 2 27 12 13 12 13 13 13 13 13 14 13 13 13 13 13 13 14 13 13 13 13 13 13 13 13 13 13 13 13 13 13 13 13 13 13 13 13 13 13 14 13 13 13 13 13 13 14 13 13 13 13 13 12 13 12
1902_1_1 4 5 5 5 8 0 3 3 3 3 4 1 3 2 3 2 27 12 14 13 13 12 13 13 13 13 13 13 13 13 13 13 13 13 13 13 13 13 13 13 13 13 13 14 14 13 13 13 13 13 13 13 13 13 13 13 13 13 13 13 13 13 13 13 13 13 12 13 13 14 12
1903_1_1 3 7 5 7 5 0 3 4 3 2 3 3 3 2 1 3 27 12 13 13 13 13 13 13 14 13 13 13 13 13 13 13 12 13 13 13 13 13 13 14 13 13 13 13 13 13 13 13 14 13 13 13 13 13 13 12 13 13 13 13 13 13 13 14 13 13 13 13 13 13 12
1905_0_1 4 4 7 5 7 0 4 2 3 3 3 2 3 3 3 1 27 12 13 13 13 13 13 13 13 13 13 13 13 13 13 13 13 13 14 13 12 13 13 14 13 13 13 13 13 13 13 13 14 13 13 12 13 14 13 13 13 13 13 13 13 13 13 13 13 13 13 13 13 13 12
1906_0_3 3 6 5 7 6 0 4 3 4 2 2 3 2 2 3 2 27 12 13 13 13 13 14 13 13 13 13 13 13 13 13 13 13 13 14 13 12 13 13 13 13 13 13 13 13 13 13 13 13 13 13 12 13 14 13 13 13 13 13 13 13 13 13 13 13 14 13 13 13 13 12
1906_1_3 3 6 7 5 6 0 4 3 4 2 2 3 2 2 3 2 27 12 13 13 13 13 14 13 13 13 13 13 13 13 13 13 13 13 14 13 12 13 13 13 13 13 13 13 13 13 13 13 13 13 13 12 13 14 13 13 13 13 13 13 13 13 13 13 13 14 13 13 13 13 12
1907_0_3 3 5 5 6 8 1 1 5 2 3 3 2 3 2 3 2 27 12 13 13 13 13 13 13 13 13 13 13 12 13 13 13 13 14 13 13 13 13 13 13 13 14 13 13 13 13 14 13 13 13 13 13 13 13 14 13 13 13 13 12 13 13 13 13 13 13 13 13 13 13 12
1908_1_1 4 5 5 5 8 1 3 1 3 2 1 3 5 3 2 3 27 12 13 13 13 12 13 13 13 13 13 13 14 13 13 13 13 13 13 13 13 13 14 13 13 13 13 13 13 13 13 13 13 14 13 13 13 13 13 13 13 13 13 14 13 13 13 13 13 13 12 13 13 13 12
1909_1_1 3 6 7 5 6 0 3 3 3 4 2 3 1 2 3 3 27 12 13 13 13 13 14 13 13 13 13 13 13 13 13 12 13 13 14 13 13 13 13 13 13 13 13 13 13 13 13 13 13 13 13 13 13 14 13 13 12 13 13 13 13 13 13 13 13 14 13 13 13 13 12
1911_0_1 3 6 5 7 6 1 1 4 3 3 3 2 4 1 3 2 27 12 13 13 13 12 13 13 13 14 13 13 13 14 13 13 13 13 13 13 13 13 13 13 13 13 13 13 13 13 13 13 13 13 13 13 13 13 13 13 13 13 14 13 13 13 14 13 13 13 12 13 13 13 12
1912_0_1 3 5 5 6 8 0 3 3 2 4 2 3 2 3 3 2 27 12 13 13 13 13 13 13 13 13 13 13 13 13 13 13 13 14 13 13 13 13 12 13 13 14 13 13 13 13 14 13 13 12 13 13 13 13 14 13 13 13 13 13 13 13 13 13 13 13 13 13 13 13 12
1913_0_1 3 6 5 7 6 1 1 4 1 3 3 2 3 3 4 2 27 12 13 13 13 13 13 13 13 13 13 13 13 13 13 13 13 13 14 13 12 13 13 13 14 13 13 13 13 13 13 14 13 13 13 12 13 14 13 13 13 13 13 13 13 13 13 13 13 13 13 13 13 13 12
1915_0_1 3 6 5 7 6 1 1 3 5 2 3 2 3 3 1 3 27 12 13 13 13 13 13 13 13 13 13 14 13 13 13 13 13 13 13 13 12 13 13 14 13 13 13 13 13 13 13 13 14 13 13 12 13 13 13 13 13 13 13 13 14 13 13 13 13 13 13 13 13 13 12
1916_0_5 4 4 6 5 8 1 2 2 5 3 1 4 2 3 2 2 27 12 13 13 13 14 13 13 13 13 13 13 13 13 13 12 13 13 13 13 13 13 14 13 13 13 13 13 13 13 13 13 13 14 13 13 13 13 13 13 12 13 13 13 13 13 13 13 13 13 14 13 13 13 12
1916_1_5 4 4 8 5 6 1 2 2 5 3 1 4 2 3 2 2 27 12 13 13 13 14 13 13 13 13 13 13 13 13 13 12 13 13 13 13 13 13 14 13 13 13 13 13 13 13 13 13 13 14 13 13 13 13 13 13 12 13 13 13 13 13 13 13 13 13 14 13 13 13 12
1918_0_1 4 4 6 5 8 1 1 4 1 3 3 2 3 3 4 2 27 12 13 13 13 13 12 13 13 13 13 13 13 13 13 13 14 13 14 13 13 13 13 13 13 13 13 13 13 13 13 13 13 13 13 13 13 14 13 14 13 13 13 13 13 13 13 13 13 12 13 13 13 13 12
1919_1_1 4 4 8 5 6 1 2 3 1 5 3 2 2 3 3 2 27 12 13 13 13 13 13 14 13 13 13 13 13 13 13 13 13 13 13 13 12 13 13 13 13 14 13 13 13 13 14 13 13 13 13 12 13 13 13 13 13 13 13 13 13 13 13 13 14 13 13 13 13 13 12
1921_0_1 3 6 5 7 6 1 1 3 3 5 1 3 3 2 2 3 27 12 13 13 13 12 13 13 13 13 13 13 13 13 13 13 14 13 13 13 13 13 14 13 13 13 13 13 13 13 13 13 13 14 13 13 13 13 13 14 13 13 13 13 13 13 13 13 13 13 12 13 13 13 12
1923_0_1 4 4 7 5 7 1 1 3 5 2 3 2 3 3 1 3 27 12 13 13 13 13 13 13 13 13 13 13 14 13 13 13 13 13 13 13 12 13 14 13 13 13 13 13 13 13 13 13 13 14 13 12 13 13 13 13 13 13 13 14 13 13 13 13 13 13 13 13 13 13 12
1924_1_1 4 4 8 5 6 1 1 3 3 4 2 3 3 1 4 2 27 12 13 13 13 14 13 13 13 13 13 13 14 13 13 12 13 13 13 13 13 13 13 13 13 13 13 13 13 13 13 13 13 13 13 13 13 13 13 13 12 13 13 14 13 13 13 13 13 13 14 13 13 13 12
1926_0_3 4 4 7 5 7 1 3 2 3 1 3 5 2 3 2 2 27 12 13 13 13 12 13 14 13 13 13 13 13 14 13 13 13 13 13 13 13 13 13 13 13 13 13 13 13 13 13 13 13 13 13 13 13 13 13 13 13 13 14 13 13 13 13 13 14 13 12 13 13 13 12
1926_2_3 4 8 5 5 5 1 3 2 3 1 3 5 2 3 2 2 27 12 13 13 13 12 13 14 13 13 13 13 13 14 13 13 13 13 13 13 13 13 13 13 13 13 13 13 13 13 13 13 13 13 13 13 13 13 13 13 13 13 14 13 13 13 13 13 14 13 12 13 13 13 12
1928_0_3 3 6 5 7 6 1 2 2 3 3 4 1 3 4 2 2 27 13 13 13 13 12 13 13 13 13 13 12 13 13 13 13 13 13 13 13 13 14 13 13 13 13 13 14 14 13 13 13 13 13 14 13 13 13 13 13 13 13 13 13 12 13 13 13 13 13 12 13 13 13 13
1928_1_5 3 6 7 5 6 1 3 2 3 5 2 2 2 3 2 2 27 13 13 13 13 12 13 13 13 13 13 12 13 13 13 13 13 13 13 13 13 14 13 13 13 13 13 14 14 13 13 13 13 13 14 13 13 13 13 13 13 13 13 13 12 13 13 13 13 13 12 13 13 13 13
1929_1_1 4 5 5 5 8 1 1 3 3 3 4 2 3 1 3 3 27 13 13 13 13 12 13 13 13 13 13 12 13 13 13 13 13 14 13 13 13 13 13 14 13 13 13 13 13 13 13 13 14 13 13 13 13 13 14 13 13 13 13 13 12 13 13 13 13 13 12 13 13 13 13
1929_2_3 4 8 5 5 5 1 2 2 3 3 4 1 3 4 2 2 27 13 13 13 13 12 13 13 13 13 13 12 13 13 13 13 13 14 13 13 13 13 13 14 13 13 13 13 13 13 13 13 14 13 13 13 13 13 14 13 13 13 13 13 12 13 13 13 13 13 12 13 13 13 13
1931_0_1 3 5 5 6 8 1 1 4 1 3 3 2 3 3 4 2 27 12 13 13 13 13 13 13 13 13 13 13 13 12 13 13 13 13 14 13 14 13 13 13 13 13 13 13 13 13 13 13 13 13 13 14 13 14 13 13 13 13 12 13 13 13 13 13 13 13 13 13 13 13 12
1932_0_5 3 5 7 5 7 1 2 3 2 2 3 3 2 5 2 2 27 12 13 13 13 13 13 13 13 13 13 12 13 14 13 13 13 13 13 13 13 13 13 14 13 13 13 13 13 13 13 13 14 13 13 13 13 13 13 13 13 13 14 13 12 13 13 13 13 13 13 13 13 13 12
1933_0_1 3 5 8 5 6 1 1 4 2 3 2 3 4 2 3 2 27 12 13 13 13 13 13 13 13 13 14 13 13 13 13 13 13 13 13 13 13 13 12 13 14 13 13 13 13 13 13 14 13 12 13 13 13 13 13 13 13 13 13 13 13 14 13 13 13 13 13 13 13 13 12
1933_1_3 3 6 5 8 5 1 2 1 4 3 3 3 3 1 3 3 27 12 13 13 13 13 13 13 13 13 14 13 13 13 13 13 13 13 13 13 13 13 12 13 14 13 13 13 13 13 13 14 13 12 13 13 13 13 13 13 13 13 13 13 13 14 13 13 13 13 13 13 13 13 12
1934_0_5 3 5 5 6 8 1 2 3 2 2 3 3 2 5 2 2 27 12 13 13 13 13 13 13 13 13 14 13 13 14 13 13 13 13 13 13 13 13 12 13 13 13 13 13 13 13 13 13 13 12 13 13 13 13 13 13 13 13 14 13 13 14 13 13 13 13 13 13 13 13 12
1935_0_1 3 5 5 6 8 1 1 4 2 3 2 3 4 2 3 2 27 12 13 13 13 13 13 13 13 13 13 13 14 13 13 13 13 13 13 13 14 13 12 13 13 13 13 13 13 13 13 13 13 12 13 14 13 13 13 13 13 13 13 14 13 13 13 13 13 13 13 13 13 13 12
1935_1_3 3 8 6 5 5 1 2 1 4 3 3 3 3 1 3 3 27 12 13 13 13 13 13 13 13 13 13 13 14 13 13 13 13 13 13 13 14 13 12 13 13 13 13 13 13 13 13 13 13 12 13 14 13 13 13 13 13 13 13 14 13 13 13 13 13 13 13 13 13 13 12
1937_0_1 4 4 7 5 7 1 1 3 2 4 1 3 4 3 2 3 27 12 13 13 13 13 13 13 14 13 13 13 13 14 13 12 13 13 13 13 13 13 13 13 13 13 13 13 13 13 13 13 13 13 13 13 13 13 13 13 12 13 14 13 13 13 13 14 13 13 13 13 13 13 12
1937_2_1 4 8 5 5 5 1 1 3 2 4 1 3 4 3 2 3 27 12 13 13 13 13 13 13 14 13 13 13 13 14 13 12 13 13 13 13 13 13 13 13 13 13 13 13 13 13 13 13 13 13 13 13 13 13 13 13 12 13 14 13 13 13 13 14 13 13 13 13 13 13 12
1938_0_5 4 4 7 5 7 1 2 2 5 3 1 4 2 3 2 2 27 12 13 13 13 13 13 13 13 13 13 13 13 13 13 12 13 14 13 13 13 13 14 13 13 13 13 13 13 13 13 13 13 14 13 13 13 13 14 13 12 13 13 13 13 13 13 13 13 13 13 13 13 13 12
1938_1_5 4 5 5 5 8 1 2 2 5 3 1 4 2 3 2 2 27 12 13 13 13 13 13 13 13 13 13 13 13 13 13 12 13 14 13 13 13 13 14 13 13 13 13 13 13 13 13 13 13 14 13 13 13 13 14 13 12 13 13 13 13 13 13 13 13 13 13 13 13 13 12
1938_2_5 4 8 5 5 5 1 2 2 5 3 1 4 2 3 2 2 27 12 13 13 13 13 13 13 13 13 13 13 13 13 13 12 13 14 13 13 13 13 14 13 13 13 13 13 13 13 13 13 13 14 13 13 13 13 14 13 12 13 13 13 13 13 13 13 13 13 13 13 13 13 12
1939_1_1 3 6 7 5 6 1 1 3 4 1 4 2 3 3 3 2 27 12 13 13 13 13 13 13 13 14 13 13 13 13 13 13 13 14 13 13 13 13 13 13 13 12 13 13 13 13 12 13 13 13 13 13 13 13 14 13 13 13 13 13 13 13 14 13 13 13 13 13 13 13 12
1940_1_1 3 8 6 5 5 0 4 2 3 2 3 3 3 3 3 1 27 12 13 12 13 13 13 13 13 13 13 13 13 13 13 14 13 13 13 13 13 13 13 14 13 13 13 13 13 13 13 13 14 13 13 13 13 13 13 13 14 13 13 13 13 13 13 13 13 13 13 13 12 13 12
1941_1_1 4 5 5 5 8 0 4 2 2 2 2 4 3 3 3 2 27 12 13 13 13 13 13 13 14 13 13 13 13 13 13 12 13 14 13 13 13 13 13 13 13 13 13 13 13 13 13 13 13 13 13 13 13 13 14 13 12 13 13 13 13 13 13 14 13 13 13 13 13 13 12
1942_0_1 3 5 5 6 8 1 2 1 3 3 2 1 4 4 2 4 27 12 13 13 13 13 13 13 12 13 13 13 13 13 13 14 13 13 13 13 13 13 14 13 13 13 13 13 13 13 13 13 13 14 13 13 13 13 13 13 14 13 13 13 13 13 13 12 13 13 13 13 13 13 12
1942_1_1 3 8 6 5 5 1 2 1 3 3 2 1 4 4 2 4 27 12 13 13 13 13 13 13 12 13 13 13 13 13 13 14 13 13 13 13 13 13 14 13 13 13 13 13 13 13 13 13 13 14 13 13 13 13 13 13 14 13 13 13 13 13 13 12 13 13 13 13 13 13 12
1943_0_1 3 5 5 6 8 0 3 4 3 2 3 3 3 2 1 3 27 12 13 13 13 13 13 13 13 13 13 13 14 13 13 13 13 12 13 13 13 13 13 13 13 14 13 13 13 13 14 13 13 13 13 13 13 13 12 13 13 13 13 14 13 13 13 13 13 13 13 13 13 13 12
1944_0_1 3 6 5 7 6 1 1 4 3 4 1 3 3 2 2 3 27 12 13 13 14 13 13 13 13 13 13 13 13 13 13 13 13 13 14 13 12 13 13 13 13 13 13 13 13 13 13 13 13 13 13 12 13 14 13 13 13 13 13 13 13 13 13 13 13 13 13 14 13 13 12
1945_0_1 4 4 7 5 7 1 2 1 4 3 2 2 5 2 3 2 27 12 13 13 13 12 13 13 13 13 13 13 13 14 13 13 13 13 13 13 13 13 14 13 13 13 13 13 13 13 13 13 13 14 13 13 13 13 13 13 13 13 14 13 13 13 13 13 13 13 12 13 13 13 12
1946_1_1 4 4 8 5 6 0 3 3 3 3 4 1 3 2 3 2 27 12 13 13 13 13 13 13 14 13 13 13 13 13 13 13 13 13 13 13 14 13 13 13 13 12 13 13 13 13 12 13 13 13 13 14 13 13 13 13 13 13 13 13 13 13 13 14 13 13 13 13 13 13 12
1947_1_3 3 7 5 7 5 1 3 1 3 3 4 3 2 1 4 2 27 12 13 13 13 13 13 13 14 13 13 13 13 13 13 13 13 14 13 13 13 13 13 13 13 13 12 13 13 12 13 13 13 13 13 13 13 13 14 13 13 13 13 13 13 13 13 14 13 13 13 13 13 13 12
1948_1_3 3 6 5 8 5 1 1 4 2 3 1 3 4 3 2 3 27 12 13 13 13 14 13 13 13 13 13 13 13 12 13 13 14 13 13 13 13 13 13 13 13 13 13 13 13 13 13 13 13 13 13 13 13 13 13 14 13 13 12 13 13 13 13 13 13 13 14 13 13 13 12
1950_1_1 3 6 7 5 6 1 3 5 2 3 2 3 2 2 2 2 27 13 13 13 13 12 13 13 13 13 13 12 13 13 13 13 13 13 14 13 13 14 13 13 13 13 13 13 13 13 13 13 13 13 14 13 13 14 13 13 13 13 13 13 12 13 13 13 13 13 12 13 13 13 13
1951_1_3 4 5 5 5 8 1 3 1 3 3 2 1 5 3 3 2 27 12 13 13 13 13 13 13 13 13 12 13 13 13 13 13 13 14 13 13 13 13 14 13 13 13 13 13 13 13 13 13 13 14 13 13 13 13 14 13 13 13 13 13 13 12 13 13 13 13 13 13 13 13 12
1952_0_3 3 5 5 6 8 1 2 3 4 3 2 2 4 1 3 2 27 12 13 13 13 13 13 13 13 13 14 13 13 13 13 13 13 14 13 13 13 13 12 13 13 13 13 13 13 13 13 13 13 12 13 13 13 13 14 13 13 13 13 13 13 14 13 13 13 13 13 13 13 13 12
1952_1_5 3 8 6 5 5 1 3 1 3 4 3 3 1 3 3 2 27 12 13 13 13 13 13 13 13 13 14 13 13 13 13 13 13 14 13 13 13 13 12 13 13 13 13 13 13 13 13 13 13 12 13 13 13 13 14 13 13 13 13 13 13 14 13 13 13 13 13 13 13 13 12
1954_0_1 4 4 6 5 8 1 3 2 1 3 2 3 1 3 4 4 27 12 13 13 13 13 13 14 13 13 13 13 13 13 13 13 12 13 13 13 13 13 13 13 13 13 14 13 13 14 13 13 13 13 13 13 13 13 13 12 13 13 13 13 13 13 13 13 14 13 13 13 13 13 12
1955_1_1 3 6 7 5 6 0 3 3 3 2 3 3 4 1 3 2 27 12 13 14 13 12 13 13 13 13 13 13 13 13 14 13 13 13 13 13 13 13 13 13 13 13 13 13 13 13 13 13 13 13 13 13 13 13 13 13 13 14 13 13 13 13 13 13 13 13 12 13 14 13 12
1956_1_1 3 6 7 5 6 0 4 2 3 4 3 2 1 2 3 3 27 12 13 13 13 13 14 13 13 13 12 13 13 13 13 13 13 13 13 13 13 13 14 13 13 13 13 13 13 13 13 13 13 14 13 13 13 13 13 13 13 13 13 13 13 12 13 13 13 14 13 13 13 13 12
1957_1_1 3 6 7 5 6 0 3 3 3 4 2 3 1 2 3 3 27 12 13 13 13 13 14 13 14 13 13 13 13 13 13 13 13 13 13 13 13 13 13 13 13 12 13 13 13 13 12 13 13 13 13 13 13 13 13 13 13 13 13 13 13 13 13 14 13 14 13 13 13 13 12
1958_0_5 4 5 4 7 7 1 5 3 3 2 2 2 2 2 3 2 27 13 13 13 13 12 13 13 13 13 13 13 13 13 14 13 14 13 13 13 13 13 12 13 13 13 13 13 13 13 13 13 13 12 13 13 13 13 13 14 13 14 13 13 13 13 13 13 13 13 12 13 13 13 13
1958_2_1 4 5 8 5 5 1 1 4 3 3 2 3 3 3 1 3 27 13 13 13 13 12 13 13 13 13 13 13 13 13 14 13 14 13 13 13 13 13 12 13 13 13 13 13 13 13 13 13 13 12 13 13 13 13 13 14 13 14 13 13 13 13 13 13 13 13 12 13 13 13 13
1960_0_1 3 6 6 6 6 0 3 3 3 3 4 1 3 3 2 2 27 13 13 13 13 12 13 13 13 13 13 13 13 13 13 12 13 13 13 13 13 13 13 13 14 13 13 14 14 13 13 14 13 13 13 13 13 13 13 13 12 13 13 13 13 13 13 13 13 13 12 13 13 13 13
1961_1_1 4 5 5 5 8 0 3 3 3 4 2 3 1 2 3 3 27 12 13 13 13 13 13 14 13 13 13 13 13 13 13 12 13 14 13 13 13 13 13 13 13 13 13 13 13 13 13 13 13 13 13 13 13 13 14 13 12 13 13 13 13 13 13 13 14 13 13 13 13 13 12
1962_0_1 3 5 5 6 8 0 4 2 3 4 3 2 1 2 3 3 27 12 13 13 13 14 13 13 13 13 13 13 12 13 13 13 13 13 13 13 13 13 14 13 13 13 13 13 13 13 13 13 13 14 13 13 13 13 13 13 13 13 13 12 13 13 13 13 13 13 14 13 13 13 12
1963_0_1 3 5 8 5 6 0 4 3 3 3 3 1 2 2 3 3 27 12 13 13 13 14 13 13 13 13 13 13 12 13 13 13 13 13 13 14 13 13 13 13 13 13 13 13 13 13 13 13 13 13 13 13 14 13 13 13 13 13 13 12 13 13 13 13 13 13 14 13 13 13 12
1964_0_1 4 4 7 5 7 1 1 4 3 3 3 3 1 3 2 3 27 13 13 13 13 12 13 13 13 13 13 12 13 13 13 13 13 13 14 13 13 13 13 13 13 13 13 14 14 13 13 13 13 13 13 13 13 14 13 13 13 13 13 13 12 13 13 13 13 13 12 13 13 13 13
1964_1_3 4 5 5 5 8 1 3 1 4 4 2 2 3 3 2 2 27 13 13 13 13 12 13 13 13 13 13 12 13 13 13 13 13 13 14 13 13 13 13 13 13 13 13 14 14 13 13 13 13 13 13 13 13 14 13 13 13 13 13 13 12 13 13 13 13 13 12 13 13 13 13
1964_2_5 4 8 5 5 5 1 3 2 2 3 5 2 2 2 2 3 27 13 13 13 13 12 13 13 13 13 13 12 13 13 13 13 13 13 14 13 13 13 13 13 13 13 13 14 14 13 13 13 13 13 13 13 13 14 13 13 13 13 13 13 12 13 13 13 13 13 12 13 13 13 13
1966_1_1 4 4 8 5 6 0 3 3 3 3 4 1 3 2 3 2 27 12 13 13 12 13 13 13 13 13 13 13 13 13 13 13 13 13 14 13 13 13 13 13 14 13 13 13 13 13 13 14 13 13 13 13 13 14 13 13 13 13 13 13 13 13 13 13 13 13 13 12 13 13 12
1968_0_3 3 5 5 6 8 1 2 1 4 2 4 3 2 2 4 2 27 12 13 12 13 13 13 13 13 13 13 13 13 14 13 13 13 13 13 13 14 13 13 13 13 13 13 13 13 13 13 13 13 13 13 14 13 13 13 13 13 13 14 13 13 13 13 13 13 13 13 13 12 13 12
1969_0_3 3 5 5 6 8 1 2 2 3 5 1 3 3 3 2 2 27 12 13 13 13 13 13 12 13 13 13 13 13 13 13 13 13 13 13 13 14 13 13 14 13 13 13 13 13 13 13 13 14 13 13 14 13 13 13 13 13 13 13 13 13 13 13 13 12 13 13 13 13 13 12
1970_0_3 3 5 7 5 7 1 3 1 3 3 4 3 2 1 4 2 27 12 13 13 12 13 13 13 14 13 13 13 13 13 13 13 13 13 13 13 13 13 13 13 13 13 13 14 14 13 13 13 13 13 13 13 13 13 13 13 13 13 13 13 13 13 13 14 13 13 13 12 13 13 12
1971_1_1 4 5 5 5 8 1 2 1 3 4 3 1 4 3 2 3 27 12 13 13 13 13 13 13 14 13 13 13 13 13 13 13 13 13 13 13 12 13 13 14 13 13 13 13 13 13 13 13 14 13 13 12 13 13 13 13 13 13 13 13 13 13 13 14 13 13 13 13 13 13 12
1973_0_1 4 4 6 5 8 0 3 2 2 4 2 3 2 4 3 2 27 12 14 13 13 13 13 13 13 13 13 13 13 13 13 14 13 13 13 13 13 13 13 13 13 12 13 13 13 13 12 13 13 13 13 13 13 13 13 13 14 13 13 13 13 13 13 13 13 13 13 13 13 14 12
1974_0_1 3 5 7 5 7 0 3 3 3 3 4 1 3 2 3 2 27 12 13 13 13 13 13 13 14 13 13 13 13 14 13 13 13 13 13 12 13 13 13 13 13 13 13 13 13 13 13 13 13 13 13 13 12 13 13 13 13 13 14 13 13 13 13 14 13 13 13 13 13 13 12
1976_0_1 3 5 8 5 6 0 3 3 3 3 4 1 3 2 3 2 27 12 13 12 13 13 13 13 13 14 13 13 13 13 13 13 13 13 13 13 13 13 13 13 13 14 13 13 13 13 14 13 13 13 13 13 13 13 13 13 13 13 13 13 13 13 14 13 13 13 13 13 12 13 12
1977_1_1 4 4 8 5 6 0 3 2 2 4 2 3 2 4 3 2 27 12 13 13 13 13 13 14 13 13 13 13 13 13 13 13 13 13 13 13 14 13 13 13 13 12 13 13 13 13 12 13 13 13 13 14 13 13 13 13 13 13 13 13 13 13 13 13 14 13 13 13 13 13 12
1979_0_1 3 5 8 5 6 0 3 2 2 4 2 3 2 4 3 2 27 12 13 12 13 13 13 13 13 14 13 13 13 13 13 14 13 13 13 13 13 13 13 13 13 13 13 13 13 13 13 13 13 13 13 13 13 13 13 13 14 13 13 13 13 13 14 13 13 13 13 13 12 13 12
1980_0_1 3 5 5 6 8 0 3 2 3 2 2 4 4 2 2 3 27 12 13 13 13 13 13 13 14 13 13 13 13 13 13 13 13 12 13 13 14 13 13 13 13 13 13 13 13 13 13 13 13 13 13 14 13 13 12 13 13 13 13 13 13 13 13 14 13 13 13 13 13 13 12
1980_1_1 3 8 6 5 5 0 3 2 3 2 2 4 4 2 2 3 27 12 13 13 13 13 13 13 14 13 13 13 13 13 13 13 13 12 13 13 14 13 13 13 13 13 13 13 13 13 13 13 13 13 13 14 13 13 12 13 13 13 13 13 13 13 13 14 13 13 13 13 13 13 12
1981_0_1 4 4 7 5 7 1 2 3 5 2 2 4 1 3 2 2 27 12 13 14 13 13 13 13 13 13 13 13 13 13 13 12 13 13 13 13 13 13 14 13 13 13 13 13 13 13 13 13 13 14 13 13 13 13 13 13 12 13 13 13 13 13 13 13 13 13 13 13 14 13 12
1982_0_3 3 5 5 6 8 1 2 3 2 2 2 2 2 3 3 5 27 12 13 13 13 13 13 13 14 13 14 13 13 13 13 13 13 13 13 13 13 13 12 13 13 13 13 13 13 13 13 13 13 12 13 13 13 13 13 13 13 13 13 13 13 14 13 14 13 13 13 13 13 13 12
1982_1_5 3 8 6 5 5 1 5 3 3 2 2 2 2 2 3 2 27 12 13 13 13 13 13 13 14 13 14 13 13 13 13 13 13 13 13 13 13 13 12 13 13 13 13 13 13 13 13 13 13 12 13 13 13 13 13 13 13 13 13 13 13 14 13 14 13 13 13 13 13 13 12
1983_1_3 4 4 8 5 6 1 2 3 5 1 3 3 2 3 2 2 27 12 13 13 13 13 14 13 13 13 13 12 13 13 13 13 13 13 13 13 13 13 14 13 13 13 13 13 13 13 13 13 13 14 13 13 13 13 13 13 13 13 13 13 12 13 13 13 13 14 13 13 13 13 12
1984_1_3 4 5 5 8 5 1 3 1 3 3 2 2 5 3 2 2 27 13 13 13 13 12 13 13 13 13 13 14 13 13 13 13 13 13 13 14 13 13 12 13 13 13 13 13 13 13 13 13 13 12 13 13 14 13 13 13 13 13 13 13 14 13 13 13 13 13 12 13 13 13 13
1985_0_3 3 5 5 6 8 1 3 1 3 4 4 1 3 2 3 2 27 12 13 13 13 13 13 13 12 13 13 13 13 14 13 14 13 13 13 13 13 13 13 13 13 13 13 13 13 13 13 13 13 13 13 13 13 13 13 13 14 13 14 13 13 13 13 12 13 13 13 13 13 13 12
1986_0_3 4 5 4 6 8 1 2 3 5 1 3 3 2 3 2 2 27 12 13 13 13 13 13 13 13 13 13 14 13 13 13 13 14 13 13 13 13 13 12 13 13 13 13 13 13 13 13 13 13 12 13 13 13 13 13 14 13 13 13 13 14 13 13 13 13 13 13 13 13 13 12
1987_1_1 3 6 7 5 6 0 4 2 3 3 3 2 3 3 3 1 27 12 13 13 13 13 13 13 13 13 13 13 14 13 13 13 13 13 13 13 12 13 13 13 13 13 14 13 13 14 13 13 13 13 13 12 13 13 13 13 13 13 13 14 13 13 13 13 13 13 13 13 13 13 12
1989_0_3 3 5 6 6 7 1 2 3 4 3 3 2 2 2 1 4 27 13 13 13 13 12 13 13 13 13 13 13 13 14 13 13 13 13 13 13 13 13 12 13 14 13 13 13 13 13 13 14 13 12 13 13 13 13 13 13 13 13 14 13 13 13 13 13 13 13 12 13 13 13 13
1990_0_3 4 4 7 5 7 1 1 5 2 3 3 2 3 2 3 2 27 12 13 13 13 13 13 13 14 13 12 13 13 13 13 13 13 14 13 13 13 13 13 13 13 13 13 13 13 13 13 13 13 13 13 13 13 13 14 13 13 13 13 13 13 12 13 14 13 13 13 13 13 13 12
1990_2_3 4 8 5 5 5 1 1 5 2 3 3 2 3 2 3 2 27 12 13 13 13 13 13 13 14 13 12 13 13 13 13 13 13 14 13 13 13 13 13 13 13 13 13 13 13 13 13 13 13 13 13 13 13 13 14 13 13 13 13 13 13 12 13 14 13 13 13 13 13 13 12
1991_1_3 4 4 8 5 6 1 1 3 2 3 2 3 3 2 5 2 27 12 13 13 13 13 13 13 12 13 13 13 13 13 13 13 13 13 14 13 13 13 13 14 13 13 13 13 13 13 13 13 14 13 13 13 13 14 13 13 13 13 13 13 13 13 13 12 13 13 13 13 13 13 12
1993_1_1 4 5 4 8 6 1 1 5 2 4 3 2 2 2 3 2 27 12 13 13 13 13 13 13 12 13 13 14 13 13 13 13 13 13 13 13 13 13 13 13 14 13 13 13 13 13 13 14 13 13 13 13 13 13 13 13 13 13 13 13 14 13 13 12 13 13 13 13 13 13 12
1995_0_3 3 5 8 5 6 1 3 4 3 1 4 2 3 2 2 2 27 12 13 13 13 13 13 13 13 13 13 13 13 13 13 14 13 13 13 13 13 13 12 13 13 13 14 13 13 14 13 13 13 12 13 13 13 13 13 13 14 13 13 13 13 13 13 13 13 13 13 13 13 13 12
1996_0_3 3 5 5 6 8 1 3 1 3 3 2 2 5 3 2 2 27 12 13 13 13 13 13 13 13 13 13 13 13 13 13 13 13 12 13 13 13 13 13 14 13 14 13 13 13 13 14 13 14 13 13 13 13 13 12 13 13 13 13 13 13 13 13 13 13 13 13 13 13 13 12
1997_0_3 4 4 7 5 7 1 3 1 3 4 4 1 3 2 3 2 27 12 13 13 13 13 13 14 13 13 13 13 13 14 13 13 13 13 13 13 13 13 13 13 13 12 13 13 13 13 12 13 13 13 13 13 13 13 13 13 13 13 14 13 13 13 13 13 14 13 13 13 13 13 12
1997_2_3 4 8 5 5 5 1 3 1 3 4 4 1 3 2 3 2 27 12 13 13 13 13 13 14 13 13 13 13 13 14 13 13 13 13 13 13 13 13 13 13 13 12 13 13 13 13 12 13 13 13 13 13 13 13 13 13 13 13 14 13 13 13 13 13 14 13 13 13 13 13 12
2000_0_1 3 5 5 6 8 0 3 2 4 2 3 3 3 2 4 1 27 12 13 13 13 13 13 12 13 13 13 13 13 13 13 13 13 13 13 13 14 13 14 13 13 13 13 13 13 13 13 13 13 14 13 14 13 13 13 13 13 13 13 13 13 13 13 13 12 13 13 13 13 13 12
2002_0_1 4 4 6 5 8 0 2 3 3 4 2 3 2 2 2 4 27 12 13 13 13 13 13 13 13 13 12 13 13 13 13 13 13 13 13 13 14 13 13 13 13 13 13 14 14 13 13 13 13 13 13 14 13 13 13 13 13 13 13 13 13 12 13 13 13 13 13 13 13 13 12
2002_1_1 4 4 8 5 6 0 2 3 3 4 2 3 2 2 2 4 27 12 13 13 13 13 13 13 13 13 12 13 13 13 13 13 13 13 13 13 14 13 13 13 13 13 13 14 14 13 13 13 13 13 13 14 13 13 13 13 13 13 13 13 13 12 13 13 13 13 13 13 13 13 12
2003_0_1 3 6 5 7 6 0 3 3 3 2 3 3 4 1 3 2 27 12 13 13 13 12 13 13 14 13 13 13 13 13 13 13 13 13 13 14 13 13 13 13 13 13 13 13 13 13 13 13 13 13 13 13 14 13 13 13 13 13 13 13 13 13 13 14 13 13 12 13 13 13 12
2004_0_1 4 4 7 5 7 1 2 1 3 4 3 1 4 3 2 3 27 12 13 14 13 13 13 13 13 13 13 13 14 13 13 13 13 13 13 13 12 13 13 13 13 13 13 13 13 13 13 13 13 13 13 12 13 13 13 13 13 13 13 14 13 13 13 13 13 13 13 13 14 13 12
2005_0_3 3 5 8 5 6 1 2 5 2 4 2 2 2 2 3 2 27 12 13 12 13 13 13 13 13 13 13 13 13 13 13 13 14 13 13 13 14 13 13 13 13 13 13 13 13 13 13 13 13 13 13 14 13 13 13 14 13 13 13 13 13 13 13 13 13 13 13 13 12 13 12
2006_0_3 3 6 5 7 6 1 1 3 2 3 2 3 3 2 5 2 27 12 13 13 14 13 13 13 13 13 13 13 14 13 13 13 13 13 13 13 13 13 13 13 13 12 13 13 13 13 12 13 13 13 13 13 13 13 13 13 13 13 13 14 13 13 13 13 13 13 13 14 13 13 12
2007_1_1 4 5 5 5 8 1 1 3 3 3 2 3 4 1 4 2 27 12 13 13 13 12 13 13 14 13 13 13 13 13 13 13 13 13 14 13 13 13 13 13 13 13 13 13 13 13 13 13 13 13 13 13 13 14 13 13 13 13 13 13 13 13 13 14 13 13 12 13 13 13 12
2008_0_5 4 4 6 5 8 0 4 2 2 2 3 2 4 3 3 2 27 12 13 13 13 13 13 13 13 13 13 13 13 14 13 13 13 14 13 13 13 13 13 12 13 13 13 13 13 13 13 13 12 13 13 13 13 13 14 13 13 13 14 13 13 13 13 13 13 13 13 13 13 13 12
2008_1_5 4 4 8 5 6 0 4 2 2 2 3 2 4 3 3 2 27 12 13 13 13 13 13 13 13 13 13 13 13 14 13 13 13 14 13 13 13 13 13 12 13 13 13 13 13 13 13 13 12 13 13 13 13 13 14 13 13 13 14 13 13 13 13 13 13 13 13 13 13 13 12
2010_0_1 3 5 8 5 6 0 3 3 3 4 2 3 1 2 3 3 27 12 13 12 13 13 13 13 13 13 13 13 13 13 13 13 14 13 13 13 13 13 13 13 13 14 13 13 13 13 14 13 13 13 13 13 13 13 13 14 13 13 13 13 13 13 13 13 13 13 13 13 12 13 12
2011_0_1 4 5 4 6 8 0 3 3 3 3 4 1 3 2 3 2 27 12 13 12 13 13 13 13 13 14 13 13 13 13 14 13 13 13 13 13 13 13 13 13 13 13 13 13 13 13 13 13 13 13 13 13 13 13 13 13 13 14 13 13 13 13 14 13 13 13 13 13 12 13 12
2013_0_1 4 4 7 5 7 0 3 2 4 2 2 4 3 2 3 2 27 12 13 14 13 13 13 13 14 13 13 13 13 13 13 12 13 13 13 13 13 13 13 13 13 13 13 13 13 13 13 13 13 13 13 13 13 13 13 13 12 13 13 13 13 13 13 14 13 13 13 13 14 13 12
2013_2_1 4 8 5 5 5 0 3 2 4 2 2 4 3 2 3 2 27 12 13 14 13 13 13 13 14 13 13 13 13 13 13 12 13 13 13 13 13 13 13 13 13 13 13 13 13 13 13 13 13 13 13 13 13 13 13 13 12 13 13 13 13 13 13 14 13 13 13 13 14 13 12
2015_0_1 4 4 7 5 7 0 3 3 3 3 4 1 3 2 3 2 27 12 13 14 13 13 13 13 13 13 13 13 13 14 13 13 13 13 13 13 13 13 13 13 13 12 13 13 13 13 12 13 13 13 13 13 13 13 13 13 13 13 14 13 13 13 13 13 13 13 13 13 14 13 12
2016_1_1 3 6 5 8 5 1 3 1 4 3 1 3 4 3 2 2 27 12 13 13 13 13 13 13 13 13 13 13 13 12 13 13 14 13 13 13 13 13 13 13 13 14 13 13 13 13 14 13 13 13 13 13 13 13 13 14 13 13 12 13 13 13 13 13 13 13 13 13 13 13 12
2018_1_1 4 4 8 5 6 1 1 3 3 4 1 4 3 2 3 2 27 12 13 13 13 12 13 13 13 13 13 13 13 13 13 13 13 13 13 13 14 13 13 14 13 13 13 13 13 13 13 13 14 13 13 14 13 13 13 13 13 13 13 13 13 13 13 13 13 13 12 13 13 13 12
2020_1_1 3 6 5 8 5 0 3 2 4 2 3 3 3 2 4 1 27 12 13 13 13 13 13 12 13 13 13 14 13 13 13 13 13 13 13 13 14 13 13 13 13 13 13 13 13 13 13 13 13 13 13 14 13 13 13 13 13 13 13 13 14 13 13 13 12 13 13 13 13 13 12
2022_1_1 4 4 8 5 6 1 1 4 1 3 3 2 3 3 4 2 27 12 13 13 13 12 13 13 13 13 13 13 13 13 13 14 13 14 13 13 13 13 13 13 13 13 13 13 13 13 13 13 13 13 13 13 13 13 14 13 14 13 13 13 13 13 13 13 13 13 12 13 13 13 12
2023_1_3 4 4 8 5 6 1 1 3 2 3 2 3 3 2 5 2 27 12 13 12 13 13 13 13 13 13 13 13 13 13 13 13 13 13 14 13 13 13 13 14 13 13 13 13 13 13 13 13 14 13 13 13 13 14 13 13 13 13 13 13 13 13 13 13 13 13 13 13 12 13 12
2024_0_7 4 4 6 5 8 1 3 1 3 2 3 2 2 3 5 2 27 12 13 13 13 14 13 14 13 13 13 13 13 13 13 13 13 13 13 13 12 13 13 13 13 13 13 13 13 13 13 13 13 13 13 12 13 13 13 13 13 13 13 13 13 13 13 13 14 13 14 13 13 13 12
2024_1_7 4 4 8 5 6 1 3 1 3 2 3 2 2 3 5 2 27 12 13 13 13 14 13 14 13 13 13 13 13 13 13 13 13 13 13 13 12 13 13 13 13 13 13 13 13 13 13 13 13 13 13 12 13 13 13 13 13 13 13 13 13 13 13 13 14 13 14 13 13 13 12
2025_1_3 3 7 6 6 5 1 2 3 5 1 3 3 2 3 2 2 27 12 13 13 14 13 14 13 13 13 13 13 13 13 13 12 13 13 13 13 13 13 13 13 13 13 13 13 13 13 13 13 13 13 13 13 13 13 13 13 12 13 13 13 13 13 13 13 13 14 13 14 13 13 12
2027_1_1 3 6 7 5 6 0 3 3 3 3 4 1 3 2 3 2 27 12 13 13 13 12 13 13 13 13 13 13 13 13 13 13 13 14 13 13 13 13 13 13 14 13 13 13 13 13 13 14 13 13 13 13 13 13 14 13 13 13 13 13 13 13 13 13 13 13 12 13 13 13 12
2029_1_1 3 6 7 5 6 0 3 3 3 3 4 1 3 2 3 2 27 12 13 13 13 13 13 13 13 13 13 13 13 14 13 13 13 13 13 14 13 13 13 13 13 12 13 13 13 13 12 13 13 13 13 13 14 13 13 13 13 13 14 13 13 13 13 13 13 13 13 13 13 13 12
2031_0_3 3 5 8 5 6 1 2 1 4 2 2 3 3 2 4 3 27 12 13 13 13 13 13 13 13 13 13 13 13 13 13 13 14 13 13 13 13 13 12 13 13 14 13 13 13 13 14 13 13 12 13 13 13 13 13 14 13 13 13 13 13 13 13 13 13 13 13 13 13 13 12
2032_1_1 4 4 8 5 6 1 2 1 4 3 2 2 5 2 3 2 27 12 13 13 13 13 12 13 13 14 13 13 13 13 13 13 13 13 13 13 13 13 14 13 13 13 13 13 13 13 13 13 13 14 13 13 13 13 13 13 13 13 13 13 13 13 14 13 13 12 13 13 13 13 12
2034_1_1 4 5 5 5 8 1 2 2 1 5 3 2 2 4 2 3 27 12 13 13 13 13 13 13 13 13 12 13 13 13 13 13 13 13 14 13 13 13 14 13 13 13 13 13 13 13 13 13 13 14 13 13 13 14 13 13 13 13 13 13 13 12 13 13 13 13 13 13 13 13 12
2035_2_1 4 8 5 5 5 0 3 3 4 3 3 2 2 1 3 3 27 13 13 13 13 12 13 13 13 13 13 12 13 13 13 13 13 13 13 13 13 13 14 14 13 13 13 13 13 13 13 13 14 14 13 13 13 13 13 13 13 13 13 13 12 13 13 13 13 13 12 13 13 13 13
2037_1_1 3 8 6 5 5 1 2 4 2 4 3 2 1 3 2 3 27 12 13 13 13 14 13 13 13 13 13 12 13 13 13 13 13 13 13 13 13 13 13 13 14 13 13 13 13 13 13 14 13 13 13 13 13 13 13 13 13 13 13 13 12 13 13 13 13 13 14 13 13 13 12
2039_1_1 3 6 7 5 6 0 3 3 3 3 4 1 3 2 3 2 27 12 13 13 13 12 13 13 13 13 13 13 13 14 13 13 14 13 13 13 13 13 13 13 13 13 13 13 13 13 13 13 13 13 13 13 13 13 13 14 13 13 14 13 13 13 13 13 13 13 12 13 13 13 12
2041_0_3 3 5 5 6 8 1 2 3 5 1 3 3 2 3 2 2 27 12 13 12 13 13 13 13 13 13 13 13 13 13 13 13 13 14 13 13 13 13 13 13 13 14 13 13 13 13 14 13 13 13 13 13 13 13 14 13 13 13 13 13 13 13 13 13 13 13 13 13 12 13 12
2042_1_1 3 6 7 5 6 1 1 4 1 3 3 2 3 3 4 2 27 12 13 13 14 13 13 13 13 13 13 13 13 13 13 12 13 13 14 13 13 13 13 13 13 13 13 13 13 13 13 13 13 13 13 13 13 14 13 13 12 13 13 13 13 13 13 13 13 13 13 14 13 13 12
2043_1_3 4 5 5 5 8 1 2 3 5 1 3 3 2 3 2 2 27 12 13 13 13 13 13 13 13 13 13 13 13 14 13 13 13 14 13 13 12 13 13 13 13 13 13 13 13 13 13 13 13 13 13 12 13 13 14 13 13 13 14 13 13 13 13 13 13 13 13 13 13 13 12
2044_1_1 4 5 4 8 6 0 3 3 3 3 4 1 3 2 3 2 27 12 13 13 13 13 13 13 12 13 13 13 13 13 13 13 13 13 13 14 13 13 13 13 14 13 13 13 13 13 13 14 13 13 13 13 14 13 13 13 13 13 13 13 13 13 13 12 13 13 13 13 13 13 12
2046_1_1 4 4 8 5 6 1 2 3 5 2 2 4 1 3 2 2 27 12 13 13 12 13 13 13 13 13 13 13 13 13 14 13 13 13 13 13 13 13 14 13 13 13 13 13 13 13 13 13 13 14 13 13 13 13 13 13 13 14 13 13 13 13 13 13 13 13 13 12 13 13 12
2048_1_1 4 4 8 5 6 1 2 2 1 5 3 2 2 4 2 3 27 12 13 13 13 13 13 13 13 13 12 13 13 13 13 14 13 13 13 13 13 13 14 13 13 13 13 13 13 13 13 13 13 14 13 13 13 13 13 13 14 13 13 13 13 12 13 13 13 13 13 13 13 13 12
2050_1_1 4 5 4 8 6 1 1 4 1 3 3 2 3 3 4 2 27 12 13 13 13 13 13 13 13 13 13 13 12 13 13 13 13 13 13 13 13 14 13 13 13 13 14 13 13 14 13 13 13 13 14 13 13 13 13 13 13 13 13 12 13 13 13 13 13 13 13 13 13 13 12
2052_0_1 4 4 6 5 8 1 3 1 4 3 1 3 4 3 2 2 27 12 13 13 13 13 13 13 13 13 13 13 13 13 13 13 13 14 13 13 12 13 13 13 13 14 13 13 13 13 14 13 13 13 13 12 13 13 14 13 13 13 13 13 13 13 13 13 13 13 13 13 13 13 12
2053_1_1 4 4 8 5 6 0 3 4 2 4 2 3 2 3 2 2 27 12 13 13 13 13 13 13 13 13 13 13 13 14 13 13 13 13 13 13 14 13 13 13 13 12 13 13 13 13 12 13 13 13 13 14 13 13 13 13 13 13 14 13 13 13 13 13 13 13 13 13 13 13 12
2054_0_5 3 5 5 6 8 1 1 5 2 3 3 3 2 3 2 2 27 12 13 13 13 13 12 13 13 14 13 13 13 13 13 13 13 13 13 13 13 13 13 13 13 14 13 13 13 13 14 13 13 13 13 13 13 13 13 13 13 13 13 13 13 13 14 13 13 12 13 13 13 13 12
2054_1_5 3 8 6 5 5 1 1 5 2 3 3 3 2 3 2 2 27 12 13 13 13 13 12 13 13 14 13 13 13 13 13 13 13 13 13 13 13 13 13 13 13 14 13 13 13 13 14 13 13 13 13 13 13 13 13 13 13 13 13 13 13 13 14 13 13 12 13 13 13 13 12
2055_1_1 4 5 4 8 6 0 3 4 3 3 2 3 2 2 2 3 27 13 13 13 13 12 13 13 13 13 13 13 13 13 13 14 13 13 13 14 13 13 12 13 13 13 13 13 13 13 13 13 13 12 13 13 14 13 13 13 14 13 13 13 13 13 13 13 13 13 12 13 13 13 13
2057_0_1 4 4 6 5 8 1 3 1 3 4 1 3 3 4 2 2 27 12 13 13 13 13 13 13 13 13 13 13 13 14 13 13 13 13 14 13 13 13 13 12 13 13 13 13 13 13 13 13 12 13 13 13 13 14 13 13 13 13 14 13 13 13 13 13 13 13 13 13 13 13 12
2058_0_1 3 5 6 6 7 0 4 3 3 3 3 1 2 2 3 3 27 12 13 13 13 13 13 13 13 13 12 13 13 13 14 13 14 13 13 13 13 13 13 13 13 13 13 13 13 13 13 13 13 13 13 13 13 13 13 14 13 14 13 13 13 12 13 13 13 13 13 13 13 13 12
2059_0_1 4 4 6 5 8 1 2 2 1 5 3 2 2 4 2 3 27 12 13 13 13 13 13 13 13 13 13 14 13 13 13 13 13 13 14 13 13 12 13 13 13 13 13 13 13 13 13 13 13 13 12 13 13 14 13 13 13 13 13 13 14 13 13 13 13 13 13 13 13 13 12
2060_1_1 3 8 6 5 5 0 3 3 3 4 2 3 1 2 3 3 27 12 13 13 13 13 14 13 13 13 13 13 13 13 13 14 13 13 13 13 13 13 13 13 13 13 12 13 13 12 13 13 13 13 13 13 13 13 13 13 14 13 13 13 13 13 13 13 13 14 13 13 13 13 12
2061_1_1 4 5 5 5 8 0 4 3 3 3 3 1 2 2 3 3 27 12 13 14 13 13 13 13 13 13 12 13 13 13 13 13 13 14 13 13 13 13 13 13 13 13 13 13 13 13 13 13 13 13 13 13 13 13 14 13 13 13 13 13 13 12 13 13 13 13 13 13 14 13 12
2062_0_1 4 4 6 5 8 0 3 3 3 4 2 3 1 2 3 3 27 12 13 13 12 13 13 13 13 13 13 13 13 13 13 13 14 13 14 13 13 13 13 13 13 13 13 13 13 13 13 13 13 13 13 13 13 14 13 14 13 13 13 13 13 13 13 13 13 13 13 12 13 13 12
2063_0_1 4 4 6 5 8 0 3 2 2 4 2 3 2 4 3 2 27 12 13 12 13 13 13 13 13 13 13 13 13 14 13 13 13 13 14 13 13 13 13 13 13 13 13 13 13 13 13 13 13 13 13 13 13 14 13 13 13 13 14 13 13 13 13 13 13 13 13 13 12 13 12
2064_0_1 4 4 6 5 8 0 4 3 3 3 3 1 2 2 3 3 27 12 13 13 13 13 14 13 14 13 13 13 13 13 13 13 13 13 13 13 13 12 13 13 13 13 13 13 13 13 13 13 13 13 12 13 13 13 13 13 13 13 13 13 13 13 13 14 13 14 13 13 13 13 12
2065_0_1 3 5 5 6 8 1 2 1 3 4 3 1 4 3 2 3 27 12 13 13 13 13 13 13 14 13 14 13 13 12 13 13 13 13 13 13 13 13 13 13 13 13 13 13 13 13 13 13 13 13 13 13 13 13 13 13 13 13 12 13 13 14 13 14 13 13 13 13 13 13 12
2067_0_1 3 5 8 5 6 0 3 2 2 4 2 3 2 4 3 2 27 12 13 13 13 13 13 13 12 13 13 13 13 13 13 14 13 13 13 13 13 13 13 13 14 13 13 13 13 13 13 14 13 13 13 13 13 13 13 13 14 13 13 13 13 13 13 12 13 13 13 13 13 13 12
2068_0_1 3 6 5 7 6 0 3 3 2 2 1 4 3 3 3 3 27 12 13 13 13 13 13 13 13 13 13 13 13 13 13 13 14 13 14 13 12 13 13 13 13 13 13 13 13 13 13 13 13 13 13 12 13 14 13 14 13 13 13 13 13 13 13 13 13 13 13 13 13 13 12
2068_1_1 3 6 7 5 6 0 3 3 2 2 1 4 3 3 3 3 27 12 13 13 13 13 13 13 13 13 13 13 13 13 13 13 14 13 14 13 12 13 13 13 13 13 13 13 13 13 13 13 13 13 13 12 13 14 13 14 13 13 13 13 13 13 13 13 13 13 13 13 13 13 12
2069_0_1 4 4 6 5 8 1 2 2 4 3 3 2 3 1 2 4 27 12 13 13 14 13 13 13 13 13 13 12 13 13 13 13 13 13 14 13 13 13 13 13 13 13 13 13 13 13 13 13 13 13 13 13 13 14 13 13 13 13 13 13 12 13 13 13 13 13 13 14 13 13 12
2070_0_1 4 4 7 5 7 1 1 4 1 3 3 2 3 3 4 2 27 12 13 13 13 13 13 14 13 13 12 13 13 13 13 13 13 13 13 13 13 13 13 14 13 13 13 13 13 13 13 13 14 13 13 13 13 13 13 13 13 13 13 13 13 12 13 13 14 13 13 13 13 13 12
2071_0_3 3 5 5 6 8 1 2 1 4 2 2 3 3 2 4 3 27 12 13 13 13 14 13 13 13 13 13 12 13 13 13 13 13 13 13 14 13 13 13 13 13 13 13 13 13 13 13 13 13 13 13 13 14 13 13 13 13 13 13 13 12 13 13 13 13 13 14 13 13 13 12
2072_0_3 4 4 6 5 8 1 3 2 2 2 3 1 3 5 2 3 27 12 13 13 13 13 13 13 13 13 12 13 13 14 13 14 13 13 13 13 13 13 13 13 13 13 13 13 13 13 13 13 13 13 13 13 13 13 13 13 14 13 14 13 13 12 13 13 13 13 13 13 13 13 12
2073_0_3 4 4 6 5 8 1 3 4 3 1 4 2 3 2 2 2 27 12 13 13 13 13 13 14 13 13 13 13 13 13 13 13 13 13 14 13 13 13 12 13 13 13 13 13 13 13 13 13 13 12 13 13 13 14 13 13 13 13 13 13 13 13 13 13 14 13 13 13 13 13 12
2074_0_3 3 5 5 6 8 1 3 2 3 1 3 5 2 3 2 2 27 12 13 13 13 13 13 13 13 13 13 13 13 13 13 13 12 13 13 13 14 13 13 13 13 13 14 13 13 14 13 13 13 13 13 14 13 13 13 12 13 13 13 13 13 13 13 13 13 13 13 13 13 13 12
2075_0_3 3 5 5 6 8 1 4 2 1 4 3 4 2 2 2 2 27 12 13 13 12 13 13 13 13 13 13 13 13 13 14 13 13 13 13 13 13 13 13 13 13 14 13 13 13 13 14 13 13 13 13 13 13 13 13 13 13 14 13 13 13 13 13 13 13 13 13 12 13 13 12
2076_1_1 4 5 5 5 8 1 1 3 3 3 2 3 4 1 4 2 27 12 13 14 13 12 13 14 13 13 13 13 13 13 13 13 13 13 13 13 13 13 13 13 13 13 13 13 13 13 13 13 13 13 13 13 13 13 13 13 13 13 13 13 13 13 13 13 14 13 12 13 14 13 12
2077_1_1 4 4 8 5 6 1 2 3 2 1 2 3 3 4 2 4 27 13 13 13 13 12 13 13 13 13 13 12 13 14 13 13 13 13 13 13 14 13 13 13 13 13 13 13 13 13 13 13 13 13 13 14 13 13 13 13 13 13 14 13 12 13 13 13 13 13 12 13 13 13 13
2079_0_1 3 5 6 6 7 0 3 4 3 2 3 3 3 2 1 3 27 12 13 13 13 12 13 13 13 13 13 13 13 13 13 13 13 13 13 14 13 14 13 13 13 13 13 13 13 13 13 13 13 13 14 13 14 13 13 13 13 13 13 13 13 13 13 13 13 13 12 13 13 13 12
2080_0_1 4 4 7 5 7 1 1 5 2 4 3 2 2 2 3 2 27 12 13 13 13 13 13 13 13 13 13 13 13 14 13 13 13 13 13 13 13 13 14 13 13 12 13 13 13 13 12 13 13 14 13 13 13 13 13 13 13 13 14 13 13 13 13 13 13 13 13 13 13 13 12
2081_0_3 3 5 8 5 6 1 2 1 4 2 4 3 2 2 4 2 27 12 13 13 13 13 13 13 12 13 13 13 13 13 13 13 13 13 13 13 14 13 13 13 14 13 13 13 13 13 13 14 13 13 13 14 13 13 13 13 13 13 13 13 13 13 13 12 13 13 13 13 13 13 12
2082_1_1 3 7 6 6 5 1 1 5 2 4 3 2 2 2 3 2 27 12 13 13 13 13 13 13 13 14 13 14 13 13 13 13 13 13 13 13 13 13 13 13 13 12 13 13 13 13 12 13 13 13 13 13 13 13 13 13 13 13 13 13 14 13 14 13 13 13 13 13 13 13 12
2084_0_3 4 4 6 5 8 1 2 1 4 2 2 3 3 2 4 3 27 12 13 14 13 13 13 13 13 13 13 13 13 13 13 13 13 14 13 13 13 13 12 13 13 13 13 13 13 13 13 13 13 12 13 13 13 13 14 13 13 13 13 13 13 13 13 13 13 13 13 13 14 13 12
2085_0_3 3 5 8 5 6 1 2 5 2 4 2 2 2 2 3 2 27 12 13 13 13 14 13 13 12 13 13 13 13 13 13 13 13 13 13 13 13 13 13 13 14 13 13 13 13 13 13 14 13 13 13 13 13 13 13 13 13 13 13 13 13 13 13 12 13 13 14 13 13 13 12
2086_0_3 3 5 7 5 7 1 2 2 3 4 4 1 2 4 1 3 27 12 13 13 12 13 13 13 13 13 13 13 13 13 13 13 13 14 13 13 13 13 14 13 13 13 13 13 13 13 13 13 13 14 13 13 13 13 14 13 13 13 13 13 13 13 13 13 13 13 13 12 13 13 12
2086_1_3 3 7 5 7 5 1 2 2 3 4 4 1 2 4 1 3 27 12 13 13 12 13 13 13 13 13 13 13 13 13 13 13 13 14 13 13 13 13 14 13 13 13 13 13 13 13 13 13 13 14 13 13 13 13 14 13 13 13 13 13 13 13 13 13 13 13 13 12 13 13 12
2087_1_1 3 6 5 8 5 1 2 3 5 2 2 4 1 3 2 2 27 12 13 13 13 13 13 12 13 13 13 14 13 13 13 13 13 13 13 13 13 13 13 13 13 14 13 13 13 13 14 13 13 13 13 13 13 13 13 13 13 13 13 13 14 13 13 13 12 13 13 13 13 13 12
2088_0_7 4 5 4 6 8 1 2 4 3 4 1 3 3 2 1 3 27 12 13 13 13 13 13 13 13 14 13 13 13 13 14 13 13 12 13 13 13 13 13 13 13 13 13 13 13 13 13 13 13 13 13 13 13 13 12 13 13 14 13 13 13 13 14 13 13 13 13 13 13 13 12
2088_1_7 4 5 4 8 6 1 2 4 3 4 1 3 3 2 1 3 27 12 13 13 13 13 13 13 13 14 13 13 13 13 14 13 13 12 13 13 13 13 13 13 13 13 13 13 13 13 13 13 13 13 13 13 13 13 12 13 13 14 13 13 13 13 14 13 13 13 13 13 13 13 12
2090_0_1 4 5 4 7 7 1 2 1 4 4 2 3 3 2 2 3 27 13 13 13 13 12 13 13 13 13 13 13 13 13 14 13 13 13 13 13 13 14 12 13 13 13 13 13 13 13 13 13 13 12 14 13 13 13 13 13 13 14 13 13 13 13 13 13 13 13 12 13 13 13 13
2091_1_1 4 5 5 8 5 1 2 1 4 4 2 3 3 2 2 3 27 13 13 13 13 12 13 13 13 13 13 13 13 13 13 13 13 13 13 14 13 14 12 13 13 13 13 13 13 13 13 13 13 12 14 13 14 13 13 13 13 13 13 13 13 13 13 13 13 13 12 13 13 13 13
2093_0_1 3 5 5 6 8 1 1 4 3 3 3 2 4 1 3 2 27 12 13 13 13 13 13 13 13 14 13 13 13 13 13 13 12 13 13 13 14 13 13 13 13 13 13 13 13 13 13 13 13 13 13 14 13 13 13 12 13 13 13 13 13 13 14 13 13 13 13 13 13 13 12
2094_0_1 4 4 7 5 7 0 3 2 3 2 2 4 4 2 2 3 27 12 13 14 13 12 13 13 13 13 13 13 13 14 13 13 13 13 13 13 13 13 13 13 13 13 13 13 13 13 13 13 13 13 13 13 13 13 13 13 13 13 14 13 13 13 13 13 13 13 12 13 14 13 12
2094_1_1 4 5 5 5 8 0 3 2 3 2 2 4 4 2 2 3 27 12 13 14 13 12 13 13 13 13 13 13 13 14 13 13 13 13 13 13 13 13 13 13 13 13 13 13 13 13 13 13 13 13 13 13 13 13 13 13 13 13 14 13 13 13 13 13 13 13 12 13 14 13 12
2094_2_1 4 8 5 5 5 0 3 2 3 2 2 4 4 2 2 3 27 12 13 14 13 12 13 13 13 13 13 13 13 14 13 13 13 13 13 13 13 13 13 13 13 13 13 13 13 13 13 13 13 13 13 13 13 13 13 13 13 13 14 13 13 13 13 13 13 13 12 13 14 13 12
2095_0_1 3 5 6 6 7 1 1 4 1 3 3 2 3 3 4 2 27 12 13 13 13 13 13 13 13 13 13 13 13 13 13 13 13 13 13 13 12 13 13 13 14 13 14 13 13 14 13 14 13 13 13 12 13 13 13 13 13 13 13 13 13 13 13 13 13 13 13 13 13 13 12
2097_0_1 4 5 4 6 8 1 2 2 3 2 5 3 1 3 2 3 27 12 13 13 13 13 13 13 13 13 13 13 13 13 13 13 13 12 13 13 13 13 13 13 14 13 14 13 13 14 13 14 13 13 13 13 13 13 12 13 13 13 13 13 13 13 13 13 13 13 13 13 13 13 12
2098_0_1 3 6 5 7 6 0 3 4 1 3 2 4 3 3 2 2 27 12 13 13 13 13 13 13 13 13 13 14 13 13 13 13 13 14 13 13 13 13 13 13 13 12 13 13 13 13 12 13 13 13 13 13 13 13 14 13 13 13 13 13 14 13 13 13 13 13 13 13 13 13 12
2100_0_1 3 5 6 6 7 0 3 4 3 3 2 3 2 2 2 3 27 13 13 13 13 12 13 13 13 13 13 12 13 13 13 13 13 13 13 14 13 13 13 13 13 13 14 13 13 14 13 13 13 13 13 13 14 13 13 13 13 13 13 13 12 13 13 13 13 13 12 13 13 13 13
2101_0_1 4 5 4 6 8 0 3 1 3 3 3 3 2 3 4 2 27 12 13 13 13 13 13 12 13 13 13 13 13 13 13 13 13 13 13 14 13 14 13 13 13 13 13 13 13 13 13 13 13 13 14 13 14 13 13 13 13 13 13 13 13 13 13 13 12 13 13 13 13 13 12
2103_0_1 4 4 6 5 8 1 1 3 3 3 2 3 4 1 4 2 27 12 13 13 13 13 13 14 13 13 13 13 13 13 13 13 12 13 13 14 13 13 13 13 13 13 13 13 13 13 13 13 13 13 13 13 14 13 13 12 13 13 13 13 13 13 13 13 14 13 13 13 13 13 12
2104_1_1 4 5 4 8 6 0 3 3 4 3 1 3 3 2 2 3 27 12 13 13 13 13 14 13 13 13 13 13 13 12 13 13 14 13 13 13 13 13 13 13 13 13 13 13 13 13 13 13 13 13 13 13 13 13 13 14 13 13 12 13 13 13 13 13 13 14 13 13 13 13 12
2105_1_1 3 6 5 8 5 0 4 2 3 2 3 3 3 3 3 1 27 12 13 12 13 13 13 13 13 13 13 13 13 13 13 14 13 13 13 13 13 14 13 13 13 13 13 13 13 13 13 13 13 13 14 13 13 13 13 13 14 13 13 13 13 13 13 13 13 13 13 13 12 13 12
2106_0_5 3 6 5 7 6 1 2 2 5 3 2 2 4 1 3 2 27 12 13 13 13 13 13 13 13 13 13 14 13 13 13 13 13 13 14 13 13 13 13 13 13 12 13 13 13 13 12 13 13 13 13 13 13 14 13 13 13 13 13 13 14 13 13 13 13 13 13 13 13 13 12
2106_1_5 3 6 7 5 6 1 2 2 5 3 2 2 4 1 3 2 27 12 13 13 13 13 13 13 13 13 13 14 13 13 13 13 13 13 14 13 13 13 13 13 13 12 13 13 13 13 12 13 13 13 13 13 13 14 13 13 13 13 13 13 14 13 13 13 13 13 13 13 13 13 12
2107_0_5 3 5 6 6 7 1 1 3 4 1 3 2 4 3 2 3 27 12 13 13 14 13 14 13 13 13 13 13 13 13 13 13 13 13 13 13 12 13 13 13 13 13 13 13 13 13 13 13 13 13 13 12 13 13 13 13 13 13 13 13 13 13 13 13 13 14 13 14 13 13 12
2107_1_5 3 7 6 6 5 1 1 3 4 1 3 2 4 3 2 3 27 12 13 13 14 13 14 13 13 13 13 13 13 13 13 13 13 13 13 13 12 13 13 13 13 13 13 13 13 13 13 13 13 13 13 12 13 13 13 13 13 13 13 13 13 13 13 13 13 14 13 14 13 13 12
2108_1_1 3 6 7 5 6 0 4 2 3 2 3 3 3 3 3 1 27 12 13 13 13 13 13 14 13 13 13 13 13 13 13 13 13 13 13 13 13 14 13 13 13 12 13 13 13 13 12 13 13 13 14 13 13 13 13 13 13 13 13 13 13 13 13 13 14 13 13 13 13 13 12
2109_1_1 4 5 5 5 8 0 3 3 3 4 2 3 1 2 3 3 27 12 13 13 13 13 13 13 13 13 12 13 13 13 13 13 13 14 13 13 13 13 13 14 13 13 13 13 13 13 13 13 14 13 13 13 13 13 14 13 13 13 13 13 13 12 13 13 13 13 13 13 13 13 12
2110_0_1 3 5 6 6 7 0 3 3 2 1 3 3 4 3 2 3 27 12 13 13 13 13 13 13 13 13 13 13 13 13 13 13 14 13 13 13 13 14 13 13 13 12 13 13 13 13 12 13 13 13 14 13 13 13 13 14 13 13 13 13 13 13 13 13 13 13 13 13 13 13 12
2111_1_1 3 8 6 5 5 0 3 3 3 4 2 3 1 2 3 3 27 12 13 13 13 13 13 13 13 13 14 13 13 13 13 13 14 13 13 13 13 12 13 13 13 13 13 13 13 13 13 13 13 13 12 13 13 13 13 14 13 13 13 13 13 14 13 13 13 13 13 13 13 13 12
2113_0_1 4 4 6 5 8 0 3 3 3 3 4 1 3 3 2 2 27 12 13 13 12 13 13 13 13 14 13 13 14 13 13 13 13 13 13 13 13 13 13 13 13 13 13 13 13 13 13 13 13 13 13 13 13 13 13 13 13 13 13 14 13 13 14 13 13 13 13 12 13 13 12
2114_0_1 4 4 6 5 8 1 2 2 5 1 2 4 3 3 2 2 27 12 13 13 13 13 13 13 13 13 13 14 13 13 13 13 13 13 14 13 13 13 13 13 12 13 13 13 13 13 13 12 13 13 13 13 13 14 13 13 13 13 13 13 14 13 13 13 13 13 13 13 13 13 12
2115_1_1 4 5 5 5 8 0 4 2 3 4 3 1 3 3 2 2 27 12 13 14 13 13 13 13 13 13 12 13 13 13 13 13 13 13 13 13 13 13 14 13 13 13 13 13 13 13 13 13 13 14 13 13 13 13 13 13 13 13 13 13 13 12 13 13 13 13 13 13 14 13 12
2116_0_1 4 4 7 5 7 1 1 3 2 4 1 3 4 3 2 3 27 12 13 14 13 13 13 13 13 13 13 13 13 14 13 12 13 13 13 13 13 13 13 13 13 13 13 13 13 13 13 13 13 13 13 13 13 13 13 13 12 13 14 13 13 13 13 13 13 13 13 13 14 13 12
2116_2_1 4 8 5 5 5 1 1 3 2 4 1 3 4 3 2 3 27 12 13 14 13 13 13 13 13 13 13 13 13 14 13 12 13 13 13 13 13 13 13 13 13 13 13 13 13 13 13 13 13 13 13 13 13 13 13 13 12 13 14 13 13 13 13 13 13 13 13 13 14 13 12
2117_0_5 3 5 6 6 7 1 1 5 2 3 3 3 2 3 2 2 27 12 13 13 13 12 13 13 13 13 13 13 13 13 14 13 13 13 13 13 13 13 13 13 14 13 13 13 13 13 13 14 13 13 13 13 13 13 13 13 13 14 13 13 13 13 13 13 13 13 12 13 13 13 12
2117_1_5 3 7 6 6 5 1 1 5 2 3 3 3 2 3 2 2 27 12 13 13 13 12 13 13 13 13 13 13 13 13 14 13 13 13 13 13 13 13 13 13 14 13 13 13 13 13 13 14 13 13 13 13 13 13 13 13 13 14 13 13 13 13 13 13 13 13 12 13 13 13 12
2118_2_1 4 8 5 5 5 1 2 2 1 5 3 2 2 4 2 3 27 12 13 13 13 13 13 14 13 13 12 13 13 13 13 13 13 13 13 13 13 13 14 13 13 13 13 13 13 13 13 13 13 14 13 13 13 13 13 13 13 13 13 13 13 12 13 13 14 13 13 13 13 13 12
2119_1_3 3 6 5 8 5 1 3 4 3 1 4 2 3 2 2 2 27 12 13 13 14 13 13 13 13 13 13 13 13 13 13 14 13 13 13 13 13 13 12 13 13 13 13 13 13 13 13 13 13 12 13 13 13 13 13 13 14 13 13 13 13 13 13 13 13 13 13 14 13 13 12
2120_1_3 4 4 8 5 6 1 2 3 5 1 3 3 2 3 2 2 27 12 13 13 12 13 13 13 13 13 13 13 13 13 13 13 13 14 13 13 13 13 13 13 13 13 14 13 13 14 13 13 13 13 13 13 13 13 14 13 13 13 13 13 13 13 13 13 13 13 13 12 13 13 12
2121_1_3 3 6 5 8 5 1 3 2 3 1 3 5 2 3 2 2 27 12 13 13 14 13 13 13 13 13 13 13 13 13 13 13 13 12 13 13 14 13 13 13 13 13 13 13 13 13 13 13 13 13 13 14 13 13 12 13 13 13 13 13 13 13 13 13 13 13 13 14 13 13 12
2123_0_3 4 4 6 5 8 1 3 4 3 1 4 2 3 2 2 2 27 12 13 13 13 13 13 14 13 13 13 12 13 13 13 13 13 13 13 13 13 13 13 13 13 13 14 13 13 14 13 13 13 13 13 13 13 13 13 13 13 13 13 13 12 13 13 13 14 13 13 13 13 13 12
2124_1_1 3 7 6 6 5 1 1 4 1 3 3 2 3 3 4 2 27 12 13 13 13 12 13 13 13 13 13 13 13 13 13 13 14 13 13 13 13 13 13 13 13 13 14 13 13 14 13 13 13 13 13 13 13 13 13 14 13 13 13 13 13 13 13 13 13 13 12 13 13 13 12
2125_1_3 4 4 8 5 6 1 1 4 2 3 1 3 4 3 2 3 27 12 13 13 13 13 14 13 13 13 13 13 13 13 13 13 13 14 13 13 13 13 13 13 12 13 13 13 13 13 13 12 13 13 13 13 13 13 14 13 13 13 13 13 13 13 13 13 13 14 13 13 13 13 12
2127_1_1 3 8 6 5 5 1 2 2 1 5 3 2 2 4 2 3 27 12 13 13 13 13 13 13 13 13 13 14 13 13 13 14 13 13 13 13 13 12 13 13 13 13 13 13 13 13 13 13 13 13 12 13 13 13 13 13 14 13 13 13 14 13 13 13 13 13 13 13 13 13 12
2128_1_3 4 5 4 8 6 1 2 3 5 1 3 3 2 3 2 2 27 12 13 13 13 13 13 13 13 13 13 13 12 13 13 13 14 13 13 13 13 14 13 13 13 13 13 13 13 13 13 13 13 13 14 13 13 13 13 14 13 13 13 12 13 13 13 13 13 13 13 13 13 13 12
2129_1_3 3 6 7 5 6 1 2 3 5 1 3 3 2 3 2 2 27 12 13 13 13 13 14 13 13 13 12 13 13 13 13 13 13 13 13 13 13 13 13 14 13 13 13 13 13 13 13 13 14 13 13 13 13 13 13 13 13 13 13 13 13 12 13 13 13 14 13 13 13 13 12
2130_1_3 3 7 6 6 5 1 2 3 4 3 3 2 2 2 1 4 27 13 13 13 13 12 13 13 13 14 13 12 13 13 13 13 13 13 13 13 13 13 13 13 14 13 13 13 13 13 13 14 13 13 13 13 13 13 13 13 13 13 13 13 12 13 14 13 13 13 12 13 13 13 13
2131_1_3 4 4 8 5 6 1 3 2 2 2 3 1 3 5 2 3 27 12 13 13 13 13 13 13 13 13 13 13 13 13 13 13 13 13 14 13 13 12 13 13 14 13 13 13 13 13 13 14 13 13 12 13 13 14 13 13 13 13 13 13 13 13 13 13 13 13 13 13 13 13 12
2132_1_3 3 6 7 5 6 1 1 4 2 3 1 3 4 3 2 3 27 12 13 13 13 13 14 13 13 13 13 13 13 13 13 13 13 14 13 13 12 13 13 13 13 13 13 13 13 13 13 13 13 13 13 12 13 13 14 13 13 13 13 13 13 13 13 13 13 14 13 13 13 13 12
2133_1_3 4 4 8 5 6 1 2 1 3 5 1 3 3 3 2 3 27 12 13 13 13 13 13 13 13 13 12 13 13 13 13 13 13 13 13 13 13 13 14 13 13 14 13 13 13 13 14 13 13 14 13 13 13 13 13 13 13 13 13 13 13 12 13 13 13 13 13 13 13 13 12
2134_1_3 4 4 8 5 6 1 1 4 2 3 1 3 4 3 2 3 27 12 13 13 13 14 13 13 13 13 13 13 13 13 13 13 13 14 13 13 12 13 13 13 13 13 13 13 13 13 13 13 13 13 13 12 13 13 14 13 13 13 13 13 13 13 13 13 13 13 14 13 13 13 12
2136_0_3 4 4 6 5 8 1 2 1 4 2 4 3 2 2 4 2 27 12 13 13 13 13 13 13 13 14 13 13 13 14 13 13 13 13 13 12 13 13 13 13 13 13 13 13 13 13 13 13 13 13 13 13 12 13 13 13 13 13 14 13 13 13 14 13 13 13 13 13 13 13 12
2137_1_1 3 7 6 6 5 1 2 2 5 1 2 4 3 3 2 2 27 12 13 13 14 13 13 13 13 13 13 14 13 13 13 13 13 13 13 13 12 13 13 13 13 13 13 13 13 13 13 13 13 13 13 12 13 13 13 13 13 13 13 13 14 13 13 13 13 13 13 14 13 13 12
2139_1_1 4 5 4 8 6 0 3 3 3 3 4 1 3 2 3 2 27 12 13 13 13 13 13 13 12 13 13 13 13 13 14 13 13 13 13 13 13 13 13 13 14 13 13 13 13 13 13 14 13 13 13 13 13 13 13 13 13 14 13 13 13 13 13 12 13 13 13 13 13 13 12
2141_0_3 3 5 8 5 6 1 2 3 5 1 3 3 2 3 2 2 27 12 13 13 13 14 13 13 13 13 13 13 12 13 13 13 13 13 13 13 13 14 13 13 13 13 13 13 13 13 13 13 13 13 14 13 13 13 13 13 13 13 13 12 13 13 13 13 13 13 14 13 13 13 12
2142_0_3 4 4 7 5 7 1 3 1 3 3 4 3 2 1 4 2 27 12 13 14 13 13 13 13 13 13 13 13 13 13 13 12 13 14 13 13 13 13 13 13 13 13 13 13 13 13 13 13 13 13 13 13 13 13 14 13 12 13 13 13 13 13 13 13 13 13 13 13 14 13 12
2142_2_3 4 8 5 5 5 1 3 1 3 3 4 3 2 1 4 2 27 12 13 14 13 13 13 13 13 13 13 13 13 13 13 12 13 14 13 13 13 13 13 13 13 13 13 13 13 13 13 13 13 13 13 13 13 13 14 13 12 13 13 13 13 13 13 13 13 13 13 13 14 13 12
2143_1_3 4 5 4 8 6 1 3 1 3 2 1 4 4 3 2 3 27 12 13 13 13 13 13 13 13 14 13 13 13 13 13 13 13 12 13 13 13 13 13 13 14 13 13 13 13 13 13 14 13 13 13 13 13 13 12 13 13 13 13 13 13 13 14 13 13 13 13 13 13 13 12
2145_0_1 3 6 5 7 6 1 2 2 3 2 5 3 1 3 2 3 27 12 13 13 13 12 13 13 13 13 13 13 13 13 13 13 13 13 14 13 13 13 13 13 14 13 13 13 13 13 13 14 13 13 13 13 13 14 13 13 13 13 13 13 13 13 13 13 13 13 12 13 13 13 12
2146_0_1 4 4 6 5 8 0 4 2 3 4 3 1 3 3 2 2 27 12 13 13 13 13 13 13 14 13 13 14 13 13 13 13 13 13 13 13 13 12 13 13 13 13 13 13 13 13 13 13 13 13 12 13 13 13 13 13 13 13 13 13 14 13 13 14 13 13 13 13 13 13 12
2147_0_1 4 4 7 5 7 0 3 3 2 2 1 4 3 3 3 3 27 12 13 13 13 13 13 14 13 13 13 13 13 13 13 13 13 14 13 13 12 13 13 13 13 13 13 13 13 13 13 13 13 13 13 12 13 13 14 13 13 13 13 13 13 13 13 13 14 13 13 13 13 13 12
2147_1_1 4 5 5 5 8 0 3 3 2 2 1 4 3 3 3 3 27 12 13 13 13 13 13 14 13 13 13 13 13 13 13 13 13 14 13 13 12 13 13 13 13 13 13 13 13 13 13 13 13 13 13 12 13 13 14 13 13 13 13 13 13 13 13 13 14 13 13 13 13 13 12
2147_2_1 4 8 5 5 5 0 3 3 2 2 1 4 3 3 3 3 27 12 13 13 13 13 13 14 13 13 13 13 13 13 13 13 13 14 13 13 12 13 13 13 13 13 13 13 13 13 13 13 13 13 13 12 13 13 14 13 13 13 13 13 13 13 13 13 14 13 13 13 13 13 12
2148_0_1 4 4 6 5 8 1 2 1 4 3 2 2 5 2 3 2 27 12 13 13 13 12 13 13 13 13 13 13 13 13 13 13 13 13 13 13 14 13 14 13 13 13 13 13 13 13 13 13 13 14 13 14 13 13 13 13 13 13 13 13 13 13 13 13 13 13 12 13 13 13 12
2150_0_1 3 6 5 7 6 0 3 1 3 3 3 3 2 3 4 2 27 12 13 13 13 13 13 13 13 13 13 13 14 13 13 12 13 13 13 14 13 13 13 13 13 13 13 13 13 13 13 13 13 13 13 13 14 13 13 13 12 13 13 14 13 13 13 13 13 13 13 13 13 13 12
2152_0_1 4 4 6 5 8 0 3 2 3 2 2 4 4 2 2 3 27 12 14 13 13 12 13 13 13 13 13 13 13 13 13 13 13 13 13 13 13 13 13 13 13 14 13 13 13 13 14 13 13 13 13 13 13 13 13 13 13 13 13 13 13 13 13 13 13 13 12 13 13 14 12
2152_1_1 4 4 8 5 6 0 3 2 3 2 2 4 4 2 2 3 27 12 14 13 13 12 13 13 13 13 13 13 13 13 13 13 13 13 13 13 13 13 13 13 13 14 13 13 13 13 14 13 13 13 13 13 13 13 13 13 13 13 13 13 13 13 13 13 13 13 12 13 13 14 12
2153_0_1 4 5 4 6 8 0 4 2 3 4 3 1 3 3 2 2 27 12 13 13 13 13 13 13 13 13 13 14 13 13 14 13 13 13 13 13 13 13 13 12 13 13 13 13 13 13 13 13 12 13 13 13 13 13 13 13 13 14 13 13 14 13 13 13 13 13 13 13 13 13 12
2154_0_1 3 5 6 6 7 0 3 3 3 4 2 3 1 2 3 3 27 12 13 13 13 13 14 13 13 14 13 13 13 13 13 13 13 13 13 13 12 13 13 13 13 13 13 13 13 13 13 13 13 13 13 12 13 13 13 13 13 13 13 13 13 13 14 13 13 14 13 13 13 13 12
2155_0_1 3 5 6 6 7 0 3 2 4 2 3 3 3 2 4 1 27 12 13 13 13 13 13 13 13 14 13 14 13 13 13 12 13 13 13 13 13 13 13 13 13 13 13 13 13 13 13 13 13 13 13 13 13 13 13 13 12 13 13 13 14 13 14 13 13 13 13 13 13 13 12
2156_1_1 3 8 6 5 5 0 3 3 3 2 3 3 4 1 3 2 27 12 13 13 13 13 13 13 13 13 13 13 13 13 13 13 12 13 13 14 13 13 13 13 13 14 13 13 13 13 14 13 13 13 13 13 14 13 13 12 13 13 13 13 13 13 13 13 13 13 13 13 13 13 12
2157_0_5 3 6 5 7 6 1 1 5 2 3 3 3 2 3 2 2 27 12 13 14 13 12 13 13 13 14 13 13 13 13 13 13 13 13 13 13 13 13 13 13 13 13 13 13 13 13 13 13 13 13 13 13 13 13 13 13 13 13 13 13 13 13 14 13 13 13 12 13 14 13 12
2157_1_5 3 6 7 5 6 1 1 5 2 3 3 3 2 3 2 2 27 12 13 14 13 12 13 13 13 14 13 13 13 13 13 13 13 13 13 13 13 13 13 13 13 13 13 13 13 13 13 13 13 13 13 13 13 13 13 13 13 13 13 13 13 13 14 13 13 13 12 13 14 13 12
2158_1_1 3 8 6 5 5 0 3 2 2 4 2 3 2 4 3 2 27 12 13 12 13 13 13 13 13 13 13 13 13 13 13 13 13 13 14 13 14 13 13 13 13 13 13 13 13 13 13 13 13 13 13 14 13 14 13 13 13 13 13 13 13 13 13 13 13 13 13 13 12 13 12
2160_0_1 4 4 6 5 8 0 4 2 3 2 3 3 3 3 3 1 27 12 13 12 13 13 13 13 13 13 13 13 14 13 13 13 13 13 14 13 13 13 13 13 13 13 13 13 13 13 13 13 13 13 13 13 13 14 13 13 13 13 13 14 13 13 13 13 13 13 13 13 12 13 12
2161_0_1 3 6 5 7 6 1 2 2 1 5 3 2 2 4 2 3 27 12 13 13 13 13 13 13 13 13 12 13 13 13 13 13 13 13 13 13 13 13 14 13 13 13 14 13 13 14 13 13 13 14 13 13 13 13 13 13 13 13 13 13 13 12 13 13 13 13 13 13 13 13 12
2162_1_1 4 4 8 5 6 0 4 2 2 2 2 4 3 3 3 2 27 12 13 13 13 14 13 13 14 13 13 13 13 13 13 12 13 13 13 13 13 13 13 13 13 13 13 13 13 13 13 13 13 13 13 13 13 13 13 13 12 13 13 13 13 13 13 14 13 13 14 13 13 13 12
2164_0_1 4 5 4 7 7 0 3 4 3 3 2 3 2 2 2 3 27 13 13 13 13 12 13 13 13 13 13 13 13 13 14 13 13 13 13 13 13 13 12 13 13 13 14 13 13 14 13 13 13 12 13 13 13 13 13 13 13 14 13 13 13 13 13 13 13 13 12 13 13 13 13
2164_2_1 4 5 8 5 5 0 3 4 3 3 2 3 2 2 2 3 27 13 13 13 13 12 13 13 13 13 13 13 13 13 14 13 13 13 13 13 13 13 12 13 13 13 14 13 13 14 13 13 13 12 13 13 13 13 13 13 13 14 13 13 13 13 13 13 13 13 12 13 13 13 13
2166_0_1 3 5 6 6 7 1 3 1 3 4 1 3 3 4 2 2 27 12 13 13 14 13 13 13 13 13 12 13 13 13 13 13 13 13 13 13 13 13 13 13 14 13 13 13 13 13 13 14 13 13 13 13 13 13 13 13 13 13 13 13 13 12 13 13 13 13 13 14 13 13 12
2167_0_1 3 5 6 6 7 0 3 3 3 3 4 1 3 3 2 2 27 12 13 13 13 13 13 13 13 14 13 13 13 13 13 12 13 13 13 13 13 14 13 13 13 13 13 13 13 13 13 13 13 13 14 13 13 13 13 13 12 13 13 13 13 13 14 13 13 13 13 13 13 13 12
2168_0_1 4 4 6 5 8 1 2 2 3 2 5 3 1 3 2 3 27 12 13 13 13 12 13 13 13 13 13 13 13 14 13 14 13 13 13 13 13 13 13 13 13 13 13 13 13 13 13 13 13 13 13 13 13 13 13 13 14 13 14 13 13 13 13 13 13 13 12 13 13 13 12
2169_0_1 4 4 6 5 8 1 3 1 3 3 4 3 1 3 3 2 27 13 13 13 13 12 13 13 13 13 13 12 13 13 13 14 13 13 14 13 13 13 13 13 13 13 13 13 13 13 13 13 13 13 13 13 13 14 13 13 14 13 13 13 12 13 13 13 13 13 12 13 13 13 13
2171_0_1 3 5 5 6 8 1 2 2 1 5 3 2 2 4 2 3 27 12 13 13 13 13 13 13 13 13 13 13 12 13 13 14 13 13 13 13 13 13 14 13 13 13 13 13 13 13 13 13 13 14 13 13 13 13 13 13 14 13 13 12 13 13 13 13 13 13 13 13 13 13 12
2172_1_1 4 5 5 8 5 0 3 4 3 3 2 3 2 2 2 3 27 13 13 13 13 12 13 13 13 13 13 13 13 13 13 13 13 13 13 14 13 13 12 13 13 13 14 13 13 14 13 13 13 12 13 13 14 13 13 13 13 13 13 13 13 13 13 13 13 13 12 13 13 13 13
2173_0_1 4 5 4 6 8 0 3 3 3 3 4 1 3 2 3 2 27 12 13 12 13 13 13 13 13 13 13 13 13 13 13 13 13 13 13 14 13 13 13 13 14 13 13 13 13 13 13 14 13 13 13 13 14 13 13 13 13 13 13 13 13 13 13 13 13 13 13 13 12 13 12
2174_1_1 3 6 7 5 6 0 3 4 3 2 3 3 3 2 1 3 27 12 13 13 13 12 13 13 13 13 13 13 14 13 14 13 13 13 13 13 13 13 13 13 13 13 13 13 13 13 13 13 13 13 13 13 13 13 13 13 13 14 13 14 13 13 13 13 13 13 12 13 13 13 12
2175_1_1 4 4 8 5 6 0 4 2 2 2 2 4 3 3 3 2 27 12 13 13 13 13 13 13 13 13 13 13 13 13 13 12 13 13 13 13 13 13 13 13 13 14 13 14 14 13 14 13 13 13 13 13 13 13 13 13 12 13 13 13 13 13 13 13 13 13 13 13 13 13 12
2177_0_1 4 4 6 5 8 1 2 1 3 3 2 1 4 4 2 4 27 12 13 12 13 13 13 13 13 13 13 13 13 13 13 13 13 13 14 13 13 13 14 13 13 13 13 13 13 13 13 13 13 14 13 13 13 14 13 13 13 13 13 13 13 13 13 13 13 13 13 13 12 13 12
2177_1_1 4 4 8 5 6 1 2 1 3 3 2 1 4 4 2 4 27 12 13 12 13 13 13 13 13 13 13 13 13 13 13 13 13 13 14 13 13 13 14 13 13 13 13 13 13 13 13 13 13 14 13 13 13 14 13 13 13 13 13 13 13 13 13 13 13 13 13 13 12 13 12
2178_0_1 4 4 6 5 8 0 3 3 3 4 2 3 1 2 3 3 27 12 13 13 13 13 13 13 13 13 13 13 13 13 13 13 14 13 14 13 13 13 13 13 13 13 12 13 13 12 13 13 13 13 13 13 13 14 13 14 13 13 13 13 13 13 13 13 13 13 13 13 13 13 12
2179_0_1 4 4 6 5 8 1 1 3 3 3 3 2 4 1 3 3 27 12 13 14 13 13 13 13 13 13 13 12 13 13 13 13 13 13 13 14 13 13 13 13 13 13 13 13 13 13 13 13 13 13 13 13 14 13 13 13 13 13 13 13 12 13 13 13 13 13 13 13 14 13 12
2181_0_1 4 4 6 5 8 0 3 3 3 3 4 1 3 3 2 2 27 12 13 13 13 13 13 13 13 14 13 13 14 13 13 13 13 13 13 13 13 13 13 13 13 13 12 13 13 12 13 13 13 13 13 13 13 13 13 13 13 13 13 14 13 13 14 13 13 13 13 13 13 13 12
2182_0_1 4 4 6 5 8 0 3 3 3 3 4 1 3 2 3 2 27 12 13 13 13 13 13 14 13 14 13 13 13 13 13 13 13 13 13 13 13 13 13 13 13 13 12 13 13 12 13 13 13 13 13 13 13 13 13 13 13 13 13 13 13 13 14 13 14 13 13 13 13 13 12
2184_0_1 4 4 6 5 8 0 3 3 2 1 3 3 4 3 2 3 27 12 13 12 13 13 13 13 13 13 13 13 14 13 13 13 13 14 13 13 13 13 13 13 13 13 13 13 13 13 13 13 13 13 13 13 13 13 14 13 13 13 13 14 13 13 13 13 13 13 13 13 12 13 12
2185_1_1 3 6 7 5 6 0 3 4 2 4 2 3 2 3 2 2 27 12 13 13 13 13 13 13 13 14 13 13 13 14 13 13 13 13 13 13 13 13 13 13 13 12 13 13 13 13 12 13 13 13 13 13 13 13 13 13 13 13 14 13 13 13 14 13 13 13 13 13 13 13 12
2187_0_1 4 4 6 5 8 1 2 1 4 3 2 2 4 2 3 3 27 12 13 13 13 13 13 14 13 13 13 12 13 13 13 13 14 13 13 13 13 13 13 13 13 13 13 13 13 13 13 13 13 13 13 13 13 13 13 14 13 13 13 13 12 13 13 13 14 13 13 13 13 13 12
2189_0_1 4 4 6 5 8 1 2 1 4 3 2 2 4 2 3 3 27 12 13 13 14 13 13 13 13 13 13 12 13 13 13 13 13 14 13 13 13 13 13 13 13 13 13 13 13 13 13 13 13 13 13 13 13 13 14 13 13 13 13 13 12 13 13 13 13 13 13 14 13 13 12
2191_0_1 3 6 5 7 6 1 1 3 4 2 4 2 3 2 2 3 27 13 13 13 13 12 13 13 13 13 13 12 13 14 14 13 13 13 13 13 13 13 13 13 13 13 13 13 13 13 13 13 13 13 13 13 13 13 13 13 13 14 14 13 12 13 13 13 13 13 12 13 13 13 13
2193_0_1 3 5 5 6 8 1 3 2 2 2 2 4 4 2 1 4 27 12 13 13 13 13 13 13 13 13 13 13 12 13 13 14 13 14 13 13 13 13 13 13 13 13 13 13 13 13 13 13 13 13 13 13 13 13 14 13 14 13 13 12 13 13 13 13 13 13 13 13 13 13 12
2194_1_1 4 4 8 5 6 0 3 4 3 2 3 3 3 2 1 3 27 12 13 13 13 13 13 13 14 13 13 13 14 13 13 13 13 12 13 13 13 13 13 13 13 13 13 13 13 13 13 13 13 13 13 13 13 13 12 13 13 13 13 14 13 13 13 14 13 13 13 13 13 13 12
2195_1_1 3 7 6 6 5 1 3 1 3 4 1 3 3 4 2 2 27 12 13 13 13 13 13 13 13 13 12 13 13 13 13 13 13 13 13 13 13 13 13 13 14 13 14 13 13 14 13 14 13 13 13 13 13 13 13 13 13 13 13 13 13 12 13 13 13 13 13 13 13 13 12
2196_1_1 3 8 6 5 5 0 3 3 2 4 2 3 2 3 3 2 27 12 13 13 13 14 13 13 13 13 13 12 13 13 14 13 13 13 13 13 13 13 13 13 13 13 13 13 13 13 13 13 13 13 13 13 13 13 13 13 13 14 13 13 12 13 13 13 13 13 14 13 13 13 12
2198_0_1 3 5 5 6 8 0 3 3 3 2 3 3 4 1 3 2 27 12 13 13 13 13 12 13 13 13 13 13 13 13 14 13 13 13 13 13 13 13 13 13 13 14 13 13 13 13 14 13 13 13 13 13 13 13 13 13 13 14 13 13 13 13 13 13 13 12 13 13 13 13 12
2199_0_1 4 4 6 5 8 0 3 1 3 3 3 3 2 3 4 2 27 12 13 13 13 13 13 13 13 13 13 13 13 13 14 13 13 13 13 13 13 13 13 14 13 13 12 13 13 12 13 13 14 13 13 13 13 13 13 13 13 14 13 13 13 13 13 13 13 13 13 13 13 13 12
2201_0_1 3 5 6 6 7 1 3 1 3 3 4 3 1 3 3 2 27 13 13 13 13 12 13 13 13 13 13 13 13 13 13 13 13 13 14 13 13 13 12 13 13 13 14 13 13 14 13 13 13 12 13 13 13 14 13 13 13 13 13 13 13 13 13 13 13 13 12 13 13 13 13
2203_0_1 3 5 5 6 8 0 4 2 2 2 2 4 3 3 3 2 27 12 13 13 12 13 13 13 13 13 13 13 13 13 13 13 14 13 13 13 13 13 13 13 13 14 13 13 13 13 14 13 13 13 13 13 13 13 13 14 13 13 13 13 13 13 13 13 13 13 13 12 13 13 12
2204_0_1 4 4 6 5 8 0 4 2 3 3 3 2 3 3 3 1 27 12 13 13 13 13 13 14 13 13 13 13 13 12 13 13 13 13 13 13 13 13 13 14 13 13 13 13 13 13 13 13 14 13 13 13 13 13 13 13 13 13 12 13 13 13 13 13 14 13 13 13 13 13 12
2205_1_1 3 6 7 5 6 0 3 2 4 2 2 4 3 2 3 2 27 12 13 13 13 13 13 13 14 13 13 13 13 13 13 12 13 13 13 14 13 13 13 13 13 13 13 13 13 13 13 13 13 13 13 13 14 13 13 13 12 13 13 13 13 13 13 14 13 13 13 13 13 13 12
2206_1_1 3 8 6 5 5 0 3 2 2 4 2 3 2 4 3 2 27 12 13 13 13 13 13 13 13 14 13 13 13 13 13 14 13 13 13 12 13 13 13 13 13 13 13 13 13 13 13 13 13 13 13 13 12 13 13 13 14 13 13 13 13 13 14 13 13 13 13 13 13 13 12
2207_1_1 4 5 5 5 8 0 4 2 3 2 3 3 3 3 3 1 27 12 13 13 13 13 13 14 13 13 13 13 14 13 13 13 13 13 13 13 13 13 13 13 13 12 13 13 13 13 12 13 13 13 13 13 13 13 13 13 13 13 13 14 13 13 13 13 14 13 13 13 13 13 12
2208_0_1 3 6 5 7 6 1 3 1 3 3 4 3 1 3 3 2 27 13 13 13 13 12 13 14 13 13 13 13 13 13 13 13 13 13 14 13 13 13 12 13 13 13 13 13 13 13 13 13 13 12 13 13 13 14 13 13 13 13 13 13 13 13 13 13 14 13 12 13 13 13 13
2209_1_1 3 8 6 5 5 0 4 2 3 4 3 1 3 3 2 2 27 12 13 13 13 13 13 13 13 13 13 14 13 13 13 13 13 13 13 13 13 12 13 13 13 14 13 13 13 13 14 13 13 13 12 13 13 13 13 13 13 13 13 13 14 13 13 13 13 13 13 13 13 13 12
2211_0_1 4 4 6 5 8 1 2 2 1 5 3 2 2 4 2 3 27 12 13 13 13 13 13 14 13 13 13 13 12 13 13 13 13 13 13 13 13 13 14 13 13 13 13 13 13 13 13 13 13 14 13 13 13 13 13 13 13 13 13 12 13 13 13 13 14 13 13 13 13 13 12
2213_0_1 4 5 4 6 8 1 1 3 4 2 4 2 3 2 2 3 27 13 13 13 13 12 13 13 13 13 13 13 13 13 13 13 13 13 13 14 14 13 12 13 13 13 13 13 13 13 13 13 13 12 13 14 14 13 13 13 13 13 13 13 13 13 13 13 13 13 12 13 13 13 13
2215_0_1 4 4 6 5 8 1 3 2 2 2 2 4 4 2 1 4 27 12 13 13 13 13 13 14 13 13 13 13 12 13 13 13 13 14 13 13 13 13 13 13 13 13 13 13 13 13 13 13 13 13 13 13 13 13 14 13 13 13 13 12 13 13 13 13 14 13 13 13 13 13 12
2216_1_1 3 7 6 6 5 0 4 3 3 3 3 1 2 2 3 3 27 12 13 13 13 13 14 13 13 13 12 13 13 13 14 13 13 13 13 13 13 13 13 13 13 13 13 13 13 13 13 13 13 13 13 13 13 13 13 13 13 14 13 13 13 12 13 13 13 14 13 13 13 13 12
2218_0_1 4 4 7 5 7 0 3 4 3 2 3 3 3 2 1 3 27 12 13 13 13 12 13 13 14 13 13 13 14 13 13 13 13 13 13 13 13 13 13 13 13 13 13 13 13 13 13 13 13 13 13 13 13 13 13 13 13 13 13 14 13 13 13 14 13 13 12 13 13 13 12
2218_2_1 4 8 5 5 5 0 3 4 3 2 3 3 3 2 1 3 27 12 13 13 13 12 13 13 14 13 13 13 14 13 13 13 13 13 13 13 13 13 13 13 13 13 13 13 13 13 13 13 13 13 13 13 13 13 13 13 13 13 13 14 13 13 13 14 13 13 12 13 13 13 12
2220_0_1 4 5 4 6 8 0 4 2 3 4 3 1 3 3 2 2 27 12 13 13 13 13 13 13 13 13 13 14 13 13 13 13 13 13 13 14 13 13 13 12 13 13 13 13 13 13 13 13 12 13 13 13 14 13 13 13 13 13 13 13 14 13 13 13 13 13 13 13 13 13 12
2221_0_1 3 5 7 5 7 1 1 3 3 4 2 3 3 1 4 2 27 12 13 13 12 13 13 13 13 13 13 13 14 13 13 13 13 14 13 13 13 13 13 13 13 13 13 13 13 13 13 13 13 13 13 13 13 13 14 13 13 13 13 14 13 13 13 13 13 13 13 12 13 13 12
2222_0_5 4 5 4 6 8 1 1 3 4 1 3 2 4 3 2 3 27 12 13 13 14 13 13 13 13 13 13 13 13 12 13 13 14 13 13 13 13 13 13 13 13 13 13 13 13 13 13 13 13 13 13 13 13 13 13 14 13 13 12 13 13 13 13 13 13 13 13 14 13 13 12
2222_1_5 4 5 4 8 6 1 1 3 4 1 3 2 4 3 2 3 27 12 13 13 14 13 13 13 13 13 13 13 13 12 13 13 14 13 13 13 13 13 13 13 13 13 13 13 13 13 13 13 13 13 13 13 13 13 13 14 13 13 12 13 13 13 13 13 13 13 13 14 13 13 12
2224_0_1 4 4 6 5 8 0 3 2 4 2 3 3 3 2 4 1 27 12 13 13 12 13 13 13 13 13 13 14 13 14 13 13 13 13 13 13 13 13 13 13 13 13 13 13 13 13 13 13 13 13 13 13 13 13 13 13 13 13 14 13 14 13 13 13 13 13 13 12 13 13 12
2225_2_1 4 8 5 5 5 1 1 4 1 3 3 2 3 3 4 2 27 12 13 13 13 13 13 13 14 13 13 13 13 13 13 13 13 13 14 13 13 13 13 13 13 12 13 13 13 13 12 13 13 13 13 13 13 14 13 13 13 13 13 13 13 13 13 14 13 13 13 13 13 13 12
2227_1_1 3 8 6 5 5 0 3 3 2 1 3 3 4 3 2 3 27 12 13 13 13 14 13 13 12 13 13 13 13 13 13 13 13 13 13 13 13 13 13 14 13 13 13 13 13 13 13 13 14 13 13 13 13 13 13 13 13 13 13 13 13 13 13 12 13 13 14 13 13 13 12
2229_1_1 3 8 6 5 5 0 3 3 4 3 3 2 2 1 3 3 27 12 13 13 13 13 13 13 13 13 14 13 14 13 13 13 13 12 13 13 13 13 13 13 13 13 13 13 13 13 13 13 13 13 13 13 13 13 12 13 13 13 13 14 13 14 13 13 13 13 13 13 13 13 12
2231_0_3 3 6 5 7 6 1 4 2 1 4 3 4 2 2 2 2 27 12 13 14 13 13 13 13 13 13 13 13 13 13 13 12 13 13 13 14 13 13 13 13 13 13 13 13 13 13 13 13 13 13 13 13 14 13 13 13 12 13 13 13 13 13 13 13 13 13 13 13 14 13 12
2232_1_1 3 7 6 6 5 0 3 3 3 3 4 1 3 2 3 2 27 12 13 13 13 13 13 13 13 14 13 13 13 13 14 13 13 13 13 13 13 13 13 13 13 12 13 13 13 13 12 13 13 13 13 13 13 13 13 13 13 14 13 13 13 13 14 13 13 13 13 13 13 13 12
2234_1_1 4 4 8 5 6 0 3 3 4 3 3 2 2 1 3 3 27 12 13 13 13 13 12 13 13 13 13 13 13 13 13 13 13 13 13 13 13 14 13 14 13 13 13 13 13 13 13 13 14 13 14 13 13 13 13 13 13 13 13 13 13 13 13 13 13 12 13 13 13 13 12
2235_1_3 3 8 6 5 5 1 4 2 1 4 3 4 2 2 2 2 27 12 13 13 12 13 13 13 13 13 13 13 13 13 13 13 13 13 13 14 13 13 13 13 13 14 13 13 13 13 14 13 13 13 13 13 14 13 13 13 13 13 13 13 13 13 13 13 13 13 13 12 13 13 12
2237_1_1 3 6 7 5 6 1 2 3 5 2 2 4 1 3 2 2 27 12 13 14 13 13 13 13 13 13 13 14 13 13 13 12 13 13 13 13 13 13 13 13 13 13 13 13 13 13 13 13 13 13 13 13 13 13 13 13 12 13 13 13 14 13 13 13 13 13 13 13 14 13 12
2238_1_3 3 8 6 5 5 1 3 2 2 2 3 1 3 5 2 3 27 12 13 13 13 13 13 13 13 13 13 13 13 14 13 14 13 13 13 13 13 13 13 12 13 13 13 13 13 13 13 13 12 13 13 13 13 13 13 13 14 13 14 13 13 13 13 13 13 13 13 13 13 13 12
2239_0_7 3 6 5 7 6 1 2 4 3 4 1 3 3 2 1 3 27 12 13 13 13 12 13 13 13 13 13 13 13 14 13 13 13 13 13 14 13 13 13 13 13 13 13 13 13 13 13 13 13 13 13 13 14 13 13 13 13 13 14 13 13 13 13 13 13 13 12 13 13 13 12
2239_1_7 3 6 7 5 6 1 2 4 3 4 1 3 3 2 1 3 27 12 13 13 13 12 13 13 13 13 13 13 13 14 13 13 13 13 13 14 13 13 13 13 13 13 13 13 13 13 13 13 13 13 13 13 14 13 13 13 13 13 14 13 13 13 13 13 13 13 12 13 13 13 12
2241_1_1 3 6 7 5 6 0 3 3 4 3 3 2 2 1 3 3 27 12 13 13 13 12 13 13 13 13 13 13 13 13 13 13 13 13 13 13 13 14 13 14 13 13 13 13 13 13 13 13 14 13 14 13 13 13 13 13 13 13 13 13 13 13 13 13 13 13 12 13 13 13 12
2242_1_3 3 6 7 5 6 1 2 1 3 5 1 3 3 3 2 3 27 12 13 13 13 13 13 13 13 13 12 13 13 13 14 13 13 13 13 13 13 13 14 13 13 13 13 13 13 13 13 13 13 14 13 13 13 13 13 13 13 14 13 13 13 12 13 13 13 13 13 13 13 13 12
2244_1_1 4 5 4 8 6 1 2 1 4 3 2 2 4 2 3 3 27 12 13 13 13 13 13 13 13 13 13 13 13 13 13 13 14 13 13 13 13 13 12 13 13 13 14 13 13 14 13 13 13 12 13 13 13 13 13 14 13 13 13 13 13 13 13 13 13 13 13 13 13 13 12
2245_1_3 3 8 6 5 5 1 3 1 3 2 1 4 4 3 2 3 27 12 13 13 13 13 12 13 13 13 13 13 13 13 13 13 13 13 13 13 14 13 13 13 14 13 13 13 13 13 13 14 13 13 13 14 13 13 13 13 13 13 13 13 13 13 13 13 13 12 13 13 13 13 12
2247_1_1 3 7 6 6 5 1 1 3 3 3 2 3 4 1 4 2 27 12 13 13 13 12 13 13 13 13 13 13 13 13 13 13 13 13 13 14 13 13 13 13 13 13 14 13 13 14 13 13 13 13 13 13 14 13 13 13 13 13 13 13 13 13 13 13 13 13 12 13 13 13 12
2249_1_1 3 8 6 5 5 1 2 1 4 3 2 2 5 2 3 2 27 12 13 13 13 13 13 13 13 13 13 14 13 13 13 13 12 13 13 13 14 13 13 13 13 13 13 13 13 13 13 13 13 13 13 14 13 13 13 12 13 13 13 13 14 13 13 13 13 13 13 13 13 13 12
2250_0_7 4 4 6 5 8 1 2 4 3 4 1 3 3 2 1 3 27 12 13 13 13 13 13 13 14 13 13 13 13 14 13 13 13 12 13 13 13 13 13 13 13 13 13 13 13 13 13 13 13 13 13 13 13 13 12 13 13 13 14 13 13 13 13 14 13 13 13 13 13 13 12
2250_1_7 4 4 8 5 6 1 2 4 3 4 1 3 3 2 1 3 27 12 13 13 13 13 13 13 14 13 13 13 13 14 13 13 13 12 13 13 13 13 13 13 13 13 13 13 13 13 13 13 13 13 13 13 13 13 12 13 13 13 14 13 13 13 13 14 13 13 13 13 13 13 12
2251_0_7 4 4 6 5 8 1 3 1 3 2 3 2 2 3 5 2 27 12 13 13 13 13 13 13 13 13 13 13 13 13 13 13 14 13 14 13 13 13 13 13 12 13 13 13 13 13 13 12 13 13 13 13 13 14 13 14 13 13 13 13 13 13 13 13 13 13 13 13 13 13 12
2251_1_7 4 4 8 5 6 1 3 1 3 2 3 2 2 3 5 2 27 12 13 13 13 13 13 13 13 13 13 13 13 13 13 13 14 13 14 13 13 13 13 13 12 13 13 13 13 13 13 12 13 13 13 13 13 14 13 14 13 13 13 13 13 13 13 13 13 13 13 13 13 13 12
2253_0_3 3 5 6 6 7 1 3 1 3 3 4 3 2 1 4 2 27 12 13 13 13 13 14 13 13 13 13 13 13 13 13 12 13 13 13 14 13 13 13 13 13 13 13 13 13 13 13 13 13 13 13 13 14 13 13 13 12 13 13 13 13 13 13 13 13 14 13 13 13 13 12
2254_0_3 3 5 5 6 8 1 3 1 3 3 2 2 5 3 2 2 27 12 13 13 13 13 12 13 13 13 13 13 13 13 13 13 13 13 13 13 13 14 13 13 13 14 13 13 13 13 14 13 13 13 14 13 13 13 13 13 13 13 13 13 13 13 13 13 13 12 13 13 13 13 12
2255_0_3 4 4 6 5 8 1 3 1 3 3 4 3 2 1 4 2 27 12 13 13 13 13 14 13 14 13 13 13 13 13 13 13 13 13 13 13 13 13 13 13 13 13 12 13 13 12 13 13 13 13 13 13 13 13 13 13 13 13 13 13 13 13 13 14 13 14 13 13 13 13 12
2256_1_1 4 4 8 5 6 1 2 1 4 3 2 2 4 2 3 3 27 12 13 13 13 13 13 14 13 13 13 13 13 13 13 13 13 14 13 13 13 13 12 13 13 13 13 13 13 13 13 13 13 12 13 13 13 13 14 13 13 13 13 13 13 13 13 13 14 13 13 13 13 13 12
2258_1_1 3 8 6 5 5 1 2 1 4 3 2 2 4 2 3 3 27 12 13 13 13 14 13 14 13 13 13 13 13 13 13 13 13 13 13 13 13 13 12 13 13 13 13 13 13 13 13 13 13 12 13 13 13 13 13 13 13 13 13 13 13 13 13 13 14 13 14 13 13 13 12
2259_1_3 4 4 8 5 6 1 2 1 4 2 2 3 3 2 4 3 27 12 13 13 13 13 14 13 14 13 13 12 13 13 13 13 13 13 13 13 13 13 13 13 13 13 13 13 13 13 13 13 13 13 13 13 13 13 13 13 13 13 13 13 12 13 13 14 13 14 13 13 13 13 12
2261_1_1 3 8 6 5 5 1 1 3 3 3 2 3 4 1 4 2 27 12 13 13 13 13 13 14 13 13 13 13 13 13 13 13 13 12 13 13 13 13 13 13 13 14 13 13 13 13 14 13 13 13 13 13 13 13 12 13 13 13 13 13 13 13 13 13 14 13 13 13 13 13 12
2263_1_1 3 7 6 6 5 1 1 3 4 2 4 2 3 2 2 3 27 13 13 13 13 12 13 13 13 13 13 12 13 13 14 13 13 13 13 13 13 13 13 13 14 13 13 13 13 13 13 14 13 13 13 13 13 13 13 13 13 14 13 13 12 13 13 13 13 13 12 13 13 13 13
2265_0_1 3 5 5 6 8 1 2 1 4 3 2 2 4 2 3 3 27 12 13 13 13 13 14 13 13 13 13 12 13 13 13 14 13 13 13 13 13 13 13 13 13 13 13 13 13 13 13 13 13 13 13 13 13 13 13 13 14 13 13 13 12 13 13 13 13 14 13 13 13 13 12
2266_1_1 3 6 7 5 6 0 3 3 3 4 2 3 1 2 3 3 27 12 13 13 13 13 13 13 13 13 13 13 13 13 13 13 13 14 13 13 12 13 13 13 14 13 13 13 13 13 13 14 13 13 13 12 13 13 14 13 13 13 13 13 13 13 13 13 13 13 13 13 13 13 12
2268_0_1 4 4 6 5 8 1 2 3 1 5 3 2 2 3 3 2 27 12 13 13 13 13 13 13 13 13 13 13 13 13 14 13 13 13 14 13 13 13 13 13 12 13 13 13 13 13 13 12 13 13 13 13 13 14 13 13 13 14 13 13 13 13 13 13 13 13 13 13 13 13 12
2269_0_1 4 5 4 6 8 1 1 3 3 3 2 3 4 1 4 2 27 12 13 13 14 13 13 13 13 13 13 13 13 13 14 13 13 12 13 13 13 13 13 13 13 13 13 13 13 13 13 13 13 13 13 13 13 13 12 13 13 14 13 13 13 13 13 13 13 13 13 14 13 13 12
2270_2_1 4 8 5 5 5 0 3 3 3 3 4 1 3 2 3 2 27 12 13 13 13 13 13 13 14 13 13 13 13 14 13 13 13 13 13 13 13 13 13 13 13 12 13 13 13 13 12 13 13 13 13 13 13 13 13 13 13 13 14 13 13 13 13 14 13 13 13 13 13 13 12
2272_1_1 3 6 5 8 5 1 1 4 1 3 3 2 3 3 4 2 27 12 13 12 13 13 13 13 13 13 13 13 13 13 13 14 13 13 13 14 13 13 13 13 13 13 13 13 13 13 13 13 13 13 13 13 14 13 13 13 14 13 13 13 13 13 13 13 13 13 13 13 12 13 12
2273_1_3 3 6 7 5 6 1 2 1 4 2 1 4 3 3 3 3 27 12 13 13 13 12 13 13 14 13 13 13 13 13 14 13 13 13 13 13 13 13 13 13 13 13 13 13 13 13 13 13 13 13 13 13 13 13 13 13 13 14 13 13 13 13 13 14 13 13 12 13 13 13 12
2275_1_1 3 7 6 6 5 0 3 4 1 3 2 4 3 3 2 2 27 12 13 13 13 13 13 13 13 13 13 14 13 13 13 13 14 13 13 13 13 13 13 13 13 12 13 13 13 13 12 13 13 13 13 13 13 13 13 14 13 13 13 13 14 13 13 13 13 13 13 13 13 13 12
2277_1_1 4 4 8 5 6 0 3 1 3 3 3 3 2 3 4 2 27 12 13 13 13 13 13 13 14 13 14 13 13 13 13 12 13 13 13 13 13 13 13 13 13 13 13 13 13 13 13 13 13 13 13 13 13 13 13 13 12 13 13 13 13 14 13 14 13 13 13 13 13 13 12
2278_1_3 3 6 5 8 5 1 4 2 1 4 3 4 2 2 2 2 27 12 13 13 13 13 13 12 13 13 13 13 13 13 13 13 13 13 13 14 13 13 13 13 13 14 13 13 13 13 14 13 13 13 13 13 14 13 13 13 13 13 13 13 13 13 13 13 12 13 13 13 13 13 12
2280_0_1 3 6 5 7 6 1 1 4 1 3 3 2 3 3 4 2 27 12 13 13 13 13 13 14 13 14 13 13 13 13 13 13 13 13 13 13 12 13 13 13 13 13 13 13 13 13 13 13 13 13 13 12 13 13 13 13 13 13 13 13 13 13 14 13 14 13 13 13 13 13 12
2281_1_1 3 6 5 8 5 0 4 3 3 3 3 1 2 2 3 3 27 12 13 13 13 14 13 13 13 13 13 13 13 13 13 13 13 13 13 14 13 13 13 12 13 13 13 13 13 13 13 13 12 13 13 13 14 13 13 13 13 13 13 13 13 13 13 13 13 13 14 13 13 13 12
2283_0_1 3 5 8 5 6 1 3 3 2 5 2 2 2 3 2 2 27 12 13 13 13 13 13 13 13 14 13 13 13 13 13 13 13 13 13 13 13 13 12 13 13 14 13 13 13 13 14 13 13 12 13 13 13 13 13 13 13 13 13 13 13 13 14 13 13 13 13 13 13 13 12
2285_0_1 3 6 5 7 6 0 3 4 3 2 3 3 3 2 1 3 27 12 13 13 13 12 13 13 13 13 13 13 13 13 13 13 13 13 13 14 13 13 13 14 13 13 13 13 13 13 13 13 14 13 13 13 14 13 13 13 13 13 13 13 13 13 13 13 13 13 12 13 13 13 12
2286_0_1 4 5 4 6 8 0 3 1 3 3 3 3 2 3 4 2 27 12 13 13 13 13 13 12 13 13 13 13 13 13 14 13 13 13 13 13 13 14 13 13 13 13 13 13 13 13 13 13 13 13 14 13 13 13 13 13 13 14 13 13 13 13 13 13 12 13 13 13 13 13 12
2287_1_1 4 4 8 5 6 0 3 3 3 4 2 3 1 2 3 3 27 12 13 13 13 14 13 14 13 13 13 13 13 13 13 12 13 13 13 13 13 13 13 13 13 13 13 13 13 13 13 13 13 13 13 13 13 13 13 13 12 13 13 13 13 13 13 13 14 13 14 13 13 13 12
2289_0_1 3 6 5 7 6 1 2 3 5 2 2 4 1 3 2 2 27 12 13 13 13 13 13 13 13 13 13 13 13 13 13 12 13 13 13 14 13 13 14 13 13 13 13 13 13 13 13 13 13 14 13 13 14 13 13 13 12 13 13 13 13 13 13 13 13 13 13 13 13 13 12
2291_0_1 3 6 5 7 6 1 1 4 1 3 3 2 3 3 4 2 27 12 13 13 14 13 13 13 13 13 12 13 13 13 13 13 13 13 13 13 13 13 13 14 13 13 13 13 13 13 13 13 14 13 13 13 13 13 13 13 13 13 13 13 13 12 13 13 13 13 13 14 13 13 12
2293_0_1 3 5 8 5 6 0 3 3 3 2 3 3 4 1 3 2 27 12 13 13 13 13 13 13 13 13 13 13 13 13 14 13 13 12 13 13 13 13 13 13 13 14 13 13 13 13 14 13 13 13 13 13 13 13 12 13 13 14 13 13 13 13 13 13 13 13 13 13 13 13 12
2294_0_1 4 4 6 5 8 0 4 2 2 2 2 4 3 3 3 2 27 12 13 13 12 13 13 13 13 13 13 13 13 13 14 13 13 14 13 13 13 13 13 13 13 13 13 13 13 13 13 13 13 13 13 13 13 13 14 13 13 14 13 13 13 13 13 13 13 13 13 12 13 13 12
2295_0_1 4 4 7 5 7 0 4 2 3 3 3 2 3 3 3 1 27 12 13 13 13 13 13 14 13 13 13 13 14 13 13 13 13 13 13 13 12 13 13 13 13 13 13 13 13 13 13 13 13 13 13 12 13 13 13 13 13 13 13 14 13 13 13 13 14 13 13 13 13 13 12
2296_1_1 3 6 7 5 6 0 4 2 3 3 3 2 3 3 3 1 27 12 13 13 14 13 13 13 13 13 13 13 13 13 13 13 13 13 13 13 12 13 13 14 13 13 13 13 13 13 13 13 14 13 13 12 13 13 13 13 13 13 13 13 13 13 13 13 13 13 13 14 13 13 12
2298_1_1 3 6 7 5 6 1 2 1 4 3 2 2 5 2 3 2 27 12 13 13 13 12 13 13 13 13 13 13 13 13 13 13 13 13 13 13 13 13 14 13 14 13 13 13 13 13 13 14 13 14 13 13 13 13 13 13 13 13 13 13 13 13 13 13 13 13 12 13 13 13 12
2300_0_3 3 5 7 5 7 1 2 3 5 1 3 3 2 3 2 2 27 12 13 13 13 13 13 13 13 13 13 13 13 14 13 13 13 14 13 13 13 13 13 13 12 13 13 13 13 13 13 12 13 13 13 13 13 13 14 13 13 13 14 13 13 13 13 13 13 13 13 13 13 13 12
2301_1_1 3 8 6 5 5 0 3 1 3 3 3 3 2 3 4 2 27 12 13 13 13 13 13 13 13 13 14 13 13 13 14 13 13 13 13 13 13 13 13 13 13 13 12 13 13 12 13 13 13 13 13 13 13 13 13 13 13 14 13 13 13 14 13 13 13 13 13 13 13 13 12
2302_1_3 4 4 8 5 6 1 2 3 5 1 3 3 2 3 2 2 27 12 13 13 13 13 13 13 13 13 13 13 13 14 13 13 14 13 13 13 13 13 13 13 12 13 13 13 13 13 13 12 13 13 13 13 13 13 13 14 13 13 14 13 13 13 13 13 13 13 13 13 13 13 12
2303_1_3 4 5 4 8 6 1 2 1 4 2 2 3 3 2 4 3 27 12 13 13 13 13 13 13 13 13 13 13 13 13 14 13 14 13 13 13 13 13 12 13 13 13 13 13 13 13 13 13 13 12 13 13 13 13 13 14 13 14 13 13 13 13 13 13 13 13 13 13 13 13 12
2304_0_7 4 4 7 5 7 1 2 3 3 1 2 5 2 4 2 2 27 12 13 13 13 13 13 14 13 13 13 13 13 13 13 13 13 13 13 13 13 13 14 13 13 12 13 13 13 13 12 13 13 14 13 13 13 13 13 13 13 13 13 13 13 13 13 13 14 13 13 13 13 13 12
2304_1_7 4 5 5 5 8 1 2 3 3 1 2 5 2 4 2 2 27 12 13 13 13 13 13 14 13 13 13 13 13 13 13 13 13 13 13 13 13 13 14 13 13 12 13 13 13 13 12 13 13 14 13 13 13 13 13 13 13 13 13 13 13 13 13 13 14 13 13 13 13 13 12
2304_2_7 4 8 5 5 5 1 2 3 3 1 2 5 2 4 2 2 27 12 13 13 13 13 13 14 13 13 13 13 13 13 13 13 13 13 13 13 13 13 14 13 13 12 13 13 13 13 12 13 13 14 13 13 13 13 13 13 13 13 13 13 13 13 13 13 14 13 13 13 13 13 12
2306_0_3 4 4 6 5 8 1 2 1 4 2 4 3 2 2 4 2 27 12 13 13 13 13 13 13 13 13 13 13 13 14 13 13 13 13 13 12 13 13 13 13 14 13 13 13 13 13 13 14 13 13 13 13 12 13 13 13 13 13 14 13 13 13 13 13 13 13 13 13 13 13 12
2307_1_1 4 5 4 8 6 1 3 2 2 2 2 4 4 2 1 4 27 12 13 13 13 13 13 13 13 13 13 13 12 13 13 13 14 13 13 13 13 13 13 13 13 13 14 13 13 14 13 13 13 13 13 13 13 13 13 14 13 13 13 12 13 13 13 13 13 13 13 13 13 13 12
2309_1_1 4 5 5 5 8 0 3 3 3 3 4 1 3 2 3 2 27 12 13 13 13 12 13 13 13 13 13 13 13 14 13 13 13 14 13 13 13 13 13 13 13 13 13 13 13 13 13 13 13 13 13 13 13 13 14 13 13 13 14 13 13 13 13 13 13 13 12 13 13 13 12
2310_1_1 4 5 4 8 6 0 3 2 2 4 2 3 2 4 3 2 27 12 13 13 13 13 13 13 12 13 13 13 13 13 13 13 13 13 13 13 13 13 13 13 14 13 14 13 13 14 13 14 13 13 13 13 13 13 13 13 13 13 13 13 13 13 13 12 13 13 13 13 13 13 12
2312_0_1 3 6 5 7 6 1 3 5 2 3 2 3 2 2 2 2 27 13 13 13 13 12 13 13 13 13 13 12 13 13 13 13 13 13 13 13 13 13 13 14 13 13 14 13 13 14 13 13 14 13 13 13 13 13 13 13 13 13 13 13 12 13 13 13 13 13 12 13 13 13 13
2314_0_1 3 6 5 7 6 1 3 1 3 4 1 3 3 4 2 2 27 12 13 13 14 13 13 13 13 13 12 13 13 14 13 13 13 13 13 13 13 13 13 13 13 13 13 13 13 13 13 13 13 13 13 13 13 13 13 13 13 13 14 13 13 12 13 13 13 13 13 14 13 13 12
2315_0_1 3 6 5 7 6 1 3 2 2 2 2 4 4 2 1 4 27 12 13 13 13 13 13 14 13 13 12 13 13 13 13 13 14 13 13 13 13 13 13 13 13 13 13 13 13 13 13 13 13 13 13 13 13 13 13 14 13 13 13 13 13 12 13 13 14 13 13 13 13 13 12
