1_0_0 4 5 4 5 8 0 2 2 4 3 2 2 4 2 2 3 26 12 12 12 12 12 12 12 12 12 12 12 12 12 12 12 12 12 12 12 12 12 12 12 12 12 12 13 13 12 12 12 12 12 12 12 12 12 12 12 12 12 12 12 12 12 12 12 12 12 12 12 12 12 12
3_0_0 4 4 6 5 8 1 1 2 4 3 3 2 3 3 1 4 27 12 13 13 13 13 13 13 13 13 13 13 13 13 13 13 13 13 14 13 13 13 13 13 13 13 13 13 13 13 13 13 13 13 13 13 13 14 13 13 13 13 13 13 13 13 13 13 13 13 13 13 13 13 12
5_0_0 3 6 5 7 6 1 2 3 1 3 1 3 2 3 5 3 27 13 13 13 13 12 13 13 13 13 13 13 13 13 13 13 13 13 13 13 13 13 14 13 13 13 13 13 13 13 13 13 13 14 13 13 13 13 13 13 13 13 13 13 13 13 13 13 13 13 12 13 13 13 13
6_1_0 3 8 6 5 5 0 3 3 2 1 3 2 4 3 3 3 27 12 13 13 13 14 13 13 13 13 13 13 13 13 13 13 13 13 13 13 13 13 13 13 13 13 13 13 13 13 13 13 13 13 13 13 13 13 13 13 13 13 13 13 13 13 13 13 13 13 14 13 13 13 12
8_0_0 4 4 6 5 8 0 3 3 2 1 3 2 4 3 3 3 27 12 13 13 13 13 13 13 13 13 13 13 13 13 13 13 13 14 13 13 13 13 13 13 13 13 13 13 13 13 13 13 13 13 13 13 13 13 14 13 13 13 13 13 13 13 13 13 13 13 13 13 13 13 12
9_0_0 3 5 6 6 7 1 1 2 3 2 3 4 1 4 3 3 27 13 13 13 13 12 13 13 13 13 13 13 13 13 13 13 13 13 13 13 13 13 13 13 14 13 13 13 13 13 13 14 13 13 13 13 13 13 13 13 13 13 13 13 13 13 13 13 13 13 12 13 13 13 13
10_1_0 3 7 6 6 5 0 3 1 2 3 3 3 2 3 4 3 27 13 13 13 13 12 13 13 13 13 13 13 13 13 13 13 13 13 13 14 13 13 13 13 13 13 13 13 13 13 13 13 13 13 13 13 14 13 13 13 13 13 13 13 13 13 13 13 13 13 12 13 13 13 13
12_0_0 4 4 6 5 8 1 1 2 4 3 3 2 3 3 1 4 27 12 13 13 13 13 13 14 13 13 13 13 13 13 13 13 13 13 13 13 13 13 13 13 13 13 13 13 13 13 13 13 13 13 13 13 13 13 13 13 13 13 13 13 13 13 13 13 14 13 13 13 13 13 12
14_0_0 4 4 6 5 8 0 2 3 2 3 1 4 3 3 3 3 27 12 13 13 13 13 13 13 13 13 13 13 13 14 13 13 13 13 13 13 13 13 13 13 13 13 13 13 13 13 13 13 13 13 13 13 13 13 13 13 13 13 14 13 13 13 13 13 13 13 13 13 13 13 12
15_0_4 3 5 5 6 8 1 2 3 3 1 3 4 2 4 2 2 27 13 13 13 13 13 13 13 13 13 13 12 13 13 13 13 13 13 13 13 13 13 13 13 13 14 13 13 13 13 14 13 13 13 13 13 13 13 13 13 13 13 13 13 12 13 13 13 13 13 13 13 13 13 13
16_0_0 4 4 6 5 8 1 2 2 2 3 3 2 3 2 5 2 27 13 13 13 13 13 13 13 13 13 13 12 13 13 13 13 13 13 13 13 13 13 13 13 13 13 13 14 14 13 13 13 13 13 13 13 13 13 13 13 13 13 13 13 12 13 13 13 13 13 13 13 13 13 13
16_1_2 4 4 8 5 6 1 2 3 3 1 3 3 4 3 1 3 27 13 13 13 13 13 13 13 13 13 13 12 13 13 13 13 13 13 13 13 13 13 13 13 13 13 13 14 14 13 13 13 13 13 13 13 13 13 13 13 13 13 13 13 12 13 13 13 13 13 13 13 13 13 13
17_1_0 4 4 8 5 6 0 3 3 2 1 3 2 4 3 3 3 27 12 13 13 13 13 13 13 13 13 13 13 13 13 13 13 13 13 13 13 13 13 13 13 13 13 13 14 14 13 13 13 13 13 13 13 13 13 13 13 13 13 13 13 13 13 13 13 13 13 13 13 13 13 12
19_0_0 4 5 4 5 8 0 2 2 2 4 2 4 1 3 4 2 26 11 12 12 12 12 12 12 12 12 12 13 12 12 12 12 12 12 12 12 12 12 13 12 12 12 12 12 12 12 12 12 12 13 12 12 12 12 12 12 12 12 12 12 13 12 12 12 12 12 12 12 12 12 11
20_2_0 3 6 5 7 5 0 2 4 4 3 2 2 2 2 1 4 26 12 12 12 12 11 12 12 12 12 12 13 12 12 12 12 12 12 12 12 12 12 13 12 12 12 12 12 12 12 12 12 12 13 12 12 12 12 12 12 12 12 12 12 13 12 12 12 12 12 11 12 12 12 12
21_1_0 4 5 4 8 5 0 3 2 3 3 4 2 2 1 3 3 26 11 13 12 13 12 12 12 12 12 12 12 12 12 12 12 12 12 12 12 12 12 12 12 12 12 12 12 12 12 12 12 12 12 12 12 12 12 12 12 12 12 12 12 12 12 12 12 12 12 12 13 12 13 11
22_1_0 3 5 7 5 6 0 2 3 2 1 3 3 3 4 2 3 26 12 12 12 12 11 12 12 12 12 12 12 12 13 12 12 12 12 12 12 12 13 12 12 12 12 12 12 12 12 12 12 12 12 13 12 12 12 12 12 12 12 13 12 12 12 12 12 12 12 11 12 12 12 12
22_3_0 3 7 6 5 5 0 2 3 2 1 3 3 3 4 2 3 26 12 12 12 12 11 12 12 12 12 12 12 12 13 12 12 12 12 12 12 12 13 12 12 12 12 12 12 12 12 12 12 12 12 13 12 12 12 12 12 12 12 13 12 12 12 12 12 12 12 11 12 12 12 12
24_0_0 4 5 4 5 8 0 3 2 3 3 4 2 2 1 3 3 26 11 13 12 12 12 12 12 12 12 12 12 12 12 12 12 12 12 12 12 12 12 12 12 12 12 13 12 12 13 12 12 12 12 12 12 12 12 12 12 12 12 12 12 12 12 12 12 12 12 12 12 12 13 11
25_0_0 4 5 4 5 8 0 3 3 2 1 2 2 3 3 3 4 26 11 12 13 12 12 12 12 12 12 12 12 12 12 12 12 12 12 12 12 12 12 12 12 12 12 13 12 12 13 12 12 12 12 12 12 12 12 12 12 12 12 12 12 12 12 12 12 12 12 12 12 13 12 11
26_1_0 4 5 4 8 5 0 3 2 3 3 4 2 2 1 3 3 26 11 12 12 12 12 12 12 12 13 12 12 12 12 12 12 12 12 13 12 12 12 12 12 12 12 12 12 12 12 12 12 12 12 12 12 12 13 12 12 12 12 12 12 12 12 13 12 12 12 12 12 12 12 11
27_2_0 3 6 5 7 5 0 3 1 2 3 4 3 2 2 3 3 26 12 12 12 12 11 12 12 12 12 12 12 12 13 12 12 12 12 12 12 12 12 12 12 12 12 13 12 12 13 12 12 12 12 12 12 12 12 12 12 12 12 13 12 12 12 12 12 12 12 11 12 12 12 12
29_0_0 3 5 5 6 7 0 2 3 2 2 3 2 4 2 4 2 26 12 12 12 12 11 12 12 12 12 12 12 12 12 12 12 12 13 12 13 12 12 12 12 12 12 12 12 12 12 12 12 12 12 12 12 13 12 13 12 12 12 12 12 12 12 12 12 12 12 11 12 12 12 12
30_0_0 4 5 4 5 8 0 2 2 4 3 2 2 4 2 2 3 26 11 12 12 12 12 13 12 12 12 12 12 13 12 12 12 12 12 12 12 12 12 12 12 12 12 12 12 12 12 12 12 12 12 12 12 12 12 12 12 12 12 12 13 12 12 12 12 12 13 12 12 12 12 11
32_0_0 4 5 4 5 8 0 2 2 2 3 4 3 2 2 2 4 26 11 12 12 12 12 12 12 12 12 12 12 13 12 12 12 12 12 12 12 12 12 12 12 13 12 12 12 12 12 12 13 12 12 12 12 12 12 12 12 12 12 12 13 12 12 12 12 12 12 12 12 12 12 11
34_0_0 4 4 5 5 8 1 1 1 3 3 3 2 4 2 2 4 26 12 12 12 12 11 12 12 12 12 13 12 12 12 12 12 12 12 12 13 12 12 12 12 12 12 12 12 12 12 12 12 12 12 12 12 13 12 12 12 12 12 12 12 12 13 12 12 12 12 11 12 12 12 12
35_2_0 3 6 5 7 5 0 2 2 4 2 2 4 2 3 3 2 26 12 12 12 12 11 12 12 12 12 12 12 12 12 12 12 12 13 12 12 12 13 12 12 12 12 12 12 12 12 12 12 12 12 13 12 12 12 13 12 12 12 12 12 12 12 12 12 12 12 11 12 12 12 12
37_0_0 4 5 4 5 8 0 2 2 2 3 4 3 2 2 2 4 26 11 12 12 12 12 12 12 12 12 12 12 12 13 12 12 12 12 12 12 12 13 12 12 12 12 12 12 12 12 12 12 12 12 13 12 12 12 12 12 12 12 13 12 12 12 12 12 12 12 12 12 12 12 11
38_2_0 3 5 4 6 8 0 2 2 4 3 2 2 4 2 2 3 26 11 12 12 12 13 12 12 12 12 13 12 12 12 12 12 12 12 12 12 12 12 12 12 12 12 12 12 12 12 12 12 12 12 12 12 12 12 12 12 12 12 12 12 12 13 12 12 12 12 13 12 12 12 11
40_0_0 3 4 7 5 7 0 2 2 2 3 4 3 2 2 2 4 26 11 13 12 12 12 12 12 12 12 13 12 12 12 12 12 12 12 12 12 12 12 12 12 12 12 12 12 12 12 12 12 12 12 12 12 12 12 12 12 12 12 12 12 12 13 12 12 12 12 12 12 12 13 11
41_1_0 4 4 8 5 5 0 2 3 2 1 3 3 3 4 2 3 26 12 12 12 12 11 12 12 12 12 13 12 12 12 12 12 12 12 12 12 12 12 12 12 13 12 12 12 12 12 12 13 12 12 12 12 12 12 12 12 12 12 12 12 12 13 12 12 12 12 11 12 12 12 12
42_2_0 3 5 4 6 8 0 2 2 2 3 4 3 2 2 2 4 26 11 12 12 12 12 12 12 12 12 13 12 12 12 12 12 12 12 12 12 13 12 12 12 12 12 12 12 12 12 12 12 12 12 12 13 12 12 12 12 12 12 12 12 12 13 12 12 12 12 12 12 12 12 11
43_1_0 3 7 5 7 4 0 3 2 3 3 4 2 2 1 3 3 26 11 13 12 12 12 12 12 12 12 12 12 12 12 12 13 12 12 12 12 12 12 12 12 12 12 12 12 12 12 12 12 12 12 12 12 12 12 12 12 13 12 12 12 12 12 12 12 12 12 12 12 12 13 11
44_2_0 3 5 4 6 8 0 3 3 2 1 2 2 3 3 3 4 26 11 12 12 12 12 12 12 12 12 12 12 12 12 12 13 12 12 12 12 12 12 12 12 12 13 12 12 12 12 13 12 12 12 12 12 12 12 12 12 13 12 12 12 12 12 12 12 12 12 12 12 12 12 11
45_1_0 4 5 4 8 5 0 3 2 3 3 4 2 2 1 3 3 26 11 12 12 12 12 12 13 12 12 12 12 12 12 12 12 12 12 12 12 12 12 12 12 13 12 12 12 12 12 12 13 12 12 12 12 12 12 12 12 12 12 12 12 12 12 12 12 13 12 12 12 12 12 11
47_0_0 2 6 5 7 6 0 3 2 3 3 4 2 2 1 3 3 26 11 12 12 12 12 12 12 12 12 12 12 12 12 12 13 12 12 12 12 13 12 12 12 12 12 12 12 12 12 12 12 12 12 12 13 12 12 12 12 13 12 12 12 12 12 12 12 12 12 12 12 12 12 11
47_2_0 3 5 4 6 8 0 3 2 3 3 4 2 2 1 3 3 26 11 12 12 12 12 12 12 12 12 12 12 12 12 12 13 12 12 12 12 13 12 12 12 12 12 12 12 12 12 12 12 12 12 12 13 12 12 12 12 13 12 12 12 12 12 12 12 12 12 12 12 12 12 11
48_0_0 4 5 4 5 8 0 2 2 4 3 2 2 4 2 2 3 26 11 12 12 12 12 12 12 12 12 12 12 12 12 12 12 12 13 12 12 12 13 12 12 12 12 12 12 12 12 12 12 12 12 13 12 12 12 13 12 12 12 12 12 12 12 12 12 12 12 12 12 12 12 11
50_0_0 4 5 4 5 8 0 2 2 4 3 2 2 4 2 2 3 26 11 12 12 12 12 12 12 12 12 12 12 12 12 12 12 13 12 12 12 12 12 12 13 12 12 12 12 12 12 12 12 13 12 12 12 12 12 12 13 12 12 12 12 12 12 12 12 12 12 12 12 12 12 11
52_0_0 4 5 4 5 8 0 3 2 3 3 4 2 2 1 3 3 26 11 12 12 12 12 12 12 12 12 12 12 12 13 12 12 12 12 12 12 12 12 12 12 12 12 13 12 12 13 12 12 12 12 12 12 12 12 12 12 12 12 13 12 12 12 12 12 12 12 12 12 12 12 11
53_0_0 3 4 7 5 7 0 1 3 2 3 3 3 2 3 2 4 26 11 13 12 12 12 12 12 12 12 12 12 12 12 12 12 12 12 12 12 12 12 12 12 12 13 12 12 12 12 13 12 12 12 12 12 12 12 12 12 12 12 12 12 12 12 12 12 12 12 12 12 12 13 11
55_0_0 4 5 4 5 8 0 1 3 2 3 3 3 2 3 2 4 26 11 13 12 12 12 12 12 12 12 12 12 12 12 12 12 12 12 12 13 12 12 12 12 12 12 12 12 12 12 12 12 12 12 12 12 13 12 12 12 12 12 12 12 12 12 12 12 12 12 12 12 12 13 11
57_1_0 3 5 7 5 6 1 1 1 3 3 3 2 4 2 2 4 26 12 12 12 12 11 12 12 12 12 12 12 12 12 13 12 12 12 12 12 12 12 12 13 12 12 12 12 12 12 12 12 13 12 12 12 12 12 12 12 12 13 12 12 12 12 12 12 12 12 11 12 12 12 12
58_1_0 4 4 8 5 5 0 3 3 2 1 2 2 3 3 3 4 26 11 12 12 12 12 12 12 12 12 12 12 12 12 13 12 12 12 12 12 12 12 12 12 12 12 13 12 12 13 12 12 12 12 12 12 12 12 12 12 12 13 12 12 12 12 12 12 12 12 12 12 12 12 11
61_0_0 4 4 5 5 8 0 2 3 2 2 3 2 4 2 4 2 26 11 12 12 12 12 12 12 12 12 12 12 12 12 13 12 12 12 12 12 12 13 12 12 12 12 12 12 12 12 12 12 12 12 13 12 12 12 12 12 12 13 12 12 12 12 12 12 12 12 12 12 12 12 11
63_0_0 4 4 5 5 8 0 3 2 3 3 4 2 2 1 3 3 26 11 12 12 13 12 12 12 12 13 12 12 12 12 12 12 12 12 12 12 12 12 12 12 12 12 12 12 12 12 12 12 12 12 12 12 12 12 12 12 12 12 12 12 12 12 13 12 12 12 12 13 12 12 11
64_0_0 2 6 6 6 6 0 3 3 2 1 2 2 3 3 3 4 26 11 12 12 13 12 12 12 12 12 12 12 12 12 12 12 12 12 12 12 12 12 12 12 12 13 12 12 12 12 13 12 12 12 12 12 12 12 12 12 12 12 12 12 12 12 12 12 12 12 12 13 12 12 11
67_0_0 4 5 4 5 8 0 2 1 4 2 2 3 3 2 4 3 26 11 12 12 12 12 12 12 12 12 12 12 12 12 12 12 13 12 12 12 12 12 13 12 12 12 12 12 12 12 12 12 12 13 12 12 12 12 12 13 12 12 12 12 12 12 12 12 12 12 12 12 12 12 11
68_0_0 3 5 5 6 7 0 1 2 3 2 3 2 4 2 3 4 26 12 12 12 12 11 12 12 12 12 12 12 12 12 12 12 12 12 12 13 12 12 13 12 12 12 12 12 12 12 12 12 12 13 12 12 13 12 12 12 12 12 12 12 12 12 12 12 12 12 11 12 12 12 12
68_2_0 3 6 5 7 5 0 1 2 3 2 3 2 4 2 3 4 26 12 12 12 12 11 12 12 12 12 12 12 12 12 12 12 12 12 12 13 12 12 13 12 12 12 12 12 12 12 12 12 12 13 12 12 13 12 12 12 12 12 12 12 12 12 12 12 12 12 11 12 12 12 12
69_0_0 4 4 5 5 8 0 2 1 4 2 2 3 3 2 4 3 26 11 12 12 12 12 13 12 12 12 12 13 12 12 12 12 12 12 12 12 12 12 12 12 12 12 12 12 12 12 12 12 12 12 12 12 12 12 12 12 12 12 12 12 13 12 12 12 12 13 12 12 12 12 11
70_0_0 3 5 5 6 7 0 2 2 3 2 1 4 3 3 3 3 26 12 12 12 12 11 12 12 12 12 12 12 12 12 12 12 12 12 13 12 12 13 12 12 12 12 12 12 12 12 12 12 12 12 13 12 12 13 12 12 12 12 12 12 12 12 12 12 12 12 11 12 12 12 12
71_0_0 3 4 7 5 7 0 1 3 2 3 3 3 2 3 2 4 26 11 12 12 12 12 12 12 12 12 12 12 12 13 12 12 12 12 12 12 12 12 12 12 12 13 12 12 12 12 13 12 12 12 12 12 12 12 12 12 12 12 13 12 12 12 12 12 12 12 12 12 12 12 11
72_2_0 3 6 5 7 5 0 2 2 2 3 4 2 2 4 2 3 26 12 12 12 12 11 12 12 12 12 12 12 12 13 12 12 12 12 12 12 12 12 12 12 13 12 12 12 12 12 12 13 12 12 12 12 12 12 12 12 12 12 13 12 12 12 12 12 12 12 11 12 12 12 12
73_2_0 3 6 5 7 5 0 2 2 4 3 2 2 4 2 2 3 26 12 12 12 12 11 12 12 12 12 12 12 12 12 12 12 13 12 12 12 12 12 12 12 12 12 12 13 13 12 12 12 12 12 12 12 12 12 12 13 12 12 12 12 12 12 12 12 12 12 11 12 12 12 12
75_1_0 3 7 5 7 4 0 2 2 4 2 2 4 2 3 3 2 26 11 12 12 12 12 12 12 12 12 13 12 12 12 12 12 12 12 12 12 12 12 12 13 12 12 12 12 12 12 12 12 13 12 12 12 12 12 12 12 12 12 12 12 12 13 12 12 12 12 12 12 12 12 11
77_1_0 3 7 5 7 4 0 2 2 2 2 4 2 2 3 3 4 26 11 12 12 12 12 12 13 12 12 12 12 12 12 12 13 12 12 12 12 12 12 12 12 12 12 12 12 12 12 12 12 12 12 12 12 12 12 12 12 13 12 12 12 12 12 12 12 13 12 12 12 12 12 11
79_1_0 3 5 7 5 6 0 3 2 2 2 2 2 2 3 4 4 26 12 12 12 12 11 12 12 12 12 12 12 12 12 12 12 12 13 12 12 12 12 12 12 12 12 13 12 12 13 12 12 12 12 12 12 12 12 13 12 12 12 12 12 12 12 12 12 12 12 11 12 12 12 12
80_1_0 4 5 4 8 5 1 2 1 3 4 3 2 3 2 1 4 26 11 12 12 12 12 13 12 12 12 12 12 12 13 12 12 12 12 12 12 12 12 12 12 12 12 12 12 12 12 12 12 12 12 12 12 12 12 12 12 12 12 13 12 12 12 12 12 12 13 12 12 12 12 11
81_3_0 3 7 6 5 5 0 3 1 2 3 4 3 2 2 3 3 26 12 12 12 12 11 12 12 12 12 12 12 12 12 12 12 12 12 13 12 12 12 12 12 13 12 12 12 12 12 12 13 12 12 12 12 12 13 12 12 12 12 12 12 12 12 12 12 12 12 11 12 12 12 12
83_1_0 3 7 5 7 4 0 3 3 2 1 2 2 3 3 3 4 26 11 12 12 12 12 12 12 13 12 12 12 12 12 12 13 12 12 12 12 12 12 12 12 12 12 12 12 12 12 12 12 12 12 12 12 12 12 12 12 13 12 12 12 12 12 12 13 12 12 12 12 12 12 11
86_0_0 2 6 6 6 6 0 1 3 2 3 3 3 2 3 2 4 26 11 12 12 12 12 12 12 12 12 12 12 12 12 13 12 12 12 12 12 13 12 12 12 12 12 12 12 12 12 12 12 12 12 12 13 12 12 12 12 12 13 12 12 12 12 12 12 12 12 12 12 12 12 11
88_1_0 4 4 8 5 5 1 2 1 3 4 3 2 3 2 1 4 26 11 12 12 12 12 12 12 12 12 12 12 12 12 12 12 13 12 12 12 12 12 12 12 13 12 12 12 12 12 12 13 12 12 12 12 12 12 12 13 12 12 12 12 12 12 12 12 12 12 12 12 12 12 11
91_0_0 4 5 4 5 8 0 2 2 2 2 4 2 2 3 3 4 26 11 12 12 13 12 12 13 12 12 12 12 12 12 12 12 12 12 12 12 12 12 12 12 12 12 12 12 12 12 12 12 12 12 12 12 12 12 12 12 12 12 12 12 12 12 12 12 13 12 12 13 12 12 11
93_0_0 4 5 4 5 8 0 3 2 2 2 2 2 2 3 4 4 26 12 12 12 12 12 12 12 12 12 12 11 12 12 12 12 12 12 12 12 12 12 13 12 12 12 13 12 12 13 12 12 12 13 12 12 12 12 12 12 12 12 12 12 11 12 12 12 12 12 12 12 12 12 12
95_0_0 4 5 4 5 8 0 3 2 2 2 2 2 2 3 4 4 26 11 12 12 12 12 12 12 12 12 12 12 12 12 12 12 12 12 13 12 12 13 12 12 12 12 12 12 12 12 12 12 12 12 13 12 12 13 12 12 12 12 12 12 12 12 12 12 12 12 12 12 12 12 11
96_1_0 4 5 4 8 5 0 3 2 4 3 3 3 1 1 3 3 26 12 12 12 12 11 12 12 12 12 12 12 12 12 12 13 12 12 12 12 12 12 13 12 12 12 12 12 12 12 12 12 12 13 12 12 12 12 12 12 13 12 12 12 12 12 12 12 12 12 11 12 12 12 12
98_0_0 4 5 4 5 8 0 2 2 2 2 4 2 2 3 3 4 26 11 12 12 13 12 12 12 12 12 12 12 12 12 12 12 12 12 13 12 12 12 12 12 12 12 12 12 12 12 12 12 12 12 12 12 12 13 12 12 12 12 12 12 12 12 12 12 12 12 12 13 12 12 11
100_0_0 4 4 5 5 8 0 3 1 2 3 4 3 2 2 3 3 26 12 12 12 12 11 12 12 12 12 12 12 12 12 12 13 12 12 12 12 12 12 12 12 13 12 12 12 12 12 12 13 12 12 12 12 12 12 12 12 13 12 12 12 12 12 12 12 12 12 11 12 12 12 12
101_1_0 3 7 5 7 4 0 3 2 3 3 4 2 2 1 3 3 26 11 12 12 12 12 12 12 12 12 12 12 12 12 12 12 12 12 13 12 13 12 12 12 12 12 12 12 12 12 12 12 12 12 12 13 12 13 12 12 12 12 12 12 12 12 12 12 12 12 12 12 12 12 11
102_1_0 4 5 4 8 5 1 1 2 3 1 3 3 1 4 3 4 26 11 12 12 12 12 12 12 12 12 12 13 12 12 12 12 12 12 13 12 12 12 12 12 12 12 12 12 12 12 12 12 12 12 12 12 12 13 12 12 12 12 12 12 13 12 12 12 12 12 12 12 12 12 11
104_0_0 3 4 7 5 7 0 1 3 2 3 3 3 2 3 2 4 26 11 12 13 12 12 12 12 12 12 12 12 12 12 12 12 12 12 12 12 13 12 12 12 12 12 12 12 12 12 12 12 12 12 12 13 12 12 12 12 12 12 12 12 12 12 12 12 12 12 12 12 13 12 11
106_0_0 4 5 4 5 8 0 2 3 2 2 3 2 4 2 4 2 26 11 12 13 12 12 12 12 12 12 12 12 12 12 12 12 12 12 12 12 12 13 12 12 12 12 12 12 12 12 12 12 12 12 13 12 12 12 12 12 12 12 12 12 12 12 12 12 12 12 12 12 13 12 11
107_0_4 3 4 7 5 7 1 1 3 3 2 2 4 1 4 3 2 26 11 12 12 12 13 12 12 12 12 12 12 12 12 12 12 12 12 13 12 12 12 12 12 12 12 12 12 12 12 12 12 12 12 12 12 12 13 12 12 12 12 12 12 12 12 12 12 12 12 13 12 12 12 11
108_0_0 4 5 4 5 8 0 3 3 1 2 1 4 3 3 3 3 26 11 12 13 12 12 12 12 12 12 12 13 12 12 12 12 12 12 12 12 12 12 12 12 12 12 12 12 12 12 12 12 12 12 12 12 12 12 12 12 12 12 12 12 13 12 12 12 12 12 12 12 13 12 11
109_0_0 3 4 7 5 7 0 3 3 2 1 2 2 3 3 3 4 26 11 12 13 12 12 12 12 12 12 12 12 12 12 12 13 12 12 12 12 12 12 12 12 12 12 12 12 12 12 12 12 12 12 12 12 12 12 12 12 13 12 12 12 12 12 12 12 12 12 12 12 13 12 11
110_1_0 4 5 4 8 5 1 1 2 2 3 3 3 3 1 5 2 26 12 12 12 12 11 12 12 12 12 12 12 12 12 12 12 12 12 12 12 13 12 13 12 12 12 12 12 12 12 12 12 12 13 12 13 12 12 12 12 12 12 12 12 12 12 12 12 12 12 11 12 12 12 12
111_1_0 4 5 4 8 5 0 2 3 2 1 3 3 3 4 2 3 26 12 12 12 12 11 12 12 12 12 12 12 12 12 12 12 12 12 12 12 13 12 12 13 12 12 12 12 12 12 12 12 13 12 12 13 12 12 12 12 12 12 12 12 12 12 12 12 12 12 11 12 12 12 12
113_0_0 4 4 5 5 8 0 2 2 1 3 3 3 2 3 3 4 26 12 12 12 12 11 12 12 12 12 12 12 12 12 12 12 12 12 12 13 13 12 12 12 12 12 12 12 12 12 12 12 12 12 12 13 13 12 12 12 12 12 12 12 12 12 12 12 12 12 11 12 12 12 12
113_1_2 4 4 8 5 5 1 2 1 2 3 4 1 3 4 2 3 26 12 12 12 12 11 12 12 12 12 12 12 12 12 12 12 12 12 12 13 13 12 12 12 12 12 12 12 12 12 12 12 12 12 12 13 13 12 12 12 12 12 12 12 12 12 12 12 12 12 11 12 12 12 12
115_0_0 4 4 5 5 8 0 3 1 2 3 4 3 2 2 3 3 26 12 12 12 12 11 12 12 12 12 12 12 12 12 12 12 12 12 12 12 13 12 12 12 12 12 13 12 12 13 12 12 12 12 12 13 12 12 12 12 12 12 12 12 12 12 12 12 12 12 11 12 12 12 12
117_0_0 4 5 4 5 8 0 2 2 2 2 4 2 2 3 3 4 26 11 12 12 12 12 12 12 12 12 12 12 12 12 12 12 12 12 13 12 12 12 12 12 12 12 13 12 12 13 12 12 12 12 12 12 12 13 12 12 12 12 12 12 12 12 12 12 12 12 12 12 12 12 11
118_1_0 4 5 4 8 5 0 3 2 3 3 4 2 2 1 3 3 26 11 12 12 12 12 12 12 12 12 12 12 12 12 12 12 12 12 13 12 12 12 12 12 13 12 12 12 12 12 12 13 12 12 12 12 12 13 12 12 12 12 12 12 12 12 12 12 12 12 12 12 12 12 11
120_0_0 3 4 7 5 7 0 2 2 2 2 4 2 2 3 3 4 26 11 12 12 12 12 12 12 12 12 12 12 12 12 12 13 12 12 13 12 12 12 12 12 12 12 12 12 12 12 12 12 12 12 12 12 12 13 12 12 13 12 12 12 12 12 12 12 12 12 12 12 12 12 11
122_0_0 2 6 6 6 6 0 3 3 2 1 2 2 3 3 3 4 26 11 12 12 12 12 12 12 12 12 12 12 12 12 12 13 12 12 12 13 12 12 12 12 12 12 12 12 12 12 12 12 12 12 12 12 13 12 12 12 13 12 12 12 12 12 12 12 12 12 12 12 12 12 11
124_1_0 4 4 8 5 5 1 2 1 3 4 3 2 3 2 1 4 26 11 12 12 12 12 12 12 12 13 12 12 12 12 12 12 13 12 12 12 12 12 12 12 12 12 12 12 12 12 12 12 12 12 12 12 12 12 12 13 12 12 12 12 12 12 13 12 12 12 12 12 12 12 11
127_0_0 3 4 7 5 7 0 3 3 2 1 2 2 3 3 3 4 26 11 12 12 12 12 12 13 12 12 12 12 12 12 12 12 12 12 12 12 12 12 12 12 12 13 12 12 12 12 13 12 12 12 12 12 12 12 12 12 12 12 12 12 12 12 12 12 13 12 12 12 12 12 11
130_0_0 3 5 5 6 7 0 2 2 1 3 3 3 2 3 3 4 26 12 12 12 12 11 12 12 12 12 12 12 12 13 12 12 12 12 12 13 12 12 12 12 12 12 12 12 12 12 12 12 12 12 12 12 13 12 12 12 12 12 13 12 12 12 12 12 12 12 11 12 12 12 12
130_1_2 3 5 7 5 6 1 2 1 2 3 4 1 3 4 2 3 26 12 12 12 12 11 12 12 12 12 12 12 12 13 12 12 12 12 12 13 12 12 12 12 12 12 12 12 12 12 12 12 12 12 12 12 13 12 12 12 12 12 13 12 12 12 12 12 12 12 11 12 12 12 12
130_2_4 3 6 5 7 5 1 2 3 1 2 4 4 2 3 1 3 26 12 12 12 12 11 12 12 12 12 12 12 12 13 12 12 12 12 12 13 12 12 12 12 12 12 12 12 12 12 12 12 12 12 12 12 13 12 12 12 12 12 13 12 12 12 12 12 12 12 11 12 12 12 12
131_0_0 2 6 6 6 6 0 2 2 4 3 2 2 4 2 2 3 26 11 12 12 12 12 13 12 12 12 13 12 12 12 12 12 12 12 12 12 12 12 12 12 12 12 12 12 12 12 12 12 12 12 12 12 12 12 12 12 12 12 12 12 12 13 12 12 12 13 12 12 12 12 11
132_3_0 3 7 6 5 5 0 2 3 2 2 3 2 4 2 4 2 26 12 12 12 12 11 12 12 12 12 12 12 12 12 12 12 12 12 12 13 12 12 12 12 12 12 12 13 13 12 12 12 12 12 12 12 13 12 12 12 12 12 12 12 12 12 12 12 12 12 11 12 12 12 12
134_0_2 2 6 6 6 6 1 1 2 3 1 4 2 2 3 3 4 26 11 12 12 12 13 12 12 12 12 12 12 12 12 12 12 12 12 12 12 12 12 12 12 12 12 13 12 12 13 12 12 12 12 12 12 12 12 12 12 12 12 12 12 12 12 12 12 12 12 13 12 12 12 11
136_0_0 4 4 5 5 8 0 1 3 2 3 3 3 2 3 2 4 26 11 12 12 12 12 12 12 12 12 12 12 12 12 12 12 12 12 12 13 12 12 12 12 13 12 12 12 12 12 12 13 12 12 12 12 13 12 12 12 12 12 12 12 12 12 12 12 12 12 12 12 12 12 11
137_1_0 4 4 8 5 5 0 3 3 1 2 1 4 3 3 3 3 26 11 12 12 12 12 12 12 12 12 12 13 12 12 12 12 12 12 12 13 12 12 12 12 12 12 12 12 12 12 12 12 12 12 12 12 13 12 12 12 12 12 12 12 13 12 12 12 12 12 12 12 12 12 11
139_0_0 3 5 5 6 7 1 1 1 3 3 3 2 4 2 2 4 26 12 12 12 12 11 12 12 12 12 12 12 12 12 12 12 12 12 12 13 12 12 12 13 12 12 12 12 12 12 12 12 13 12 12 12 13 12 12 12 12 12 12 12 12 12 12 12 12 12 11 12 12 12 12
140_0_0 4 4 5 5 8 0 3 2 2 2 3 1 3 3 4 3 26 11 12 12 13 12 12 12 12 12 12 12 12 12 12 12 13 12 12 12 12 12 12 12 12 12 12 12 12 12 12 12 12 12 12 12 12 12 12 13 12 12 12 12 12 12 12 12 12 12 12 13 12 12 11
140_1_2 4 4 8 5 5 1 1 2 3 1 4 2 2 3 3 4 26 11 12 12 13 12 12 12 12 12 12 12 12 12 12 12 13 12 12 12 12 12 12 12 12 12 12 12 12 12 12 12 12 12 12 12 12 12 12 13 12 12 12 12 12 12 12 12 12 12 12 13 12 12 11
142_0_0 4 4 5 5 8 0 3 3 2 1 2 2 3 3 3 4 26 11 12 12 13 12 12 12 12 12 12 12 12 12 12 12 12 12 12 13 12 12 12 12 12 12 12 12 12 12 12 12 12 12 12 12 13 12 12 12 12 12 12 12 12 12 12 12 12 12 12 13 12 12 11
144_0_0 2 6 6 6 6 0 2 2 2 2 4 2 2 3 3 4 26 11 12 12 13 12 12 12 12 12 12 12 12 12 12 13 12 12 12 12 12 12 12 12 12 12 12 12 12 12 12 12 12 12 12 12 12 12 12 12 13 12 12 12 12 12 12 12 12 12 12 13 12 12 11
146_0_2 4 5 4 5 8 1 2 3 1 3 1 3 2 3 5 2 26 11 12 12 13 12 12 12 12 12 12 12 12 12 12 12 12 12 12 12 12 12 13 12 12 12 12 12 12 12 12 12 12 13 12 12 12 12 12 12 12 12 12 12 12 12 12 12 12 12 12 13 12 12 11
147_0_2 3 4 7 5 7 1 2 3 1 3 1 3 2 3 5 2 26 11 12 12 12 12 12 12 12 12 12 12 12 12 12 13 12 12 12 12 12 12 13 12 12 12 12 12 12 12 12 12 12 13 12 12 12 12 12 12 13 12 12 12 12 12 12 12 12 12 12 12 12 12 11
148_0_2 2 6 6 6 6 1 1 3 2 1 4 1 3 3 4 3 26 11 12 12 12 12 12 12 12 12 12 13 12 12 12 12 12 12 12 12 12 12 12 12 12 13 12 12 12 12 13 12 12 12 12 12 12 12 12 12 12 12 12 12 13 12 12 12 12 12 12 12 12 12 11
149_1_2 4 5 4 8 5 1 2 3 1 3 1 3 2 3 5 2 26 11 12 12 12 12 12 13 12 12 12 13 12 12 12 12 12 12 12 12 12 12 12 12 12 12 12 12 12 12 12 12 12 12 12 12 12 12 12 12 12 12 12 12 13 12 12 12 13 12 12 12 12 12 11
151_1_0 4 5 4 8 5 0 2 2 4 3 2 2 4 2 2 3 26 11 12 12 12 12 13 12 12 12 12 12 12 12 12 12 12 12 12 12 12 12 12 13 12 12 12 12 12 12 12 12 13 12 12 12 12 12 12 12 12 12 12 12 12 12 12 12 12 13 12 12 12 12 11
152_1_2 4 4 8 5 5 1 2 2 1 2 4 3 2 3 2 4 26 12 12 12 12 12 12 12 12 12 12 11 12 12 12 12 12 12 12 13 12 12 12 12 13 12 12 12 12 12 12 13 12 12 12 12 13 12 12 12 12 12 12 12 11 12 12 12 12 12 12 12 12 12 12
154_0_0 4 5 4 5 8 0 3 2 2 2 3 1 3 3 4 3 26 11 12 12 12 12 13 12 12 12 12 12 12 12 12 12 12 12 13 12 12 12 12 12 12 12 12 12 12 12 12 12 12 12 12 12 12 13 12 12 12 12 12 12 12 12 12 12 12 13 12 12 12 12 11
154_1_2 4 5 4 8 5 1 1 2 3 1 4 2 2 3 3 4 26 11 12 12 12 12 13 12 12 12 12 12 12 12 12 12 12 12 13 12 12 12 12 12 12 12 12 12 12 12 12 12 12 12 12 12 12 13 12 12 12 12 12 12 12 12 12 12 12 13 12 12 12 12 11
156_0_0 4 4 5 5 8 0 1 3 2 3 3 3 2 3 2 4 26 11 12 12 12 12 12 12 12 12 12 12 12 12 13 12 12 12 12 12 12 12 12 12 13 12 12 12 12 12 12 13 12 12 12 12 12 12 12 12 12 13 12 12 12 12 12 12 12 12 12 12 12 12 11
158_0_2 4 4 5 5 8 1 1 2 3 1 4 2 2 3 3 4 26 11 12 12 12 12 12 12 12 12 12 12 12 12 12 12 13 12 12 12 12 12 12 12 12 12 13 12 12 13 12 12 12 12 12 12 12 12 12 13 12 12 12 12 12 12 12 12 12 12 12 12 12 12 11
158_1_4 4 4 8 5 5 1 1 3 3 2 2 4 1 4 3 2 26 11 12 12 12 12 12 12 12 12 12 12 12 12 12 12 13 12 12 12 12 12 12 12 12 12 13 12 12 13 12 12 12 12 12 12 12 12 12 13 12 12 12 12 12 12 12 12 12 12 12 12 12 12 11
161_0_0 3 5 5 6 7 0 3 2 4 3 3 3 1 1 3 3 26 12 12 12 12 11 12 12 12 12 12 12 12 12 12 12 12 12 12 12 12 12 13 12 12 12 13 12 12 13 12 12 12 13 12 12 12 12 12 12 12 12 12 12 12 12 12 12 12 12 11 12 12 12 12
161_2_0 3 6 5 7 5 0 3 2 4 3 3 3 1 1 3 3 26 12 12 12 12 11 12 12 12 12 12 12 12 12 12 12 12 12 12 12 12 12 13 12 12 12 13 12 12 13 12 12 12 13 12 12 12 12 12 12 12 12 12 12 12 12 12 12 12 12 11 12 12 12 12
162_0_0 3 4 7 5 7 1 2 1 3 4 3 2 3 2 1 4 26 11 12 12 12 13 12 12 12 12 12 12 12 13 12 12 12 12 12 12 12 12 12 12 12 12 12 12 12 12 12 12 12 12 12 12 12 12 12 12 12 12 13 12 12 12 12 12 12 12 13 12 12 12 11
163_1_0 4 5 4 8 5 1 1 3 2 2 2 2 4 2 4 3 26 12 12 12 12 12 12 12 12 12 12 11 12 12 12 12 12 12 12 13 12 12 12 13 12 12 12 12 12 12 12 12 13 12 12 12 13 12 12 12 12 12 12 12 11 12 12 12 12 12 12 12 12 12 12
164_1_0 3 5 7 5 6 0 2 3 2 1 3 3 3 4 2 3 26 12 12 12 12 11 12 12 12 12 12 12 12 12 12 12 12 12 12 12 12 12 12 13 13 12 12 12 12 12 12 13 13 12 12 12 12 12 12 12 12 12 12 12 12 12 12 12 12 12 11 12 12 12 12
164_3_0 3 7 6 5 5 0 2 3 2 1 3 3 3 4 2 3 26 12 12 12 12 11 12 12 12 12 12 12 12 12 12 12 12 12 12 12 12 12 12 13 13 12 12 12 12 12 12 13 13 12 12 12 12 12 12 12 12 12 12 12 12 12 12 12 12 12 11 12 12 12 12
165_1_0 4 5 4 8 5 0 3 3 1 2 1 4 3 3 3 3 26 11 12 12 12 12 12 12 12 12 12 12 12 12 13 12 12 12 12 12 12 12 13 12 12 12 12 12 12 12 12 12 12 13 12 12 12 12 12 12 12 13 12 12 12 12 12 12 12 12 12 12 12 12 11
166_0_4 4 4 5 5 8 1 1 3 3 2 2 4 1 4 3 2 26 11 12 12 12 12 13 12 12 12 12 12 12 12 12 12 12 12 12 12 12 12 12 12 12 12 13 12 12 13 12 12 12 12 12 12 12 12 12 12 12 12 12 12 12 12 12 12 12 13 12 12 12 12 11
167_0_0 3 4 7 5 7 1 1 3 1 4 3 3 2 2 3 3 26 12 12 12 12 12 12 12 12 12 12 11 12 12 12 12 12 12 12 12 13 12 12 12 12 12 12 13 13 12 12 12 12 12 12 13 12 12 12 12 12 12 12 12 11 12 12 12 12 12 12 12 12 12 12
168_0_0 2 6 6 6 6 0 1 3 2 3 3 3 2 3 2 4 26 11 12 12 12 12 12 12 12 13 12 12 12 12 12 12 12 12 12 12 12 12 12 12 12 13 12 12 12 12 13 12 12 12 12 12 12 12 12 12 12 12 12 12 12 12 13 12 12 12 12 12 12 12 11
170_1_0 4 4 8 5 5 0 3 3 2 1 2 2 3 3 3 4 26 11 12 12 13 12 12 12 12 12 12 12 12 12 13 12 12 12 12 12 12 12 12 12 12 12 12 12 12 12 12 12 12 12 12 12 12 12 12 12 12 13 12 12 12 12 12 12 12 12 12 13 12 12 11
173_0_0 4 4 5 5 8 1 1 2 3 1 3 3 1 4 3 4 26 11 12 12 12 12 12 12 12 12 12 13 12 12 12 12 12 12 12 12 12 12 12 12 12 12 13 12 12 13 12 12 12 12 12 12 12 12 12 12 12 12 12 12 13 12 12 12 12 12 12 12 12 12 11
174_0_0 4 5 4 5 8 0 3 2 2 2 3 1 3 3 4 3 26 11 12 12 12 12 12 12 12 12 12 12 12 12 12 12 12 13 12 12 12 12 12 12 12 12 13 12 12 13 12 12 12 12 12 12 12 12 13 12 12 12 12 12 12 12 12 12 12 12 12 12 12 12 11
174_1_2 4 5 4 8 5 1 1 2 3 1 4 2 2 3 3 4 26 11 12 12 12 12 12 12 12 12 12 12 12 12 12 12 12 13 12 12 12 12 12 12 12 12 13 12 12 13 12 12 12 12 12 12 12 12 13 12 12 12 12 12 12 12 12 12 12 12 12 12 12 12 11
176_0_0 4 5 4 5 8 0 3 3 1 2 1 4 3 3 3 3 26 11 12 12 12 12 12 12 12 12 12 12 12 12 12 12 12 12 12 13 12 12 13 12 12 12 12 12 12 12 12 12 12 13 12 12 13 12 12 12 12 12 12 12 12 12 12 12 12 12 12 12 12 12 11
177_0_0 2 6 6 6 6 0 3 2 3 3 4 2 2 1 3 3 26 11 12 12 12 12 12 12 12 12 12 12 12 12 12 12 12 12 12 12 13 12 12 12 12 12 13 12 12 13 12 12 12 12 12 13 12 12 12 12 12 12 12 12 12 12 12 12 12 12 12 12 12 12 11
179_0_0 4 4 5 5 8 1 1 2 3 1 3 3 1 4 3 4 26 11 12 12 13 12 12 12 12 12 12 13 12 12 12 12 12 12 12 12 12 12 12 12 12 12 12 12 12 12 12 12 12 12 12 12 12 12 12 12 12 12 12 12 13 12 12 12 12 12 12 13 12 12 11
180_0_0 3 5 5 6 7 0 2 2 2 3 4 3 2 2 2 4 26 12 12 12 12 11 12 12 12 12 12 12 12 12 12 12 12 13 12 12 12 12 12 12 13 12 12 12 12 12 12 13 12 12 12 12 12 12 13 12 12 12 12 12 12 12 12 12 12 12 11 12 12 12 12
181_0_0 4 4 5 5 8 1 2 2 3 3 4 2 1 4 2 2 26 12 12 12 12 12 12 12 12 12 12 11 12 12 12 12 12 12 12 12 12 13 12 12 12 12 13 12 12 13 12 12 12 12 13 12 12 12 12 12 12 12 12 12 11 12 12 12 12 12 12 12 12 12 12
182_0_0 4 5 4 5 8 0 3 2 3 3 4 2 2 1 3 3 26 11 12 12 13 12 12 12 12 12 12 12 12 13 12 12 12 12 12 12 12 12 12 12 12 12 12 12 12 12 12 12 12 12 12 12 12 12 12 12 12 12 13 12 12 12 12 12 12 12 12 13 12 12 11
183_0_0 4 5 4 5 8 0 3 3 2 1 2 2 3 3 3 4 26 11 12 12 12 12 12 12 13 12 12 12 12 12 12 12 12 12 12 12 12 12 12 12 12 12 13 12 12 13 12 12 12 12 12 12 12 12 12 12 12 12 12 12 12 12 12 13 12 12 12 12 12 12 11
184_1_0 3 5 7 5 6 1 1 2 2 3 3 3 3 1 5 2 26 12 12 12 12 11 12 12 12 12 12 12 12 12 12 12 12 12 12 12 12 12 13 12 13 12 12 12 12 12 12 13 12 13 12 12 12 12 12 12 12 12 12 12 12 12 12 12 12 12 11 12 12 12 12
184_3_0 3 7 6 5 5 1 1 2 2 3 3 3 3 1 5 2 26 12 12 12 12 11 12 12 12 12 12 12 12 12 12 12 12 12 12 12 12 12 13 12 13 12 12 12 12 12 12 13 12 13 12 12 12 12 12 12 12 12 12 12 12 12 12 12 12 12 11 12 12 12 12
186_0_0 3 5 5 6 7 0 2 2 4 2 2 4 2 3 3 2 26 12 12 12 12 11 12 12 12 12 12 12 12 12 12 12 12 12 12 12 12 13 12 12 12 12 12 13 13 12 12 12 12 12 13 12 12 12 12 12 12 12 12 12 12 12 12 12 12 12 11 12 12 12 12
187_0_0 2 6 6 6 6 0 3 2 3 3 4 2 2 1 3 3 26 11 12 12 12 12 12 12 12 13 12 12 12 12 12 13 12 12 12 12 12 12 12 12 12 12 12 12 12 12 12 12 12 12 12 12 12 12 12 12 13 12 12 12 12 12 13 12 12 12 12 12 12 12 11
189_0_0 3 4 7 5 7 0 2 2 2 3 4 3 2 2 2 4 26 11 12 12 12 12 12 12 12 12 12 12 12 12 12 12 12 12 12 12 13 12 12 13 12 12 12 12 12 12 12 12 13 12 12 13 12 12 12 12 12 12 12 12 12 12 12 12 12 12 12 12 12 12 11
191_0_0 2 6 6 6 6 0 2 2 2 3 4 3 2 2 2 4 26 11 12 12 12 12 12 12 12 12 13 12 12 12 12 12 12 12 12 12 12 12 12 12 13 12 12 12 12 12 12 13 12 12 12 12 12 12 12 12 12 12 12 12 12 13 12 12 12 12 12 12 12 12 11
193_1_0 3 7 5 7 4 0 2 2 2 3 4 3 2 2 2 4 26 11 12 12 12 12 12 12 12 12 12 12 13 12 12 12 12 12 12 12 13 12 12 12 12 12 12 12 12 12 12 12 12 12 12 13 12 12 12 12 12 12 12 13 12 12 12 12 12 12 12 12 12 12 11
195_1_0 3 7 5 7 4 0 2 2 2 3 4 3 2 2 2 4 26 11 12 12 12 12 12 12 12 12 13 12 12 13 12 12 12 12 12 12 12 12 12 12 12 12 12 12 12 12 12 12 12 12 12 12 12 12 12 12 12 12 13 12 12 13 12 12 12 12 12 12 12 12 11
196_1_2 3 7 5 7 4 1 1 3 2 3 4 3 1 3 2 3 26 12 12 12 12 12 12 12 12 12 12 11 12 12 12 12 12 12 12 12 12 12 12 13 12 13 12 12 12 12 13 12 13 12 12 12 12 12 12 12 12 12 12 12 11 12 12 12 12 12 12 12 12 12 12
198_0_2 4 5 4 5 8 1 1 3 2 1 4 1 3 3 4 3 26 11 12 12 12 12 12 12 13 12 12 13 12 12 12 12 12 12 12 12 12 12 12 12 12 12 12 12 12 12 12 12 12 12 12 12 12 12 12 12 12 12 12 12 13 12 12 13 12 12 12 12 12 12 11
199_0_2 4 5 4 5 8 1 2 1 2 3 2 4 2 2 3 4 26 12 12 12 12 12 12 12 12 12 12 11 12 12 12 12 12 12 12 12 12 12 12 12 13 12 12 13 13 12 12 13 12 12 12 12 12 12 12 12 12 12 12 12 11 12 12 12 12 12 12 12 12 12 12
201_0_0 4 4 5 5 8 0 3 2 3 3 4 2 2 1 3 3 26 11 12 12 13 12 12 12 12 12 12 12 12 12 12 12 12 12 12 12 12 12 12 12 13 12 12 12 12 12 12 13 12 12 12 12 12 12 12 12 12 12 12 12 12 12 12 12 12 12 12 13 12 12 11
202_0_0 2 6 6 6 6 1 1 2 3 1 3 3 1 4 3 4 26 11 12 12 12 12 12 12 12 12 12 13 12 12 12 13 12 12 12 12 12 12 12 12 12 12 12 12 12 12 12 12 12 12 12 12 12 12 12 12 13 12 12 12 13 12 12 12 12 12 12 12 12 12 11
203_1_0 3 7 5 7 4 0 3 3 1 2 1 4 3 3 3 3 26 11 12 12 12 12 12 12 12 12 12 12 12 12 12 12 12 12 12 12 12 12 13 12 12 13 12 12 12 12 13 12 12 13 12 12 12 12 12 12 12 12 12 12 12 12 12 12 12 12 12 12 12 12 11
204_1_0 3 7 5 7 4 0 3 1 2 4 3 2 2 3 3 3 26 11 12 12 12 13 12 12 12 12 12 12 12 12 12 12 12 13 12 12 12 12 12 12 12 12 12 12 12 12 12 12 12 12 12 12 12 12 13 12 12 12 12 12 12 12 12 12 12 12 13 12 12 12 11
206_0_0 3 5 5 6 7 0 2 2 2 3 4 3 2 2 2 4 26 12 12 12 12 11 12 12 12 12 12 12 12 12 12 12 12 12 12 12 12 12 12 12 13 12 12 13 13 12 12 13 12 12 12 12 12 12 12 12 12 12 12 12 12 12 12 12 12 12 11 12 12 12 12
207_0_0 4 4 5 5 8 0 3 1 2 4 3 2 2 3 3 3 26 11 12 12 12 12 13 12 12 12 12 12 12 12 12 12 13 12 12 12 12 12 12 12 12 12 12 12 12 12 12 12 12 12 12 12 12 12 12 13 12 12 12 12 12 12 12 12 12 13 12 12 12 12 11
208_0_0 3 5 5 6 7 0 1 4 2 3 3 3 2 3 2 3 26 12 12 12 12 11 12 12 13 12 12 12 12 12 12 12 12 12 12 13 12 12 12 12 12 12 12 12 12 12 12 12 12 12 12 12 13 12 12 12 12 12 12 12 12 12 12 13 12 12 11 12 12 12 12
208_2_0 3 6 5 7 5 0 1 4 2 3 3 3 2 3 2 3 26 12 12 12 12 11 12 12 13 12 12 12 12 12 12 12 12 12 12 13 12 12 12 12 12 12 12 12 12 12 12 12 12 12 12 12 13 12 12 12 12 12 12 12 12 12 12 13 12 12 11 12 12 12 12
209_0_0 4 5 4 5 8 0 3 1 2 4 3 2 2 3 3 3 26 11 12 12 12 12 13 12 12 12 12 12 12 12 12 12 12 13 12 12 12 12 12 12 12 12 12 12 12 12 12 12 12 12 12 12 12 12 13 12 12 12 12 12 12 12 12 12 12 13 12 12 12 12 11
210_0_0 3 4 7 5 7 0 2 1 4 2 2 3 3 2 4 3 26 11 12 12 12 13 12 12 12 12 12 12 12 12 12 12 12 12 12 12 12 12 13 12 12 12 12 12 12 12 12 12 12 13 12 12 12 12 12 12 12 12 12 12 12 12 12 12 12 12 13 12 12 12 11
211_0_0 4 5 4 5 8 0 2 1 4 2 2 3 3 2 4 3 26 11 12 12 12 12 12 12 12 12 12 13 12 12 12 12 12 13 12 12 12 12 12 12 12 12 12 12 12 12 12 12 12 12 12 12 12 12 13 12 12 12 12 12 13 12 12 12 12 12 12 12 12 12 11
212_0_0 4 5 4 5 8 0 2 1 4 2 2 3 3 2 4 3 26 11 12 12 12 12 13 12 12 12 12 12 12 12 12 12 12 12 12 12 12 12 13 12 12 12 12 12 12 12 12 12 12 13 12 12 12 12 12 12 12 12 12 12 12 12 12 12 12 13 12 12 12 12 11
213_0_0 4 5 4 5 8 0 3 2 2 2 2 2 2 3 4 4 26 11 12 12 13 12 12 12 12 12 12 12 12 12 12 12 12 12 12 12 12 12 12 13 12 12 12 12 12 12 12 12 13 12 12 12 12 12 12 12 12 12 12 12 12 12 12 12 12 12 12 13 12 12 11
215_0_2 4 4 5 5 8 0 3 2 3 1 2 3 4 2 4 2 26 11 12 12 12 12 12 12 12 12 12 13 12 12 12 12 13 12 12 12 12 12 12 12 12 12 12 12 12 12 12 12 12 12 12 12 12 12 12 13 12 12 12 12 13 12 12 12 12 12 12 12 12 12 11
216_1_0 3 7 5 7 4 0 2 2 4 3 2 2 4 2 2 3 26 11 12 12 12 12 12 12 12 12 13 12 12 12 12 12 12 13 12 12 12 12 12 12 12 12 12 12 12 12 12 12 12 12 12 12 12 12 13 12 12 12 12 12 12 13 12 12 12 12 12 12 12 12 11
217_1_2 4 4 8 5 5 1 1 3 2 1 4 1 3 3 4 3 26 11 12 12 12 12 12 12 12 12 12 13 12 12 13 12 12 12 12 12 12 12 12 12 12 12 12 12 12 12 12 12 12 12 12 12 12 12 12 12 12 13 12 12 13 12 12 12 12 12 12 12 12 12 11
219_1_0 3 7 5 7 4 0 2 2 4 3 2 2 4 2 2 3 26 11 12 12 12 13 12 12 12 12 12 12 12 12 12 12 12 12 12 12 12 12 12 13 12 12 12 12 12 12 12 12 13 12 12 12 12 12 12 12 12 12 12 12 12 12 12 12 12 12 13 12 12 12 11
221_1_0 4 5 4 8 5 1 1 2 3 1 3 3 1 4 3 4 26 11 12 12 12 12 12 12 12 12 12 12 12 12 12 12 12 12 12 12 12 12 13 12 12 12 13 12 12 13 12 12 12 13 12 12 12 12 12 12 12 12 12 12 12 12 12 12 12 12 12 12 12 12 11
223_0_0 4 4 5 5 8 0 2 2 4 3 2 2 4 2 2 3 26 11 12 12 12 12 13 12 12 12 12 12 12 12 12 12 12 12 12 12 12 13 12 12 12 12 12 12 12 12 12 12 12 12 13 12 12 12 12 12 12 12 12 12 12 12 12 12 12 13 12 12 12 12 11
224_1_0 4 4 8 5 5 0 3 2 3 3 4 2 2 1 3 3 26 11 12 12 12 12 12 12 12 13 12 12 12 12 12 12 12 12 12 12 12 12 12 12 12 12 13 12 12 13 12 12 12 12 12 12 12 12 12 12 12 12 12 12 12 12 13 12 12 12 12 12 12 12 11
225_0_4 4 5 4 5 8 1 1 3 3 2 2 4 1 4 3 2 26 11 12 12 12 12 12 13 12 12 12 12 12 12 12 12 13 12 12 12 12 12 12 12 12 12 12 12 12 12 12 12 12 12 12 12 12 12 12 13 12 12 12 12 12 12 12 12 13 12 12 12 12 12 11
226_0_0 2 6 5 7 6 0 3 2 2 2 3 1 3 3 4 3 26 11 12 12 12 13 12 12 12 12 12 12 12 12 12 13 12 12 12 12 12 12 12 12 12 12 12 12 12 12 12 12 12 12 12 12 12 12 12 12 13 12 12 12 12 12 12 12 12 12 13 12 12 12 11
226_1_2 2 6 7 5 6 1 1 2 3 1 4 2 2 3 3 4 26 11 12 12 12 13 12 12 12 12 12 12 12 12 12 13 12 12 12 12 12 12 12 12 12 12 12 12 12 12 12 12 12 12 12 12 12 12 12 12 13 12 12 12 12 12 12 12 12 12 13 12 12 12 11
226_2_4 3 5 4 6 8 1 1 3 3 2 2 4 1 4 3 2 26 11 12 12 12 13 12 12 12 12 12 12 12 12 12 13 12 12 12 12 12 12 12 12 12 12 12 12 12 12 12 12 12 12 12 12 12 12 12 12 13 12 12 12 12 12 12 12 12 12 13 12 12 12 11
227_0_0 2 6 5 7 6 1 2 1 3 4 3 2 3 2 1 4 26 11 12 12 12 13 12 12 12 12 12 12 12 12 12 12 12 12 12 12 13 12 12 12 12 12 12 12 12 12 12 12 12 12 12 13 12 12 12 12 12 12 12 12 12 12 12 12 12 12 13 12 12 12 11
228_0_0 2 6 5 7 6 0 2 3 2 2 3 2 4 2 4 2 26 11 12 12 12 12 12 12 12 12 13 12 12 12 12 12 12 12 12 12 12 12 12 12 12 13 12 12 12 12 13 12 12 12 12 12 12 12 12 12 12 12 12 12 12 13 12 12 12 12 12 12 12 12 11
229_0_0 2 6 5 7 6 0 3 2 2 2 2 2 2 3 4 4 26 11 12 12 12 12 12 12 12 12 13 12 12 12 12 13 12 12 12 12 12 12 12 12 12 12 12 12 12 12 12 12 12 12 12 12 12 12 12 12 13 12 12 12 12 13 12 12 12 12 12 12 12 12 11
230_0_0 2 6 5 7 6 0 1 3 2 3 3 3 2 3 2 4 26 11 12 12 12 12 12 12 12 12 12 12 12 12 12 12 12 12 12 12 13 12 12 12 12 13 12 12 12 12 13 12 12 12 12 13 12 12 12 12 12 12 12 12 12 12 12 12 12 12 12 12 12 12 11
231_0_0 3 4 7 5 7 0 3 2 2 2 2 2 2 3 4 4 26 11 12 12 12 12 12 12 12 12 12 12 13 12 12 13 12 12 12 12 12 12 12 12 12 12 12 12 12 12 12 12 12 12 12 12 12 12 12 12 13 12 12 13 12 12 12 12 12 12 12 12 12 12 11
232_1_0 3 7 5 7 4 0 3 2 3 3 4 2 2 1 3 3 26 11 12 12 12 12 12 13 12 12 12 12 12 12 12 12 12 12 12 12 13 12 12 12 12 12 12 12 12 12 12 12 12 12 12 13 12 12 12 12 12 12 12 12 12 12 12 12 13 12 12 12 12 12 11
233_1_0 2 6 7 5 6 1 1 2 3 3 3 2 4 1 3 3 26 12 12 12 12 12 12 12 12 12 12 11 12 12 12 12 12 12 12 12 13 12 12 12 12 13 12 12 12 12 13 12 12 12 12 13 12 12 12 12 12 12 12 12 11 12 12 12 12 12 12 12 12 12 12
233_3_0 3 8 6 4 5 1 1 2 3 3 3 2 4 1 3 3 26 12 12 12 12 12 12 12 12 12 12 11 12 12 12 12 12 12 12 12 13 12 12 12 12 13 12 12 12 12 13 12 12 12 12 13 12 12 12 12 12 12 12 12 11 12 12 12 12 12 12 12 12 12 12
235_0_0 3 5 5 6 7 0 2 2 1 3 3 3 2 3 3 4 26 12 12 12 12 11 12 12 12 12 12 12 12 13 13 12 12 12 12 12 12 12 12 12 12 12 12 12 12 12 12 12 12 12 12 12 12 12 12 12 12 13 13 12 12 12 12 12 12 12 11 12 12 12 12
235_1_2 3 5 7 5 6 1 2 1 2 3 4 1 3 4 2 3 26 12 12 12 12 11 12 12 12 12 12 12 12 13 13 12 12 12 12 12 12 12 12 12 12 12 12 12 12 12 12 12 12 12 12 12 12 12 12 12 12 13 13 12 12 12 12 12 12 12 11 12 12 12 12
235_2_4 3 6 5 7 5 1 2 3 1 2 4 4 2 3 1 3 26 12 12 12 12 11 12 12 12 12 12 12 12 13 13 12 12 12 12 12 12 12 12 12 12 12 12 12 12 12 12 12 12 12 12 12 12 12 12 12 12 13 13 12 12 12 12 12 12 12 11 12 12 12 12
236_0_0 4 5 4 5 8 0 3 2 2 2 3 1 3 3 4 3 26 11 12 12 13 12 12 12 12 12 12 12 12 12 12 12 12 13 12 12 12 12 12 12 12 12 12 12 12 12 12 12 12 12 12 12 12 12 13 12 12 12 12 12 12 12 12 12 12 12 12 13 12 12 11
236_1_2 4 5 4 8 5 1 1 2 3 1 4 2 2 3 3 4 26 11 12 12 13 12 12 12 12 12 12 12 12 12 12 12 12 13 12 12 12 12 12 12 12 12 12 12 12 12 12 12 12 12 12 12 12 12 13 12 12 12 12 12 12 12 12 12 12 12 12 13 12 12 11
238_0_0 4 5 4 5 8 1 2 2 3 3 4 2 1 4 2 2 26 12 12 12 12 12 12 12 12 12 12 11 12 12 12 12 12 12 12 12 12 12 12 13 12 12 13 12 12 13 12 12 13 12 12 12 12 12 12 12 12 12 12 12 11 12 12 12 12 12 12 12 12 12 12
239_0_0 4 5 4 5 8 1 2 1 3 4 3 2 3 2 1 4 26 11 12 12 12 12 12 12 12 12 12 12 12 12 12 12 12 13 12 12 12 12 12 12 13 12 12 12 12 12 12 13 12 12 12 12 12 12 13 12 12 12 12 12 12 12 12 12 12 12 12 12 12 12 11
240_2_0 3 6 5 7 5 0 2 2 3 2 1 4 3 3 3 3 26 12 12 12 12 11 12 12 12 12 12 12 12 12 12 12 12 12 12 12 12 12 12 13 12 12 13 12 12 13 12 12 13 12 12 12 12 12 12 12 12 12 12 12 12 12 12 12 12 12 11 12 12 12 12
241_1_0 4 5 4 8 5 1 2 1 3 3 3 3 3 1 2 4 26 12 12 12 12 12 12 12 12 12 12 11 12 12 12 12 12 12 12 12 12 12 12 12 12 12 13 13 13 13 12 12 12 12 12 12 12 12 12 12 12 12 12 12 11 12 12 12 12 12 12 12 12 12 12
243_0_0 4 5 4 5 8 0 2 3 2 2 3 2 4 2 4 2 26 11 12 12 12 12 12 12 12 12 12 12 12 12 13 12 12 12 12 12 12 12 12 13 12 12 12 12 12 12 12 12 13 12 12 12 12 12 12 12 12 13 12 12 12 12 12 12 12 12 12 12 12 12 11
244_2_0 3 6 5 7 5 0 3 2 2 2 2 2 2 3 4 4 26 12 12 12 12 11 12 12 12 12 12 12 12 12 12 12 12 12 12 12 12 12 12 12 12 12 13 13 13 13 12 12 12 12 12 12 12 12 12 12 12 12 12 12 12 12 12 12 12 12 11 12 12 12 12
246_0_0 4 5 4 5 8 0 3 2 2 2 2 2 2 3 4 4 26 11 12 12 12 12 12 12 12 12 12 12 12 12 12 12 12 12 12 12 12 12 12 13 12 12 13 12 12 13 12 12 13 12 12 12 12 12 12 12 12 12 12 12 12 12 12 12 12 12 12 12 12 12 11
248_0_0 4 5 4 5 8 0 3 2 2 2 3 1 3 3 4 3 26 11 12 12 12 12 12 12 12 12 12 12 12 12 12 12 13 12 13 12 12 12 12 12 12 12 12 12 12 12 12 12 12 12 12 12 12 13 12 13 12 12 12 12 12 12 12 12 12 12 12 12 12 12 11
248_1_2 4 5 4 8 5 1 1 2 3 1 4 2 2 3 3 4 26 11 12 12 12 12 12 12 12 12 12 12 12 12 12 12 13 12 13 12 12 12 12 12 12 12 12 12 12 12 12 12 12 12 12 12 12 13 12 13 12 12 12 12 12 12 12 12 12 12 12 12 12 12 11
249_0_4 4 4 5 5 8 1 1 3 3 2 2 4 1 4 3 2 26 11 12 12 13 12 13 12 12 12 12 12 12 12 12 12 12 12 12 12 12 12 12 12 12 12 12 12 12 12 12 12 12 12 12 12 12 12 12 12 12 12 12 12 12 12 12 12 12 13 12 13 12 12 11
250_0_0 4 4 5 5 8 0 2 3 2 2 3 2 4 2 4 2 26 11 12 12 12 12 12 12 12 12 12 12 12 12 12 12 12 12 12 13 12 13 12 12 12 12 12 12 12 12 12 12 12 12 13 12 13 12 12 12 12 12 12 12 12 12 12 12 12 12 12 12 12 12 11
251_0_4 3 4 7 5 7 1 1 3 3 2 2 4 1 4 3 2 26 11 12 12 12 13 12 13 12 12 12 12 12 12 12 12 12 12 12 12 12 12 12 12 12 12 12 12 12 12 12 12 12 12 12 12 12 12 12 12 12 12 12 12 12 12 12 12 13 12 13 12 12 12 11
252_0_0 3 4 7 5 7 0 2 2 4 2 2 4 2 3 3 2 26 11 12 12 12 12 12 12 12 12 13 12 13 12 12 12 12 12 12 12 12 12 12 12 12 12 12 12 12 12 12 12 12 12 12 12 12 12 12 12 12 12 12 13 12 13 12 12 12 12 12 12 12 12 11
254_0_0 3 4 7 5 7 0 3 2 2 2 3 1 3 3 4 3 26 11 12 12 12 12 12 12 12 12 12 12 12 12 12 13 12 13 12 12 12 12 12 12 12 12 12 12 12 12 12 12 12 12 12 12 12 12 13 12 13 12 12 12 12 12 12 12 12 12 12 12 12 12 11
254_1_2 3 7 5 7 4 1 1 2 3 1 4 2 2 3 3 4 26 11 12 12 12 12 12 12 12 12 12 12 12 12 12 13 12 13 12 12 12 12 12 12 12 12 12 12 12 12 12 12 12 12 12 12 12 12 13 12 13 12 12 12 12 12 12 12 12 12 12 12 12 12 11
255_1_0 4 5 4 8 5 0 3 2 3 3 4 2 2 1 3 3 26 11 12 12 12 12 12 13 12 13 12 12 12 12 12 12 12 12 12 12 12 12 12 12 12 12 12 12 12 12 12 12 12 12 12 12 12 12 12 12 12 12 12 12 12 12 13 12 13 12 12 12 12 12 11
257_0_0 3 4 7 5 7 0 2 3 2 2 3 2 4 2 4 2 26 11 12 12 12 12 12 12 12 12 12 12 12 12 12 12 12 12 12 12 12 12 12 13 12 13 12 12 12 12 13 12 13 12 12 12 12 12 12 12 12 12 12 12 12 12 12 12 12 12 12 12 12 12 11
259_0_0 4 4 5 5 8 0 3 2 3 3 4 2 2 1 3 3 26 11 12 12 12 12 12 12 12 12 12 12 12 12 12 12 12 12 12 12 12 12 12 12 13 12 13 12 12 13 12 13 12 12 12 12 12 12 12 12 12 12 12 12 12 12 12 12 12 12 12 12 12 12 11
260_0_0 3 4 7 5 7 0 3 2 3 3 4 2 2 1 3 3 26 11 12 12 12 12 12 12 12 12 12 12 12 13 12 13 12 12 12 12 12 12 12 12 12 12 12 12 12 12 12 12 12 12 12 12 12 12 12 12 13 12 13 12 12 12 12 12 12 12 12 12 12 12 11
261_0_0 2 6 6 6 6 0 3 1 2 3 4 3 2 2 3 3 26 12 12 12 12 11 12 12 12 12 12 12 12 12 12 13 12 12 12 12 13 12 12 12 12 12 12 12 12 12 12 12 12 12 12 13 12 12 12 12 13 12 12 12 12 12 12 12 12 12 11 12 12 12 12
264_0_0 3 4 7 5 7 0 3 2 2 2 3 1 3 3 4 3 26 11 12 12 12 12 12 12 12 12 12 12 12 12 12 13 12 12 12 12 12 12 12 12 12 12 12 13 13 12 12 12 12 12 12 12 12 12 12 12 13 12 12 12 12 12 12 12 12 12 12 12 12 12 11
264_1_2 3 7 5 7 4 1 1 2 3 1 4 2 2 3 3 4 26 11 12 12 12 12 12 12 12 12 12 12 12 12 12 13 12 12 12 12 12 12 12 12 12 12 12 13 13 12 12 12 12 12 12 12 12 12 12 12 13 12 12 12 12 12 12 12 12 12 12 12 12 12 11
265_0_4 4 5 4 5 8 1 1 3 3 2 2 4 1 4 3 2 26 11 12 12 13 12 12 12 12 12 12 12 12 12 12 12 12 12 12 12 12 12 12 12 12 12 12 13 13 12 12 12 12 12 12 12 12 12 12 12 12 12 12 12 12 12 12 12 12 12 12 13 12 12 11
266_0_0 4 5 4 5 8 0 2 2 4 3 2 2 4 2 2 3 26 11 12 12 12 12 12 12 12 12 12 12 12 12 12 12 12 12 12 12 12 13 12 12 12 12 12 13 13 12 12 12 12 12 13 12 12 12 12 12 12 12 12 12 12 12 12 12 12 12 12 12 12 12 11
267_1_0 4 5 4 8 5 0 1 2 3 2 3 2 4 2 3 4 26 12 12 12 12 11 12 12 12 12 12 12 12 12 12 12 12 12 12 12 12 12 13 12 12 13 12 12 12 12 13 12 12 13 12 12 12 12 12 12 12 12 12 12 12 12 12 12 12 12 11 12 12 12 12
268_1_0 4 5 4 8 5 0 2 1 4 2 2 3 3 2 4 3 26 11 12 12 12 12 12 12 12 12 12 13 12 12 12 12 12 12 12 12 12 12 12 12 12 12 12 13 13 12 12 12 12 12 12 12 12 12 12 12 12 12 12 12 13 12 12 12 12 12 12 12 12 12 11
270_0_0 3 4 7 5 7 0 3 1 2 4 3 2 2 3 3 3 26 11 12 12 12 13 12 12 12 12 12 12 12 12 12 12 12 12 12 12 12 12 12 12 12 12 12 13 13 12 12 12 12 12 12 12 12 12 12 12 12 12 12 12 12 12 12 12 12 12 13 12 12 12 11
271_0_0 4 4 5 5 8 0 2 2 1 3 3 3 2 3 3 4 26 12 12 12 12 11 12 12 12 12 12 12 12 12 12 12 12 12 12 12 12 12 12 12 13 13 12 12 12 12 13 13 12 12 12 12 12 12 12 12 12 12 12 12 12 12 12 12 12 12 11 12 12 12 12
271_1_2 4 4 8 5 5 1 2 1 2 3 4 1 3 4 2 3 26 12 12 12 12 11 12 12 12 12 12 12 12 12 12 12 12 12 12 12 12 12 12 12 13 13 12 12 12 12 13 13 12 12 12 12 12 12 12 12 12 12 12 12 12 12 12 12 12 12 11 12 12 12 12
273_0_0 4 4 5 5 8 0 1 4 2 3 3 3 2 3 2 3 26 12 12 12 12 11 12 12 12 12 12 12 12 12 12 12 12 12 12 13 12 12 12 12 12 13 12 12 12 12 13 12 12 12 12 12 13 12 12 12 12 12 12 12 12 12 12 12 12 12 11 12 12 12 12
274_0_0 4 5 4 5 8 0 3 1 2 4 3 2 2 3 3 3 26 11 12 12 12 12 12 12 12 12 12 12 12 12 12 12 13 12 12 12 12 12 12 12 12 12 12 13 13 12 12 12 12 12 12 12 12 12 12 13 12 12 12 12 12 12 12 12 12 12 12 12 12 12 11
275_0_0 4 5 4 5 8 0 3 1 2 4 3 2 2 3 3 3 26 11 12 12 12 12 13 12 12 12 12 12 12 12 12 12 12 12 12 12 12 12 12 12 12 12 12 13 13 12 12 12 12 12 12 12 12 12 12 12 12 12 12 12 12 12 12 12 12 13 12 12 12 12 11
276_0_0 4 5 4 5 8 0 2 3 2 2 3 2 4 2 4 2 26 12 12 12 12 11 12 12 12 12 12 12 12 12 12 12 12 12 12 12 12 12 12 12 12 13 12 13 13 12 13 12 12 12 12 12 12 12 12 12 12 12 12 12 12 12 12 12 12 12 11 12 12 12 12
278_0_0 4 5 4 5 8 1 2 1 3 4 3 2 3 2 1 4 26 11 12 12 12 12 12 12 12 12 12 12 12 12 12 12 12 12 12 12 12 12 12 12 13 12 12 13 13 12 12 13 12 12 12 12 12 12 12 12 12 12 12 12 12 12 12 12 12 12 12 12 12 12 11
280_0_0 3 4 6 5 7 0 2 2 3 3 2 4 1 3 3 2 25 11 11 11 11 11 11 11 11 11 11 11 11 12 11 11 11 11 12 11 11 11 11 11 12 11 11 11 11 11 11 12 11 11 11 11 11 12 11 11 11 11 12 11 11 11 11 11 11 11 11 11 11 11 11
280_2_0 3 7 5 6 4 0 2 2 3 3 2 4 1 3 3 2 25 11 11 11 11 11 11 11 11 11 11 11 11 12 11 11 11 11 12 11 11 11 11 11 12 11 11 11 11 11 11 12 11 11 11 11 11 12 11 11 11 11 12 11 11 11 11 11 11 11 11 11 11 11 11
281_0_0 3 4 6 5 7 0 1 2 3 4 1 4 2 2 3 3 25 11 11 11 11 11 11 11 11 11 11 12 11 11 11 11 11 11 11 11 11 11 12 11 11 11 11 12 12 11 11 11 11 12 11 11 11 11 11 11 11 11 11 11 12 11 11 11 11 11 11 11 11 11 11
281_2_0 3 7 5 6 4 0 1 2 3 4 1 4 2 2 3 3 25 11 11 11 11 11 11 11 11 11 11 12 11 11 11 11 11 11 11 11 11 11 12 11 11 11 11 12 12 11 11 11 11 12 11 11 11 11 11 11 11 11 11 11 12 11 11 11 11 11 11 11 11 11 11
282_0_0 3 4 7 5 6 1 1 2 2 4 2 4 2 1 3 3 25 11 11 11 11 11 11 11 11 11 11 11 11 11 11 11 11 12 11 12 11 12 11 11 11 11 11 11 11 11 11 11 11 11 12 11 12 11 12 11 11 11 11 11 11 11 11 11 11 11 11 11 11 11 11
283_0_0 3 5 6 6 7 1 1 2 4 3 3 2 3 3 1 4 27 12 13 13 14 12 14 13 13 13 13 13 13 13 13 13 13 13 13 13 13 13 13 13 13 13 13 13 13 13 13 13 13 13 13 13 13 13 13 13 13 13 13 13 13 13 13 13 13 14 12 14 13 13 12
285_0_0 3 5 6 6 7 1 1 3 1 3 2 3 2 3 3 5 27 12 13 13 13 13 13 13 13 14 12 14 13 13 13 13 13 13 13 13 13 13 13 13 13 13 13 13 13 13 13 13 13 13 13 13 13 13 13 13 13 13 13 13 14 12 14 13 13 13 13 13 13 13 12
286_1_0 3 7 6 6 5 0 2 3 3 3 4 2 2 2 2 4 27 12 13 13 13 13 13 13 13 13 13 13 13 13 14 12 14 13 13 13 13 13 13 13 13 13 13 13 13 13 13 13 13 13 13 13 13 13 13 14 12 14 13 13 13 13 13 13 13 13 13 13 13 13 12
288_0_0 3 5 6 6 7 0 2 3 4 2 3 2 4 2 2 3 27 12 13 13 13 13 13 13 13 13 13 13 13 13 13 13 13 13 13 13 13 13 13 13 14 12 14 13 13 14 12 14 13 13 13 13 13 13 13 13 13 13 13 13 13 13 13 13 13 13 13 13 13 13 12
289_0_0 3 6 5 7 6 1 2 2 2 3 3 2 3 2 5 2 27 13 13 13 13 12 13 13 13 13 13 13 13 13 13 13 13 14 13 13 13 13 12 13 13 13 13 14 14 13 13 13 13 12 13 13 13 13 14 13 13 13 13 13 13 13 13 13 13 13 12 13 13 13 13
289_1_2 3 6 7 5 6 1 2 3 3 1 3 3 4 3 1 3 27 13 13 13 13 12 13 13 13 13 13 13 13 13 13 13 13 14 13 13 13 13 12 13 13 13 13 14 14 13 13 13 13 12 13 13 13 13 14 13 13 13 13 13 13 13 13 13 13 13 12 13 13 13 13
291_0_0 2 6 6 6 6 0 1 3 2 3 3 3 2 3 2 4 26 11 12 12 12 12 12 12 12 12 12 12 12 12 12 12 12 12 12 13 13 12 12 12 12 12 12 12 12 12 12 12 12 12 12 13 13 12 12 12 12 12 12 12 12 12 12 12 12 12 12 12 12 12 11
293_0_0 2 6 6 6 6 0 3 1 2 4 3 2 2 3 3 3 26 11 12 12 12 13 13 12 12 12 12 12 12 12 12 12 12 12 12 12 12 12 12 12 12 12 12 12 12 12 12 12 12 12 12 12 12 12 12 12 12 12 12 12 12 12 12 12 12 13 13 12 12 12 11
294_1_0 4 5 4 8 5 0 3 1 2 4 3 2 2 3 3 3 26 11 12 12 12 12 12 12 12 12 12 12 12 12 12 12 13 13 12 12 12 12 12 12 12 12 12 12 12 12 12 12 12 12 12 12 12 12 13 13 12 12 12 12 12 12 12 12 12 12 12 12 12 12 11
296_0_0 2 6 6 6 6 0 3 2 2 2 3 1 3 3 4 3 26 11 12 12 12 12 12 12 12 12 12 12 12 12 12 13 13 12 12 12 12 12 12 12 12 12 12 12 12 12 12 12 12 12 12 12 12 12 12 13 13 12 12 12 12 12 12 12 12 12 12 12 12 12 11
297_0_2 4 5 4 5 8 1 1 2 3 1 4 2 2 3 3 4 26 11 12 12 12 12 13 13 12 12 12 12 12 12 12 12 12 12 12 12 12 12 12 12 12 12 12 12 12 12 12 12 12 12 12 12 12 12 12 12 12 12 12 12 12 12 12 12 13 13 12 12 12 12 11
297_1_4 4 5 4 8 5 1 1 3 3 2 2 4 1 4 3 2 26 11 12 12 12 12 13 13 12 12 12 12 12 12 12 12 12 12 12 12 12 12 12 12 12 12 12 12 12 12 12 12 12 12 12 12 12 12 12 12 12 12 12 12 12 12 12 12 13 13 12 12 12 12 11
300_0_0 2 6 6 6 6 0 1 3 2 3 3 3 2 3 2 4 26 11 12 12 12 12 12 12 12 12 12 12 12 12 12 12 12 12 12 12 12 12 12 12 13 13 12 12 12 12 13 13 12 12 12 12 12 12 12 12 12 12 12 12 12 12 12 12 12 12 12 12 12 12 11
304_0_0 4 5 4 5 8 0 1 3 2 3 3 3 2 3 2 4 26 11 12 12 12 12 12 12 12 12 12 12 12 13 13 12 12 12 12 12 12 12 12 12 12 12 12 12 12 12 12 12 12 12 12 12 12 12 12 12 12 13 13 12 12 12 12 12 12 12 12 12 12 12 11
305_1_0 3 6 7 5 6 1 2 2 2 3 2 4 1 4 4 2 27 12 14 13 14 12 13 13 13 13 13 13 13 13 13 13 13 13 13 13 13 13 13 13 13 13 13 13 13 13 13 13 13 13 13 13 13 13 13 13 13 13 13 13 13 13 13 13 13 13 12 14 13 14 12
306_1_0 4 5 4 8 6 0 2 3 3 3 4 2 2 2 2 4 27 12 13 13 13 13 13 13 13 13 13 13 13 13 13 13 14 13 12 14 13 13 13 13 13 13 13 13 13 13 13 13 13 13 13 13 14 12 13 14 13 13 13 13 13 13 13 13 13 13 13 13 13 13 12
307_2_0 3 7 5 6 4 1 1 2 2 4 2 4 2 1 3 3 25 11 11 11 11 11 11 11 11 11 11 11 11 11 11 11 11 12 11 12 11 11 11 12 11 11 11 11 11 11 11 11 12 11 11 11 12 11 12 11 11 11 11 11 11 11 11 11 11 11 11 11 11 11 11
308_2_0 3 6 5 7 4 1 1 2 3 2 4 3 2 2 1 4 25 11 11 11 11 11 11 11 11 11 11 11 11 11 11 11 11 11 12 12 11 11 11 11 12 11 11 11 11 11 11 12 11 11 11 11 12 12 11 11 11 11 11 11 11 11 11 11 11 11 11 11 11 11 11
309_2_0 3 7 5 6 4 0 1 3 3 1 3 3 2 4 2 3 25 11 11 11 11 11 11 11 11 11 11 11 11 11 11 11 11 11 12 12 11 11 12 11 11 11 11 11 11 11 11 11 11 12 11 11 12 12 11 11 11 11 11 11 11 11 11 11 11 11 11 11 11 11 11
310_2_0 3 7 5 6 4 0 3 1 2 3 4 3 2 1 3 3 25 11 11 11 11 11 11 11 11 11 11 11 11 11 11 11 11 12 11 12 11 11 12 11 11 11 11 11 11 11 11 11 11 12 11 11 12 11 12 11 11 11 11 11 11 11 11 11 11 11 11 11 11 11 11
311_2_0 3 4 5 5 8 0 1 3 3 1 3 3 2 4 2 3 25 11 11 11 11 11 11 11 11 11 11 11 11 11 11 12 11 11 11 11 11 11 12 11 11 12 11 11 11 11 12 11 11 12 11 11 11 11 11 11 12 11 11 11 11 11 11 11 11 11 11 11 11 11 11
312_2_0 3 6 5 7 4 1 2 2 2 3 1 2 4 4 1 3 25 11 11 11 11 11 11 11 11 11 11 11 11 11 11 11 11 12 11 12 11 11 11 11 11 11 12 11 11 12 11 11 11 11 11 11 12 11 12 11 11 11 11 11 11 11 11 11 11 11 11 11 11 11 11
313_1_0 3 5 4 7 6 0 2 2 3 3 3 3 2 1 2 4 25 11 11 11 11 11 11 11 11 11 11 11 11 11 11 11 11 11 12 12 11 11 11 11 11 11 12 11 11 12 11 11 11 11 11 11 12 12 11 11 11 11 11 11 11 11 11 11 11 11 11 11 11 11 11
313_3_0 3 6 7 4 5 0 2 2 3 3 3 3 2 1 2 4 25 11 11 11 11 11 11 11 11 11 11 11 11 11 11 11 11 11 12 12 11 11 11 11 11 11 12 11 11 12 11 11 11 11 11 11 12 12 11 11 11 11 11 11 11 11 11 11 11 11 11 11 11 11 11
314_1_0 3 5 4 6 7 0 1 3 2 4 2 3 2 2 3 3 25 11 11 11 11 11 11 11 11 11 11 11 11 11 11 11 11 12 11 11 11 12 11 11 11 11 11 12 12 11 11 11 11 11 12 11 11 11 12 11 11 11 11 11 11 11 11 11 11 11 11 11 11 11 11
314_3_0 3 7 6 4 5 0 1 3 2 4 2 3 2 2 3 3 25 11 11 11 11 11 11 11 11 11 11 11 11 11 11 11 11 12 11 11 11 12 11 11 11 11 11 12 12 11 11 11 11 11 12 11 11 11 12 11 11 11 11 11 11 11 11 11 11 11 11 11 11 11 11
315_1_0 3 5 4 6 7 0 1 3 2 4 2 3 2 2 3 3 25 11 11 11 11 11 11 11 11 11 11 11 11 11 11 11 12 11 11 11 11 11 11 12 11 11 11 12 12 11 11 11 12 11 11 11 11 11 11 12 11 11 11 11 11 11 11 11 11 11 11 11 11 11 11
315_3_0 3 7 6 4 5 0 1 3 2 4 2 3 2 2 3 3 25 11 11 11 11 11 11 11 11 11 11 11 11 11 11 11 12 11 11 11 11 11 11 12 11 11 11 12 12 11 11 11 12 11 11 11 11 11 11 12 11 11 11 11 11 11 11 11 11 11 11 11 11 11 11
316_2_0 3 5 4 8 5 1 1 2 3 2 4 3 2 2 1 4 25 11 11 11 11 11 11 11 11 11 11 11 11 11 11 12 11 11 11 11 11 11 11 11 12 12 11 11 11 11 12 12 11 11 11 11 11 11 11 11 12 11 11 11 11 11 11 11 11 11 11 11 11 11 11
317_1_0 2 6 5 7 5 0 2 2 3 3 3 3 2 1 2 4 25 11 11 11 11 11 11 11 11 11 11 11 11 11 11 12 11 11 11 11 11 11 11 11 11 12 12 11 11 12 12 11 11 11 11 11 11 11 11 11 12 11 11 11 11 11 11 11 11 11 11 11 11 11 11
317_3_0 3 5 8 4 5 0 2 2 3 3 3 3 2 1 2 4 25 11 11 11 11 11 11 11 11 11 11 11 11 11 11 12 11 11 11 11 11 11 11 11 11 12 12 11 11 12 12 11 11 11 11 11 11 11 11 11 12 11 11 11 11 11 11 11 11 11 11 11 11 11 11
318_1_0 2 6 5 7 5 1 1 3 3 3 3 3 1 2 1 4 25 11 11 11 11 11 11 11 11 11 11 11 11 11 11 12 11 11 11 11 12 11 11 11 11 11 12 11 11 12 11 11 11 11 11 12 11 11 11 11 12 11 11 11 11 11 11 11 11 11 11 11 11 11 11
318_3_0 3 5 8 4 5 1 1 3 3 3 3 3 1 2 1 4 25 11 11 11 11 11 11 11 11 11 11 11 11 11 11 12 11 11 11 11 12 11 11 11 11 11 12 11 11 12 11 11 11 11 11 12 11 11 11 11 12 11 11 11 11 11 11 11 11 11 11 11 11 11 11
319_2_0 3 4 5 5 8 1 2 2 2 3 1 2 4 4 1 3 25 11 11 11 11 11 11 11 11 11 11 11 11 11 11 12 11 11 11 11 11 11 11 11 11 12 11 12 12 11 12 11 11 11 11 11 11 11 11 11 12 11 11 11 11 11 11 11 11 11 11 11 11 11 11
320_1_0 3 5 4 7 6 1 1 3 2 1 3 1 3 3 4 3 25 11 11 11 11 11 11 11 11 11 11 11 11 11 11 11 12 11 11 11 11 12 11 12 11 11 11 11 11 11 11 11 12 11 12 11 11 11 11 12 11 11 11 11 11 11 11 11 11 11 11 11 11 11 11
320_3_0 3 6 7 4 5 1 1 3 2 1 3 1 3 3 4 3 25 11 11 11 11 11 11 11 11 11 11 11 11 11 11 11 12 11 11 11 11 12 11 12 11 11 11 11 11 11 11 11 12 11 12 11 11 11 11 12 11 11 11 11 11 11 11 11 11 11 11 11 11 11 11
321_1_0 3 5 4 6 7 1 1 3 1 4 3 3 2 1 3 3 25 11 11 11 11 11 11 11 11 11 11 11 11 11 11 11 11 12 11 12 11 11 11 11 11 11 11 12 12 11 11 11 11 11 11 11 12 11 12 11 11 11 11 11 11 11 11 11 11 11 11 11 11 11 11
321_3_0 3 7 6 4 5 1 1 3 1 4 3 3 2 1 3 3 25 11 11 11 11 11 11 11 11 11 11 11 11 11 11 11 11 12 11 12 11 11 11 11 11 11 11 12 12 11 11 11 11 11 11 11 12 11 12 11 11 11 11 11 11 11 11 11 11 11 11 11 11 11 11
322_1_0 3 5 4 6 7 1 1 3 2 1 3 1 3 3 4 3 25 11 11 11 11 11 11 11 11 11 11 11 11 11 11 11 11 12 11 11 11 12 11 12 11 11 11 11 11 11 11 11 12 11 12 11 11 11 12 11 11 11 11 11 11 11 11 11 11 11 11 11 11 11 11
322_3_0 3 7 6 4 5 1 1 3 2 1 3 1 3 3 4 3 25 11 11 11 11 11 11 11 11 11 11 11 11 11 11 11 11 12 11 11 11 12 11 12 11 11 11 11 11 11 11 11 12 11 12 11 11 11 12 11 11 11 11 11 11 11 11 11 11 11 11 11 11 11 11
323_2_0 3 6 5 7 4 1 2 2 2 3 1 2 4 4 1 3 25 11 11 11 11 11 11 11 11 11 11 11 11 11 12 11 11 11 11 11 11 11 11 11 11 11 12 12 12 12 11 11 11 11 11 11 11 11 11 11 11 12 11 11 11 11 11 11 11 11 11 11 11 11 11
324_1_0 3 6 7 5 6 0 2 3 4 2 3 2 4 2 2 3 27 12 14 13 13 13 13 13 13 13 13 13 13 13 13 13 13 13 13 13 13 13 13 13 13 12 14 13 13 14 12 13 13 13 13 13 13 13 13 13 13 13 13 13 13 13 13 13 13 13 13 13 13 14 12
325_2_0 3 6 5 7 4 1 2 2 1 2 3 4 3 2 1 4 25 11 11 11 11 11 11 11 11 11 11 11 11 11 11 11 11 12 11 11 11 12 11 11 12 11 11 11 11 11 11 12 11 11 12 11 11 11 12 11 11 11 11 11 11 11 11 11 11 11 11 11 11 11 11
326_1_0 3 6 7 5 6 0 2 3 3 3 4 2 2 2 2 4 27 12 13 13 13 13 13 13 14 13 13 13 13 13 13 12 14 13 13 13 13 13 13 13 13 13 13 13 13 13 13 13 13 13 13 13 13 13 13 14 12 13 13 13 13 13 13 14 13 13 13 13 13 13 12
328_0_0 3 6 5 7 6 1 2 2 4 3 3 1 4 3 1 3 27 12 13 13 13 13 13 13 13 14 12 13 13 13 13 13 13 13 14 13 13 13 13 13 13 13 13 13 13 13 13 13 13 13 13 13 13 14 13 13 13 13 13 13 13 12 14 13 13 13 13 13 13 13 12
329_0_0 4 4 6 5 8 0 2 3 4 2 3 2 4 2 2 3 27 12 13 13 13 13 13 13 13 13 13 13 13 14 12 13 13 13 13 13 13 13 13 13 13 13 14 13 13 14 13 13 13 13 13 13 13 13 13 13 13 12 14 13 13 13 13 13 13 13 13 13 13 13 12
330_0_0 4 5 4 6 8 1 2 2 3 4 2 4 2 1 2 4 27 12 13 13 13 13 13 13 13 13 13 13 13 12 14 13 13 13 13 13 13 13 13 13 13 13 14 13 13 14 13 13 13 13 13 13 13 13 13 13 13 14 12 13 13 13 13 13 13 13 13 13 13 13 12
331_0_0 3 4 6 5 7 1 2 2 2 3 1 2 4 4 1 3 25 11 11 11 11 11 11 11 11 11 11 11 11 11 11 11 11 11 12 12 11 11 11 11 11 11 11 12 12 11 11 11 11 11 11 11 12 12 11 11 11 11 11 11 11 11 11 11 11 11 11 11 11 11 11
332_0_0 3 6 5 7 6 0 2 3 2 3 1 4 3 3 3 3 27 12 13 13 13 13 13 13 13 14 12 13 13 13 13 13 13 13 13 13 13 13 13 14 13 13 13 13 13 13 13 13 14 13 13 13 13 13 13 13 13 13 13 13 13 12 14 13 13 13 13 13 13 13 12
333_0_4 3 5 6 6 7 1 2 3 3 1 3 4 2 4 2 2 27 13 13 13 13 12 13 13 13 13 13 13 13 13 13 13 13 14 13 14 13 13 12 13 13 13 13 13 13 13 13 13 13 12 13 13 14 13 14 13 13 13 13 13 13 13 13 13 13 13 12 13 13 13 13
334_0_0 4 4 6 5 8 1 2 2 2 3 3 2 3 2 5 2 27 12 13 13 13 13 14 13 13 13 13 12 14 13 13 13 13 13 13 13 13 13 13 13 13 13 13 13 13 13 13 13 13 13 13 13 13 13 13 13 13 13 13 14 12 13 13 13 13 14 13 13 13 13 12
334_1_2 4 4 8 5 6 1 2 3 3 1 3 3 4 3 1 3 27 12 13 13 13 13 14 13 13 13 13 12 14 13 13 13 13 13 13 13 13 13 13 13 13 13 13 13 13 13 13 13 13 13 13 13 13 13 13 13 13 13 13 14 12 13 13 13 13 14 13 13 13 13 12
335_1_0 4 4 8 5 6 1 2 2 2 3 2 4 1 4 4 2 27 12 13 13 13 13 12 14 13 13 13 13 13 13 13 13 13 13 13 13 13 13 13 13 14 13 13 13 13 13 13 14 13 13 13 13 13 13 13 13 13 13 13 13 13 13 13 13 14 12 13 13 13 13 12
336_1_0 3 6 7 5 6 0 2 3 4 2 3 2 4 2 2 3 27 12 13 13 13 13 13 13 13 13 13 13 13 14 13 13 13 13 13 13 13 13 13 13 13 12 14 13 13 14 12 13 13 13 13 13 13 13 13 13 13 13 14 13 13 13 13 13 13 13 13 13 13 13 12
337_1_0 4 5 4 8 6 0 2 3 3 3 4 2 2 2 2 4 27 12 13 13 13 13 14 13 13 13 13 13 13 13 13 13 13 13 12 14 13 13 13 13 13 13 13 13 13 13 13 13 13 13 13 13 14 12 13 13 13 13 13 13 13 13 13 13 13 14 13 13 13 13 12
339_0_0 3 6 5 7 6 1 2 1 3 3 3 4 3 1 2 4 27 13 13 13 13 12 13 13 13 13 13 13 13 13 13 14 13 13 13 13 12 13 13 14 13 13 13 13 13 13 13 13 14 13 13 12 13 13 13 13 14 13 13 13 13 13 13 13 13 13 12 13 13 13 13
340_0_0 3 6 5 7 6 0 1 3 3 3 2 3 3 3 2 4 27 13 13 13 13 12 13 13 13 13 13 13 13 13 13 14 13 13 13 13 12 13 13 13 13 13 13 14 14 13 13 13 13 13 13 12 13 13 13 13 14 13 13 13 13 13 13 13 13 13 12 13 13 13 13
341_1_0 3 7 6 6 5 0 2 2 4 2 2 3 4 2 3 3 27 13 13 13 13 12 13 13 13 13 13 13 13 13 13 14 13 13 13 13 12 13 13 13 13 13 14 13 13 14 13 13 13 13 13 12 13 13 13 13 14 13 13 13 13 13 13 13 13 13 12 13 13 13 13
342_1_0 3 7 6 6 5 0 2 2 4 3 2 4 2 2 3 3 27 13 13 13 13 12 13 13 13 13 13 13 13 13 13 14 13 13 13 14 12 13 13 13 13 13 13 13 13 13 13 13 13 13 13 12 14 13 13 13 14 13 13 13 13 13 13 13 13 13 12 13 13 13 13
343_1_0 4 5 4 8 6 1 1 3 2 3 4 3 1 4 2 3 27 12 13 13 13 13 13 13 13 13 13 13 13 13 13 13 13 13 12 14 13 13 13 13 14 13 13 13 13 13 13 14 13 13 13 13 14 12 13 13 13 13 13 13 13 13 13 13 13 13 13 13 13 13 12
345_0_0 3 5 8 5 6 0 2 3 3 3 4 2 2 2 2 4 27 12 13 13 13 14 13 13 13 13 13 13 13 13 13 13 13 13 12 14 13 13 13 13 13 13 13 13 13 13 13 13 13 13 13 13 14 12 13 13 13 13 13 13 13 13 13 13 13 13 14 13 13 13 12
346_0_0 4 5 4 6 8 0 2 3 2 3 4 2 2 4 2 3 27 12 13 13 13 13 13 13 13 13 13 13 13 13 14 13 13 13 12 14 13 13 13 13 13 13 13 13 13 13 13 13 13 13 13 13 14 12 13 13 13 14 13 13 13 13 13 13 13 13 13 13 13 13 12
347_0_0 3 5 8 5 6 0 2 3 2 3 4 2 2 4 2 3 27 12 13 13 13 13 13 13 13 13 13 13 13 13 13 13 13 13 12 14 13 13 13 13 13 14 13 13 13 13 14 13 13 13 13 13 14 12 13 13 13 13 13 13 13 13 13 13 13 13 13 13 13 13 12
348_0_0 3 5 7 5 7 1 2 2 3 4 2 4 2 1 2 4 27 12 13 13 13 13 13 13 14 12 13 13 13 13 13 13 13 13 14 13 13 13 13 13 13 13 13 13 13 13 13 13 13 13 13 13 13 14 13 13 13 13 13 13 13 13 12 14 13 13 13 13 13 13 12
349_0_0 3 6 5 7 6 1 1 2 4 1 3 3 2 4 3 3 27 12 13 13 13 13 13 13 13 13 13 13 13 13 13 12 14 13 13 13 13 13 13 14 13 13 13 13 13 13 13 13 14 13 13 13 13 13 13 14 12 13 13 13 13 13 13 13 13 13 13 13 13 13 12
350_1_0 3 7 5 7 5 0 2 3 2 3 4 2 2 4 2 3 27 12 13 14 12 13 13 13 14 13 13 13 13 13 13 13 13 13 13 13 13 13 13 13 13 13 13 13 13 13 13 13 13 13 13 13 13 13 13 13 13 13 13 13 13 13 13 14 13 13 13 12 14 13 12
351_1_0 4 5 4 8 6 1 1 2 3 3 3 2 4 1 4 3 27 12 13 13 13 13 13 13 12 14 13 13 13 13 13 13 14 13 13 13 13 13 13 13 13 13 13 13 13 13 13 13 13 13 13 13 13 13 13 14 13 13 13 13 13 13 14 12 13 13 13 13 13 13 12
353_0_0 4 4 6 5 8 1 1 2 3 2 4 3 2 3 2 4 27 12 13 13 13 13 13 13 13 13 13 12 14 13 13 13 13 13 13 13 13 13 13 13 14 13 13 13 13 13 13 14 13 13 13 13 13 13 13 13 13 13 13 14 12 13 13 13 13 13 13 13 13 13 12
353_1_2 4 4 8 5 6 1 2 1 3 3 1 3 3 3 3 4 27 12 13 13 13 13 13 13 13 13 13 12 14 13 13 13 13 13 13 13 13 13 13 13 14 13 13 13 13 13 13 14 13 13 13 13 13 13 13 13 13 13 13 14 12 13 13 13 13 13 13 13 13 13 12
354_0_4 3 5 7 5 7 1 2 2 5 2 3 3 2 2 3 2 27 12 14 13 13 13 13 13 13 13 13 12 14 13 13 13 13 13 13 13 13 13 13 13 13 13 13 13 13 13 13 13 13 13 13 13 13 13 13 13 13 13 13 14 12 13 13 13 13 13 13 13 13 14 12
355_0_0 3 6 5 7 6 1 1 3 3 1 3 2 4 3 3 3 27 13 13 13 13 12 13 13 13 13 13 12 13 13 13 13 14 13 13 13 13 13 13 14 13 13 13 13 13 13 13 13 14 13 13 13 13 13 13 14 13 13 13 13 12 13 13 13 13 13 12 13 13 13 13
355_1_2 3 6 7 5 6 1 2 2 3 2 2 2 5 3 2 3 27 13 13 13 13 12 13 13 13 13 13 12 13 13 13 13 14 13 13 13 13 13 13 14 13 13 13 13 13 13 13 13 14 13 13 13 13 13 13 14 13 13 13 13 12 13 13 13 13 13 12 13 13 13 13
356_0_4 4 4 6 5 8 1 2 2 5 2 3 3 2 2 3 2 27 12 14 13 13 13 13 13 13 13 13 13 13 13 13 13 13 13 13 13 13 13 12 14 13 13 13 13 13 13 13 13 14 12 13 13 13 13 13 13 13 13 13 13 13 13 13 13 13 13 13 13 13 14 12
357_0_0 3 6 5 7 6 0 2 3 4 2 3 2 4 2 2 3 27 12 13 13 13 13 13 14 13 13 13 13 13 13 13 13 13 13 13 13 13 13 13 13 14 12 13 13 13 13 12 14 13 13 13 13 13 13 13 13 13 13 13 13 13 13 13 13 14 13 13 13 13 13 12
358_0_0 3 5 7 5 7 0 1 3 3 3 2 3 3 3 2 4 27 12 13 13 13 13 13 14 13 13 13 13 13 13 13 13 13 13 13 13 13 13 13 14 12 13 13 13 13 13 13 12 14 13 13 13 13 13 13 13 13 13 13 13 13 13 13 13 14 13 13 13 13 13 12
360_0_0 3 6 5 7 6 1 1 3 1 3 2 3 2 3 3 5 27 12 14 13 13 13 13 13 13 13 12 14 13 13 13 13 13 13 13 13 13 13 13 13 13 13 13 13 13 13 13 13 13 13 13 13 13 13 13 13 13 13 13 13 14 12 13 13 13 13 13 13 13 14 12
362_0_0 3 6 5 7 6 1 1 2 4 3 3 2 3 3 1 4 27 12 13 14 13 13 13 13 13 13 13 13 13 13 13 13 13 13 13 13 13 13 13 13 13 12 14 13 13 14 12 13 13 13 13 13 13 13 13 13 13 13 13 13 13 13 13 13 13 13 13 13 14 13 12
364_0_0 3 6 5 7 6 1 1 3 2 3 4 3 1 4 2 3 27 12 14 13 13 13 13 13 13 13 13 13 13 13 14 12 13 13 13 13 13 13 13 13 13 13 13 13 13 13 13 13 13 13 13 13 13 13 13 13 12 14 13 13 13 13 13 13 13 13 13 13 13 14 12
365_0_0 4 4 6 5 8 1 1 2 4 1 4 3 2 3 3 3 27 12 13 13 13 13 12 14 13 13 13 13 13 13 14 13 13 13 13 13 13 13 13 13 13 13 13 13 13 13 13 13 13 13 13 13 13 13 13 13 13 14 13 13 13 13 13 13 14 12 13 13 13 13 12
366_1_0 4 5 4 8 6 0 2 3 3 3 4 2 2 2 2 4 27 12 13 13 13 13 14 12 13 13 13 13 13 13 14 13 13 13 13 13 13 13 13 13 13 13 13 13 13 13 13 13 13 13 13 13 13 13 13 13 13 14 13 13 13 13 13 13 12 14 13 13 13 13 12
367_1_0 3 6 7 5 6 0 2 2 3 2 3 2 4 2 4 3 27 12 14 13 13 13 13 13 13 13 13 13 13 13 13 13 13 13 13 13 13 13 13 13 14 12 13 13 13 13 12 14 13 13 13 13 13 13 13 13 13 13 13 13 13 13 13 13 13 13 13 13 13 14 12
369_0_0 3 5 8 5 6 0 2 3 2 3 1 4 3 3 3 3 27 12 13 13 13 13 13 13 13 13 13 13 13 13 13 13 14 12 13 13 14 13 13 13 13 13 13 13 13 13 13 13 13 13 13 14 13 13 12 14 13 13 13 13 13 13 13 13 13 13 13 13 13 13 12
371_0_0 4 4 6 5 8 1 2 3 1 4 3 4 2 1 3 3 27 12 13 13 13 13 13 13 14 12 13 13 13 13 13 13 13 13 13 14 13 13 13 13 13 13 13 13 13 13 13 13 13 13 13 13 14 13 13 13 13 13 13 13 13 13 12 14 13 13 13 13 13 13 12
373_0_0 2 6 6 6 6 0 2 2 1 3 3 3 2 3 3 4 26 12 12 12 12 11 12 12 12 12 12 12 12 12 12 12 12 12 12 12 13 12 12 12 12 13 12 12 12 12 13 12 12 12 12 13 12 12 12 12 12 12 12 12 12 12 12 12 12 12 11 12 12 12 12
374_1_0 3 6 7 5 6 1 2 2 3 4 3 1 3 4 1 3 27 12 13 13 13 13 13 13 13 13 13 13 13 13 13 13 13 14 13 14 12 13 13 13 13 13 13 13 13 13 13 13 13 13 13 12 14 13 14 13 13 13 13 13 13 13 13 13 13 13 13 13 13 13 12
376_0_2 3 6 5 7 6 1 2 3 2 3 1 4 4 3 1 3 27 12 13 13 13 13 13 13 13 13 13 13 13 13 13 13 13 13 14 13 13 13 13 13 14 12 13 13 13 13 12 14 13 13 13 13 13 14 13 13 13 13 13 13 13 13 13 13 13 13 13 13 13 13 12
377_0_2 4 4 6 5 8 1 2 3 4 3 3 1 3 1 2 4 27 12 13 13 13 13 13 13 13 13 13 13 13 13 14 13 13 13 13 13 13 13 13 13 13 13 12 14 14 12 13 13 13 13 13 13 13 13 13 13 13 14 13 13 13 13 13 13 13 13 13 13 13 13 12
378_1_0 3 6 5 8 5 1 2 3 1 4 3 4 2 1 3 3 27 12 13 13 13 13 13 13 13 13 13 13 13 12 14 13 13 13 13 13 13 13 13 13 13 14 13 13 13 13 14 13 13 13 13 13 13 13 13 13 13 14 12 13 13 13 13 13 13 13 13 13 13 13 12
380_0_2 4 4 6 5 8 1 2 3 2 2 2 2 4 2 5 2 27 12 13 13 13 13 14 13 13 13 13 13 13 14 12 13 13 13 13 13 13 13 13 13 13 13 13 13 13 13 13 13 13 13 13 13 13 13 13 13 13 12 14 13 13 13 13 13 13 14 13 13 13 13 12
381_1_0 4 5 4 8 6 0 2 3 2 3 1 4 3 3 3 3 27 12 13 13 13 13 13 13 13 13 13 13 13 13 13 13 14 12 13 13 13 13 13 13 14 13 13 13 13 13 13 14 13 13 13 13 13 13 12 14 13 13 13 13 13 13 13 13 13 13 13 13 13 13 12
383_0_2 4 4 6 5 8 1 2 3 2 2 2 2 4 2 5 2 27 12 14 13 13 14 13 13 13 13 13 13 13 13 13 13 13 13 13 13 13 13 13 13 13 12 13 13 13 13 12 13 13 13 13 13 13 13 13 13 13 13 13 13 13 13 13 13 13 13 14 13 13 14 12
384_0_2 3 5 5 6 8 1 2 2 3 2 4 2 2 5 2 2 27 12 13 13 13 13 13 12 14 13 13 13 13 13 13 13 13 13 13 13 14 13 13 13 13 13 13 13 13 13 13 13 13 13 13 14 13 13 13 13 13 13 13 13 13 13 13 14 12 13 13 13 13 13 12
385_1_0 3 6 7 5 6 1 1 2 4 1 3 3 2 4 3 3 27 12 13 13 13 13 13 13 13 13 13 13 14 13 13 12 14 13 13 13 13 13 13 13 13 13 13 13 13 13 13 13 13 13 13 13 13 13 13 14 12 13 13 14 13 13 13 13 13 13 13 13 13 13 12
387_1_0 3 7 6 6 5 1 1 2 4 3 3 2 3 3 1 4 27 12 13 13 13 13 13 13 13 13 13 13 13 13 14 13 13 13 13 13 13 13 13 13 13 12 14 13 13 14 12 13 13 13 13 13 13 13 13 13 13 14 13 13 13 13 13 13 13 13 13 13 13 13 12
389_1_0 4 4 8 5 6 1 1 3 2 2 3 3 1 5 3 3 27 12 13 13 13 13 13 13 13 13 13 14 13 13 13 13 12 14 13 13 13 13 13 13 13 13 13 13 13 13 13 13 13 13 13 13 13 13 14 12 13 13 13 13 14 13 13 13 13 13 13 13 13 13 12
391_1_0 3 6 7 5 6 1 1 3 2 2 3 3 1 5 3 3 27 12 13 13 13 12 14 13 13 13 13 13 13 13 13 13 13 13 13 13 13 13 14 13 13 13 13 13 13 13 13 13 13 14 13 13 13 13 13 13 13 13 13 13 13 13 13 13 13 14 12 13 13 13 12
393_0_2 3 6 5 7 6 1 2 2 3 2 2 2 5 3 2 3 27 13 13 13 13 12 13 13 13 13 13 12 14 13 13 13 14 13 13 13 13 13 13 13 13 13 13 13 13 13 13 13 13 13 13 13 13 13 13 14 13 13 13 14 12 13 13 13 13 13 12 13 13 13 13
393_1_4 3 6 7 5 6 1 2 2 4 3 1 4 3 3 2 2 27 13 13 13 13 12 13 13 13 13 13 12 14 13 13 13 14 13 13 13 13 13 13 13 13 13 13 13 13 13 13 13 13 13 13 13 13 13 13 14 13 13 13 14 12 13 13 13 13 13 12 13 13 13 13
394_1_0 4 5 4 8 6 1 1 2 3 2 4 3 2 3 2 4 27 12 13 13 13 13 13 13 13 14 13 13 13 13 13 13 13 13 13 13 13 14 12 13 13 13 13 13 13 13 13 13 13 12 14 13 13 13 13 13 13 13 13 13 13 13 14 13 13 13 13 13 13 13 12
395_0_2 3 6 5 7 6 1 2 2 3 2 2 2 5 3 2 3 27 13 13 13 13 12 13 13 13 13 13 13 13 13 13 13 13 14 13 13 13 13 12 14 13 13 13 13 13 13 13 13 14 12 13 13 13 13 14 13 13 13 13 13 13 13 13 13 13 13 12 13 13 13 13
395_1_4 3 6 7 5 6 1 2 2 4 3 1 4 3 3 2 2 27 13 13 13 13 12 13 13 13 13 13 13 13 13 13 13 13 14 13 13 13 13 12 14 13 13 13 13 13 13 13 13 14 12 13 13 13 13 14 13 13 13 13 13 13 13 13 13 13 13 12 13 13 13 13
396_1_0 4 4 8 5 6 1 1 2 3 2 4 3 2 3 2 4 27 12 13 13 13 13 13 13 13 14 13 12 14 13 13 13 13 13 13 13 13 13 13 13 13 13 13 13 13 13 13 13 13 13 13 13 13 13 13 13 13 13 13 14 12 13 14 13 13 13 13 13 13 13 12
397_0_2 3 5 5 6 8 1 2 1 3 3 1 3 3 3 3 4 27 12 13 13 13 13 13 13 13 13 13 13 13 13 13 13 13 13 13 13 14 13 12 14 13 13 13 13 13 13 13 13 14 12 13 14 13 13 13 13 13 13 13 13 13 13 13 13 13 13 13 13 13 13 12
397_1_4 3 8 6 5 5 1 2 2 5 2 3 3 2 2 3 2 27 12 13 13 13 13 13 13 13 13 13 13 13 13 13 13 13 13 13 13 14 13 12 14 13 13 13 13 13 13 13 13 14 12 13 14 13 13 13 13 13 13 13 13 13 13 13 13 13 13 13 13 13 13 12
398_1_0 4 4 8 5 6 1 1 2 3 2 4 3 2 3 2 4 27 12 13 13 13 13 13 13 13 13 13 13 13 14 13 13 13 13 13 13 13 13 12 14 13 13 13 13 13 13 13 13 14 12 13 13 13 13 13 13 13 13 14 13 13 13 13 13 13 13 13 13 13 13 12
399_0_2 3 5 5 6 8 1 2 1 3 3 1 3 3 3 3 4 27 12 13 13 13 13 13 13 13 13 14 12 13 13 13 13 13 13 13 13 13 13 13 13 14 13 13 13 13 13 13 14 13 13 13 13 13 13 13 13 13 13 13 13 12 14 13 13 13 13 13 13 13 13 12
399_1_4 3 8 6 5 5 1 2 2 5 2 3 3 2 2 3 2 27 12 13 13 13 13 13 13 13 13 14 12 13 13 13 13 13 13 13 13 13 13 13 13 14 13 13 13 13 13 13 14 13 13 13 13 13 13 13 13 13 13 13 13 12 14 13 13 13 13 13 13 13 13 12
400_1_0 4 5 4 8 6 1 1 2 3 2 4 3 2 3 2 4 27 12 13 13 13 13 13 13 13 13 13 13 13 13 13 13 13 13 13 13 13 14 12 13 14 13 13 13 13 13 13 14 13 12 14 13 13 13 13 13 13 13 13 13 13 13 13 13 13 13 13 13 13 13 12
401_0_2 4 4 6 5 8 1 2 3 3 1 3 1 2 3 3 5 27 12 13 13 13 13 13 13 13 13 13 13 13 13 13 13 14 13 13 13 13 12 14 13 13 13 13 13 13 13 13 13 13 14 12 13 13 13 13 14 13 13 13 13 13 13 13 13 13 13 13 13 13 13 12
402_0_2 3 6 5 7 6 1 2 3 3 1 3 1 2 3 3 5 27 12 13 13 13 13 13 13 13 13 12 14 13 13 13 13 13 14 13 13 13 13 13 13 13 13 13 13 13 13 13 13 13 13 13 13 13 13 14 13 13 13 13 13 14 12 13 13 13 13 13 13 13 13 12
403_0_2 3 5 6 6 7 1 2 3 3 1 3 1 2 3 3 5 27 12 13 13 13 13 14 13 13 13 12 14 13 13 13 13 13 13 13 13 13 13 13 13 13 13 13 13 13 13 13 13 13 13 13 13 13 13 13 13 13 13 13 13 14 12 13 13 13 14 13 13 13 13 12
404_1_0 4 4 8 5 6 0 3 2 3 4 3 3 1 2 3 3 27 12 13 13 13 13 13 13 13 13 13 13 13 13 13 13 13 14 13 12 13 14 13 13 13 13 13 13 13 13 13 13 13 13 14 13 12 13 14 13 13 13 13 13 13 13 13 13 13 13 13 13 13 13 12
405_1_2 3 7 6 6 5 1 3 2 2 2 3 1 3 2 5 3 27 12 13 13 14 13 13 13 13 14 12 13 13 13 13 13 13 13 13 13 13 13 13 13 13 13 13 13 13 13 13 13 13 13 13 13 13 13 13 13 13 13 13 13 13 12 14 13 13 13 13 14 13 13 12
406_1_2 4 4 8 5 6 1 2 3 3 1 3 1 2 3 3 5 27 12 13 13 13 13 13 13 13 13 13 13 13 13 13 13 13 14 13 13 13 13 14 12 13 13 13 13 13 13 13 13 12 14 13 13 13 13 14 13 13 13 13 13 13 13 13 13 13 13 13 13 13 13 12
407_1_2 4 4 8 5 6 1 3 2 2 2 3 1 3 2 5 3 27 12 13 13 13 13 13 14 13 13 13 13 12 14 13 13 13 13 13 13 13 13 13 13 13 13 13 13 13 13 13 13 13 13 13 13 13 13 13 13 13 13 14 12 13 13 13 13 14 13 13 13 13 13 12
408_1_2 3 8 6 5 5 1 2 3 3 1 3 1 2 3 3 5 27 12 13 13 13 14 13 13 13 13 13 13 13 13 13 13 13 13 13 13 13 13 14 12 13 13 13 13 13 13 13 13 12 14 13 13 13 13 13 13 13 13 13 13 13 13 13 13 13 13 14 13 13 13 12
410_0_2 4 4 6 5 8 1 2 3 2 2 2 2 4 2 5 2 27 12 13 13 13 13 13 13 13 13 13 13 13 14 12 13 14 13 13 13 13 13 13 13 13 13 13 13 13 13 13 13 13 13 13 13 13 13 13 14 13 12 14 13 13 13 13 13 13 13 13 13 13 13 12
411_1_0 3 7 6 6 5 0 2 3 2 3 1 4 3 3 3 3 27 12 13 13 13 12 14 13 13 13 13 13 13 13 13 13 13 13 13 13 13 13 13 13 14 13 13 13 13 13 13 14 13 13 13 13 13 13 13 13 13 13 13 13 13 13 13 13 13 14 12 13 13 13 12
413_0_2 3 5 5 6 8 1 2 3 1 3 2 2 3 3 5 2 27 12 13 13 13 13 13 13 13 12 14 13 13 13 13 13 13 13 13 13 13 14 13 13 13 13 13 13 13 13 13 13 13 13 14 13 13 13 13 13 13 13 13 13 13 14 12 13 13 13 13 13 13 13 12
414_0_2 4 4 6 5 8 1 2 3 1 3 2 2 3 3 5 2 27 12 13 13 13 13 13 13 13 13 13 13 14 12 13 13 13 13 13 13 13 13 13 14 13 13 13 13 13 13 13 13 14 13 13 13 13 13 13 13 13 13 12 14 13 13 13 13 13 13 13 13 13 13 12
415_0_2 3 6 5 7 6 1 2 3 1 3 2 2 3 3 5 2 27 12 13 13 13 13 13 13 13 13 13 13 14 13 13 13 13 13 13 13 12 14 13 13 13 13 13 13 13 13 13 13 13 13 14 12 13 13 13 13 13 13 13 14 13 13 13 13 13 13 13 13 13 13 12
416_0_2 3 6 5 7 6 1 2 3 3 1 3 3 4 3 1 3 27 13 13 13 13 12 13 13 13 13 13 12 13 13 13 13 14 14 13 13 13 13 13 13 13 13 13 13 13 13 13 13 13 13 13 13 13 13 14 14 13 13 13 13 12 13 13 13 13 13 12 13 13 13 13
416_1_4 3 6 7 5 6 1 2 5 2 3 2 3 3 2 2 2 27 13 13 13 13 12 13 13 13 13 13 12 13 13 13 13 14 14 13 13 13 13 13 13 13 13 13 13 13 13 13 13 13 13 13 13 13 13 14 14 13 13 13 13 12 13 13 13 13 13 12 13 13 13 13
417_1_0 3 6 5 8 5 1 1 3 3 1 3 2 4 3 3 3 27 12 13 13 13 13 13 13 13 13 14 13 13 13 13 13 13 13 13 13 13 14 12 13 13 13 13 13 13 13 13 13 13 12 14 13 13 13 13 13 13 13 13 13 13 14 13 13 13 13 13 13 13 13 12
418_0_2 4 4 6 5 8 1 2 2 3 2 2 2 5 3 2 3 27 12 13 13 13 13 13 13 13 13 13 13 14 13 13 13 13 13 13 13 13 13 12 14 13 13 13 13 13 13 13 13 14 12 13 13 13 13 13 13 13 13 13 14 13 13 13 13 13 13 13 13 13 13 12
418_1_4 4 4 8 5 6 1 2 2 4 3 1 4 3 3 2 2 27 12 13 13 13 13 13 13 13 13 13 13 14 13 13 13 13 13 13 13 13 13 12 14 13 13 13 13 13 13 13 13 14 12 13 13 13 13 13 13 13 13 13 14 13 13 13 13 13 13 13 13 13 13 12
419_1_0 4 4 8 5 6 1 1 3 3 1 3 2 4 3 3 3 27 12 13 13 13 13 13 13 13 13 13 12 14 13 13 13 13 13 13 13 13 14 13 13 13 13 13 13 13 13 13 13 13 13 14 13 13 13 13 13 13 13 13 14 12 13 13 13 13 13 13 13 13 13 12
420_0_2 3 6 5 7 6 1 2 2 3 2 3 3 1 5 3 2 27 12 13 13 13 12 14 13 13 13 13 13 13 13 13 13 13 14 13 13 13 13 13 13 13 13 13 13 13 13 13 13 13 13 13 13 13 13 14 13 13 13 13 13 13 13 13 13 13 14 12 13 13 13 12
421_0_2 3 5 6 6 7 1 2 2 4 2 4 3 1 3 3 2 27 13 13 13 13 12 13 13 13 13 13 12 13 13 14 13 14 13 13 13 13 13 13 13 13 13 13 13 13 13 13 13 13 13 13 13 13 13 13 14 13 14 13 13 12 13 13 13 13 13 12 13 13 13 13
421_1_4 3 7 6 6 5 1 2 3 3 1 3 4 2 4 2 2 27 13 13 13 13 12 13 13 13 13 13 12 13 13 14 13 14 13 13 13 13 13 13 13 13 13 13 13 13 13 13 13 13 13 13 13 13 13 13 14 13 14 13 13 12 13 13 13 13 13 12 13 13 13 13
423_0_2 3 5 5 6 8 1 2 3 3 1 3 3 4 3 1 3 27 12 13 13 13 14 13 13 13 13 13 13 13 13 13 13 13 13 13 13 13 13 12 14 13 13 13 13 13 13 13 13 14 12 13 13 13 13 13 13 13 13 13 13 13 13 13 13 13 13 14 13 13 13 12
423_1_4 3 8 6 5 5 1 2 5 2 3 2 3 3 2 2 2 27 12 13 13 13 14 13 13 13 13 13 13 13 13 13 13 13 13 13 13 13 13 12 14 13 13 13 13 13 13 13 13 14 12 13 13 13 13 13 13 13 13 13 13 13 13 13 13 13 13 14 13 13 13 12
424_1_0 4 4 8 5 6 1 2 2 2 3 3 2 3 2 5 2 27 12 13 13 13 13 13 13 13 13 13 12 14 13 13 13 14 13 13 13 13 13 13 13 13 13 13 13 13 13 13 13 13 13 13 13 13 13 13 14 13 13 13 14 12 13 13 13 13 13 13 13 13 13 12
425_0_2 4 5 4 6 8 1 2 3 3 1 3 3 4 3 1 3 27 12 13 13 13 13 14 13 13 13 13 13 13 13 13 13 13 13 13 13 13 14 12 13 13 13 13 13 13 13 13 13 13 12 14 13 13 13 13 13 13 13 13 13 13 13 13 13 13 14 13 13 13 13 12
425_1_4 4 5 4 8 6 1 2 5 2 3 2 3 3 2 2 2 27 12 13 13 13 13 14 13 13 13 13 13 13 13 13 13 13 13 13 13 13 14 12 13 13 13 13 13 13 13 13 13 13 12 14 13 13 13 13 13 13 13 13 13 13 13 13 13 13 14 13 13 13 13 12
426_1_0 4 5 4 8 5 0 3 2 2 2 3 1 3 3 4 3 26 11 12 12 12 12 12 12 12 12 12 12 12 12 12 12 12 12 12 12 12 12 12 12 12 12 13 13 13 13 12 12 12 12 12 12 12 12 12 12 12 12 12 12 12 12 12 12 12 12 12 12 12 12 11
427_0_2 3 5 6 6 7 1 2 3 4 3 3 1 3 1 2 4 27 12 13 13 13 13 13 13 13 13 13 13 13 13 13 12 14 13 13 14 13 13 13 13 13 13 13 13 13 13 13 13 13 13 13 13 14 13 13 14 12 13 13 13 13 13 13 13 13 13 13 13 13 13 12
428_0_2 3 5 6 6 7 1 2 3 2 2 2 2 4 2 5 2 27 12 13 13 13 13 13 13 13 13 13 13 13 13 13 13 14 13 13 13 13 13 13 13 14 12 13 13 13 13 12 14 13 13 13 13 13 13 13 14 13 13 13 13 13 13 13 13 13 13 13 13 13 13 12
429_0_2 4 5 4 6 8 1 2 1 3 2 3 3 3 1 5 3 27 12 13 13 13 13 13 13 13 13 13 14 12 13 14 13 13 13 13 13 13 13 13 13 13 13 13 13 13 13 13 13 13 13 13 13 13 13 13 13 13 14 13 12 14 13 13 13 13 13 13 13 13 13 12
430_0_2 3 5 5 6 8 1 2 2 3 2 4 1 3 5 2 2 27 12 13 13 12 14 13 13 13 13 13 14 13 13 13 13 13 13 13 13 13 13 13 13 13 13 13 13 13 13 13 13 13 13 13 13 13 13 13 13 13 13 13 13 14 13 13 13 13 13 14 12 13 13 12
430_1_2 3 8 6 5 5 1 2 2 3 2 4 1 3 5 2 2 27 12 13 13 12 14 13 13 13 13 13 14 13 13 13 13 13 13 13 13 13 13 13 13 13 13 13 13 13 13 13 13 13 13 13 13 13 13 13 13 13 13 13 13 14 13 13 13 13 13 14 12 13 13 12
431_1_0 3 8 6 5 5 0 1 3 3 3 2 3 3 3 2 4 27 12 13 13 13 13 13 13 13 12 14 13 13 13 13 13 13 13 13 13 13 13 13 13 13 13 14 13 13 14 13 13 13 13 13 13 13 13 13 13 13 13 13 13 13 14 12 13 13 13 13 13 13 13 12
432_1_2 4 4 8 5 6 1 2 2 3 2 4 2 2 5 2 2 27 12 13 13 13 13 13 12 14 13 13 13 13 14 13 13 13 13 13 13 13 13 13 13 13 13 13 13 13 13 13 13 13 13 13 13 13 13 13 13 13 13 14 13 13 13 13 14 12 13 13 13 13 13 12
433_1_2 4 4 8 5 6 1 2 3 2 3 1 4 4 3 1 3 27 12 13 13 13 13 13 14 12 13 13 13 13 14 13 13 13 13 13 13 13 13 13 13 13 13 13 13 13 13 13 13 13 13 13 13 13 13 13 13 13 13 14 13 13 13 13 12 14 13 13 13 13 13 12
434_1_0 3 8 6 5 5 1 1 3 1 3 3 3 2 3 3 4 27 12 13 13 13 13 13 13 13 13 14 12 13 13 13 13 13 13 13 14 13 13 13 13 13 13 13 13 13 13 13 13 13 13 13 13 14 13 13 13 13 13 13 13 12 14 13 13 13 13 13 13 13 13 12
435_0_2 3 6 5 7 6 1 2 4 4 1 4 2 3 2 2 2 27 12 13 13 14 12 13 13 13 13 13 13 13 14 13 13 13 13 13 13 13 13 13 13 13 13 13 13 13 13 13 13 13 13 13 13 13 13 13 13 13 13 14 13 13 13 13 13 13 13 12 14 13 13 12
436_0_2 3 6 5 7 6 1 2 1 4 2 4 4 1 2 3 3 27 12 13 13 13 13 13 13 13 13 13 13 13 13 13 13 13 13 13 13 13 13 14 13 13 12 14 13 13 14 12 13 13 14 13 13 13 13 13 13 13 13 13 13 13 13 13 13 13 13 13 13 13 13 12
436_1_2 3 6 7 5 6 1 2 1 4 2 4 4 1 2 3 3 27 12 13 13 13 13 13 13 13 13 13 13 13 13 13 13 13 13 13 13 13 13 14 13 13 12 14 13 13 14 12 13 13 14 13 13 13 13 13 13 13 13 13 13 13 13 13 13 13 13 13 13 13 13 12
437_0_2 3 5 6 6 7 1 2 1 3 2 3 3 3 1 5 3 27 12 13 13 13 13 13 13 13 13 12 14 13 13 13 13 13 13 13 14 13 13 13 13 13 13 13 13 13 13 13 13 13 13 13 13 14 13 13 13 13 13 13 13 14 12 13 13 13 13 13 13 13 13 12
438_0_2 3 5 8 5 6 1 2 3 2 3 1 4 4 3 1 3 27 12 13 13 13 13 13 13 12 14 13 13 13 13 13 14 13 13 13 13 13 13 13 13 13 13 13 13 13 13 13 13 13 13 13 13 13 13 13 13 14 13 13 13 13 13 14 12 13 13 13 13 13 13 12
439_0_2 3 5 6 6 7 1 2 2 3 2 4 2 2 5 2 2 27 12 13 13 13 13 13 13 13 13 13 13 13 13 14 12 13 13 13 13 13 13 13 13 14 13 13 13 13 13 13 14 13 13 13 13 13 13 13 13 12 14 13 13 13 13 13 13 13 13 13 13 13 13 12
440_0_2 3 5 5 6 8 1 2 3 2 3 1 4 4 3 1 3 27 12 13 13 13 13 13 14 12 13 13 13 13 13 13 13 13 13 13 13 14 13 13 13 13 13 13 13 13 13 13 13 13 13 13 14 13 13 13 13 13 13 13 13 13 13 13 12 14 13 13 13 13 13 12
441_0_2 3 5 5 6 8 1 1 2 5 2 3 3 2 3 2 3 27 12 13 13 13 13 13 14 12 13 14 13 13 13 13 13 13 13 13 13 13 13 13 13 13 13 13 13 13 13 13 13 13 13 13 13 13 13 13 13 13 13 13 13 13 14 13 12 14 13 13 13 13 13 12
442_1_0 3 7 6 6 5 1 2 3 1 4 3 4 2 1 3 3 27 12 13 13 13 13 13 13 13 13 13 13 13 13 14 13 13 13 13 14 12 13 13 13 13 13 13 13 13 13 13 13 13 13 13 12 14 13 13 13 13 14 13 13 13 13 13 13 13 13 13 13 13 13 12
443_1_0 3 6 7 5 6 1 1 3 2 3 1 3 3 3 3 4 27 13 13 13 13 12 13 13 13 13 13 12 13 13 13 13 14 13 14 13 13 13 13 13 13 13 13 13 13 13 13 13 13 13 13 13 13 14 13 14 13 13 13 13 12 13 13 13 13 13 12 13 13 13 13
444_1_0 3 8 6 5 5 1 2 3 1 4 3 4 2 1 3 3 27 12 13 13 13 13 13 13 13 13 13 13 13 13 13 13 13 13 13 14 13 13 13 13 12 14 13 13 13 13 14 12 13 13 13 13 14 13 13 13 13 13 13 13 13 13 13 13 13 13 13 13 13 13 12
445_1_2 3 7 6 6 5 1 2 2 3 2 3 3 1 5 3 2 27 12 13 13 13 13 13 13 13 13 13 13 13 13 13 12 14 13 13 13 13 13 13 13 13 13 14 13 13 14 13 13 13 13 13 13 13 13 13 14 12 13 13 13 13 13 13 13 13 13 13 13 13 13 12
446_0_6 4 4 6 5 8 1 2 2 2 4 2 4 1 3 4 2 27 12 13 13 13 13 13 13 13 13 13 13 12 14 13 13 13 14 13 13 13 13 13 13 13 13 13 13 13 13 13 13 13 13 13 13 13 13 14 13 13 13 14 12 13 13 13 13 13 13 13 13 13 13 12
446_1_6 4 4 8 5 6 1 2 2 2 4 2 4 1 3 4 2 27 12 13 13 13 13 13 13 13 13 13 13 12 14 13 13 13 14 13 13 13 13 13 13 13 13 13 13 13 13 13 13 13 13 13 13 13 13 14 13 13 13 14 12 13 13 13 13 13 13 13 13 13 13 12
447_0_6 3 6 5 7 6 1 2 3 1 3 4 4 2 2 1 4 27 12 13 13 13 13 13 13 13 13 13 13 13 13 13 12 14 13 13 13 13 13 14 13 13 13 13 13 13 13 13 13 13 14 13 13 13 13 13 14 12 13 13 13 13 13 13 13 13 13 13 13 13 13 12
447_1_6 3 6 7 5 6 1 2 3 1 3 4 4 2 2 1 4 27 12 13 13 13 13 13 13 13 13 13 13 13 13 13 12 14 13 13 13 13 13 14 13 13 13 13 13 13 13 13 13 13 14 13 13 13 13 13 14 12 13 13 13 13 13 13 13 13 13 13 13 13 13 12
448_1_0 4 5 4 8 6 1 1 3 1 3 3 3 2 3 3 4 27 12 13 13 13 13 13 13 13 13 13 13 13 13 14 13 13 13 13 13 13 14 12 13 13 13 13 13 13 13 13 13 13 12 14 13 13 13 13 13 13 14 13 13 13 13 13 13 13 13 13 13 13 13 12
449_0_2 4 4 6 5 8 1 2 1 3 2 3 3 3 1 5 3 27 12 13 13 13 13 13 13 13 13 13 13 13 13 13 13 13 13 13 14 13 12 14 13 13 13 13 13 13 13 13 13 13 14 12 13 14 13 13 13 13 13 13 13 13 13 13 13 13 13 13 13 13 13 12
450_0_2 3 6 5 7 6 0 3 2 3 2 1 4 3 3 3 3 27 12 13 13 13 13 13 13 13 14 12 13 13 13 13 13 13 14 13 13 13 13 13 13 13 13 13 13 13 13 13 13 13 13 13 13 13 13 14 13 13 13 13 13 13 12 14 13 13 13 13 13 13 13 12
450_1_2 3 6 7 5 6 0 3 2 3 2 1 4 3 3 3 3 27 12 13 13 13 13 13 13 13 14 12 13 13 13 13 13 13 14 13 13 13 13 13 13 13 13 13 13 13 13 13 13 13 13 13 13 13 13 14 13 13 13 13 13 13 12 14 13 13 13 13 13 13 13 12
451_0_2 4 4 6 5 8 1 2 1 4 2 4 4 1 2 3 3 27 12 13 13 13 13 13 14 12 13 13 13 13 13 13 13 13 13 13 13 13 13 14 13 13 13 13 13 13 13 13 13 13 14 13 13 13 13 13 13 13 13 13 13 13 13 13 12 14 13 13 13 13 13 12
451_1_2 4 4 8 5 6 1 2 1 4 2 4 4 1 2 3 3 27 12 13 13 13 13 13 14 12 13 13 13 13 13 13 13 13 13 13 13 13 13 14 13 13 13 13 13 13 13 13 13 13 14 13 13 13 13 13 13 13 13 13 13 13 13 13 12 14 13 13 13 13 13 12
452_1_0 3 6 7 5 6 0 2 3 2 3 1 4 3 3 3 3 27 12 13 13 13 12 14 13 13 13 13 13 13 14 13 13 13 13 13 13 13 13 13 13 13 13 13 13 13 13 13 13 13 13 13 13 13 13 13 13 13 13 14 13 13 13 13 13 13 14 12 13 13 13 12
453_1_2 3 8 6 5 5 1 2 1 3 2 3 3 3 1 5 3 27 12 13 13 13 13 13 13 13 13 13 13 13 13 13 13 13 13 13 13 13 13 14 12 13 14 13 13 13 13 14 13 12 14 13 13 13 13 13 13 13 13 13 13 13 13 13 13 13 13 13 13 13 13 12
454_1_2 3 6 7 5 6 1 2 1 3 2 3 3 3 1 5 3 27 12 13 13 13 13 13 13 14 13 12 14 13 13 13 13 13 13 13 13 13 13 13 13 13 13 13 13 13 13 13 13 13 13 13 13 13 13 13 13 13 13 13 13 14 12 13 14 13 13 13 13 13 13 12
455_1_2 3 6 7 5 6 1 2 3 4 3 3 1 3 1 2 4 27 12 13 13 13 13 13 13 13 13 13 13 13 13 14 12 13 14 13 13 13 13 13 13 13 13 13 13 13 13 13 13 13 13 13 13 13 13 14 13 12 14 13 13 13 13 13 13 13 13 13 13 13 13 12
456_1_2 4 4 8 5 6 1 2 3 4 3 3 1 3 1 2 4 27 12 13 13 13 13 13 12 14 13 13 13 13 13 13 13 13 14 13 13 13 13 13 13 13 13 13 13 13 13 13 13 13 13 13 13 13 13 14 13 13 13 13 13 13 13 13 14 12 13 13 13 13 13 12
457_1_2 3 8 6 5 5 1 2 3 4 3 3 1 3 1 2 4 27 12 13 13 13 13 14 13 13 13 13 13 13 13 13 13 13 13 13 13 13 13 13 13 13 14 12 13 13 12 14 13 13 13 13 13 13 13 13 13 13 13 13 13 13 13 13 13 13 14 13 13 13 13 12
458_1_2 3 8 6 5 5 1 2 3 4 3 3 1 3 1 2 4 27 12 13 13 12 14 13 13 13 13 13 13 13 13 14 13 13 13 13 13 13 13 13 13 13 13 13 13 13 13 13 13 13 13 13 13 13 13 13 13 13 14 13 13 13 13 13 13 13 13 14 12 13 13 12
460_0_2 4 4 6 5 8 1 2 2 4 2 4 3 1 3 3 2 27 12 13 13 13 13 13 13 14 13 13 13 13 13 13 13 13 13 13 13 13 13 12 14 13 13 13 13 13 13 13 13 14 12 13 13 13 13 13 13 13 13 13 13 13 13 13 14 13 13 13 13 13 13 12
460_1_4 4 4 8 5 6 1 2 3 3 1 3 4 2 4 2 2 27 12 13 13 13 13 13 13 14 13 13 13 13 13 13 13 13 13 13 13 13 13 12 14 13 13 13 13 13 13 13 13 14 12 13 13 13 13 13 13 13 13 13 13 13 13 13 14 13 13 13 13 13 13 12
462_1_0 3 7 6 6 5 0 2 3 2 3 1 4 3 3 3 3 27 12 13 13 13 13 13 13 13 14 12 13 13 13 13 13 13 13 13 13 13 14 13 13 13 13 13 13 13 13 13 13 13 13 14 13 13 13 13 13 13 13 13 13 13 12 14 13 13 13 13 13 13 13 12
464_1_0 3 6 7 5 6 0 2 3 2 3 1 4 3 3 3 3 27 12 13 13 13 13 13 13 13 14 12 13 14 13 13 13 13 13 13 13 13 13 13 13 13 13 13 13 13 13 13 13 13 13 13 13 13 13 13 13 13 13 13 14 13 12 14 13 13 13 13 13 13 13 12
466_1_0 4 4 8 5 6 1 1 3 2 2 3 3 1 5 3 3 27 12 13 13 13 13 13 13 13 13 13 13 14 13 13 13 13 13 13 13 13 13 14 12 13 13 13 13 13 13 13 13 12 14 13 13 13 13 13 13 13 13 13 14 13 13 13 13 13 13 13 13 13 13 12
468_0_2 4 5 4 6 8 1 2 3 2 3 1 4 4 3 1 3 27 12 13 12 14 13 13 13 13 14 13 13 13 13 13 13 13 13 13 13 13 13 13 13 13 13 13 13 13 13 13 13 13 13 13 13 13 13 13 13 13 13 13 13 13 13 14 13 13 13 13 14 12 13 12
469_0_2 3 5 5 6 8 1 2 4 4 1 4 2 3 2 2 2 27 12 13 13 13 13 13 13 13 14 13 13 13 13 13 14 12 13 13 13 13 13 13 13 13 13 13 13 13 13 13 13 13 13 13 13 13 13 13 12 14 13 13 13 13 13 14 13 13 13 13 13 13 13 12
470_0_2 3 5 6 6 7 1 2 3 2 3 1 4 4 3 1 3 27 12 13 13 14 13 13 13 13 13 13 13 13 13 13 13 13 13 13 13 13 13 13 13 14 12 13 13 13 13 12 14 13 13 13 13 13 13 13 13 13 13 13 13 13 13 13 13 13 13 13 14 13 13 12
471_0_2 3 5 5 6 8 0 3 2 3 2 1 4 3 3 3 3 27 12 13 13 13 13 13 13 13 13 13 13 13 13 13 13 14 13 13 13 14 12 13 13 13 13 13 13 13 13 13 13 13 13 12 14 13 13 13 14 13 13 13 13 13 13 13 13 13 13 13 13 13 13 12
471_1_2 3 8 6 5 5 0 3 2 3 2 1 4 3 3 3 3 27 12 13 13 13 13 13 13 13 13 13 13 13 13 13 13 14 13 13 13 14 12 13 13 13 13 13 13 13 13 13 13 13 13 12 14 13 13 13 14 13 13 13 13 13 13 13 13 13 13 13 13 13 13 12
472_0_2 4 5 4 6 8 1 2 3 2 3 1 4 4 3 1 3 27 12 13 12 14 13 13 13 13 13 13 13 13 13 13 13 13 13 13 13 13 13 13 13 14 13 13 13 13 13 13 14 13 13 13 13 13 13 13 13 13 13 13 13 13 13 13 13 13 13 13 14 12 13 12
473_0_2 3 6 5 7 6 1 1 2 5 2 3 3 2 3 2 3 27 12 13 13 13 13 13 13 13 13 13 13 13 13 13 13 13 13 13 13 13 13 13 14 13 12 14 13 13 14 12 13 14 13 13 13 13 13 13 13 13 13 13 13 13 13 13 13 13 13 13 13 13 13 12
474_0_2 4 5 4 6 8 1 2 2 3 2 4 2 2 5 2 2 27 12 13 13 13 13 13 13 13 14 13 13 13 13 13 13 13 13 12 14 13 13 13 13 13 13 13 13 13 13 13 13 13 13 13 13 14 12 13 13 13 13 13 13 13 13 14 13 13 13 13 13 13 13 12
475_0_2 4 5 4 6 8 1 2 1 4 2 4 4 1 2 3 3 27 12 13 12 14 13 13 13 13 13 13 14 13 13 13 13 13 13 13 13 13 13 13 13 13 13 13 13 13 13 13 13 13 13 13 13 13 13 13 13 13 13 13 13 14 13 13 13 13 13 13 14 12 13 12
475_1_2 4 5 4 8 6 1 2 1 4 2 4 4 1 2 3 3 27 12 13 12 14 13 13 13 13 13 13 14 13 13 13 13 13 13 13 13 13 13 13 13 13 13 13 13 13 13 13 13 13 13 13 13 13 13 13 13 13 13 13 13 14 13 13 13 13 13 13 14 12 13 12
476_1_0 3 7 5 7 5 1 2 3 1 4 4 3 1 3 2 3 27 12 13 13 13 13 12 14 13 13 13 13 13 13 13 13 13 13 14 13 13 13 13 13 13 13 13 13 13 13 13 13 13 13 13 13 13 14 13 13 13 13 13 13 13 13 13 13 14 12 13 13 13 13 12
478_0_2 3 5 7 5 7 1 2 3 2 3 1 4 4 3 1 3 27 12 13 13 13 13 13 13 13 13 13 13 13 14 12 13 13 13 14 13 13 13 13 13 13 13 13 13 13 13 13 13 13 13 13 13 13 14 13 13 13 12 14 13 13 13 13 13 13 13 13 13 13 13 12
479_1_0 3 6 7 5 6 0 2 3 2 3 1 4 3 3 3 3 27 12 13 13 13 13 13 13 14 13 13 13 13 13 13 13 13 13 13 13 13 13 13 13 14 12 13 13 13 13 12 14 13 13 13 13 13 13 13 13 13 13 13 13 13 13 13 14 13 13 13 13 13 13 12
481_1_0 3 6 7 5 6 1 2 3 1 4 4 3 1 3 2 3 27 12 13 13 14 12 13 13 13 13 13 13 13 13 13 13 13 13 14 13 13 13 13 13 13 13 13 13 13 13 13 13 13 13 13 13 13 14 13 13 13 13 13 13 13 13 13 13 13 13 12 14 13 13 12
482_1_2 4 4 8 5 6 1 2 4 4 2 3 1 3 1 3 3 27 12 13 13 13 13 13 14 12 13 13 13 13 13 13 13 13 13 14 13 13 13 13 13 13 13 13 13 13 13 13 13 13 13 13 13 13 14 13 13 13 13 13 13 13 13 13 12 14 13 13 13 13 13 12
484_1_0 3 7 5 7 5 0 1 3 3 3 2 3 3 3 2 4 27 12 13 13 13 13 13 13 13 13 13 13 13 13 13 13 13 13 14 13 13 13 13 14 12 13 13 13 13 13 13 12 14 13 13 13 13 14 13 13 13 13 13 13 13 13 13 13 13 13 13 13 13 13 12
486_1_0 3 7 5 7 5 1 1 2 3 2 2 2 3 4 2 5 27 12 13 13 13 13 13 13 13 13 13 13 13 14 12 13 13 13 13 13 13 13 14 13 13 13 13 13 13 13 13 13 13 14 13 13 13 13 13 13 13 12 14 13 13 13 13 13 13 13 13 13 13 13 12
487_1_2 4 4 8 5 6 1 2 1 2 4 2 2 3 4 2 4 27 12 13 13 13 13 13 13 13 13 13 13 13 14 12 13 13 13 13 13 13 13 13 13 14 13 13 13 13 13 13 14 13 13 13 13 13 13 13 13 13 12 14 13 13 13 13 13 13 13 13 13 13 13 12
489_0_2 4 4 6 5 8 1 2 4 4 1 4 2 3 2 2 2 27 12 13 13 13 13 13 13 13 13 13 13 13 14 13 13 13 12 14 13 13 13 13 13 13 13 13 13 13 13 13 13 13 13 13 13 13 14 12 13 13 13 14 13 13 13 13 13 13 13 13 13 13 13 12
490_1_0 4 4 8 5 6 1 2 2 1 3 2 4 2 2 3 5 27 12 13 13 13 13 13 13 13 13 13 13 13 13 13 13 13 13 14 13 13 13 14 12 13 13 13 13 13 13 13 13 12 14 13 13 13 14 13 13 13 13 13 13 13 13 13 13 13 13 13 13 13 13 12
492_0_2 4 4 6 5 8 1 2 2 3 3 2 2 4 4 1 3 27 12 13 13 13 13 13 13 13 13 13 13 13 13 13 13 13 13 14 13 13 13 12 14 13 13 13 13 13 13 13 13 14 12 13 13 13 14 13 13 13 13 13 13 13 13 13 13 13 13 13 13 13 13 12
492_1_4 4 4 8 5 6 1 3 2 2 2 2 5 3 2 2 3 27 12 13 13 13 13 13 13 13 13 13 13 13 13 13 13 13 13 14 13 13 13 12 14 13 13 13 13 13 13 13 13 14 12 13 13 13 14 13 13 13 13 13 13 13 13 13 13 13 13 13 13 13 13 12
494_1_0 3 8 6 5 5 1 1 2 4 3 3 2 3 3 1 4 27 12 13 13 13 13 13 14 12 13 13 13 13 13 13 13 13 13 13 13 13 13 13 13 13 14 13 13 13 13 14 13 13 13 13 13 13 13 13 13 13 13 13 13 13 13 13 12 14 13 13 13 13 13 12
496_1_0 4 4 8 5 6 0 2 3 2 3 1 4 3 3 3 3 27 12 13 13 13 13 13 13 13 13 13 13 13 14 12 13 13 13 13 14 13 13 13 13 13 13 13 13 13 13 13 13 13 13 13 13 14 13 13 13 13 12 14 13 13 13 13 13 13 13 13 13 13 13 12
497_1_2 3 6 7 5 6 1 2 4 4 2 3 1 3 1 3 3 27 12 13 13 13 13 13 13 13 13 13 13 13 13 13 13 13 13 14 13 13 13 13 13 13 12 14 13 13 14 12 13 13 13 13 13 13 14 13 13 13 13 13 13 13 13 13 13 13 13 13 13 13 13 12
498_1_2 3 7 5 7 5 1 2 3 2 2 2 2 4 2 5 2 27 12 13 13 13 13 13 13 13 13 13 13 13 14 12 13 13 14 13 13 13 13 13 13 13 13 13 13 13 13 13 13 13 13 13 13 13 13 14 13 13 12 14 13 13 13 13 13 13 13 13 13 13 13 12
500_0_2 3 5 7 5 7 1 2 2 3 3 2 2 4 4 1 3 27 12 13 13 13 13 13 13 13 13 13 12 14 13 13 13 13 13 14 13 13 13 13 13 13 13 13 13 13 13 13 13 13 13 13 13 13 14 13 13 13 13 13 14 12 13 13 13 13 13 13 13 13 13 12
500_1_4 3 7 5 7 5 1 3 2 2 2 2 5 3 2 2 3 27 12 13 13 13 13 13 13 13 13 13 12 14 13 13 13 13 13 14 13 13 13 13 13 13 13 13 13 13 13 13 13 13 13 13 13 13 14 13 13 13 13 13 14 12 13 13 13 13 13 13 13 13 13 12
502_0_2 3 5 5 6 8 1 2 3 4 3 3 1 3 1 2 4 27 12 13 13 13 14 13 13 13 13 13 13 13 13 13 12 13 13 13 13 13 13 13 13 13 14 13 13 13 13 14 13 13 13 13 13 13 13 13 13 12 13 13 13 13 13 13 13 13 13 14 13 13 13 12
503_1_0 3 8 6 5 5 0 3 2 3 4 3 3 1 2 3 3 27 12 13 13 13 14 13 13 13 13 14 13 13 13 13 13 13 13 13 13 13 13 13 13 13 12 13 13 13 13 12 13 13 13 13 13 13 13 13 13 13 13 13 13 13 14 13 13 13 13 14 13 13 13 12
504_1_2 3 8 6 5 5 1 2 3 3 2 2 3 5 1 3 2 27 12 13 13 13 13 13 13 13 13 13 13 13 13 13 14 13 13 13 13 12 13 13 13 13 14 13 13 13 13 14 13 13 13 13 12 13 13 13 13 14 13 13 13 13 13 13 13 13 13 13 13 13 13 12
505_1_2 3 8 6 5 5 1 3 2 2 2 3 1 3 2 5 3 27 12 13 13 13 13 13 13 13 13 12 13 13 13 13 14 13 13 13 13 14 13 13 13 13 13 13 13 13 13 13 13 13 13 13 14 13 13 13 13 14 13 13 13 13 12 13 13 13 13 13 13 13 13 12
507_0_2 3 6 5 7 6 1 2 1 3 2 3 3 3 1 5 3 27 12 13 14 13 13 13 13 13 13 12 14 13 13 13 13 13 13 13 13 13 13 13 13 13 13 13 13 13 13 13 13 13 13 13 13 13 13 13 13 13 13 13 13 14 12 13 13 13 13 13 13 14 13 12
508_0_2 3 6 5 7 6 1 2 2 2 2 4 3 4 1 2 4 27 12 13 14 13 13 13 13 13 13 13 13 13 13 14 12 13 13 13 13 13 13 13 13 13 13 13 13 13 13 13 13 13 13 13 13 13 13 13 13 12 14 13 13 13 13 13 13 13 13 13 13 14 13 12
509_1_0 3 6 7 5 6 0 1 3 3 3 2 3 3 3 2 4 27 12 13 13 13 13 13 13 13 13 13 13 13 13 13 13 13 13 14 13 12 14 13 13 13 13 13 13 13 13 13 13 13 13 14 12 13 14 13 13 13 13 13 13 13 13 13 13 13 13 13 13 13 13 12
511_1_0 3 5 4 7 6 1 2 1 2 2 3 2 3 1 4 4 25 11 11 11 11 11 11 11 11 11 11 11 11 11 11 11 12 11 11 11 11 11 11 11 12 11 11 12 12 11 11 12 11 11 11 11 11 11 11 12 11 11 11 11 11 11 11 11 11 11 11 11 11 11 11
512_0_2 4 4 6 5 8 1 2 2 3 3 2 2 4 4 1 3 27 12 13 13 13 13 13 14 13 13 13 13 13 13 13 13 13 13 13 13 13 13 12 14 13 13 13 13 13 13 13 13 14 12 13 13 13 13 13 13 13 13 13 13 13 13 13 13 14 13 13 13 13 13 12
512_1_4 4 4 8 5 6 1 3 2 2 2 2 5 3 2 2 3 27 12 13 13 13 13 13 14 13 13 13 13 13 13 13 13 13 13 13 13 13 13 12 14 13 13 13 13 13 13 13 13 14 12 13 13 13 13 13 13 13 13 13 13 13 13 13 13 14 13 13 13 13 13 12
513_3_0 3 7 6 4 5 1 1 2 4 2 4 3 1 2 2 3 25 11 11 11 11 11 11 11 11 11 11 11 11 11 11 11 11 11 12 11 11 12 11 12 11 11 11 11 11 11 11 11 12 11 12 11 11 12 11 11 11 11 11 11 11 11 11 11 11 11 11 11 11 11 11
514_1_0 3 8 6 5 5 1 1 3 2 3 1 3 3 3 3 4 27 12 13 13 14 13 13 13 13 13 14 12 13 13 13 13 13 13 13 13 13 13 13 13 13 13 13 13 13 13 13 13 13 13 13 13 13 13 13 13 13 13 13 13 12 14 13 13 13 13 13 14 13 13 12
515_1_0 3 6 7 5 6 1 1 2 4 3 3 2 3 3 1 4 27 12 13 13 13 12 14 13 13 13 13 13 13 13 13 13 13 13 14 13 13 13 13 13 13 13 13 13 13 13 13 13 13 13 13 13 13 14 13 13 13 13 13 13 13 13 13 13 13 14 12 13 13 13 12
516_1_2 4 4 8 5 6 1 2 1 2 4 2 2 3 4 2 4 27 12 13 13 13 13 13 13 13 14 13 13 13 14 12 13 13 13 13 13 13 13 13 13 13 13 13 13 13 13 13 13 13 13 13 13 13 13 13 13 13 12 14 13 13 13 14 13 13 13 13 13 13 13 12
517_3_0 3 6 7 4 5 0 2 3 1 2 2 2 2 4 3 4 25 11 11 11 11 11 11 11 11 11 11 11 11 11 11 11 11 11 11 12 11 11 12 11 12 11 11 11 11 11 11 12 11 12 11 11 12 11 11 11 11 11 11 11 11 11 11 11 11 11 11 11 11 11 11
519_0_2 3 4 7 5 6 1 2 1 2 4 1 2 3 4 2 3 25 11 11 11 11 11 11 11 11 11 11 11 11 11 11 11 11 11 12 11 11 11 11 11 12 11 12 11 11 12 11 12 11 11 11 11 11 12 11 11 11 11 11 11 11 11 11 11 11 11 11 11 11 11 11
519_2_2 3 6 5 7 4 1 2 1 2 4 1 2 3 4 2 3 25 11 11 11 11 11 11 11 11 11 11 11 11 11 11 11 11 11 12 11 11 11 11 11 12 11 12 11 11 12 11 12 11 11 11 11 11 12 11 11 11 11 11 11 11 11 11 11 11 11 11 11 11 11 11
520_0_2 4 5 4 6 8 1 2 1 3 2 3 3 3 1 5 3 27 12 13 13 13 13 13 13 13 13 13 14 12 13 13 13 13 13 13 14 13 13 13 13 13 13 13 13 13 13 13 13 13 13 13 13 14 13 13 13 13 13 13 12 14 13 13 13 13 13 13 13 13 13 12
521_1_0 4 5 4 8 6 1 1 2 4 3 3 2 3 3 1 4 27 12 13 13 14 13 13 13 13 13 13 13 13 13 13 13 14 12 13 13 13 13 13 13 13 13 13 13 13 13 13 13 13 13 13 13 13 13 12 14 13 13 13 13 13 13 13 13 13 13 13 14 13 13 12
522_3_0 3 7 6 4 5 0 3 1 2 3 4 3 2 1 3 3 25 11 11 11 11 11 11 11 11 11 11 11 11 11 11 11 11 11 11 12 11 11 12 11 11 11 11 12 12 11 11 11 11 12 11 11 12 11 11 11 11 11 11 11 11 11 11 11 11 11 11 11 11 11 11
523_3_0 3 6 7 4 5 0 1 4 1 3 2 3 3 3 3 2 25 11 11 11 11 11 11 11 11 11 11 11 11 11 11 11 11 11 11 11 11 12 12 11 12 11 11 11 11 11 11 12 11 12 12 11 11 11 11 11 11 11 11 11 11 11 11 11 11 11 11 11 11 11 11
524_1_2 4 4 8 5 6 1 2 3 2 3 1 4 4 3 1 3 27 12 13 13 14 13 13 13 13 13 13 13 13 14 12 13 13 13 13 13 13 13 13 13 13 13 13 13 13 13 13 13 13 13 13 13 13 13 13 13 13 12 14 13 13 13 13 13 13 13 13 14 13 13 12
525_1_0 3 7 5 7 5 1 1 3 1 3 3 3 2 3 3 4 27 12 13 14 13 13 13 13 13 13 13 12 14 13 13 13 13 13 13 13 13 13 13 13 13 13 13 13 13 13 13 13 13 13 13 13 13 13 13 13 13 13 13 14 12 13 13 13 13 13 13 13 14 13 12
526_0_2 4 4 6 5 8 1 2 2 4 2 4 3 1 3 3 2 27 12 13 14 13 13 13 13 13 13 13 13 13 13 13 13 13 13 13 13 13 13 12 14 13 13 13 13 13 13 13 13 14 12 13 13 13 13 13 13 13 13 13 13 13 13 13 13 13 13 13 13 14 13 12
526_1_4 4 4 8 5 6 1 2 3 3 1 3 4 2 4 2 2 27 12 13 14 13 13 13 13 13 13 13 13 13 13 13 13 13 13 13 13 13 13 12 14 13 13 13 13 13 13 13 13 14 12 13 13 13 13 13 13 13 13 13 13 13 13 13 13 13 13 13 13 14 13 12
528_0_2 3 6 5 7 6 1 2 3 4 3 3 1 3 1 2 4 27 12 13 14 13 13 13 13 13 13 13 13 13 13 13 12 14 13 13 13 13 13 13 13 13 13 13 13 13 13 13 13 13 13 13 13 13 13 13 14 12 13 13 13 13 13 13 13 13 13 13 13 14 13 12
529_0_2 3 5 7 5 7 1 2 1 3 2 3 3 3 1 5 3 27 12 13 13 13 13 13 13 14 13 13 13 13 13 13 13 13 13 13 13 13 12 14 13 13 13 13 13 13 13 13 13 13 14 12 13 13 13 13 13 13 13 13 13 13 13 13 14 13 13 13 13 13 13 12
530_1_0 3 5 4 7 6 1 1 2 2 4 2 4 2 1 3 3 25 11 11 11 11 11 11 11 11 11 11 11 11 11 11 11 11 11 11 12 11 12 11 11 11 11 11 12 12 11 11 11 11 11 12 11 12 11 11 11 11 11 11 11 11 11 11 11 11 11 11 11 11 11 11
531_0_2 4 4 6 5 8 1 1 2 5 2 3 3 2 3 2 3 27 12 13 13 13 13 13 14 12 13 13 13 14 13 13 13 13 13 13 13 13 13 13 13 13 13 13 13 13 13 13 13 13 13 13 13 13 13 13 13 13 13 13 14 13 13 13 12 14 13 13 13 13 13 12
532_1_0 3 8 6 5 5 1 1 2 4 1 4 3 2 3 3 3 27 12 13 13 13 13 13 13 13 13 13 13 13 13 13 13 13 12 14 13 13 13 13 13 13 14 13 13 13 13 14 13 13 13 13 13 13 14 12 13 13 13 13 13 13 13 13 13 13 13 13 13 13 13 12
533_3_0 3 7 6 4 5 0 1 2 3 2 2 2 4 3 2 4 25 11 11 11 11 11 11 11 11 11 11 11 11 11 11 11 11 11 11 12 11 11 12 12 11 11 11 11 11 11 11 11 12 12 11 11 12 11 11 11 11 11 11 11 11 11 11 11 11 11 11 11 11 11 11
535_0_2 3 5 7 5 7 1 2 2 3 3 2 2 4 4 1 3 27 12 13 13 13 13 13 14 13 13 13 12 14 13 13 13 13 13 13 13 13 13 13 13 13 13 13 13 13 13 13 13 13 13 13 13 13 13 13 13 13 13 13 14 12 13 13 13 14 13 13 13 13 13 12
535_1_4 3 7 5 7 5 1 3 2 2 2 2 5 3 2 2 3 27 12 13 13 13 13 13 14 13 13 13 12 14 13 13 13 13 13 13 13 13 13 13 13 13 13 13 13 13 13 13 13 13 13 13 13 13 13 13 13 13 13 13 14 12 13 13 13 14 13 13 13 13 13 12
537_0_2 3 5 8 5 6 1 2 2 3 3 2 2 4 4 1 3 27 12 13 13 13 13 13 13 13 13 13 13 13 13 13 14 13 13 13 13 13 14 12 13 13 13 13 13 13 13 13 13 13 12 14 13 13 13 13 13 14 13 13 13 13 13 13 13 13 13 13 13 13 13 12
537_1_4 3 6 5 8 5 1 3 2 2 2 2 5 3 2 2 3 27 12 13 13 13 13 13 13 13 13 13 13 13 13 13 14 13 13 13 13 13 14 12 13 13 13 13 13 13 13 13 13 13 12 14 13 13 13 13 13 14 13 13 13 13 13 13 13 13 13 13 13 13 13 12
539_1_0 3 7 5 7 5 1 1 2 4 3 3 2 3 3 1 4 27 12 13 13 13 13 12 14 13 13 13 13 13 13 13 13 13 14 13 13 13 13 13 13 13 13 13 13 13 13 13 13 13 13 13 13 13 13 14 13 13 13 13 13 13 13 13 13 14 12 13 13 13 13 12
541_1_0 3 8 6 5 5 1 2 3 1 4 3 4 2 1 3 3 27 12 13 13 13 13 13 13 13 13 13 13 13 13 14 13 13 13 13 13 13 13 13 13 12 14 13 13 13 13 14 12 13 13 13 13 13 13 13 13 13 14 13 13 13 13 13 13 13 13 13 13 13 13 12
542_1_2 3 5 4 7 6 1 1 1 3 2 3 4 1 3 3 3 25 11 11 11 11 11 11 11 11 11 11 11 11 11 11 11 11 11 11 11 11 12 11 12 12 11 11 11 11 11 11 12 12 11 12 11 11 11 11 11 11 11 11 11 11 11 11 11 11 11 11 11 11 11 11
542_3_2 3 6 7 4 5 1 1 1 3 2 3 4 1 3 3 3 25 11 11 11 11 11 11 11 11 11 11 11 11 11 11 11 11 11 11 11 11 12 11 12 12 11 11 11 11 11 11 12 12 11 12 11 11 11 11 11 11 11 11 11 11 11 11 11 11 11 11 11 11 11 11
544_1_0 3 8 6 5 5 1 1 2 3 2 2 2 3 4 2 5 27 12 13 13 13 13 13 13 13 13 13 14 13 13 13 13 13 13 13 12 14 13 13 13 13 13 13 13 13 13 13 13 13 13 13 14 12 13 13 13 13 13 13 13 14 13 13 13 13 13 13 13 13 13 12
545_1_0 4 5 4 8 6 1 1 3 2 3 1 3 3 3 3 4 27 12 13 13 13 13 13 13 13 13 13 13 13 13 13 13 13 13 13 13 13 14 12 13 13 13 14 13 13 14 13 13 13 12 14 13 13 13 13 13 13 13 13 13 13 13 13 13 13 13 13 13 13 13 12
546_0_2 3 5 6 6 7 1 2 2 3 2 4 2 2 5 2 2 27 12 13 13 13 13 13 13 13 14 13 13 13 13 14 12 13 13 13 13 13 13 13 13 13 13 13 13 13 13 13 13 13 13 13 13 13 13 13 13 12 14 13 13 13 13 14 13 13 13 13 13 13 13 12
547_1_0 3 8 6 5 5 1 2 1 3 2 3 4 1 3 4 3 27 12 13 13 13 13 13 13 13 12 14 13 13 13 14 13 13 13 13 13 13 13 13 13 13 13 13 13 13 13 13 13 13 13 13 13 13 13 13 13 13 14 13 13 13 14 12 13 13 13 13 13 13 13 12
549_1_0 4 4 8 5 6 1 2 3 1 4 4 3 1 3 2 3 27 12 13 13 13 13 12 14 13 13 13 13 13 13 13 13 13 13 13 13 13 13 13 13 13 13 14 13 13 14 13 13 13 13 13 13 13 13 13 13 13 13 13 13 13 13 13 13 14 12 13 13 13 13 12
551_0_2 3 5 5 6 8 1 2 3 2 3 1 4 4 3 1 3 27 12 13 13 13 13 13 13 13 13 13 13 13 13 13 13 13 13 13 12 14 13 13 13 13 13 14 13 13 14 13 13 13 13 13 14 12 13 13 13 13 13 13 13 13 13 13 13 13 13 13 13 13 13 12
552_0_2 4 4 6 5 8 1 2 2 3 2 4 2 2 5 2 2 27 12 14 13 13 13 13 13 13 13 13 13 13 13 13 12 13 13 13 13 13 13 13 13 13 14 13 13 13 13 14 13 13 13 13 13 13 13 13 13 12 13 13 13 13 13 13 13 13 13 13 13 13 14 12
553_0_2 3 5 6 6 7 0 3 2 3 2 1 4 3 3 3 3 27 12 13 13 13 13 13 13 13 14 12 13 13 13 13 13 14 13 13 13 13 13 13 13 13 13 13 13 13 13 13 13 13 13 13 13 13 13 13 14 13 13 13 13 13 12 14 13 13 13 13 13 13 13 12
553_1_2 3 7 6 6 5 0 3 2 3 2 1 4 3 3 3 3 27 12 13 13 13 13 13 13 13 14 12 13 13 13 13 13 14 13 13 13 13 13 13 13 13 13 13 13 13 13 13 13 13 13 13 13 13 13 13 14 13 13 13 13 13 12 14 13 13 13 13 13 13 13 12
554_1_0 3 7 5 7 5 1 1 2 4 3 3 2 3 3 1 4 27 12 13 13 13 13 13 14 13 13 13 13 13 13 13 13 12 14 13 13 13 13 13 13 13 13 13 13 13 13 13 13 13 13 13 13 13 13 14 12 13 13 13 13 13 13 13 13 14 13 13 13 13 13 12
556_0_2 3 5 5 6 8 1 3 2 2 2 3 1 3 2 5 3 27 12 13 13 13 13 13 13 13 13 13 13 12 14 13 14 13 13 13 13 13 13 13 13 13 13 13 13 13 13 13 13 13 13 13 13 13 13 13 13 14 13 14 12 13 13 13 13 13 13 13 13 13 13 12
557_1_0 3 7 5 7 5 1 1 2 3 2 3 4 1 4 3 3 27 12 14 13 13 13 13 13 13 13 13 13 13 13 13 13 12 13 13 13 13 13 13 14 13 13 13 13 13 13 13 13 14 13 13 13 13 13 13 12 13 13 13 13 13 13 13 13 13 13 13 13 13 14 12
558_1_2 3 5 4 6 7 1 1 2 2 2 4 3 1 3 2 4 25 11 11 11 11 11 11 11 11 11 11 11 11 11 11 11 12 11 12 11 11 11 11 11 11 11 11 12 12 11 11 11 11 11 11 11 11 12 11 12 11 11 11 11 11 11 11 11 11 11 11 11 11 11 11
558_3_2 3 7 6 4 5 1 1 2 2 2 4 3 1 3 2 4 25 11 11 11 11 11 11 11 11 11 11 11 11 11 11 11 12 11 12 11 11 11 11 11 11 11 11 12 12 11 11 11 11 11 11 11 11 12 11 12 11 11 11 11 11 11 11 11 11 11 11 11 11 11 11
560_0_2 3 5 7 5 7 1 2 2 4 2 4 3 1 3 3 2 27 12 13 13 13 13 13 13 14 13 13 12 14 13 13 13 13 13 13 13 13 13 13 13 13 13 13 13 13 13 13 13 13 13 13 13 13 13 13 13 13 13 13 14 12 13 13 14 13 13 13 13 13 13 12
560_1_4 3 7 5 7 5 1 2 3 3 1 3 4 2 4 2 2 27 12 13 13 13 13 13 13 14 13 13 12 14 13 13 13 13 13 13 13 13 13 13 13 13 13 13 13 13 13 13 13 13 13 13 13 13 13 13 13 13 13 13 14 12 13 13 14 13 13 13 13 13 13 12
561_1_0 3 6 7 5 6 1 1 3 2 3 1 3 3 3 3 4 27 13 13 13 13 12 13 13 13 13 13 13 13 13 13 13 13 14 14 13 13 13 12 13 13 13 13 13 13 13 13 13 13 12 13 13 13 14 14 13 13 13 13 13 13 13 13 13 13 13 12 13 13 13 13
562_1_0 3 8 6 5 5 1 2 1 3 2 3 4 1 3 4 3 27 12 13 13 13 13 13 13 13 13 13 13 13 13 13 13 13 13 13 13 13 14 13 13 12 14 13 13 13 13 14 12 13 13 14 13 13 13 13 13 13 13 13 13 13 13 13 13 13 13 13 13 13 13 12
563_1_0 3 7 6 6 5 1 1 2 3 2 4 3 2 3 2 4 27 13 13 13 13 12 13 13 13 13 13 13 13 13 13 13 13 13 13 13 13 13 12 13 14 13 13 14 14 13 13 14 13 12 13 13 13 13 13 13 13 13 13 13 13 13 13 13 13 13 12 13 13 13 13
564_1_0 3 5 4 7 6 0 3 2 2 1 2 4 4 2 2 3 25 11 11 11 11 11 11 11 11 11 11 11 11 11 11 11 11 11 11 11 11 12 12 11 11 11 12 11 11 12 11 11 11 12 12 11 11 11 11 11 11 11 11 11 11 11 11 11 11 11 11 11 11 11 11
565_0_2 3 6 5 7 6 1 2 3 3 2 2 3 5 1 3 2 27 12 13 13 13 13 13 14 13 13 13 13 13 13 13 13 13 13 13 14 12 13 13 13 13 13 13 13 13 13 13 13 13 13 13 12 14 13 13 13 13 13 13 13 13 13 13 13 14 13 13 13 13 13 12
566_1_0 3 7 6 6 5 1 2 2 3 4 3 1 3 4 1 3 27 12 13 13 13 13 14 13 13 13 13 13 13 13 13 13 13 13 13 14 12 13 13 13 13 13 13 13 13 13 13 13 13 13 13 12 14 13 13 13 13 13 13 13 13 13 13 13 13 14 13 13 13 13 12
567_1_2 3 7 6 6 5 1 2 1 2 4 2 2 3 4 2 4 27 12 13 13 13 13 13 13 13 14 13 13 13 13 13 13 13 13 13 13 13 13 13 13 14 12 13 13 13 13 12 14 13 13 13 13 13 13 13 13 13 13 13 13 13 13 14 13 13 13 13 13 13 13 12
568_1_0 4 4 8 5 6 1 1 3 2 3 1 3 3 3 3 4 27 12 13 13 13 13 13 13 13 13 13 12 14 13 13 13 13 13 13 13 13 13 13 13 13 13 14 13 13 14 13 13 13 13 13 13 13 13 13 13 13 13 13 14 12 13 13 13 13 13 13 13 13 13 12
569_1_0 4 5 4 8 6 1 1 2 4 3 3 2 3 3 1 4 27 12 13 13 13 13 13 13 13 13 13 13 13 13 13 13 14 12 13 13 13 13 13 13 13 13 14 13 13 14 13 13 13 13 13 13 13 13 12 14 13 13 13 13 13 13 13 13 13 13 13 13 13 13 12
570_1_0 3 8 6 5 5 1 2 2 2 3 3 2 3 2 5 2 27 12 13 13 13 13 13 13 13 13 14 12 13 13 13 13 14 13 13 13 13 13 13 13 13 13 13 13 13 13 13 13 13 13 13 13 13 13 13 14 13 13 13 13 12 14 13 13 13 13 13 13 13 13 12
571_0_2 3 5 8 5 6 1 2 3 3 1 3 3 4 3 1 3 27 12 13 13 13 14 13 13 13 13 13 13 13 13 13 13 13 13 13 13 13 14 12 13 13 13 13 13 13 13 13 13 13 12 14 13 13 13 13 13 13 13 13 13 13 13 13 13 13 13 14 13 13 13 12
571_1_4 3 6 5 8 5 1 2 5 2 3 2 3 3 2 2 2 27 12 13 13 13 14 13 13 13 13 13 13 13 13 13 13 13 13 13 13 13 14 12 13 13 13 13 13 13 13 13 13 13 12 14 13 13 13 13 13 13 13 13 13 13 13 13 13 13 13 14 13 13 13 12
572_1_2 3 6 7 5 6 1 2 4 4 2 3 1 3 1 3 3 27 12 13 13 13 13 13 14 13 13 13 13 13 13 13 13 13 13 13 13 13 13 13 13 13 12 14 13 13 14 12 13 13 13 13 13 13 13 13 13 13 13 13 13 13 13 13 13 14 13 13 13 13 13 12
574_1_0 3 7 6 6 5 1 1 2 4 1 3 3 2 4 3 3 27 12 13 13 13 13 13 13 13 13 13 13 13 13 13 12 14 13 13 13 13 14 13 13 13 13 13 13 13 13 13 13 13 13 14 13 13 13 13 14 12 13 13 13 13 13 13 13 13 13 13 13 13 13 12
575_1_0 3 7 6 6 5 1 1 3 1 3 3 3 2 3 3 4 27 13 13 13 13 12 13 13 13 13 13 12 13 13 13 13 14 13 13 14 13 13 13 13 13 13 13 13 13 13 13 13 13 13 13 13 14 13 13 14 13 13 13 13 12 13 13 13 13 13 12 13 13 13 13
576_0_2 3 5 5 6 8 1 2 2 3 2 4 2 2 5 2 2 27 12 13 13 13 13 13 13 13 14 13 13 13 13 13 13 13 13 13 13 13 13 13 13 13 14 12 13 13 12 14 13 13 13 13 13 13 13 13 13 13 13 13 13 13 13 14 13 13 13 13 13 13 13 12
577_0_2 3 5 7 5 7 1 2 3 3 1 3 3 4 3 1 3 27 12 13 13 13 13 13 13 13 13 13 12 14 13 13 13 13 14 13 13 13 13 13 13 13 13 13 13 13 13 13 13 13 13 13 13 13 13 14 13 13 13 13 14 12 13 13 13 13 13 13 13 13 13 12
577_1_4 3 7 5 7 5 1 2 5 2 3 2 3 3 2 2 2 27 12 13 13 13 13 13 13 13 13 13 12 14 13 13 13 13 14 13 13 13 13 13 13 13 13 13 13 13 13 13 13 13 13 13 13 13 13 14 13 13 13 13 14 12 13 13 13 13 13 13 13 13 13 12
578_1_0 3 8 6 5 5 1 1 3 1 3 3 3 2 3 3 4 27 12 13 13 13 13 13 13 13 13 14 12 13 13 14 13 13 13 13 13 13 13 13 13 13 13 13 13 13 13 13 13 13 13 13 13 13 13 13 13 13 14 13 13 12 14 13 13 13 13 13 13 13 13 12
579_1_0 3 6 7 5 6 1 2 2 1 3 2 4 2 2 3 5 27 12 13 13 13 13 13 14 13 13 12 14 13 13 13 13 13 13 13 13 13 13 13 13 13 13 13 13 13 13 13 13 13 13 13 13 13 13 13 13 13 13 13 13 14 12 13 13 14 13 13 13 13 13 12
580_1_2 3 7 6 6 5 1 2 3 4 3 3 1 3 1 2 4 27 12 13 13 13 13 14 13 13 13 13 13 13 13 14 12 13 13 13 13 13 13 13 13 13 13 13 13 13 13 13 13 13 13 13 13 13 13 13 13 12 14 13 13 13 13 13 13 13 14 13 13 13 13 12
581_0_6 3 5 5 6 8 1 2 2 2 4 2 4 1 3 4 2 27 12 13 13 13 14 13 13 13 13 13 13 12 14 13 13 13 13 13 13 13 13 13 13 13 13 13 13 13 13 13 13 13 13 13 13 13 13 13 13 13 13 14 12 13 13 13 13 13 13 14 13 13 13 12
581_1_6 3 8 6 5 5 1 2 2 2 4 2 4 1 3 4 2 27 12 13 13 13 14 13 13 13 13 13 13 12 14 13 13 13 13 13 13 13 13 13 13 13 13 13 13 13 13 13 13 13 13 13 13 13 13 13 13 13 13 14 12 13 13 13 13 13 13 14 13 13 13 12
582_1_2 3 5 4 6 7 1 2 1 2 3 2 3 1 4 4 2 25 11 11 11 11 11 11 11 11 11 11 11 11 11 11 11 11 11 11 11 11 12 11 12 11 11 11 12 12 11 11 11 12 11 12 11 11 11 11 11 11 11 11 11 11 11 11 11 11 11 11 11 11 11 11
582_3_2 3 7 6 4 5 1 2 1 2 3 2 3 1 4 4 2 25 11 11 11 11 11 11 11 11 11 11 11 11 11 11 11 11 11 11 11 11 12 11 12 11 11 11 12 12 11 11 11 12 11 12 11 11 11 11 11 11 11 11 11 11 11 11 11 11 11 11 11 11 11 11
583_1_2 3 8 6 5 5 1 2 3 4 3 3 1 3 1 2 4 27 12 13 13 12 14 13 13 13 13 13 13 13 13 13 13 13 13 13 14 13 13 13 13 13 13 13 13 13 13 13 13 13 13 13 13 14 13 13 13 13 13 13 13 13 13 13 13 13 13 14 12 13 13 12
584_0_6 3 5 6 6 7 1 2 3 1 3 4 4 2 2 1 4 27 12 13 13 13 13 13 13 13 13 13 14 13 13 13 12 14 13 13 13 13 13 13 13 13 13 13 13 13 13 13 13 13 13 13 13 13 13 13 14 12 13 13 13 14 13 13 13 13 13 13 13 13 13 12
584_1_6 3 7 6 6 5 1 2 3 1 3 4 4 2 2 1 4 27 12 13 13 13 13 13 13 13 13 13 14 13 13 13 12 14 13 13 13 13 13 13 13 13 13 13 13 13 13 13 13 13 13 13 13 13 13 13 14 12 13 13 13 14 13 13 13 13 13 13 13 13 13 12
586_0_2 3 5 5 6 8 1 2 2 3 3 2 2 4 4 1 3 27 12 13 13 13 13 13 13 13 13 13 13 13 13 13 14 13 13 13 13 13 13 12 14 13 13 13 13 13 13 13 13 14 12 13 13 13 13 13 13 14 13 13 13 13 13 13 13 13 13 13 13 13 13 12
586_1_4 3 8 6 5 5 1 3 2 2 2 2 5 3 2 2 3 27 12 13 13 13 13 13 13 13 13 13 13 13 13 13 14 13 13 13 13 13 13 12 14 13 13 13 13 13 13 13 13 14 12 13 13 13 13 13 13 14 13 13 13 13 13 13 13 13 13 13 13 13 13 12
587_3_0 3 7 6 4 5 0 2 1 4 2 3 3 2 2 4 2 25 11 11 11 11 11 11 11 11 11 11 11 11 11 11 11 11 11 11 11 11 11 12 11 12 11 11 12 12 11 11 12 11 12 11 11 11 11 11 11 11 11 11 11 11 11 11 11 11 11 11 11 11 11 11
588_1_0 3 7 6 6 5 1 1 2 3 2 4 3 2 3 2 4 27 13 13 13 13 12 13 13 13 13 13 12 13 13 13 13 14 13 13 13 13 13 13 13 14 13 13 13 13 13 13 14 13 13 13 13 13 13 13 14 13 13 13 13 12 13 13 13 13 13 12 13 13 13 13
589_0_2 3 5 5 6 8 1 2 2 2 2 4 3 4 1 2 4 27 12 13 13 13 13 13 12 14 13 13 13 13 13 13 13 13 13 13 13 13 13 13 13 13 14 13 13 13 13 14 13 13 13 13 13 13 13 13 13 13 13 13 13 13 13 13 14 12 13 13 13 13 13 12
590_0_2 3 5 5 6 8 1 2 1 2 4 2 2 3 4 2 4 27 12 13 13 13 13 13 13 13 13 13 13 13 13 13 13 13 13 13 12 14 13 13 13 14 13 13 13 13 13 13 14 13 13 13 14 12 13 13 13 13 13 13 13 13 13 13 13 13 13 13 13 13 13 12
591_0_2 3 5 5 6 8 1 3 2 2 2 3 1 3 2 5 3 27 12 13 13 13 13 13 13 13 13 13 13 13 13 13 13 13 13 13 13 14 12 13 13 13 13 14 13 13 14 13 13 13 13 12 14 13 13 13 13 13 13 13 13 13 13 13 13 13 13 13 13 13 13 12
592_0_2 3 5 5 6 8 1 2 2 2 2 4 1 2 4 3 4 27 12 13 13 12 14 13 13 13 13 13 13 13 13 13 13 14 13 13 13 13 13 13 13 13 13 13 13 13 13 13 13 13 13 13 13 13 13 13 14 13 13 13 13 13 13 13 13 13 13 14 12 13 13 12
593_0_2 4 5 4 6 8 1 2 2 3 3 2 2 4 4 1 3 27 12 13 13 14 13 13 13 13 13 13 13 13 13 13 13 13 13 13 13 13 14 12 13 13 13 13 13 13 13 13 13 13 12 14 13 13 13 13 13 13 13 13 13 13 13 13 13 13 13 13 14 13 13 12
593_1_4 4 5 4 8 6 1 3 2 2 2 2 5 3 2 2 3 27 12 13 13 14 13 13 13 13 13 13 13 13 13 13 13 13 13 13 13 13 14 12 13 13 13 13 13 13 13 13 13 13 12 14 13 13 13 13 13 13 13 13 13 13 13 13 13 13 13 13 14 13 13 12
594_1_0 3 8 6 5 5 1 1 3 2 3 1 3 3 3 3 4 27 12 13 13 13 13 13 13 13 13 14 12 13 13 13 13 13 13 13 13 13 13 13 13 13 13 14 13 13 14 13 13 13 13 13 13 13 13 13 13 13 13 13 13 12 14 13 13 13 13 13 13 13 13 12
595_0_2 3 5 6 6 7 1 2 2 3 2 3 3 1 5 3 2 27 12 13 13 14 13 13 13 13 13 13 13 13 13 13 12 14 13 13 13 13 13 13 13 13 13 13 13 13 13 13 13 13 13 13 13 13 13 13 14 12 13 13 13 13 13 13 13 13 13 13 14 13 13 12
596_0_2 3 5 6 6 7 1 2 3 3 2 2 3 5 1 3 2 27 12 13 13 13 13 13 13 13 13 13 13 13 13 13 13 13 13 13 14 12 13 13 13 13 13 14 13 13 14 13 13 13 13 13 12 14 13 13 13 13 13 13 13 13 13 13 13 13 13 13 13 13 13 12
597_0_2 3 5 8 5 6 1 2 2 4 2 4 3 1 3 3 2 27 12 13 13 13 13 13 13 13 13 13 13 13 13 13 13 13 13 13 13 13 14 12 13 13 14 13 13 13 13 14 13 13 12 14 13 13 13 13 13 13 13 13 13 13 13 13 13 13 13 13 13 13 13 12
597_1_4 3 6 5 8 5 1 2 3 3 1 3 4 2 4 2 2 27 12 13 13 13 13 13 13 13 13 13 13 13 13 13 13 13 13 13 13 13 14 12 13 13 14 13 13 13 13 14 13 13 12 14 13 13 13 13 13 13 13 13 13 13 13 13 13 13 13 13 13 13 13 12
598_1_2 3 6 7 5 6 1 3 2 2 2 3 1 3 2 5 3 27 12 14 13 14 13 13 13 13 13 12 13 13 13 13 13 13 13 13 13 13 13 13 13 13 13 13 13 13 13 13 13 13 13 13 13 13 13 13 13 13 13 13 13 13 12 13 13 13 13 13 14 13 14 12
600_0_2 3 6 5 7 6 1 2 1 3 3 1 3 3 3 3 4 27 13 13 13 13 12 13 13 13 13 13 12 13 14 13 13 14 13 13 13 13 13 13 13 13 13 13 13 13 13 13 13 13 13 13 13 13 13 13 14 13 13 14 13 12 13 13 13 13 13 12 13 13 13 13
600_1_4 3 6 7 5 6 1 2 2 5 2 3 3 2 2 3 2 27 13 13 13 13 12 13 13 13 13 13 12 13 14 13 13 14 13 13 13 13 13 13 13 13 13 13 13 13 13 13 13 13 13 13 13 13 13 13 14 13 13 14 13 12 13 13 13 13 13 12 13 13 13 13
601_1_0 4 4 8 5 6 1 1 3 1 3 3 3 2 3 3 4 27 12 13 13 13 13 13 13 13 13 13 12 14 13 13 13 13 13 13 14 13 13 13 13 13 13 13 13 13 13 13 13 13 13 13 13 14 13 13 13 13 13 13 14 12 13 13 13 13 13 13 13 13 13 12
602_0_2 3 5 6 6 7 1 2 2 2 2 4 3 4 1 2 4 27 12 13 13 13 13 13 13 13 13 13 13 13 13 14 12 13 13 13 14 13 13 13 13 13 13 13 13 13 13 13 13 13 13 13 13 14 13 13 13 12 14 13 13 13 13 13 13 13 13 13 13 13 13 12
603_1_0 3 7 6 6 5 1 1 2 4 3 3 2 3 3 1 4 27 12 13 13 13 12 14 13 13 13 13 13 13 13 13 13 13 13 13 13 13 13 13 13 13 13 14 13 13 14 13 13 13 13 13 13 13 13 13 13 13 13 13 13 13 13 13 13 13 14 12 13 13 13 12
605_1_0 3 5 4 6 7 1 2 1 2 2 3 2 3 1 4 4 25 11 11 11 11 11 11 11 11 11 11 11 11 11 11 11 11 12 11 11 11 11 11 11 12 11 11 12 12 11 11 12 11 11 11 11 11 11 12 11 11 11 11 11 11 11 11 11 11 11 11 11 11 11 11
606_0_2 3 6 5 7 6 1 2 3 2 2 2 2 4 2 5 2 27 12 13 13 13 13 13 13 13 13 13 13 13 13 13 13 13 14 13 13 13 13 13 13 14 12 13 13 13 13 12 14 13 13 13 13 13 13 14 13 13 13 13 13 13 13 13 13 13 13 13 13 13 13 12
607_1_0 3 6 7 5 6 0 2 4 3 2 3 3 3 3 1 3 27 12 13 13 13 13 13 13 13 13 13 13 14 13 14 12 13 13 13 13 13 13 13 13 13 13 13 13 13 13 13 13 13 13 13 13 13 13 13 13 12 14 13 14 13 13 13 13 13 13 13 13 13 13 12
609_0_2 3 5 6 6 7 1 2 1 4 2 4 4 1 2 3 3 27 12 13 13 13 13 13 13 13 13 13 14 13 13 13 13 13 13 13 13 13 13 13 13 13 12 14 13 13 14 12 13 13 13 13 13 13 13 13 13 13 13 13 13 14 13 13 13 13 13 13 13 13 13 12
609_1_2 3 7 6 6 5 1 2 1 4 2 4 4 1 2 3 3 27 12 13 13 13 13 13 13 13 13 13 14 13 13 13 13 13 13 13 13 13 13 13 13 13 12 14 13 13 14 12 13 13 13 13 13 13 13 13 13 13 13 13 13 14 13 13 13 13 13 13 13 13 13 12
610_1_0 3 8 6 5 5 1 2 2 1 3 2 4 2 2 3 5 27 12 13 13 13 13 13 13 13 13 13 13 13 13 13 14 13 13 13 13 13 13 14 12 13 13 13 13 13 13 13 13 12 14 13 13 13 13 13 13 14 13 13 13 13 13 13 13 13 13 13 13 13 13 12
611_1_2 3 7 6 6 5 1 2 2 2 2 4 1 2 4 3 4 27 12 13 13 13 13 14 13 13 13 13 13 13 13 13 12 14 13 13 13 13 13 13 13 13 13 13 13 13 13 13 13 13 13 13 13 13 13 13 14 12 13 13 13 13 13 13 13 13 14 13 13 13 13 12
613_0_2 3 5 6 6 7 0 3 2 3 2 1 4 3 3 3 3 27 12 13 13 13 13 14 13 13 14 12 13 13 13 13 13 13 13 13 13 13 13 13 13 13 13 13 13 13 13 13 13 13 13 13 13 13 13 13 13 13 13 13 13 13 12 14 13 13 14 13 13 13 13 12
613_1_2 3 7 6 6 5 0 3 2 3 2 1 4 3 3 3 3 27 12 13 13 13 13 14 13 13 14 12 13 13 13 13 13 13 13 13 13 13 13 13 13 13 13 13 13 13 13 13 13 13 13 13 13 13 13 13 13 13 13 13 13 13 12 14 13 13 14 13 13 13 13 12
614_0_2 3 5 6 6 7 1 2 1 3 2 3 3 3 1 5 3 27 12 13 13 13 13 13 13 13 13 12 14 13 13 14 13 13 13 13 13 13 13 13 13 13 13 13 13 13 13 13 13 13 13 13 13 13 13 13 13 13 14 13 13 14 12 13 13 13 13 13 13 13 13 12
615_1_0 4 4 8 5 6 1 2 1 3 2 3 4 1 3 4 3 27 12 13 13 13 13 13 13 13 13 13 13 13 13 14 13 13 13 13 13 13 13 13 14 12 13 13 13 13 13 13 12 14 13 13 13 13 13 13 13 13 14 13 13 13 13 13 13 13 13 13 13 13 13 12
617_0_2 3 6 5 7 6 1 2 3 2 3 1 4 4 3 1 3 27 12 14 13 14 13 13 13 13 13 13 13 13 13 13 13 13 13 13 13 13 13 13 13 13 12 13 13 13 13 12 13 13 13 13 13 13 13 13 13 13 13 13 13 13 13 13 13 13 13 13 14 13 14 12
618_1_0 4 4 8 5 6 1 1 2 4 3 3 2 3 3 1 4 27 12 13 13 13 13 12 14 13 13 13 13 13 13 13 13 14 13 13 13 13 13 13 13 13 13 13 13 13 13 13 13 13 13 13 13 13 13 13 14 13 13 13 13 13 13 13 13 14 12 13 13 13 13 12
619_1_0 3 6 7 5 6 1 1 2 3 2 4 3 2 3 2 4 27 13 13 13 13 12 13 13 13 13 13 13 13 14 13 13 13 14 13 13 13 13 12 13 13 13 13 13 13 13 13 13 13 12 13 13 13 13 14 13 13 13 14 13 13 13 13 13 13 13 12 13 13 13 13
620_0_2 4 5 4 6 8 1 1 2 5 2 3 3 2 3 2 3 27 12 13 12 14 13 13 13 13 13 13 13 13 13 13 13 13 13 13 13 13 14 13 13 13 13 13 13 13 13 13 13 13 13 14 13 13 13 13 13 13 13 13 13 13 13 13 13 13 13 13 14 12 13 12
621_0_2 3 5 6 6 7 1 2 3 2 3 1 4 4 3 1 3 27 12 13 13 13 13 13 13 13 14 13 13 13 13 13 13 13 13 13 13 13 13 13 13 13 12 14 13 13 14 12 13 13 13 13 13 13 13 13 13 13 13 13 13 13 13 14 13 13 13 13 13 13 13 12
622_0_2 3 5 6 6 7 1 2 2 3 3 2 2 4 4 1 3 27 13 13 13 13 12 13 13 13 13 13 13 13 13 13 13 13 13 13 13 13 13 12 13 13 13 14 14 14 14 13 13 13 12 13 13 13 13 13 13 13 13 13 13 13 13 13 13 13 13 12 13 13 13 13
622_1_4 3 7 6 6 5 1 3 2 2 2 2 5 3 2 2 3 27 13 13 13 13 12 13 13 13 13 13 13 13 13 13 13 13 13 13 13 13 13 12 13 13 13 14 14 14 14 13 13 13 12 13 13 13 13 13 13 13 13 13 13 13 13 13 13 13 13 12 13 13 13 13
624_0_2 3 5 6 6 7 1 2 4 4 1 4 2 3 2 2 2 27 12 13 13 14 12 13 13 13 13 13 13 13 13 13 13 13 13 13 13 13 13 13 13 14 13 13 13 13 13 13 14 13 13 13 13 13 13 13 13 13 13 13 13 13 13 13 13 13 13 12 14 13 13 12
625_0_2 3 5 6 6 7 1 2 3 3 1 3 1 2 3 3 5 27 12 13 13 13 13 13 13 13 13 12 14 13 13 13 13 14 13 13 13 13 13 13 13 13 13 13 13 13 13 13 13 13 13 13 13 13 13 13 14 13 13 13 13 14 12 13 13 13 13 13 13 13 13 12
626_1_0 3 5 4 6 7 1 2 1 2 3 4 1 2 4 2 3 25 11 11 11 11 11 11 11 11 11 11 11 11 11 11 11 11 11 12 11 11 11 11 11 11 11 12 12 12 12 11 11 11 11 11 11 11 12 11 11 11 11 11 11 11 11 11 11 11 11 11 11 11 11 11
627_1_0 3 6 7 5 6 0 2 4 3 2 3 3 3 3 1 3 27 12 13 13 13 13 13 13 13 13 13 13 13 13 14 12 13 13 13 13 13 13 13 14 13 13 13 13 13 13 13 13 14 13 13 13 13 13 13 13 12 14 13 13 13 13 13 13 13 13 13 13 13 13 12
629_1_0 3 6 7 5 6 1 2 1 3 2 3 4 1 3 4 3 27 12 13 13 13 13 13 13 13 13 13 13 14 13 13 13 13 13 13 14 12 13 13 13 13 13 13 13 13 13 13 13 13 13 13 12 14 13 13 13 13 13 13 14 13 13 13 13 13 13 13 13 13 13 12
630_3_0 3 6 7 4 5 1 2 2 2 3 1 2 4 4 1 3 25 11 11 11 11 11 11 11 11 11 11 11 11 11 11 11 11 11 11 12 11 11 11 11 11 11 12 12 12 12 11 11 11 11 11 11 12 11 11 11 11 11 11 11 11 11 11 11 11 11 11 11 11 11 11
631_1_2 3 6 7 5 6 1 2 3 4 3 3 1 3 1 2 4 27 12 13 13 13 13 13 13 13 13 13 13 13 13 14 12 13 13 13 13 13 13 13 13 13 13 13 14 14 13 13 13 13 13 13 13 13 13 13 13 12 14 13 13 13 13 13 13 13 13 13 13 13 13 12
632_1_2 3 6 5 8 5 1 2 3 2 3 1 4 4 3 1 3 27 12 13 12 14 13 13 13 13 13 13 13 13 13 13 13 13 13 13 13 14 13 13 13 13 13 13 13 13 13 13 13 13 13 13 14 13 13 13 13 13 13 13 13 13 13 13 13 13 13 13 14 12 13 12
633_3_0 3 8 5 5 4 0 2 3 1 2 2 2 2 4 3 4 25 11 11 11 11 11 11 11 11 11 11 11 11 11 11 11 11 11 11 11 12 11 12 11 11 12 11 11 11 11 12 11 11 12 11 12 11 11 11 11 11 11 11 11 11 11 11 11 11 11 11 11 11 11 11
634_1_0 4 4 8 5 6 1 1 3 2 3 1 3 3 3 3 4 27 12 13 13 14 13 13 13 13 13 13 12 14 13 13 13 13 13 13 13 13 13 13 13 13 13 13 13 13 13 13 13 13 13 13 13 13 13 13 13 13 13 13 14 12 13 13 13 13 13 13 14 13 13 12
635_0_2 3 5 8 5 6 1 2 4 4 2 3 1 3 1 3 3 27 12 13 12 14 13 13 13 13 13 13 13 13 13 13 14 13 13 13 13 13 13 13 13 13 13 13 13 13 13 13 13 13 13 13 13 13 13 13 13 14 13 13 13 13 13 13 13 13 13 13 14 12 13 12
636_1_0 2 6 5 7 5 1 1 2 2 4 2 2 3 4 1 3 25 11 11 11 11 11 11 11 11 11 11 11 11 11 11 11 11 11 11 11 12 11 11 11 12 12 11 11 11 11 12 12 11 11 11 12 11 11 11 11 11 11 11 11 11 11 11 11 11 11 11 11 11 11 11
637_0_2 2 5 7 5 6 1 2 1 2 2 3 3 4 1 2 4 25 11 11 11 11 11 11 11 11 11 11 11 11 11 11 11 11 11 11 12 12 11 11 11 11 12 11 11 11 11 12 11 11 11 11 12 12 11 11 11 11 11 11 11 11 11 11 11 11 11 11 11 11 11 11
637_2_2 3 5 4 8 5 1 2 1 2 2 3 3 4 1 2 4 25 11 11 11 11 11 11 11 11 11 11 11 11 11 11 11 11 11 11 12 12 11 11 11 11 12 11 11 11 11 12 11 11 11 11 12 12 11 11 11 11 11 11 11 11 11 11 11 11 11 11 11 11 11 11
638_1_0 2 6 5 7 5 1 1 2 3 2 4 3 2 2 1 4 25 11 11 11 11 11 11 11 11 11 11 11 11 11 11 11 11 11 11 11 12 11 11 11 11 12 12 11 11 12 12 11 11 11 11 12 11 11 11 11 11 11 11 11 11 11 11 11 11 11 11 11 11 11 11
639_0_2 3 4 7 5 6 1 1 2 2 2 4 3 1 3 2 4 25 11 11 11 11 11 11 11 11 11 11 11 11 11 11 11 12 11 11 11 11 11 11 11 11 11 12 12 12 12 11 11 11 11 11 11 11 11 11 12 11 11 11 11 11 11 11 11 11 11 11 11 11 11 11
639_2_2 3 6 5 7 4 1 1 2 2 2 4 3 1 3 2 4 25 11 11 11 11 11 11 11 11 11 11 11 11 11 11 11 12 11 11 11 11 11 11 11 11 11 12 12 12 12 11 11 11 11 11 11 11 11 11 12 11 11 11 11 11 11 11 11 11 11 11 11 11 11 11
640_1_0 3 6 7 5 6 1 1 2 4 3 3 2 3 3 1 4 27 12 13 13 14 12 13 13 13 13 13 13 13 13 13 13 13 14 13 13 13 13 13 13 13 13 13 13 13 13 13 13 13 13 13 13 13 13 14 13 13 13 13 13 13 13 13 13 13 13 12 14 13 13 12
641_3_0 3 6 7 4 5 1 1 2 4 2 4 3 1 2 2 3 25 11 11 11 11 11 11 11 11 11 11 11 11 11 11 11 11 11 11 11 11 12 11 12 11 11 12 11 11 12 11 11 12 11 12 11 11 11 11 11 11 11 11 11 11 11 11 11 11 11 11 11 11 11 11
642_1_2 3 5 4 6 7 1 1 2 3 1 4 2 2 3 4 2 25 11 11 11 11 11 11 11 11 11 11 11 11 11 11 11 11 11 12 11 11 11 11 12 11 11 12 11 11 12 11 11 12 11 11 11 11 12 11 11 11 11 11 11 11 11 11 11 11 11 11 11 11 11 11
642_3_2 3 7 6 4 5 1 1 2 3 1 4 2 2 3 4 2 25 11 11 11 11 11 11 11 11 11 11 11 11 11 11 11 11 11 12 11 11 11 11 12 11 11 12 11 11 12 11 11 12 11 11 11 11 12 11 11 11 11 11 11 11 11 11 11 11 11 11 11 11 11 11
643_3_0 3 7 6 4 5 0 3 2 2 1 2 4 4 2 2 3 25 11 11 11 11 11 11 11 11 11 11 11 11 11 11 11 11 11 11 11 11 11 12 12 11 11 12 11 11 12 11 11 12 12 11 11 11 11 11 11 11 11 11 11 11 11 11 11 11 11 11 11 11 11 11
644_1_2 3 5 4 6 7 1 1 2 2 2 4 3 1 3 2 4 25 11 11 11 11 11 11 11 11 11 11 11 11 11 11 11 11 12 11 11 11 11 11 11 11 11 12 12 12 12 11 11 11 11 11 11 11 11 12 11 11 11 11 11 11 11 11 11 11 11 11 11 11 11 11
644_3_2 3 7 6 4 5 1 1 2 2 2 4 3 1 3 2 4 25 11 11 11 11 11 11 11 11 11 11 11 11 11 11 11 11 12 11 11 11 11 11 11 11 11 12 12 12 12 11 11 11 11 11 11 11 11 12 11 11 11 11 11 11 11 11 11 11 11 11 11 11 11 11
645_3_0 3 6 7 4 5 1 1 2 2 3 2 4 1 3 4 2 25 11 11 11 11 11 11 11 11 11 11 11 11 11 11 11 11 11 11 11 11 11 11 12 12 11 12 11 11 12 11 12 12 11 11 11 11 11 11 11 11 11 11 11 11 11 11 11 11 11 11 11 11 11 11
646_3_0 3 7 6 4 5 0 2 2 2 3 4 1 3 2 4 2 25 11 11 11 11 11 11 11 11 11 11 11 11 11 11 11 11 11 11 11 11 11 12 11 11 11 12 12 12 12 11 11 11 12 11 11 11 11 11 11 11 11 11 11 11 11 11 11 11 11 11 11 11 11 11
648_0_2 3 6 5 7 6 1 2 2 3 2 3 3 1 5 3 2 27 12 13 13 13 13 13 13 13 13 13 13 13 13 13 12 14 13 14 13 13 13 13 13 13 13 13 13 13 13 13 13 13 13 13 13 13 14 13 14 12 13 13 13 13 13 13 13 13 13 13 13 13 13 12
649_1_0 3 6 7 5 6 0 2 1 4 2 2 4 2 3 4 3 27 12 13 13 13 13 13 13 13 13 13 14 13 13 13 12 13 13 13 13 13 13 14 13 13 13 13 13 13 13 13 13 13 14 13 13 13 13 13 13 12 13 13 13 14 13 13 13 13 13 13 13 13 13 12
651_0_2 4 4 6 5 8 1 3 2 2 2 3 1 3 2 5 3 27 12 13 13 13 13 13 13 13 13 13 13 12 14 13 13 13 13 14 13 13 13 13 13 13 13 13 13 13 13 13 13 13 13 13 13 13 14 13 13 13 13 14 12 13 13 13 13 13 13 13 13 13 13 12
652_1_0 4 4 8 5 6 1 1 2 3 2 2 2 3 4 2 5 27 12 13 13 13 13 13 13 13 13 13 14 13 14 12 13 13 13 13 13 13 13 13 13 13 13 13 13 13 13 13 13 13 13 13 13 13 13 13 13 13 12 14 13 14 13 13 13 13 13 13 13 13 13 12
654_1_0 4 4 8 5 6 1 1 2 3 2 3 4 1 4 3 3 27 12 14 13 13 12 13 13 13 13 14 13 13 13 13 13 13 13 13 13 13 13 13 13 13 13 13 13 13 13 13 13 13 13 13 13 13 13 13 13 13 13 13 13 13 14 13 13 13 13 12 13 13 14 12
656_0_2 3 5 7 5 7 1 2 3 4 3 3 1 3 1 2 4 27 12 13 14 13 13 13 13 13 13 13 13 13 13 13 13 13 13 13 13 13 13 13 13 13 13 12 14 14 12 13 13 13 13 13 13 13 13 13 13 13 13 13 13 13 13 13 13 13 13 13 13 14 13 12
657_1_0 4 4 8 5 6 1 1 2 4 1 4 3 2 3 3 3 27 12 13 13 13 13 13 13 14 13 13 13 13 13 13 13 13 12 14 13 13 13 13 13 13 13 13 13 13 13 13 13 13 13 13 13 13 14 12 13 13 13 13 13 13 13 13 14 13 13 13 13 13 13 12
659_1_0 3 8 6 5 5 1 1 3 1 3 2 3 2 3 3 5 27 12 13 13 13 13 13 13 13 13 13 14 13 13 13 13 13 13 13 13 14 12 13 13 13 13 13 13 13 13 13 13 13 13 12 14 13 13 13 13 13 13 13 13 14 13 13 13 13 13 13 13 13 13 12
661_1_0 3 7 6 6 5 1 1 3 1 3 2 3 2 3 3 5 27 12 13 13 13 13 13 13 13 13 12 14 13 13 13 13 13 13 13 13 13 13 13 13 14 13 13 13 13 13 13 14 13 13 13 13 13 13 13 13 13 13 13 13 14 12 13 13 13 13 13 13 13 13 12
663_1_0 4 4 8 5 6 1 1 3 1 3 2 3 2 3 3 5 27 12 13 13 13 13 13 13 13 13 13 13 13 14 13 13 13 13 13 13 13 13 14 12 13 13 13 13 13 13 13 13 12 14 13 13 13 13 13 13 13 13 14 13 13 13 13 13 13 13 13 13 13 13 12
665_1_0 3 8 6 5 5 1 1 3 1 3 2 3 2 3 3 5 27 12 13 13 13 13 13 13 13 13 13 13 13 13 13 13 13 13 13 13 14 13 14 12 13 13 13 13 13 13 13 13 12 14 13 14 13 13 13 13 13 13 13 13 13 13 13 13 13 13 13 13 13 13 12
666_1_2 4 4 8 5 6 1 2 3 4 3 3 1 3 1 2 4 27 12 13 14 13 13 14 13 13 13 13 13 13 13 13 13 13 13 13 13 13 13 13 13 13 13 12 13 13 12 13 13 13 13 13 13 13 13 13 13 13 13 13 13 13 13 13 13 13 14 13 13 14 13 12
667_1_0 4 5 4 8 6 1 1 3 1 3 3 3 2 3 3 4 27 12 13 13 13 13 13 13 13 13 13 13 13 13 13 13 13 13 13 14 13 14 12 13 13 13 13 13 13 13 13 13 13 12 14 13 14 13 13 13 13 13 13 13 13 13 13 13 13 13 13 13 13 13 12
668_0_2 3 5 6 6 7 1 2 3 3 2 2 3 5 1 3 2 27 12 13 13 14 13 13 13 13 13 13 13 13 13 13 13 13 13 13 14 12 13 13 13 13 13 13 13 13 13 13 13 13 13 13 12 14 13 13 13 13 13 13 13 13 13 13 13 13 13 13 14 13 13 12
669_1_0 3 7 6 6 5 0 2 3 2 3 1 4 3 3 3 3 27 12 13 13 13 13 13 13 13 13 13 13 13 13 13 13 13 13 13 14 13 13 13 13 14 12 13 13 13 13 12 14 13 13 13 13 14 13 13 13 13 13 13 13 13 13 13 13 13 13 13 13 13 13 12
671_0_2 3 6 5 7 6 1 3 2 2 2 3 1 3 2 5 3 27 12 13 13 13 13 13 14 13 14 12 13 13 13 13 13 13 13 13 13 13 13 13 13 13 13 13 13 13 13 13 13 13 13 13 13 13 13 13 13 13 13 13 13 13 12 14 13 14 13 13 13 13 13 12
672_0_2 3 5 5 6 8 1 2 2 4 2 4 3 1 3 3 2 27 12 13 13 13 13 13 13 13 13 13 13 13 13 13 13 13 13 13 13 13 13 12 14 13 14 13 13 13 13 14 13 14 12 13 13 13 13 13 13 13 13 13 13 13 13 13 13 13 13 13 13 13 13 12
672_1_4 3 8 6 5 5 1 2 3 3 1 3 4 2 4 2 2 27 12 13 13 13 13 13 13 13 13 13 13 13 13 13 13 13 13 13 13 13 13 12 14 13 14 13 13 13 13 14 13 14 12 13 13 13 13 13 13 13 13 13 13 13 13 13 13 13 13 13 13 13 13 12
673_1_0 3 7 6 6 5 1 1 3 2 3 1 3 3 3 3 4 27 13 13 13 13 12 13 13 13 13 13 12 13 13 13 13 14 13 13 13 13 13 13 13 13 13 14 13 13 14 13 13 13 13 13 13 13 13 13 14 13 13 13 13 12 13 13 13 13 13 12 13 13 13 13
674_1_0 4 4 8 5 6 1 2 2 3 1 4 2 2 5 3 2 27 12 13 13 13 13 13 12 14 13 13 13 13 13 13 13 13 13 13 13 13 13 14 13 13 13 13 13 13 13 13 13 13 14 13 13 13 13 13 13 13 13 13 13 13 13 13 14 12 13 13 13 13 13 12
676_1_0 3 7 6 6 5 1 1 2 4 1 4 3 2 3 3 3 27 12 13 13 14 12 13 13 13 13 13 13 13 13 14 13 13 13 13 13 13 13 13 13 13 13 13 13 13 13 13 13 13 13 13 13 13 13 13 13 13 14 13 13 13 13 13 13 13 13 12 14 13 13 12
678_0_2 4 4 6 5 8 1 2 4 4 1 4 2 3 2 2 2 27 12 13 13 13 13 12 14 13 14 13 13 13 13 13 13 13 13 13 13 13 13 13 13 13 13 13 13 13 13 13 13 13 13 13 13 13 13 13 13 13 13 13 13 13 13 14 13 14 12 13 13 13 13 12
679_1_0 3 8 6 5 5 1 2 2 3 4 3 1 3 4 1 3 27 12 13 13 13 13 13 13 13 13 13 13 13 13 13 13 14 13 13 13 13 13 13 13 12 14 13 13 13 13 14 12 13 13 13 13 13 13 13 14 13 13 13 13 13 13 13 13 13 13 13 13 13 13 12
680_1_2 3 7 6 6 5 1 1 2 5 2 3 3 2 3 2 3 27 12 13 13 13 13 13 13 13 13 13 13 13 13 13 13 13 13 13 13 13 14 13 13 13 12 14 13 13 14 12 13 13 13 14 13 13 13 13 13 13 13 13 13 13 13 13 13 13 13 13 13 13 13 12
681_1_2 4 5 4 8 6 1 2 1 2 4 2 2 3 4 2 4 27 12 13 13 13 13 13 13 12 14 13 13 13 13 13 13 13 13 13 13 13 13 13 13 14 13 13 13 13 13 13 14 13 13 13 13 13 13 13 13 13 13 13 13 13 13 14 12 13 13 13 13 13 13 12
683_0_2 3 5 6 6 7 1 3 2 2 2 3 1 3 2 5 3 27 12 13 13 13 13 13 13 13 14 12 13 13 13 13 13 13 13 13 13 13 13 13 13 13 13 14 13 13 14 13 13 13 13 13 13 13 13 13 13 13 13 13 13 13 12 14 13 13 13 13 13 13 13 12
684_0_2 4 5 4 6 8 1 2 3 3 1 3 3 4 3 1 3 27 12 13 13 13 13 13 13 13 13 13 13 13 13 13 13 14 13 13 13 13 14 12 13 13 13 13 13 13 13 13 13 13 12 14 13 13 13 13 14 13 13 13 13 13 13 13 13 13 13 13 13 13 13 12
684_1_4 4 5 4 8 6 1 2 5 2 3 2 3 3 2 2 2 27 12 13 13 13 13 13 13 13 13 13 13 13 13 13 13 14 13 13 13 13 14 12 13 13 13 13 13 13 13 13 13 13 12 14 13 13 13 13 14 13 13 13 13 13 13 13 13 13 13 13 13 13 13 12
685_1_2 3 6 7 5 6 1 2 3 1 3 2 2 3 3 5 2 27 12 13 13 13 13 13 13 13 13 13 13 13 13 13 13 13 13 13 13 12 14 13 14 13 13 13 13 13 13 13 13 14 13 14 12 13 13 13 13 13 13 13 13 13 13 13 13 13 13 13 13 13 13 12
686_1_2 3 7 6 6 5 1 2 2 3 2 3 3 1 5 3 2 27 12 13 13 13 12 14 13 13 13 13 13 13 13 13 13 14 13 13 13 13 13 13 13 13 13 13 13 13 13 13 13 13 13 13 13 13 13 13 14 13 13 13 13 13 13 13 13 13 14 12 13 13 13 12
687_1_2 4 4 8 5 6 1 2 3 1 3 2 2 3 3 5 2 27 12 13 13 13 13 13 13 13 13 13 13 13 13 13 13 13 13 13 13 13 14 13 14 12 13 13 13 13 13 13 12 14 13 14 13 13 13 13 13 13 13 13 13 13 13 13 13 13 13 13 13 13 13 12
688_1_2 3 8 6 5 5 1 2 3 1 3 2 2 3 3 5 2 27 12 13 13 13 13 13 13 13 13 14 13 14 12 13 13 13 13 13 13 13 13 13 13 13 13 13 13 13 13 13 13 13 13 13 13 13 13 13 13 13 13 12 14 13 14 13 13 13 13 13 13 13 13 12
689_1_2 3 6 7 5 6 1 2 2 2 2 4 3 4 1 2 4 27 12 13 13 13 13 13 13 14 13 13 13 13 13 14 12 13 13 13 13 13 13 13 13 13 13 13 13 13 13 13 13 13 13 13 13 13 13 13 13 12 14 13 13 13 13 13 14 13 13 13 13 13 13 12
690_1_0 4 4 8 5 6 1 2 2 2 3 3 2 3 2 5 2 27 12 13 13 13 13 13 13 13 13 13 13 13 13 13 13 13 14 13 13 13 13 12 14 13 13 13 13 13 13 13 13 14 12 13 13 13 13 14 13 13 13 13 13 13 13 13 13 13 13 13 13 13 13 12
691_0_2 3 5 5 6 8 1 2 3 3 1 3 3 4 3 1 3 27 12 13 13 13 13 14 13 13 13 14 12 13 13 13 13 13 13 13 13 13 13 13 13 13 13 13 13 13 13 13 13 13 13 13 13 13 13 13 13 13 13 13 13 12 14 13 13 13 14 13 13 13 13 12
691_1_4 3 8 6 5 5 1 2 5 2 3 2 3 3 2 2 2 27 12 13 13 13 13 14 13 13 13 14 12 13 13 13 13 13 13 13 13 13 13 13 13 13 13 13 13 13 13 13 13 13 13 13 13 13 13 13 13 13 13 13 13 12 14 13 13 13 14 13 13 13 13 12
692_1_0 3 7 6 6 5 1 1 3 1 3 3 3 2 3 3 4 27 13 13 13 13 12 13 13 13 13 13 13 13 13 13 13 13 13 13 14 13 13 12 13 13 13 13 14 14 13 13 13 13 12 13 13 14 13 13 13 13 13 13 13 13 13 13 13 13 13 12 13 13 13 13
693_1_0 3 8 6 5 5 0 2 3 2 3 1 4 3 3 3 3 27 12 13 13 13 14 12 13 13 13 13 13 13 13 13 13 13 13 13 13 13 13 13 13 14 13 13 13 13 13 13 14 13 13 13 13 13 13 13 13 13 13 13 13 13 13 13 13 13 12 14 13 13 13 12
695_0_2 4 4 6 5 8 1 2 2 4 2 4 3 1 3 3 2 27 12 13 13 13 13 13 13 13 13 13 12 14 13 14 13 13 13 13 13 13 13 13 13 13 13 13 13 13 13 13 13 13 13 13 13 13 13 13 13 13 14 13 14 12 13 13 13 13 13 13 13 13 13 12
695_1_4 4 4 8 5 6 1 2 3 3 1 3 4 2 4 2 2 27 12 13 13 13 13 13 13 13 13 13 12 14 13 14 13 13 13 13 13 13 13 13 13 13 13 13 13 13 13 13 13 13 13 13 13 13 13 13 13 13 14 13 14 12 13 13 13 13 13 13 13 13 13 12
696_1_2 3 8 6 5 5 1 2 2 3 2 3 3 1 5 3 2 27 12 13 13 12 14 13 13 13 13 13 13 13 13 13 13 13 13 13 13 13 13 13 13 13 13 14 13 13 14 13 13 13 13 13 13 13 13 13 13 13 13 13 13 13 13 13 13 13 13 14 12 13 13 12
697_1_2 3 6 7 5 6 1 2 2 3 2 3 3 1 5 3 2 27 12 13 13 13 13 13 14 13 13 13 13 13 13 13 12 14 13 13 13 13 13 13 13 13 13 13 13 13 13 13 13 13 13 13 13 13 13 13 14 12 13 13 13 13 13 13 13 14 13 13 13 13 13 12
699_0_2 3 6 5 7 6 1 1 2 5 2 3 3 2 3 2 3 27 12 13 13 13 13 13 13 13 13 13 13 14 13 13 13 13 13 13 13 13 13 13 13 13 12 14 13 13 14 12 13 13 13 13 13 13 13 13 13 13 13 13 14 13 13 13 13 13 13 13 13 13 13 12
700_0_2 3 5 8 5 6 1 1 2 5 2 3 3 2 3 2 3 27 12 13 12 14 13 13 13 13 13 14 13 13 13 13 13 13 13 13 13 13 13 13 13 13 13 13 13 13 13 13 13 13 13 13 13 13 13 13 13 13 13 13 13 13 14 13 13 13 13 13 14 12 13 12
701_0_2 3 6 5 7 6 1 2 1 2 4 2 2 3 4 2 4 27 12 13 13 13 13 13 13 13 13 13 13 13 14 13 13 13 13 13 13 13 13 13 13 14 12 13 13 13 13 12 14 13 13 13 13 13 13 13 13 13 13 14 13 13 13 13 13 13 13 13 13 13 13 12
702_0_2 3 4 7 5 6 1 1 2 3 2 2 2 4 4 1 3 25 11 11 11 11 11 11 11 11 11 11 11 11 11 11 11 11 11 11 12 11 12 11 12 11 11 11 11 11 11 11 11 12 11 12 11 12 11 11 11 11 11 11 11 11 11 11 11 11 11 11 11 11 11 11
702_2_2 3 6 5 7 4 1 1 2 3 2 2 2 4 4 1 3 25 11 11 11 11 11 11 11 11 11 11 11 11 11 11 11 11 11 11 12 11 12 11 12 11 11 11 11 11 11 11 11 12 11 12 11 12 11 11 11 11 11 11 11 11 11 11 11 11 11 11 11 11 11 11
703_1_0 3 6 7 5 6 0 2 3 2 3 1 4 3 3 3 3 27 12 14 13 14 13 13 13 13 13 13 13 13 13 13 12 13 13 13 13 13 13 13 13 13 13 13 13 13 13 13 13 13 13 13 13 13 13 13 13 12 13 13 13 13 13 13 13 13 13 13 14 13 14 12
704_1_2 4 4 8 5 6 1 3 2 2 2 3 1 3 2 5 3 27 12 13 13 13 13 13 13 13 13 13 13 13 14 13 13 13 13 13 13 13 12 13 13 13 13 14 13 13 14 13 13 13 13 12 13 13 13 13 13 13 13 14 13 13 13 13 13 13 13 13 13 13 13 12
705_1_2 4 4 8 5 6 1 2 3 3 2 2 3 5 1 3 2 27 12 13 13 13 13 13 14 13 13 13 13 13 13 14 13 13 13 13 13 13 13 13 13 12 13 13 13 13 13 13 12 13 13 13 13 13 13 13 13 13 14 13 13 13 13 13 13 14 13 13 13 13 13 12
706_1_2 3 8 6 5 5 1 2 2 2 2 4 3 4 1 2 4 27 12 13 13 13 13 13 13 13 13 13 13 13 13 14 13 13 13 13 13 13 13 13 13 13 14 12 13 13 12 14 13 13 13 13 13 13 13 13 13 13 14 13 13 13 13 13 13 13 13 13 13 13 13 12
707_1_2 4 4 8 5 6 1 2 3 4 3 3 1 3 1 2 4 27 12 13 13 12 13 13 13 14 13 13 13 13 13 13 13 14 13 13 13 13 13 13 13 13 13 13 13 13 13 13 13 13 13 13 13 13 13 13 14 13 13 13 13 13 13 13 14 13 13 13 12 13 13 12
709_2_0 3 7 5 6 4 0 1 4 1 3 2 3 3 3 3 2 25 11 11 11 11 11 11 11 11 11 11 11 11 11 11 11 11 11 11 11 11 11 12 12 12 11 11 11 11 11 11 12 12 12 11 11 11 11 11 11 11 11 11 11 11 11 11 11 11 11 11 11 11 11 11
710_2_0 3 6 5 7 4 0 2 2 3 3 1 3 4 3 1 3 25 11 11 11 11 11 11 11 11 11 11 11 11 11 11 11 11 11 11 11 11 11 12 11 12 11 12 11 11 12 11 12 11 12 11 11 11 11 11 11 11 11 11 11 11 11 11 11 11 11 11 11 11 11 11
711_2_0 3 6 5 7 4 1 2 2 1 2 3 4 3 2 1 4 25 11 11 11 11 11 11 11 11 11 11 11 11 11 11 11 11 11 11 11 11 12 11 11 12 11 11 12 12 11 11 12 11 11 12 11 11 11 11 11 11 11 11 11 11 11 11 11 11 11 11 11 11 11 11
712_2_0 3 7 5 6 4 1 2 2 1 2 3 4 3 2 1 4 25 11 11 11 11 11 11 11 11 11 11 11 11 11 11 11 11 11 11 11 11 11 11 12 12 11 11 12 12 11 11 12 12 11 11 11 11 11 11 11 11 11 11 11 11 11 11 11 11 11 11 11 11 11 11
714_0_0 4 4 6 5 8 1 1 2 3 2 3 4 1 4 3 3 27 12 13 13 13 13 12 13 13 13 13 13 14 13 13 13 13 13 13 13 13 13 13 13 14 13 13 13 13 13 13 14 13 13 13 13 13 13 13 13 13 13 13 14 13 13 13 13 13 12 13 13 13 13 12
715_1_0 4 4 8 5 6 0 1 3 3 3 3 3 2 3 2 4 27 12 13 13 13 13 13 14 12 13 13 13 13 13 13 13 13 13 13 13 13 13 13 14 13 13 13 13 13 13 13 13 14 13 13 13 13 13 13 13 13 13 13 13 13 13 13 12 14 13 13 13 13 13 12
717_0_0 3 6 5 7 6 1 2 2 3 4 2 4 2 1 2 4 27 12 13 13 13 13 13 13 13 13 13 13 13 13 13 13 13 13 14 14 12 13 13 13 13 13 13 13 13 13 13 13 13 13 13 12 14 14 13 13 13 13 13 13 13 13 13 13 13 13 13 13 13 13 12
718_0_0 4 4 6 5 8 1 2 3 1 4 3 4 2 1 3 3 27 12 12 14 13 13 13 13 14 13 13 13 13 13 13 13 13 13 13 13 13 13 13 13 13 13 13 13 13 13 13 13 13 13 13 13 13 13 13 13 13 13 13 13 13 13 13 14 13 13 13 13 14 12 12
719_1_0 4 4 8 5 6 0 1 3 3 3 3 3 2 3 2 4 27 12 13 13 13 13 13 13 13 13 13 13 13 13 13 13 13 13 14 12 13 14 13 13 13 13 13 13 13 13 13 13 13 13 14 13 12 14 13 13 13 13 13 13 13 13 13 13 13 13 13 13 13 13 12
720_1_0 3 6 7 5 6 0 3 3 2 1 3 2 4 3 3 3 27 12 14 13 13 13 13 13 13 13 13 13 13 13 13 13 14 13 13 13 12 13 13 13 13 13 13 13 13 13 13 13 13 13 13 12 13 13 13 14 13 13 13 13 13 13 13 13 13 13 13 13 13 14 12
721_1_0 3 7 5 7 5 1 1 3 2 3 4 3 1 4 2 3 27 12 14 13 12 13 13 13 14 13 13 13 13 13 13 13 13 13 13 13 13 13 13 13 13 13 13 13 13 13 13 13 13 13 13 13 13 13 13 13 13 13 13 13 13 13 13 14 13 13 13 12 13 14 12
723_0_0 3 6 5 7 6 0 2 3 2 3 1 4 3 3 3 3 27 12 14 13 13 13 13 13 13 13 13 13 13 13 13 12 13 13 13 13 13 13 13 13 13 13 14 13 13 14 13 13 13 13 13 13 13 13 13 13 12 13 13 13 13 13 13 13 13 13 13 13 13 14 12
725_0_0 4 4 6 5 8 1 1 3 2 3 4 3 1 4 2 3 27 12 13 13 13 13 13 13 13 13 13 13 13 14 13 12 13 13 13 13 13 13 13 13 13 14 13 13 13 13 14 13 13 13 13 13 13 13 13 13 12 13 14 13 13 13 13 13 13 13 13 13 13 13 12
726_0_0 3 5 7 5 7 0 3 3 2 1 3 2 4 3 3 3 27 12 13 13 13 13 13 13 14 13 13 13 13 13 13 13 13 14 13 12 13 13 13 13 13 13 13 13 13 13 13 13 13 13 13 13 12 13 14 13 13 13 13 13 13 13 13 14 13 13 13 13 13 13 12
727_0_0 4 4 6 5 8 1 1 3 3 1 3 2 4 3 3 3 27 13 13 13 13 12 13 13 13 13 14 12 13 13 13 13 13 13 13 13 13 13 13 13 13 13 13 14 14 13 13 13 13 13 13 13 13 13 13 13 13 13 13 13 12 14 13 13 13 13 12 13 13 13 13
727_1_2 4 4 8 5 6 1 2 2 3 2 2 2 5 3 2 3 27 13 13 13 13 12 13 13 13 13 14 12 13 13 13 13 13 13 13 13 13 13 13 13 13 13 13 14 14 13 13 13 13 13 13 13 13 13 13 13 13 13 13 13 12 14 13 13 13 13 12 13 13 13 13
728_0_4 3 5 8 5 6 0 3 3 3 3 4 1 2 3 2 3 27 12 13 13 13 14 13 13 13 14 13 13 13 13 13 13 13 13 13 13 13 13 13 12 13 13 13 13 13 13 13 13 12 13 13 13 13 13 13 13 13 13 13 13 13 13 14 13 13 13 14 13 13 13 12
728_1_4 3 6 5 8 5 0 3 3 3 3 4 1 2 3 2 3 27 12 13 13 13 14 13 13 13 14 13 13 13 13 13 13 13 13 13 13 13 13 13 12 13 13 13 13 13 13 13 13 12 13 13 13 13 13 13 13 13 13 13 13 13 13 14 13 13 13 14 13 13 13 12
729_0_4 4 4 6 5 8 1 2 2 5 2 3 3 2 2 3 2 27 12 14 13 13 13 13 13 13 13 13 12 13 13 13 13 13 13 13 13 13 14 13 13 13 13 13 13 13 13 13 13 13 13 14 13 13 13 13 13 13 13 13 13 12 13 13 13 13 13 13 13 13 14 12
730_0_0 4 4 6 5 8 1 1 2 3 2 4 3 2 3 2 4 27 12 13 13 13 13 13 13 13 14 13 12 13 13 13 13 13 13 13 13 13 13 13 14 13 13 13 13 13 13 13 13 14 13 13 13 13 13 13 13 13 13 13 13 12 13 14 13 13 13 13 13 13 13 12
730_1_2 4 4 8 5 6 1 2 1 3 3 1 3 3 3 3 4 27 12 13 13 13 13 13 13 13 14 13 12 13 13 13 13 13 13 13 13 13 13 13 14 13 13 13 13 13 13 13 13 14 13 13 13 13 13 13 13 13 13 13 13 12 13 14 13 13 13 13 13 13 13 12
731_0_4 3 6 5 7 6 1 2 2 4 3 1 4 3 3 2 2 27 13 13 13 13 12 13 13 13 13 13 12 13 13 13 13 13 14 13 13 13 14 13 13 13 13 13 13 13 13 13 13 13 13 14 13 13 13 14 13 13 13 13 13 12 13 13 13 13 13 12 13 13 13 13
732_0_0 3 5 5 6 8 1 1 2 3 2 4 3 2 3 2 4 27 12 14 13 13 13 13 13 13 13 14 13 13 13 13 13 13 13 13 13 13 13 12 13 13 13 13 13 13 13 13 13 13 12 13 13 13 13 13 13 13 13 13 13 13 14 13 13 13 13 13 13 13 14 12
732_1_2 3 8 6 5 5 1 2 1 3 3 1 3 3 3 3 4 27 12 14 13 13 13 13 13 13 13 14 13 13 13 13 13 13 13 13 13 13 13 12 13 13 13 13 13 13 13 13 13 13 12 13 13 13 13 13 13 13 13 13 13 13 14 13 13 13 13 13 13 13 14 12
733_0_4 4 4 6 5 8 1 2 2 5 2 3 3 2 2 3 2 27 12 14 13 13 13 13 13 13 13 13 13 14 13 13 13 13 13 13 13 13 13 12 13 13 13 13 13 13 13 13 13 13 12 13 13 13 13 13 13 13 13 13 14 13 13 13 13 13 13 13 13 13 14 12
734_0_0 4 4 6 5 8 1 1 2 3 2 4 3 2 3 2 4 27 12 13 13 13 13 13 13 13 13 13 12 13 14 13 13 13 13 13 13 13 14 13 13 13 13 13 13 13 13 13 13 13 13 14 13 13 13 13 13 13 13 14 13 12 13 13 13 13 13 13 13 13 13 12
734_1_2 4 4 8 5 6 1 2 1 3 3 1 3 3 3 3 4 27 12 13 13 13 13 13 13 13 13 13 12 13 14 13 13 13 13 13 13 13 14 13 13 13 13 13 13 13 13 13 13 13 13 14 13 13 13 13 13 13 13 14 13 12 13 13 13 13 13 13 13 13 13 12
735_0_4 3 5 7 5 7 1 2 2 5 2 3 3 2 2 3 2 27 12 14 13 13 13 13 13 13 13 13 12 13 13 13 13 13 13 13 13 13 13 13 14 13 13 13 13 13 13 13 13 14 13 13 13 13 13 13 13 13 13 13 13 12 13 13 13 13 13 13 13 13 14 12
736_0_0 3 6 5 7 6 1 1 2 3 3 3 2 4 1 4 3 27 12 13 13 13 13 13 13 13 13 13 13 13 13 13 13 13 13 13 13 13 13 13 13 14 12 13 14 14 13 12 14 13 13 13 13 13 13 13 13 13 13 13 13 13 13 13 13 13 13 13 13 13 13 12
737_0_0 3 5 7 5 7 0 2 2 3 3 4 2 3 1 4 3 27 12 13 13 13 13 13 13 13 13 13 13 13 13 13 13 13 14 13 12 13 13 14 13 13 13 13 13 13 13 13 13 13 14 13 13 12 13 14 13 13 13 13 13 13 13 13 13 13 13 13 13 13 13 12
738_0_4 4 4 6 5 8 0 3 3 3 3 4 1 2 3 2 3 27 12 13 13 13 13 13 13 13 13 13 13 12 14 13 13 13 13 13 13 13 13 13 13 13 13 13 14 14 13 13 13 13 13 13 13 13 13 13 13 13 13 14 12 13 13 13 13 13 13 13 13 13 13 12
738_1_4 4 4 8 5 6 0 3 3 3 3 4 1 2 3 2 3 27 12 13 13 13 13 13 13 13 13 13 13 12 14 13 13 13 13 13 13 13 13 13 13 13 13 13 14 14 13 13 13 13 13 13 13 13 13 13 13 13 13 14 12 13 13 13 13 13 13 13 13 13 13 12
739_1_0 4 4 8 5 6 1 2 2 3 4 2 4 2 1 2 4 27 12 12 14 13 13 13 13 13 13 13 13 13 13 13 13 13 13 14 13 13 13 13 13 13 13 13 13 13 13 13 13 13 13 13 13 13 14 13 13 13 13 13 13 13 13 13 13 13 13 13 13 14 12 12
740_0_4 3 6 5 7 6 0 3 3 3 3 4 1 2 3 2 3 27 12 14 13 13 13 14 13 13 13 12 13 13 13 13 13 13 13 13 13 13 13 13 13 13 13 13 13 13 13 13 13 13 13 13 13 13 13 13 13 13 13 13 13 13 12 13 13 13 14 13 13 13 14 12
740_1_4 3 6 7 5 6 0 3 3 3 3 4 1 2 3 2 3 27 12 14 13 13 13 14 13 13 13 12 13 13 13 13 13 13 13 13 13 13 13 13 13 13 13 13 13 13 13 13 13 13 13 13 13 13 13 13 13 13 13 13 13 13 12 13 13 13 14 13 13 13 14 12
741_1_0 3 7 5 7 5 0 3 3 2 1 3 2 4 3 3 3 27 12 13 13 13 13 13 13 13 13 13 13 13 13 13 13 13 13 14 13 13 13 13 13 13 13 12 14 14 12 13 13 13 13 13 13 13 14 13 13 13 13 13 13 13 13 13 13 13 13 13 13 13 13 12
742_0_4 3 6 5 7 6 0 3 3 3 3 4 1 2 3 2 3 27 12 13 13 13 13 13 13 13 14 12 13 13 13 13 13 13 13 13 13 13 13 13 13 13 13 13 14 14 13 13 13 13 13 13 13 13 13 13 13 13 13 13 13 13 12 14 13 13 13 13 13 13 13 12
742_1_4 3 6 7 5 6 0 3 3 3 3 4 1 2 3 2 3 27 12 13 13 13 13 13 13 13 14 12 13 13 13 13 13 13 13 13 13 13 13 13 13 13 13 13 14 14 13 13 13 13 13 13 13 13 13 13 13 13 13 13 13 13 12 14 13 13 13 13 13 13 13 12
743_1_0 3 7 6 6 5 1 2 2 2 3 2 4 1 4 4 2 27 13 13 13 13 12 13 13 13 13 12 13 13 13 13 14 13 13 13 13 13 13 13 13 14 13 13 13 13 13 13 14 13 13 13 13 13 13 13 13 14 13 13 13 13 12 13 13 13 13 12 13 13 13 13
745_0_0 3 6 5 7 6 1 1 2 4 3 3 2 3 3 1 4 27 13 13 13 13 12 13 13 13 13 12 13 13 13 13 14 13 13 13 13 13 13 13 13 13 13 13 14 14 13 13 13 13 13 13 13 13 13 13 13 14 13 13 13 13 12 13 13 13 13 12 13 13 13 13
747_0_0 3 6 5 7 6 1 1 3 2 3 4 3 1 4 2 3 27 12 14 13 13 13 13 13 13 13 13 13 13 13 13 12 13 13 13 14 13 13 13 13 13 13 13 13 13 13 13 13 13 13 13 13 14 13 13 13 12 13 13 13 13 13 13 13 13 13 13 13 13 14 12
748_0_0 3 5 8 5 6 1 1 3 2 3 4 3 1 4 2 3 27 12 13 13 13 13 13 13 13 13 13 13 13 13 13 13 13 13 12 14 14 13 13 13 13 13 13 13 13 13 13 13 13 13 13 14 14 12 13 13 13 13 13 13 13 13 13 13 13 13 13 13 13 13 12
749_0_0 3 5 7 5 7 1 1 2 4 1 3 3 2 4 3 3 27 12 13 13 13 13 13 13 13 13 13 13 13 13 13 13 13 13 13 13 13 13 13 14 13 13 12 14 14 12 13 13 14 13 13 13 13 13 13 13 13 13 13 13 13 13 13 13 13 13 13 13 13 13 12
750_1_0 4 4 8 5 6 1 2 2 3 4 2 4 2 1 2 4 27 12 13 13 13 13 13 13 13 12 13 13 13 13 14 13 13 13 14 13 13 13 13 13 13 13 13 13 13 13 13 13 13 13 13 13 13 14 13 13 13 14 13 13 13 13 12 13 13 13 13 13 13 13 12
751_1_0 3 6 7 5 6 0 3 3 2 1 3 2 4 3 3 3 27 12 13 14 13 13 14 13 13 13 13 13 13 13 13 13 13 13 13 13 13 13 13 13 13 12 13 13 13 13 12 13 13 13 13 13 13 13 13 13 13 13 13 13 13 13 13 13 13 14 13 13 14 13 12
752_1_0 4 4 8 5 6 0 3 3 2 1 3 2 4 3 3 3 27 12 14 13 13 14 13 13 13 13 13 13 13 13 13 13 13 13 13 13 12 13 13 13 13 13 13 13 13 13 13 13 13 13 13 12 13 13 13 13 13 13 13 13 13 13 13 13 13 13 14 13 13 14 12
753_0_4 3 5 7 5 7 1 2 2 4 4 3 1 3 2 1 4 27 12 13 13 13 13 13 13 13 13 13 13 13 13 13 13 13 13 13 13 13 13 14 13 13 13 12 14 14 12 13 13 13 14 13 13 13 13 13 13 13 13 13 13 13 13 13 13 13 13 13 13 13 13 12
753_1_4 3 7 5 7 5 1 2 2 4 4 3 1 3 2 1 4 27 12 13 13 13 13 13 13 13 13 13 13 13 13 13 13 13 13 13 13 13 13 14 13 13 13 12 14 14 12 13 13 13 14 13 13 13 13 13 13 13 13 13 13 13 13 13 13 13 13 13 13 13 13 12
755_0_0 3 5 5 6 8 1 2 1 3 2 3 4 1 3 4 3 27 12 12 14 13 13 13 13 13 13 14 13 13 13 13 13 13 13 13 13 13 13 13 13 13 13 13 13 13 13 13 13 13 13 13 13 13 13 13 13 13 13 13 13 13 14 13 13 13 13 13 13 14 12 12
756_1_0 3 7 5 7 5 0 1 3 3 3 3 3 2 3 2 4 27 12 13 13 13 13 13 13 13 13 13 13 13 13 13 13 13 13 14 12 13 13 13 14 13 13 13 13 13 13 13 13 14 13 13 13 12 14 13 13 13 13 13 13 13 13 13 13 13 13 13 13 13 13 12
757_1_0 3 7 5 7 5 0 2 3 4 2 3 2 4 2 2 3 27 12 13 13 13 13 13 14 13 13 13 13 13 14 12 13 13 13 13 13 13 13 13 13 13 13 13 13 13 13 13 13 13 13 13 13 13 13 13 13 13 12 14 13 13 13 13 13 14 13 13 13 13 13 12
758_1_0 3 7 5 7 5 1 2 2 3 4 2 4 2 1 2 4 27 12 13 14 13 13 13 14 13 13 13 13 13 13 13 13 13 13 13 13 13 13 13 13 12 13 13 13 13 13 13 12 13 13 13 13 13 13 13 13 13 13 13 13 13 13 13 13 14 13 13 13 14 13 12
760_0_0 3 5 7 5 7 1 1 3 4 3 3 2 2 3 1 4 27 12 13 13 13 13 13 13 13 13 13 13 13 13 13 13 13 14 13 13 13 13 13 13 13 13 12 14 14 12 13 13 13 13 13 13 13 13 14 13 13 13 13 13 13 13 13 13 13 13 13 13 13 13 12
761_0_0 4 4 6 5 8 1 1 3 4 3 3 2 2 3 1 4 27 12 13 13 13 13 14 13 13 13 13 13 13 13 13 13 13 13 13 13 13 13 13 13 13 13 12 14 14 12 13 13 13 13 13 13 13 13 13 13 13 13 13 13 13 13 13 13 13 14 13 13 13 13 12
762_0_0 4 4 6 5 8 1 2 1 3 2 3 4 1 3 4 3 27 12 12 14 13 13 13 13 13 13 13 13 14 13 13 13 13 13 13 13 13 13 13 13 13 13 13 13 13 13 13 13 13 13 13 13 13 13 13 13 13 13 13 14 13 13 13 13 13 13 13 13 14 12 12
763_1_0 3 8 6 5 5 1 2 2 3 4 2 4 2 1 2 4 27 12 12 14 13 13 13 13 13 13 13 13 13 13 13 14 13 13 13 13 13 13 13 13 13 13 13 13 13 13 13 13 13 13 13 13 13 13 13 13 14 13 13 13 13 13 13 13 13 13 13 13 14 12 12
765_0_0 3 6 5 7 6 1 2 2 3 4 2 4 2 1 2 4 27 12 13 14 13 13 13 13 13 13 13 13 13 13 13 13 13 13 13 13 12 13 13 13 13 13 14 13 13 14 13 13 13 13 13 12 13 13 13 13 13 13 13 13 13 13 13 13 13 13 13 13 14 13 12
766_0_0 3 5 7 5 7 0 2 3 4 2 3 2 4 2 2 3 27 12 13 13 13 13 13 13 13 13 13 13 13 14 13 13 13 13 14 12 13 13 13 13 13 13 13 13 13 13 13 13 13 13 13 13 12 14 13 13 13 13 14 13 13 13 13 13 13 13 13 13 13 13 12
767_0_0 3 5 7 5 7 1 1 2 4 1 3 3 2 4 3 3 27 12 13 13 13 13 13 13 13 13 13 13 14 13 13 13 13 13 13 13 13 13 13 13 13 13 12 14 14 12 13 13 13 13 13 13 13 13 13 13 13 13 13 14 13 13 13 13 13 13 13 13 13 13 12
768_1_0 4 4 8 5 6 1 2 2 3 4 2 4 2 1 2 4 27 12 12 14 13 13 13 14 13 13 13 13 13 13 13 13 13 13 13 13 13 13 13 13 13 13 13 13 13 13 13 13 13 13 13 13 13 13 13 13 13 13 13 13 13 13 13 13 14 13 13 13 14 12 12
769_0_4 4 4 6 5 8 1 2 2 4 4 3 1 3 2 1 4 27 12 13 13 13 13 13 13 13 13 13 14 13 13 13 13 13 13 13 13 13 13 13 13 13 13 12 14 14 12 13 13 13 13 13 13 13 13 13 13 13 13 13 13 14 13 13 13 13 13 13 13 13 13 12
769_1_4 4 4 8 5 6 1 2 2 4 4 3 1 3 2 1 4 27 12 13 13 13 13 13 13 13 13 13 14 13 13 13 13 13 13 13 13 13 13 13 13 13 13 12 14 14 12 13 13 13 13 13 13 13 13 13 13 13 13 13 13 14 13 13 13 13 13 13 13 13 13 12
770_1_0 4 4 8 5 6 0 2 3 3 3 4 2 2 2 2 4 27 12 13 14 13 13 13 13 13 13 13 13 13 13 13 13 14 13 13 13 13 13 13 13 13 13 12 13 13 12 13 13 13 13 13 13 13 13 13 14 13 13 13 13 13 13 13 13 13 13 13 13 14 13 12
772_0_0 4 4 6 5 8 1 2 2 2 3 2 4 1 4 4 2 27 12 13 13 13 13 13 13 13 14 13 13 13 13 13 13 12 13 14 13 13 13 13 13 13 13 13 13 13 13 13 13 13 13 13 13 13 14 13 12 13 13 13 13 13 13 14 13 13 13 13 13 13 13 12
773_0_0 4 4 6 5 8 1 2 2 4 1 2 3 4 2 4 2 27 12 13 13 13 13 13 13 13 13 13 13 13 13 13 13 13 13 14 12 13 13 13 13 13 13 14 13 13 14 13 13 13 13 13 13 12 14 13 13 13 13 13 13 13 13 13 13 13 13 13 13 13 13 12
774_0_0 3 5 7 5 7 0 3 2 3 4 3 3 1 2 3 3 27 12 13 13 13 13 13 13 13 13 13 13 14 13 13 13 13 14 13 12 13 13 13 13 13 13 13 13 13 13 13 13 13 13 13 13 12 13 14 13 13 13 13 14 13 13 13 13 13 13 13 13 13 13 12
776_0_0 3 6 5 7 6 1 2 2 2 3 2 4 1 4 4 2 27 12 13 13 13 12 13 13 13 14 13 13 13 13 13 13 13 13 14 13 13 13 13 13 13 13 13 13 13 13 13 13 13 13 13 13 13 14 13 13 13 13 13 13 13 13 14 13 13 13 12 13 13 13 12
777_0_0 4 4 6 5 8 0 2 3 3 3 4 2 2 2 2 4 27 12 13 13 13 13 13 13 13 13 13 13 13 13 13 13 13 13 13 14 13 13 13 13 13 13 12 14 14 12 13 13 13 13 13 13 14 13 13 13 13 13 13 13 13 13 13 13 13 13 13 13 13 13 12
778_0_0 4 4 6 5 8 1 2 2 3 4 3 1 3 4 1 3 27 12 12 14 13 13 13 13 13 13 13 13 13 13 13 13 13 14 13 13 13 13 13 13 13 13 13 13 13 13 13 13 13 13 13 13 13 13 14 13 13 13 13 13 13 13 13 13 13 13 13 13 14 12 12
780_0_0 3 6 5 7 6 0 2 3 3 3 4 2 2 2 2 4 27 12 13 14 13 13 14 13 13 13 13 13 13 13 13 12 13 13 13 13 13 13 13 13 13 13 13 13 13 13 13 13 13 13 13 13 13 13 13 13 12 13 13 13 13 13 13 13 13 14 13 13 14 13 12
781_0_0 4 5 4 6 8 1 2 2 4 3 3 1 4 3 1 3 27 12 13 13 14 13 13 13 13 14 13 13 13 13 13 13 13 13 13 13 13 13 13 12 13 13 13 13 13 13 13 13 12 13 13 13 13 13 13 13 13 13 13 13 13 13 14 13 13 13 13 14 13 13 12
782_0_0 4 4 6 5 8 1 2 2 4 3 3 1 4 3 1 3 27 12 13 13 14 13 13 13 13 13 13 13 13 14 13 13 13 13 13 13 13 12 13 13 13 13 13 13 13 13 13 13 13 13 12 13 13 13 13 13 13 13 14 13 13 13 13 13 13 13 13 14 13 13 12
783_0_0 3 5 7 5 7 1 2 2 3 4 3 1 3 4 1 3 27 12 13 13 13 13 13 13 14 12 13 13 13 13 13 13 13 13 13 13 13 13 13 13 13 13 13 14 14 13 13 13 13 13 13 13 13 13 13 13 13 13 13 13 13 13 12 14 13 13 13 13 13 13 12
784_1_0 4 4 8 5 6 0 2 2 3 3 1 4 3 3 3 3 27 12 13 13 12 13 13 13 13 14 13 13 13 13 13 13 13 13 13 13 13 13 13 14 13 13 13 13 13 13 13 13 14 13 13 13 13 13 13 13 13 13 13 13 13 13 14 13 13 13 13 12 13 13 12
785_1_0 3 6 7 5 6 1 2 2 4 3 3 1 4 3 1 3 27 12 13 13 13 13 13 14 13 13 12 13 13 13 13 13 13 13 13 13 13 13 13 13 14 13 13 13 13 13 13 14 13 13 13 13 13 13 13 13 13 13 13 13 13 12 13 13 14 13 13 13 13 13 12
786_1_0 3 6 7 5 6 1 2 2 2 3 2 4 1 4 4 2 27 12 13 13 13 12 13 14 13 13 13 13 13 13 13 13 13 13 13 13 13 13 13 13 14 13 13 13 13 13 13 14 13 13 13 13 13 13 13 13 13 13 13 13 13 13 13 13 14 13 12 13 13 13 12
787_1_0 3 6 5 8 5 0 3 1 2 3 3 3 2 3 4 3 27 12 13 13 13 13 13 13 13 13 13 13 13 13 13 13 13 12 13 13 13 14 13 13 13 14 13 13 13 13 14 13 13 13 14 13 13 13 12 13 13 13 13 13 13 13 13 13 13 13 13 13 13 13 12
789_0_0 3 6 5 7 6 1 1 3 4 3 3 2 2 3 1 4 27 12 13 13 13 13 13 13 13 13 13 13 13 13 13 12 14 13 13 13 13 13 13 13 13 13 13 14 14 13 13 13 13 13 13 13 13 13 13 14 12 13 13 13 13 13 13 13 13 13 13 13 13 13 12
790_0_0 3 6 5 7 6 0 2 2 3 3 1 4 3 3 3 3 27 12 13 13 13 13 13 13 13 13 13 13 14 13 13 12 13 13 13 13 13 13 13 13 14 13 13 13 13 13 13 14 13 13 13 13 13 13 13 13 12 13 13 14 13 13 13 13 13 13 13 13 13 13 12
791_0_0 4 4 6 5 8 0 3 3 2 1 3 2 4 3 3 3 27 12 13 13 13 13 13 13 13 13 13 13 13 13 14 13 13 14 13 12 13 13 13 13 13 13 13 13 13 13 13 13 13 13 13 13 12 13 14 13 13 14 13 13 13 13 13 13 13 13 13 13 13 13 12
792_0_0 3 5 8 5 6 1 2 2 4 3 3 1 4 3 1 3 27 12 13 13 13 13 13 13 13 13 13 13 12 13 13 14 13 13 13 13 13 13 13 13 14 13 13 13 13 13 13 14 13 13 13 13 13 13 13 13 14 13 13 12 13 13 13 13 13 13 13 13 13 13 12
793_0_0 4 4 6 5 8 1 1 2 3 3 3 2 4 1 4 3 27 12 13 13 13 13 13 13 13 14 13 13 13 13 13 13 13 14 13 12 13 13 13 13 13 13 13 13 13 13 13 13 13 13 13 13 12 13 14 13 13 13 13 13 13 13 14 13 13 13 13 13 13 13 12
794_0_0 3 6 5 7 6 1 2 2 4 3 3 1 4 3 1 3 27 12 13 13 13 13 13 13 13 13 12 13 13 14 13 13 13 13 13 13 13 13 13 13 13 13 14 13 13 14 13 13 13 13 13 13 13 13 13 13 13 13 14 13 13 12 13 13 13 13 13 13 13 13 12
795_0_0 3 5 7 5 7 0 2 3 3 3 4 2 2 2 2 4 27 12 13 13 12 13 13 13 14 13 13 13 13 13 13 13 13 14 13 13 13 13 13 13 13 13 13 13 13 13 13 13 13 13 13 13 13 13 14 13 13 13 13 13 13 13 13 14 13 13 13 12 13 13 12
796_0_0 4 5 4 6 8 1 2 2 3 3 4 2 1 5 2 2 27 12 13 13 13 13 13 13 13 13 13 14 13 12 13 13 13 13 13 13 13 13 13 13 13 13 14 13 13 14 13 13 13 13 13 13 13 13 13 13 13 13 12 13 14 13 13 13 13 13 13 13 13 13 12
797_1_0 3 7 5 7 5 1 1 3 2 2 3 3 1 4 3 4 27 12 13 13 13 13 13 14 13 12 13 13 13 13 13 13 13 13 14 13 13 13 13 13 13 13 13 13 13 13 13 13 13 13 13 13 13 14 13 13 13 13 13 13 13 13 12 13 14 13 13 13 13 13 12
798_1_0 3 6 7 5 6 0 2 2 3 3 1 4 3 3 3 3 27 12 14 13 13 13 13 13 13 13 13 13 13 13 13 12 13 13 13 13 13 14 13 13 13 13 13 13 13 13 13 13 13 13 14 13 13 13 13 13 12 13 13 13 13 13 13 13 13 13 13 13 13 14 12
800_0_0 4 4 6 5 8 0 2 3 2 3 1 4 3 3 3 3 27 12 13 13 12 13 13 13 13 14 13 13 13 13 13 13 13 13 14 13 13 13 13 13 13 13 13 13 13 13 13 13 13 13 13 13 13 14 13 13 13 13 13 13 13 13 14 13 13 13 13 12 13 13 12
801_1_0 4 5 4 8 6 0 3 3 2 1 3 2 4 3 3 3 27 12 13 13 13 13 13 13 12 13 13 13 13 13 13 13 14 13 13 14 13 13 13 13 13 13 13 13 13 13 13 13 13 13 13 13 14 13 13 14 13 13 13 13 13 13 13 12 13 13 13 13 13 13 12
803_0_0 4 4 6 5 8 1 2 3 1 3 1 3 2 3 5 3 27 12 13 13 13 13 13 13 13 13 13 14 13 13 13 13 12 13 13 13 13 13 13 14 13 13 13 13 13 13 13 13 14 13 13 13 13 13 13 12 13 13 13 13 14 13 13 13 13 13 13 13 13 13 12
805_0_0 4 5 4 6 8 1 2 3 1 3 1 3 2 3 5 3 27 12 13 13 13 13 13 13 13 13 13 14 13 13 13 13 13 12 13 13 13 14 13 13 13 13 13 13 13 13 13 13 13 13 14 13 13 13 12 13 13 13 13 13 14 13 13 13 13 13 13 13 13 13 12
806_1_0 3 6 7 5 6 1 2 2 4 3 3 1 4 3 1 3 27 12 14 13 13 13 13 13 13 13 12 13 13 13 13 13 13 13 13 13 13 13 13 13 13 13 14 13 13 14 13 13 13 13 13 13 13 13 13 13 13 13 13 13 13 12 13 13 13 13 13 13 13 14 12
808_0_0 3 5 7 5 7 1 2 3 1 3 1 3 2 3 5 3 27 12 13 13 13 13 12 13 13 13 13 13 14 13 13 13 13 13 13 13 13 13 14 13 13 13 13 13 13 13 13 13 13 14 13 13 13 13 13 13 13 13 13 14 13 13 13 13 13 12 13 13 13 13 12
810_0_0 4 4 6 5 8 0 2 3 3 2 4 2 2 4 2 3 27 12 13 13 13 13 13 13 13 13 12 13 13 13 13 13 13 14 13 13 14 13 13 13 13 13 13 13 13 13 13 13 13 13 13 14 13 13 14 13 13 13 13 13 13 12 13 13 13 13 13 13 13 13 12
810_1_0 4 4 8 5 6 0 2 3 3 2 4 2 2 4 2 3 27 12 13 13 13 13 13 13 13 13 12 13 13 13 13 13 13 14 13 13 14 13 13 13 13 13 13 13 13 13 13 13 13 13 13 14 13 13 14 13 13 13 13 13 13 12 13 13 13 13 13 13 13 13 12
811_0_0 3 6 5 7 6 0 2 3 2 3 1 4 3 3 3 3 27 12 14 13 13 13 13 13 13 13 12 13 13 13 13 13 13 13 13 13 13 14 13 13 13 13 13 13 13 13 13 13 13 13 14 13 13 13 13 13 13 13 13 13 13 12 13 13 13 13 13 13 13 14 12
813_0_0 4 4 6 5 8 0 2 3 2 3 1 4 3 3 3 3 27 12 13 13 13 13 13 13 13 13 12 13 14 13 13 13 13 13 13 13 14 13 13 13 13 13 13 13 13 13 13 13 13 13 13 14 13 13 13 13 13 13 13 14 13 12 13 13 13 13 13 13 13 13 12
815_0_0 4 5 4 6 8 0 2 3 2 3 1 4 3 3 3 3 27 12 13 13 13 13 13 13 13 14 13 13 13 13 13 13 13 13 13 13 13 14 13 12 13 13 13 13 13 13 13 13 12 13 14 13 13 13 13 13 13 13 13 13 13 13 14 13 13 13 13 13 13 13 12
816_1_0 4 4 8 5 6 1 2 2 3 4 2 4 2 1 2 4 27 12 13 13 13 13 13 13 14 13 13 13 13 13 13 14 13 13 13 13 12 13 13 13 13 13 13 13 13 13 13 13 13 13 13 12 13 13 13 13 14 13 13 13 13 13 13 14 13 13 13 13 13 13 12
818_0_0 3 6 5 7 6 1 1 3 2 2 3 3 1 5 3 3 27 12 14 13 13 13 13 13 13 13 13 14 13 13 13 13 13 13 13 13 12 13 13 13 13 13 13 13 13 13 13 13 13 13 13 12 13 13 13 13 13 13 13 13 14 13 13 13 13 13 13 13 13 14 12
819_0_4 3 6 5 7 6 1 2 2 2 3 2 2 4 5 1 3 27 13 13 13 13 12 13 13 13 13 13 13 13 13 13 12 13 13 13 13 14 13 14 13 13 13 13 13 13 13 13 13 13 14 13 14 13 13 13 13 12 13 13 13 13 13 13 13 13 13 12 13 13 13 13
819_1_4 3 6 7 5 6 1 2 2 2 3 2 2 4 5 1 3 27 13 13 13 13 12 13 13 13 13 13 13 13 13 13 12 13 13 13 13 14 13 14 13 13 13 13 13 13 13 13 13 13 14 13 14 13 13 13 13 12 13 13 13 13 13 13 13 13 13 12 13 13 13 13
820_1_0 3 6 7 5 6 0 2 3 3 3 4 2 2 2 2 4 27 12 13 13 13 13 13 13 13 13 13 13 13 13 13 12 13 14 13 14 13 13 13 13 13 13 13 13 13 13 13 13 13 13 13 13 14 13 14 13 12 13 13 13 13 13 13 13 13 13 13 13 13 13 12
821_1_0 3 6 7 5 6 0 2 4 3 4 2 3 2 2 2 3 27 13 13 13 13 12 13 13 13 13 13 13 13 13 13 12 13 13 13 13 14 13 13 14 13 13 13 13 13 13 13 13 14 13 13 14 13 13 13 13 12 13 13 13 13 13 13 13 13 13 12 13 13 13 13
822_1_0 3 7 6 6 5 1 1 2 4 1 3 3 3 4 2 3 27 13 13 13 13 12 13 13 13 13 13 13 13 13 13 12 13 13 13 13 14 13 13 13 14 13 13 13 13 13 13 14 13 13 13 14 13 13 13 13 12 13 13 13 13 13 13 13 13 13 12 13 13 13 13
823_1_0 3 6 7 5 6 0 2 2 3 3 1 4 3 3 3 3 27 13 13 13 13 12 13 13 13 13 13 13 13 13 13 12 13 13 13 13 14 13 13 13 13 13 13 14 14 13 13 13 13 13 13 14 13 13 13 13 12 13 13 13 13 13 13 13 13 13 12 13 13 13 13
825_0_0 4 4 6 5 8 0 2 3 3 2 4 2 2 4 2 3 27 12 13 13 13 13 14 13 13 13 13 13 13 14 13 13 13 13 13 13 13 12 13 13 13 13 13 13 13 13 13 13 13 13 12 13 13 13 13 13 13 13 14 13 13 13 13 13 13 14 13 13 13 13 12
825_1_0 4 4 8 5 6 0 2 3 3 2 4 2 2 4 2 3 27 12 13 13 13 13 14 13 13 13 13 13 13 14 13 13 13 13 13 13 13 12 13 13 13 13 13 13 13 13 13 13 13 13 12 13 13 13 13 13 13 13 14 13 13 13 13 13 13 14 13 13 13 13 12
826_0_0 4 4 6 5 8 1 1 2 3 2 3 4 1 4 3 3 27 12 13 13 13 13 12 13 13 13 13 13 13 14 13 13 13 13 13 13 13 14 13 13 13 13 13 13 13 13 13 13 13 13 14 13 13 13 13 13 13 13 14 13 13 13 13 13 13 12 13 13 13 13 12
828_0_0 3 6 5 7 6 1 1 2 4 3 3 2 3 3 1 4 27 12 13 13 14 12 13 13 13 13 13 13 13 13 13 13 13 13 13 13 13 13 13 13 13 13 13 14 14 13 13 13 13 13 13 13 13 13 13 13 13 13 13 13 13 13 13 13 13 13 12 14 13 13 12
830_0_0 3 6 5 7 6 1 1 3 1 3 3 3 2 3 3 4 27 13 13 13 13 12 13 13 13 13 13 12 13 13 13 13 13 14 13 14 13 13 13 13 13 13 13 13 13 13 13 13 13 13 13 13 14 13 14 13 13 13 13 13 12 13 13 13 13 13 12 13 13 13 13
830_1_2 3 6 7 5 6 1 2 2 4 2 4 3 1 3 3 2 27 13 13 13 13 12 13 13 13 13 13 12 13 13 13 13 13 14 13 14 13 13 13 13 13 13 13 13 13 13 13 13 13 13 13 13 14 13 14 13 13 13 13 13 12 13 13 13 13 13 12 13 13 13 13
831_1_0 3 6 7 5 6 1 2 2 2 3 2 4 1 4 4 2 27 12 14 13 13 12 13 13 13 13 13 13 13 13 13 13 13 13 13 13 13 13 13 13 13 13 14 13 13 14 13 13 13 13 13 13 13 13 13 13 13 13 13 13 13 13 13 13 13 13 12 13 13 14 12
833_0_0 3 5 7 5 7 0 3 3 1 2 2 3 3 4 3 3 27 12 13 13 13 13 13 13 13 13 13 13 14 13 13 13 12 13 13 13 13 13 13 14 13 13 13 13 13 13 13 13 14 13 13 13 13 13 13 12 13 13 13 14 13 13 13 13 13 13 13 13 13 13 12
834_0_4 3 5 7 5 7 1 2 5 2 3 2 3 3 2 2 2 27 12 13 13 13 13 13 13 13 13 13 12 14 13 13 13 13 13 13 13 13 13 13 13 13 13 13 14 14 13 13 13 13 13 13 13 13 13 13 13 13 13 13 14 12 13 13 13 13 13 13 13 13 13 12
835_0_0 3 6 5 7 6 0 3 3 2 1 3 2 4 3 3 3 27 12 13 13 13 13 13 13 13 13 12 13 13 13 13 13 13 14 13 13 13 14 13 13 13 13 13 13 13 13 13 13 13 13 14 13 13 13 14 13 13 13 13 13 13 12 13 13 13 13 13 13 13 13 12
836_0_0 3 6 5 7 6 0 3 3 2 1 2 3 4 3 2 4 27 12 13 13 13 13 13 13 13 13 12 14 13 13 13 13 13 13 13 13 13 13 13 13 13 13 13 14 14 13 13 13 13 13 13 13 13 13 13 13 13 13 13 13 14 12 13 13 13 13 13 13 13 13 12
837_0_0 3 5 8 5 6 0 3 3 1 2 2 3 3 4 3 3 27 12 13 13 13 13 13 13 13 13 14 13 13 13 13 13 13 12 13 13 13 14 13 13 13 13 13 13 13 13 13 13 13 13 14 13 13 13 12 13 13 13 13 13 13 14 13 13 13 13 13 13 13 13 12
838_1_0 3 6 7 5 6 0 3 3 2 1 3 2 4 3 3 3 27 12 13 13 13 13 14 13 13 13 12 13 14 13 13 13 13 13 13 13 13 13 13 13 13 13 13 13 13 13 13 13 13 13 13 13 13 13 13 13 13 13 13 14 13 12 13 13 13 14 13 13 13 13 12
839_1_0 4 4 8 5 6 0 3 3 2 1 2 3 4 3 2 4 27 12 13 13 13 13 13 13 13 13 13 13 13 13 13 13 13 13 13 13 13 13 14 12 13 13 13 14 14 13 13 13 12 14 13 13 13 13 13 13 13 13 13 13 13 13 13 13 13 13 13 13 13 13 12
840_1_0 3 7 5 7 5 0 3 3 2 1 2 3 4 3 2 4 27 12 13 13 13 13 13 13 13 13 13 13 13 13 13 13 13 13 13 13 13 12 14 13 13 13 13 14 14 13 13 13 13 14 12 13 13 13 13 13 13 13 13 13 13 13 13 13 13 13 13 13 13 13 12
842_0_0 3 5 7 5 7 0 3 3 2 1 3 2 4 3 3 3 27 12 13 13 13 13 13 13 13 13 13 13 13 13 13 13 12 14 13 13 13 13 13 13 13 13 13 14 14 13 13 13 13 13 13 13 13 13 14 12 13 13 13 13 13 13 13 13 13 13 13 13 13 13 12
843_0_0 4 4 6 5 8 0 2 3 3 3 4 2 2 2 2 4 27 12 13 13 13 13 13 12 14 13 13 13 13 13 13 13 13 13 13 13 13 13 13 13 13 13 13 14 14 13 13 13 13 13 13 13 13 13 13 13 13 13 13 13 13 13 13 14 12 13 13 13 13 13 12
844_0_0 3 6 5 7 6 0 3 3 2 1 3 2 4 3 3 3 27 12 13 13 13 12 14 13 13 13 13 13 13 13 13 13 13 13 13 13 13 13 13 13 13 13 13 14 14 13 13 13 13 13 13 13 13 13 13 13 13 13 13 13 13 13 13 13 13 14 12 13 13 13 12
845_0_0 4 4 6 5 8 0 3 3 2 1 3 2 4 3 3 3 27 12 13 13 13 13 13 13 13 13 13 13 13 13 13 13 14 13 13 13 13 12 13 14 13 13 13 13 13 13 13 13 14 13 12 13 13 13 13 14 13 13 13 13 13 13 13 13 13 13 13 13 13 13 12
846_0_0 4 4 6 5 8 1 2 2 2 3 3 2 3 2 5 2 27 12 13 13 13 13 13 13 13 13 13 13 13 13 13 13 13 13 13 13 13 13 12 14 13 13 13 14 14 13 13 13 14 12 13 13 13 13 13 13 13 13 13 13 13 13 13 13 13 13 13 13 13 13 12
846_1_2 4 4 8 5 6 1 2 3 3 1 3 3 4 3 1 3 27 12 13 13 13 13 13 13 13 13 13 13 13 13 13 13 13 13 13 13 13 13 12 14 13 13 13 14 14 13 13 13 14 12 13 13 13 13 13 13 13 13 13 13 13 13 13 13 13 13 13 13 13 13 12
847_0_4 4 4 6 5 8 1 2 5 2 3 2 3 3 2 2 2 27 12 13 13 13 13 13 13 13 13 13 12 13 13 13 13 13 14 13 13 13 14 13 13 13 13 13 13 13 13 13 13 13 13 14 13 13 13 14 13 13 13 13 13 12 13 13 13 13 13 13 13 13 13 12
848_0_0 3 5 8 5 6 1 1 2 3 3 3 2 4 1 4 3 27 12 13 13 13 13 13 13 12 13 13 13 13 13 13 13 14 13 13 13 14 13 13 13 13 13 13 13 13 13 13 13 13 13 13 14 13 13 13 14 13 13 13 13 13 13 13 12 13 13 13 13 13 13 12
849_0_0 4 4 6 5 8 0 2 2 3 3 1 4 3 3 3 3 27 12 13 13 13 13 13 13 13 13 13 13 14 13 13 13 13 13 13 13 13 13 13 13 14 13 12 13 13 12 13 14 13 13 13 13 13 13 13 13 13 13 13 14 13 13 13 13 13 13 13 13 13 13 12
850_0_0 4 4 6 5 8 1 2 2 2 3 3 2 3 2 5 2 27 12 13 13 13 13 13 13 13 13 13 12 13 13 13 13 14 13 13 13 13 13 13 14 13 13 13 13 13 13 13 13 14 13 13 13 13 13 13 14 13 13 13 13 12 13 13 13 13 13 13 13 13 13 12
850_1_2 4 4 8 5 6 1 2 3 3 1 3 3 4 3 1 3 27 12 13 13 13 13 13 13 13 13 13 12 13 13 13 13 14 13 13 13 13 13 13 14 13 13 13 13 13 13 13 13 14 13 13 13 13 13 13 14 13 13 13 13 12 13 13 13 13 13 13 13 13 13 12
851_0_4 3 5 8 5 6 0 3 3 3 3 4 1 2 3 2 3 27 12 13 13 13 14 13 13 13 13 13 13 12 13 13 13 13 13 13 13 13 13 13 13 14 13 13 13 13 13 13 14 13 13 13 13 13 13 13 13 13 13 13 12 13 13 13 13 13 13 14 13 13 13 12
851_1_4 3 6 5 8 5 0 3 3 3 3 4 1 2 3 2 3 27 12 13 13 13 14 13 13 13 13 13 13 12 13 13 13 13 13 13 13 13 13 13 13 14 13 13 13 13 13 13 14 13 13 13 13 13 13 13 13 13 13 13 12 13 13 13 13 13 13 14 13 13 13 12
852_0_4 4 5 4 6 8 0 3 3 3 3 4 1 2 3 2 3 27 12 13 13 13 13 13 13 13 13 13 13 12 13 13 13 14 13 13 13 13 13 13 13 14 13 13 13 13 13 13 14 13 13 13 13 13 13 13 14 13 13 13 12 13 13 13 13 13 13 13 13 13 13 12
852_1_4 4 5 4 8 6 0 3 3 3 3 4 1 2 3 2 3 27 12 13 13 13 13 13 13 13 13 13 13 12 13 13 13 14 13 13 13 13 13 13 13 14 13 13 13 13 13 13 14 13 13 13 13 13 13 13 14 13 13 13 12 13 13 13 13 13 13 13 13 13 13 12
854_0_0 3 6 5 7 6 0 3 2 3 4 3 3 1 2 3 3 27 12 13 13 13 13 14 13 13 13 13 13 14 13 13 13 13 13 13 13 13 13 13 13 13 12 13 13 13 13 12 13 13 13 13 13 13 13 13 13 13 13 13 14 13 13 13 13 13 14 13 13 13 13 12
856_0_0 3 6 5 7 6 0 2 2 3 3 1 4 3 3 3 3 27 12 13 13 13 13 13 13 13 13 13 13 13 14 13 12 13 13 13 13 13 14 13 13 13 13 13 13 13 13 13 13 13 13 14 13 13 13 13 13 12 13 14 13 13 13 13 13 13 13 13 13 13 13 12
857_0_0 3 5 7 5 7 0 2 4 3 2 3 3 3 3 1 3 27 12 13 13 12 13 13 13 14 13 13 13 13 13 13 13 13 13 13 13 13 13 13 14 13 13 13 13 13 13 13 13 14 13 13 13 13 13 13 13 13 13 13 13 13 13 13 14 13 13 13 12 13 13 12
858_1_0 4 5 4 8 6 0 3 1 2 3 3 3 2 3 4 3 27 12 13 13 13 13 13 13 13 13 13 13 13 13 14 13 13 12 13 13 13 14 13 13 13 13 13 13 13 13 13 13 13 13 14 13 13 13 12 13 13 14 13 13 13 13 13 13 13 13 13 13 13 13 12
860_0_0 3 6 5 7 6 1 2 2 3 4 2 4 2 1 2 4 27 12 13 13 14 13 13 13 14 13 13 13 13 13 13 13 13 13 13 13 12 13 13 13 13 13 13 13 13 13 13 13 13 13 13 12 13 13 13 13 13 13 13 13 13 13 13 14 13 13 13 14 13 13 12
861_0_0 3 5 7 5 7 0 3 1 2 3 3 3 2 3 4 3 27 12 13 13 13 13 12 13 14 13 13 13 14 13 13 13 13 13 13 13 13 13 13 13 13 13 13 13 13 13 13 13 13 13 13 13 13 13 13 13 13 13 13 14 13 13 13 14 13 12 13 13 13 13 12
862_0_0 3 5 7 5 7 1 1 2 4 3 3 2 3 3 1 4 27 12 13 13 13 13 12 14 13 13 13 13 13 13 13 13 13 13 13 13 13 13 13 13 13 13 13 14 14 13 13 13 13 13 13 13 13 13 13 13 13 13 13 13 13 13 13 13 14 12 13 13 13 13 12
864_0_0 4 5 4 6 8 1 1 3 2 2 3 3 1 4 3 4 27 12 13 13 14 13 13 13 13 13 13 13 13 12 13 13 13 13 13 13 13 13 13 13 13 13 14 13 13 14 13 13 13 13 13 13 13 13 13 13 13 13 12 13 13 13 13 13 13 13 13 14 13 13 12
865_0_0 3 5 7 5 7 1 2 2 3 4 2 4 2 1 2 4 27 12 13 14 13 13 13 13 13 12 13 13 13 13 13 13 13 13 14 13 13 13 13 13 13 13 13 13 13 13 13 13 13 13 13 13 13 14 13 13 13 13 13 13 13 13 12 13 13 13 13 13 14 13 12
866_0_0 3 6 5 7 6 1 1 2 3 2 3 4 1 4 3 3 27 12 13 13 13 12 13 13 13 13 13 13 13 14 13 13 13 13 13 13 13 14 13 13 13 13 13 13 13 13 13 13 13 13 14 13 13 13 13 13 13 13 14 13 13 13 13 13 13 13 12 13 13 13 12
868_0_0 3 5 7 5 7 1 1 2 3 3 3 2 4 1 4 3 27 12 13 13 13 13 13 13 13 13 13 13 13 14 13 13 13 14 13 12 13 13 13 13 13 13 13 13 13 13 13 13 13 13 13 13 12 13 14 13 13 13 14 13 13 13 13 13 13 13 13 13 13 13 12
869_0_0 3 5 8 5 6 0 3 2 3 4 3 3 1 2 3 3 27 12 13 13 13 13 13 13 12 13 14 13 13 13 13 13 14 13 13 13 13 13 13 13 13 13 13 13 13 13 13 13 13 13 13 13 13 13 13 14 13 13 13 13 13 14 13 12 13 13 13 13 13 13 12
870_1_0 4 4 8 5 6 1 1 3 2 2 3 3 1 4 3 4 27 12 13 13 14 13 13 14 13 13 13 13 13 13 13 13 13 13 13 13 13 13 13 13 12 13 13 13 13 13 13 12 13 13 13 13 13 13 13 13 13 13 13 13 13 13 13 13 14 13 13 14 13 13 12
872_0_0 3 5 8 5 6 0 1 3 3 3 2 3 3 3 2 4 27 12 13 13 13 13 13 13 13 13 14 13 13 12 13 13 13 13 13 13 13 13 13 13 13 13 14 13 13 14 13 13 13 13 13 13 13 13 13 13 13 13 12 13 13 14 13 13 13 13 13 13 13 13 12
873_1_0 4 4 8 5 6 1 1 3 2 2 3 3 1 4 3 4 27 12 13 13 13 13 13 14 13 13 13 13 13 13 13 13 13 13 13 13 13 13 13 13 12 13 14 13 13 14 13 12 13 13 13 13 13 13 13 13 13 13 13 13 13 13 13 13 14 13 13 13 13 13 12
874_1_0 4 5 4 8 6 1 1 3 2 3 4 3 1 4 2 3 27 12 13 13 13 13 13 12 13 14 13 13 13 13 14 13 13 13 13 13 13 13 13 13 13 13 13 13 13 13 13 13 13 13 13 13 13 13 13 13 13 14 13 13 13 13 14 13 12 13 13 13 13 13 12
876_0_0 3 6 5 7 6 1 1 2 3 3 3 2 4 1 4 3 27 12 14 13 13 13 13 13 13 13 13 13 13 13 13 13 14 13 13 13 13 13 13 13 13 12 13 13 13 13 12 13 13 13 13 13 13 13 13 14 13 13 13 13 13 13 13 13 13 13 13 13 13 14 12
877_0_0 3 6 5 7 6 1 1 2 4 3 3 2 3 3 1 4 27 12 14 13 13 13 13 13 13 13 13 13 13 13 13 13 13 13 13 13 12 13 13 13 13 13 14 13 13 14 13 13 13 13 13 12 13 13 13 13 13 13 13 13 13 13 13 13 13 13 13 13 13 14 12
879_0_0 3 6 5 7 6 1 1 2 4 1 3 3 2 4 3 3 27 12 13 13 13 13 13 13 13 13 13 13 13 13 13 12 13 14 13 13 13 14 13 13 13 13 13 13 13 13 13 13 13 13 14 13 13 13 14 13 12 13 13 13 13 13 13 13 13 13 13 13 13 13 12
881_0_0 4 4 6 5 8 0 2 2 3 3 4 2 3 1 4 3 27 12 13 13 13 13 13 13 13 13 13 14 13 13 13 13 13 14 13 12 13 13 13 13 13 13 13 13 13 13 13 13 13 13 13 13 12 13 14 13 13 13 13 13 14 13 13 13 13 13 13 13 13 13 12
883_0_0 4 4 6 5 8 1 1 3 2 2 3 3 1 4 3 4 27 12 13 13 13 13 13 14 13 13 13 13 13 13 13 14 13 13 13 13 12 13 13 13 13 13 13 13 13 13 13 13 13 13 13 12 13 13 13 13 14 13 13 13 13 13 13 13 14 13 13 13 13 13 12
884_0_0 4 4 6 5 8 0 2 4 3 2 3 3 3 3 1 3 27 12 13 13 13 13 13 13 13 13 13 13 14 13 13 12 13 13 13 13 13 13 13 13 13 14 13 13 13 13 14 13 13 13 13 13 13 13 13 13 12 13 13 14 13 13 13 13 13 13 13 13 13 13 12
886_0_0 4 4 6 5 8 0 2 3 3 3 4 2 2 2 2 4 27 12 13 13 13 13 13 13 13 13 13 13 13 13 13 12 13 14 13 13 13 13 13 13 13 14 13 13 13 13 14 13 13 13 13 13 13 13 14 13 12 13 13 13 13 13 13 13 13 13 13 13 13 13 12
887_0_0 3 5 5 6 8 1 2 3 4 2 4 2 1 3 2 3 27 12 14 13 13 14 13 13 13 13 13 13 13 13 13 13 13 13 13 13 13 13 12 13 13 13 13 13 13 13 13 13 13 12 13 13 13 13 13 13 13 13 13 13 13 13 13 13 13 13 14 13 13 14 12
889_0_0 3 5 7 5 7 0 2 3 2 3 1 4 3 3 3 3 27 12 14 13 13 13 13 13 13 13 13 12 13 13 13 13 13 13 13 13 13 13 14 13 13 13 13 13 13 13 13 13 13 14 13 13 13 13 13 13 13 13 13 13 12 13 13 13 13 13 13 13 13 14 12
891_0_0 4 4 6 5 8 1 2 2 2 3 2 4 1 4 4 2 27 12 13 13 13 13 12 13 13 13 13 13 13 14 13 13 13 13 13 13 13 13 13 13 13 13 14 13 13 14 13 13 13 13 13 13 13 13 13 13 13 13 14 13 13 13 13 13 13 12 13 13 13 13 12
892_0_0 4 4 6 5 8 0 2 3 3 3 4 2 2 2 2 4 27 12 13 13 12 13 14 13 14 13 13 13 13 13 13 13 13 13 13 13 13 13 13 13 13 13 13 13 13 13 13 13 13 13 13 13 13 13 13 13 13 13 13 13 13 13 13 14 13 14 13 12 13 13 12
893_0_0 4 5 4 6 8 1 1 2 3 3 3 2 4 1 4 3 27 12 13 12 13 13 14 13 13 13 13 13 13 13 13 13 13 13 13 13 13 13 13 13 14 13 13 13 13 13 13 14 13 13 13 13 13 13 13 13 13 13 13 13 13 13 13 13 13 14 13 13 12 13 12
894_0_0 3 6 5 7 6 1 1 2 3 1 4 2 3 3 3 4 27 12 14 13 13 12 13 13 13 14 13 13 13 13 13 13 13 13 13 13 13 13 13 13 13 13 13 13 13 13 13 13 13 13 13 13 13 13 13 13 13 13 13 13 13 13 14 13 13 13 12 13 13 14 12
895_0_0 3 6 5 7 6 0 3 1 2 4 3 3 2 3 3 3 27 12 14 13 13 13 13 13 13 13 13 13 13 13 13 12 13 13 13 13 13 13 13 13 14 13 13 13 13 13 13 14 13 13 13 13 13 13 13 13 12 13 13 13 13 13 13 13 13 13 13 13 13 14 12
896_1_0 4 4 8 5 6 1 1 3 2 3 4 3 1 4 2 3 27 12 13 13 12 13 13 13 14 13 13 13 13 13 13 13 13 13 13 13 13 13 13 13 14 13 13 13 13 13 13 14 13 13 13 13 13 13 13 13 13 13 13 13 13 13 13 14 13 13 13 12 13 13 12
898_0_0 4 5 4 6 8 1 2 2 4 1 2 3 4 2 4 2 27 12 13 12 14 13 13 13 13 13 13 13 13 13 13 13 13 13 13 13 13 13 13 13 13 13 14 13 13 14 13 13 13 13 13 13 13 13 13 13 13 13 13 13 13 13 13 13 13 13 13 14 12 13 12
899_0_0 4 4 6 5 8 1 2 2 3 4 2 4 2 1 2 4 27 12 13 13 13 13 13 14 13 13 13 13 13 13 13 13 13 13 13 14 13 13 13 13 12 13 13 13 13 13 13 12 13 13 13 13 14 13 13 13 13 13 13 13 13 13 13 13 14 13 13 13 13 13 12
900_0_0 3 6 5 7 6 0 3 3 2 2 1 3 3 3 3 4 27 12 13 13 13 13 13 13 14 13 12 13 13 13 13 13 14 13 13 13 13 13 13 13 13 13 13 13 13 13 13 13 13 13 13 13 13 13 13 14 13 13 13 13 13 12 13 14 13 13 13 13 13 13 12
901_0_0 3 5 7 5 7 1 1 2 4 3 3 2 3 3 1 4 27 12 13 13 13 13 13 14 13 13 13 13 13 14 13 13 13 13 13 13 13 13 13 13 12 13 13 13 13 13 13 12 13 13 13 13 13 13 13 13 13 13 14 13 13 13 13 13 14 13 13 13 13 13 12
903_0_0 3 5 8 5 6 0 2 3 3 3 4 2 2 2 2 4 27 12 13 13 13 14 13 12 13 13 13 13 13 13 14 13 13 13 13 13 13 13 13 13 13 13 13 13 13 13 13 13 13 13 13 13 13 13 13 13 13 14 13 13 13 13 13 13 12 13 14 13 13 13 12
904_0_0 3 5 7 5 7 0 3 1 2 3 3 3 2 3 4 3 27 12 13 14 13 13 13 13 13 13 13 13 13 13 13 13 12 13 13 13 13 13 13 14 13 13 13 13 13 13 13 13 14 13 13 13 13 13 13 12 13 13 13 13 13 13 13 13 13 13 13 13 14 13 12
905_0_0 4 4 6 5 8 1 2 2 2 3 2 4 1 4 4 2 27 12 13 13 13 13 12 13 13 14 13 13 13 13 13 13 13 13 14 13 13 13 13 13 13 13 13 13 13 13 13 13 13 13 13 13 13 14 13 13 13 13 13 13 13 13 14 13 13 12 13 13 13 13 12
906_0_0 4 4 6 5 8 1 2 2 4 3 3 1 4 3 1 3 27 12 14 13 13 13 13 13 13 13 12 13 13 13 13 14 13 13 13 13 13 13 13 13 13 13 13 13 13 13 13 13 13 13 13 13 13 13 13 13 14 13 13 13 13 12 13 13 13 13 13 13 13 14 12
907_0_0 3 6 5 7 6 0 2 3 2 3 1 4 3 3 3 3 27 12 13 13 13 13 13 13 13 13 12 13 14 13 13 13 13 13 13 13 13 13 13 13 14 13 13 13 13 13 13 14 13 13 13 13 13 13 13 13 13 13 13 14 13 12 13 13 13 13 13 13 13 13 12
909_0_0 3 6 5 7 6 0 2 3 2 3 1 4 3 3 3 3 27 12 13 13 13 13 13 13 13 13 12 13 13 14 13 13 13 13 13 13 13 14 13 13 13 13 13 13 13 13 13 13 13 13 14 13 13 13 13 13 13 13 14 13 13 12 13 13 13 13 13 13 13 13 12
910_1_0 4 4 8 5 6 0 2 2 3 3 1 4 3 3 3 3 27 12 14 13 13 13 13 13 13 13 14 13 13 13 13 12 13 13 13 13 13 13 13 13 13 13 13 13 13 13 13 13 13 13 13 13 13 13 13 13 12 13 13 13 13 14 13 13 13 13 13 13 13 14 12
912_0_0 4 4 6 5 8 1 1 2 3 3 3 2 4 1 4 3 27 12 13 13 13 13 13 13 13 13 13 13 13 13 13 13 13 14 13 12 13 13 13 13 14 13 13 13 13 13 13 14 13 13 13 13 12 13 14 13 13 13 13 13 13 13 13 13 13 13 13 13 13 13 12
913_0_0 3 5 8 5 6 0 3 3 2 1 3 2 4 3 3 3 27 12 13 12 13 13 14 13 13 13 13 13 13 13 13 13 13 13 13 13 13 13 13 13 13 14 13 13 13 13 14 13 13 13 13 13 13 13 13 13 13 13 13 13 13 13 13 13 13 14 13 13 12 13 12
914_0_0 4 4 6 5 8 0 2 3 2 3 4 2 2 4 2 3 27 12 13 14 13 13 13 13 13 13 13 13 13 13 13 13 13 13 13 14 13 13 13 13 13 13 12 13 13 12 13 13 13 13 13 13 14 13 13 13 13 13 13 13 13 13 13 13 13 13 13 13 14 13 12
915_0_0 4 4 6 5 8 0 2 2 3 2 3 2 4 2 4 3 27 12 14 13 13 13 13 13 13 13 13 13 13 13 13 13 13 13 13 13 14 13 13 13 13 12 13 13 13 13 12 13 13 13 13 14 13 13 13 13 13 13 13 13 13 13 13 13 13 13 13 13 13 14 12
916_0_0 4 4 6 5 8 1 2 2 3 1 4 2 2 5 3 2 27 12 13 14 13 13 13 13 13 13 13 14 13 13 13 13 13 13 13 13 13 13 13 13 13 13 12 13 13 12 13 13 13 13 13 13 13 13 13 13 13 13 13 13 14 13 13 13 13 13 13 13 14 13 12
917_1_0 4 4 8 5 6 0 3 1 2 3 3 3 2 3 4 3 27 12 13 13 13 13 13 13 13 13 13 13 13 13 14 13 12 13 13 13 13 13 13 14 13 13 13 13 13 13 13 13 14 13 13 13 13 13 13 12 13 14 13 13 13 13 13 13 13 13 13 13 13 13 12
919_0_0 3 6 5 7 6 1 2 2 3 4 3 1 3 4 1 3 27 12 13 14 13 13 14 13 13 13 13 13 13 13 13 13 13 13 13 13 12 13 13 13 13 13 13 13 13 13 13 13 13 13 13 12 13 13 13 13 13 13 13 13 13 13 13 13 13 14 13 13 14 13 12
921_0_0 3 6 5 7 6 1 1 2 4 1 4 3 2 3 3 3 27 12 13 14 13 12 13 13 13 13 13 13 13 13 13 13 13 13 13 13 13 13 13 13 13 13 14 13 13 14 13 13 13 13 13 13 13 13 13 13 13 13 13 13 13 13 13 13 13 13 12 13 14 13 12
923_0_0 3 6 6 6 6 0 2 4 3 2 3 3 3 3 1 3 27 13 13 13 13 12 13 13 13 13 13 13 13 13 13 12 13 14 13 14 13 13 13 13 13 13 13 13 13 13 13 13 13 13 13 13 14 13 14 13 12 13 13 13 13 13 13 13 13 13 12 13 13 13 13
925_0_2 4 5 4 6 8 1 3 2 2 2 3 1 3 2 5 3 27 12 13 13 14 13 13 13 13 13 13 13 12 13 13 13 13 13 13 13 13 13 13 13 14 13 13 13 13 13 13 14 13 13 13 13 13 13 13 13 13 13 13 12 13 13 13 13 13 13 13 14 13 13 12
926_1_0 4 5 4 8 6 0 3 2 3 4 3 3 1 2 3 3 27 12 13 13 13 13 13 13 12 13 13 13 13 13 13 13 14 13 13 13 13 14 13 13 13 13 13 13 13 13 13 13 13 13 14 13 13 13 13 14 13 13 13 13 13 13 13 12 13 13 13 13 13 13 12
927_1_2 3 6 7 5 6 1 2 3 2 2 2 2 4 2 5 2 27 12 14 13 13 13 14 13 13 13 13 13 13 13 13 13 13 13 13 13 13 13 13 13 13 12 13 13 13 13 12 13 13 13 13 13 13 13 13 13 13 13 13 13 13 13 13 13 13 14 13 13 13 14 12
929_0_2 4 4 6 5 8 1 2 2 3 2 3 3 1 5 3 2 27 12 13 14 13 14 13 13 13 13 13 13 13 13 13 13 13 13 13 13 13 13 13 13 13 12 13 13 13 13 12 13 13 13 13 13 13 13 13 13 13 13 13 13 13 13 13 13 13 13 14 13 14 13 12
930_0_2 4 4 6 5 8 1 3 2 2 2 3 1 3 2 5 3 27 12 13 13 13 13 13 13 13 13 12 13 13 13 13 13 13 13 14 13 14 13 13 13 13 13 13 13 13 13 13 13 13 13 13 14 13 14 13 13 13 13 13 13 13 12 13 13 13 13 13 13 13 13 12
931_1_0 3 6 7 5 6 1 1 2 4 3 3 2 3 3 1 4 27 12 13 13 13 13 13 13 13 14 13 13 13 13 13 13 13 13 14 13 12 13 13 13 13 13 13 13 13 13 13 13 13 13 13 12 13 14 13 13 13 13 13 13 13 13 14 13 13 13 13 13 13 13 12
932_1_2 4 4 8 5 6 1 2 3 3 2 2 3 5 1 3 2 27 12 13 14 13 13 13 13 13 13 13 13 13 13 13 14 13 13 13 13 12 13 13 13 13 13 13 13 13 13 13 13 13 13 13 12 13 13 13 13 14 13 13 13 13 13 13 13 13 13 13 13 14 13 12
933_1_2 3 7 5 7 5 1 2 2 2 2 4 3 4 1 2 4 27 12 13 14 13 13 13 13 14 13 13 13 13 13 13 13 13 13 13 13 13 13 13 13 13 13 12 13 13 12 13 13 13 13 13 13 13 13 13 13 13 13 13 13 13 13 13 14 13 13 13 13 14 13 12
934_1_2 4 4 8 5 6 1 2 2 3 3 3 1 5 3 2 2 27 12 13 13 12 13 13 13 13 13 13 13 14 13 13 13 13 13 13 13 13 13 13 13 14 13 13 13 13 13 13 14 13 13 13 13 13 13 13 13 13 13 13 14 13 13 13 13 13 13 13 12 13 13 12
935_1_2 4 4 8 5 6 1 2 2 3 3 3 1 5 3 2 2 27 12 13 13 13 13 13 13 13 14 13 13 13 13 13 13 13 13 13 13 13 13 13 14 13 13 12 13 13 12 13 13 14 13 13 13 13 13 13 13 13 13 13 13 13 13 14 13 13 13 13 13 13 13 12
937_0_2 4 4 6 5 8 1 2 2 2 2 4 3 4 1 2 4 27 12 13 14 13 13 13 13 13 13 13 13 13 13 13 12 13 13 13 13 13 13 13 13 13 14 13 13 13 13 14 13 13 13 13 13 13 13 13 13 12 13 13 13 13 13 13 13 13 13 13 13 14 13 12
938_1_0 4 4 8 5 6 0 1 3 3 3 2 3 3 3 2 4 27 12 13 13 13 13 13 13 13 12 13 13 13 13 13 13 13 13 14 13 13 14 13 13 13 13 13 13 13 13 13 13 13 13 14 13 13 14 13 13 13 13 13 13 13 13 12 13 13 13 13 13 13 13 12
940_1_0 3 7 5 7 5 0 1 3 3 3 2 3 3 3 2 4 27 12 13 13 13 13 13 13 13 12 13 13 14 13 13 13 13 13 14 13 13 13 13 13 13 13 13 13 13 13 13 13 13 13 13 13 13 14 13 13 13 13 13 14 13 13 12 13 13 13 13 13 13 13 12
941_1_2 4 4 8 5 6 1 2 1 3 2 3 3 3 1 4 4 27 12 13 13 13 13 13 13 13 13 13 13 13 13 13 14 13 13 14 13 12 13 13 13 13 13 13 13 13 13 13 13 13 13 13 12 13 14 13 13 14 13 13 13 13 13 13 13 13 13 13 13 13 13 12
942_1_2 4 4 8 5 6 1 2 2 3 5 2 2 3 3 1 3 27 12 13 14 13 12 13 13 13 13 14 13 13 13 13 13 13 13 13 13 13 13 13 13 13 13 13 13 13 13 13 13 13 13 13 13 13 13 13 13 13 13 13 13 13 14 13 13 13 13 12 13 14 13 12
944_0_2 4 4 6 5 8 1 3 2 2 2 3 1 3 2 5 3 27 12 13 13 13 13 13 13 13 14 13 13 13 13 13 13 13 13 14 13 13 12 13 13 13 13 13 13 13 13 13 13 13 13 12 13 13 14 13 13 13 13 13 13 13 13 14 13 13 13 13 13 13 13 12
945_1_0 4 4 8 5 6 1 1 2 3 2 3 4 1 4 3 3 27 12 13 13 13 13 12 13 13 14 13 13 13 13 13 13 13 13 13 13 13 13 13 14 13 13 13 13 13 13 13 13 14 13 13 13 13 13 13 13 13 13 13 13 13 13 14 13 13 12 13 13 13 13 12
947_1_0 3 7 5 7 5 1 2 2 3 1 4 2 2 5 3 2 27 12 13 13 12 13 13 13 14 13 13 13 13 13 13 13 13 13 13 13 13 13 14 13 13 13 13 13 13 13 13 13 13 14 13 13 13 13 13 13 13 13 13 13 13 13 13 14 13 13 13 12 13 13 12
948_1_2 3 7 5 7 5 1 3 2 2 2 3 1 3 2 5 3 27 12 13 13 13 13 13 13 13 13 13 13 13 14 13 13 13 13 14 13 13 12 13 13 13 13 13 13 13 13 13 13 13 13 12 13 13 14 13 13 13 13 14 13 13 13 13 13 13 13 13 13 13 13 12
950_0_2 4 5 4 6 8 0 3 2 3 2 1 4 3 3 3 3 27 12 13 13 13 13 14 13 13 14 13 13 13 13 13 13 13 13 13 13 13 13 13 12 13 13 13 13 13 13 13 13 12 13 13 13 13 13 13 13 13 13 13 13 13 13 14 13 13 14 13 13 13 13 12
950_1_2 4 5 4 8 6 0 3 2 3 2 1 4 3 3 3 3 27 12 13 13 13 13 14 13 13 14 13 13 13 13 13 13 13 13 13 13 13 13 13 12 13 13 13 13 13 13 13 13 12 13 13 13 13 13 13 13 13 13 13 13 13 13 14 13 13 14 13 13 13 13 12
951_0_2 4 5 4 6 8 1 3 2 2 2 3 1 3 2 5 3 27 12 13 13 13 13 13 13 13 14 13 13 13 13 13 13 13 13 13 13 13 13 13 12 13 13 14 13 13 14 13 13 12 13 13 13 13 13 13 13 13 13 13 13 13 13 14 13 13 13 13 13 13 13 12
952_0_2 4 4 6 5 8 1 2 2 2 2 4 3 4 1 2 4 27 12 13 13 12 13 13 13 14 13 13 13 13 13 13 13 13 13 13 14 13 13 13 13 13 13 13 13 13 13 13 13 13 13 13 13 14 13 13 13 13 13 13 13 13 13 13 14 13 13 13 12 13 13 12
953_0_2 4 4 6 5 8 1 2 2 3 2 4 2 2 5 2 2 27 12 13 14 13 13 13 13 13 14 13 13 13 13 13 13 13 13 13 13 13 13 13 13 13 13 12 13 13 12 13 13 13 13 13 13 13 13 13 13 13 13 13 13 13 13 14 13 13 13 13 13 14 13 12
954_1_0 3 6 5 8 5 0 2 4 3 2 3 3 3 3 1 3 27 12 13 13 13 13 13 12 13 13 14 13 13 13 14 13 13 13 13 13 13 13 13 13 13 13 13 13 13 13 13 13 13 13 13 13 13 13 13 13 13 14 13 13 13 14 13 13 12 13 13 13 13 13 12
956_1_0 4 4 8 5 6 1 2 2 3 1 4 2 2 5 3 2 27 12 13 13 13 13 13 13 13 13 13 13 13 13 13 12 13 13 13 13 13 13 14 13 13 14 13 13 13 13 14 13 13 14 13 13 13 13 13 13 12 13 13 13 13 13 13 13 13 13 13 13 13 13 12
957_1_2 4 5 4 8 6 1 2 3 3 2 2 3 5 1 3 2 27 12 13 13 13 13 13 13 13 13 13 13 13 12 13 13 13 13 13 14 13 13 13 13 13 13 14 13 13 14 13 13 13 13 13 13 14 13 13 13 13 13 12 13 13 13 13 13 13 13 13 13 13 13 12
959_1_0 4 5 4 8 6 1 1 2 4 3 3 2 3 3 1 4 27 12 13 13 13 13 13 13 13 14 13 13 13 12 13 13 13 13 13 13 13 13 13 13 13 13 14 13 13 14 13 13 13 13 13 13 13 13 13 13 13 13 12 13 13 13 14 13 13 13 13 13 13 13 12
960_1_2 3 7 5 7 5 1 2 3 4 3 3 1 3 1 2 4 27 12 13 14 13 13 13 13 13 13 13 13 13 13 13 13 13 14 13 13 13 13 13 13 13 13 12 13 13 12 13 13 13 13 13 13 13 13 14 13 13 13 13 13 13 13 13 13 13 13 13 13 14 13 12
962_1_0 4 4 8 5 6 1 2 3 4 2 4 2 1 3 2 3 27 12 14 13 13 13 13 13 13 13 13 12 13 13 13 13 14 13 13 13 13 13 13 13 13 13 13 13 13 13 13 13 13 13 13 13 13 13 13 14 13 13 13 13 12 13 13 13 13 13 13 13 13 14 12
963_1_2 3 6 5 8 5 1 2 2 3 2 4 2 2 5 2 2 27 12 13 13 13 13 13 12 13 13 13 13 13 13 14 13 13 13 13 13 14 13 13 13 13 13 13 13 13 13 13 13 13 13 13 14 13 13 13 13 13 14 13 13 13 13 13 13 12 13 13 13 13 13 12
964_1_2 3 6 7 5 6 1 2 3 3 2 2 3 5 1 3 2 27 12 13 13 13 13 13 14 13 13 13 13 13 13 14 13 13 13 13 13 12 13 13 13 13 13 13 13 13 13 13 13 13 13 13 12 13 13 13 13 13 14 13 13 13 13 13 13 14 13 13 13 13 13 12
966_1_0 4 5 4 8 6 1 2 2 3 1 4 2 2 5 3 2 27 12 13 13 13 13 13 12 13 13 13 14 13 13 14 13 13 13 13 13 13 13 13 13 13 13 13 13 13 13 13 13 13 13 13 13 13 13 13 13 13 14 13 13 14 13 13 13 12 13 13 13 13 13 12
968_1_0 4 5 4 8 6 0 2 2 3 3 4 2 3 1 4 3 27 12 13 13 13 13 13 13 12 13 13 14 13 13 13 13 14 13 13 13 13 13 13 13 13 13 13 13 13 13 13 13 13 13 13 13 13 13 13 14 13 13 13 13 14 13 13 12 13 13 13 13 13 13 12
969_1_2 3 6 7 5 6 1 2 3 1 3 1 3 2 3 4 4 27 12 14 13 13 12 13 13 13 13 13 13 13 13 13 13 13 13 13 13 13 13 13 13 14 13 13 13 13 13 13 14 13 13 13 13 13 13 13 13 13 13 13 13 13 13 13 13 13 13 12 13 13 14 12
971_1_0 3 7 5 7 5 1 2 2 3 3 4 2 1 5 2 2 27 12 13 13 13 13 13 13 13 12 13 13 13 13 13 13 13 13 14 13 13 13 14 13 13 13 13 13 13 13 13 13 13 14 13 13 13 14 13 13 13 13 13 13 13 13 12 13 13 13 13 13 13 13 12
972_0_6 3 6 5 7 6 1 2 2 2 4 2 4 1 3 4 2 27 12 14 13 13 13 13 13 13 13 12 13 13 13 13 13 14 13 13 13 13 13 13 13 13 13 13 13 13 13 13 13 13 13 13 13 13 13 13 14 13 13 13 13 13 12 13 13 13 13 13 13 13 14 12
972_1_6 3 6 7 5 6 1 2 2 2 4 2 4 1 3 4 2 27 12 14 13 13 13 13 13 13 13 12 13 13 13 13 13 14 13 13 13 13 13 13 13 13 13 13 13 13 13 13 13 13 13 13 13 13 13 13 14 13 13 13 13 13 12 13 13 13 13 13 13 13 14 12
974_0_2 4 5 4 6 8 1 2 2 3 2 3 3 1 5 3 2 27 12 13 12 13 13 14 13 13 13 13 13 13 13 14 13 13 13 13 13 13 13 13 13 13 13 13 13 13 13 13 13 13 13 13 13 13 13 13 13 13 14 13 13 13 13 13 13 13 14 13 13 12 13 12
975_0_2 4 5 4 6 8 1 2 2 2 2 4 3 4 1 2 4 27 12 13 13 13 13 13 12 13 13 13 13 13 13 14 13 13 13 13 14 13 13 13 13 13 13 13 13 13 13 13 13 13 13 13 13 14 13 13 13 13 14 13 13 13 13 13 13 12 13 13 13 13 13 12
976_0_2 4 4 6 5 8 1 1 2 3 2 3 2 3 3 2 5 27 12 13 13 13 13 13 13 14 13 13 13 13 13 13 13 14 13 13 13 13 12 13 13 13 13 13 13 13 13 13 13 13 13 12 13 13 13 13 14 13 13 13 13 13 13 13 14 13 13 13 13 13 13 12
977_0_2 4 4 6 5 8 1 2 2 3 2 3 3 1 5 3 2 27 12 13 13 13 14 13 13 14 13 13 13 13 13 13 13 13 13 13 13 13 13 13 13 13 12 13 13 13 13 12 13 13 13 13 13 13 13 13 13 13 13 13 13 13 13 13 14 13 13 14 13 13 13 12
978_1_0 4 4 8 5 6 0 1 3 3 3 2 3 3 3 2 4 27 12 13 13 13 13 13 13 13 13 13 13 13 13 13 14 13 13 13 13 12 13 13 14 13 13 13 13 13 13 13 13 14 13 13 12 13 13 13 13 14 13 13 13 13 13 13 13 13 13 13 13 13 13 12
979_1_2 4 5 5 5 8 1 2 3 2 3 1 4 4 3 1 3 27 12 14 13 13 13 13 13 13 13 13 13 13 13 13 13 13 13 14 13 13 13 13 13 13 12 13 13 13 13 12 13 13 13 13 13 13 14 13 13 13 13 13 13 13 13 13 13 13 13 13 13 13 14 12
980_1_0 4 4 8 5 6 1 1 2 4 3 3 2 3 3 1 4 27 12 13 13 13 13 13 13 13 12 13 13 13 13 13 13 13 13 14 13 13 13 13 13 14 13 13 13 13 13 13 14 13 13 13 13 13 14 13 13 13 13 13 13 13 13 12 13 13 13 13 13 13 13 12
981_1_2 3 6 5 8 5 1 2 2 2 2 4 3 4 1 2 4 27 12 13 13 13 13 13 12 13 13 13 13 13 13 14 13 13 13 13 13 13 13 13 13 13 14 13 13 13 13 14 13 13 13 13 13 13 13 13 13 13 14 13 13 13 13 13 13 12 13 13 13 13 13 12
983_0_2 3 5 8 5 6 1 2 1 3 2 3 3 3 1 4 4 27 12 13 13 13 13 13 13 13 13 13 13 13 12 13 14 13 13 13 13 13 13 13 13 13 13 14 13 13 14 13 13 13 13 13 13 13 13 13 13 14 13 12 13 13 13 13 13 13 13 13 13 13 13 12
984_0_2 3 6 5 7 6 1 2 4 4 1 4 2 3 2 2 2 27 12 13 13 13 12 13 13 13 13 13 13 13 14 13 13 13 13 13 13 13 13 13 13 13 13 14 13 13 14 13 13 13 13 13 13 13 13 13 13 13 13 14 13 13 13 13 13 13 13 12 13 13 13 12
985_1_0 3 6 5 8 5 0 2 2 3 3 1 3 3 3 3 4 27 12 13 13 13 14 13 13 12 13 13 13 13 13 13 13 14 13 13 13 13 13 13 13 13 13 13 13 13 13 13 13 13 13 13 13 13 13 13 14 13 13 13 13 13 13 13 12 13 13 14 13 13 13 12
986_1_2 3 6 7 5 6 1 2 3 2 3 1 4 4 3 1 3 27 12 13 13 13 13 13 13 13 14 13 13 13 13 13 13 13 13 14 13 13 13 13 13 13 12 13 13 13 13 12 13 13 13 13 13 13 14 13 13 13 13 13 13 13 13 14 13 13 13 13 13 13 13 12
987_0_6 4 4 6 5 8 1 2 5 3 2 2 3 2 3 1 3 27 12 13 13 13 13 14 13 13 12 13 13 13 13 13 13 13 13 14 13 13 13 13 13 13 13 13 13 13 13 13 13 13 13 13 13 13 14 13 13 13 13 13 13 13 13 12 13 13 14 13 13 13 13 12
987_1_6 4 4 8 5 6 1 2 5 3 2 2 3 2 3 1 3 27 12 13 13 13 13 14 13 13 12 13 13 13 13 13 13 13 13 14 13 13 13 13 13 13 13 13 13 13 13 13 13 13 13 13 13 13 14 13 13 13 13 13 13 13 13 12 13 13 14 13 13 13 13 12
989_1_0 4 4 8 5 6 1 1 2 4 1 3 3 2 4 3 3 27 12 13 13 13 13 13 13 13 13 13 13 13 13 13 13 13 14 13 13 13 14 13 13 13 13 12 13 13 12 13 13 13 13 14 13 13 13 14 13 13 13 13 13 13 13 13 13 13 13 13 13 13 13 12
991_0_4 3 5 8 5 6 1 1 3 2 3 4 2 3 1 4 3 27 12 13 13 13 14 13 13 13 13 13 13 13 12 13 13 13 13 13 13 13 13 13 13 13 13 14 13 13 14 13 13 13 13 13 13 13 13 13 13 13 13 12 13 13 13 13 13 13 13 14 13 13 13 12
991_1_4 3 6 5 8 5 1 1 3 2 3 4 2 3 1 4 3 27 12 13 13 13 14 13 13 13 13 13 13 13 12 13 13 13 13 13 13 13 13 13 13 13 13 14 13 13 14 13 13 13 13 13 13 13 13 13 13 13 13 12 13 13 13 13 13 13 13 14 13 13 13 12
993_0_0 4 4 6 5 8 0 1 3 3 3 2 3 3 3 2 4 27 12 13 13 13 13 13 13 13 13 13 13 14 13 13 14 13 13 13 13 12 13 13 13 13 13 13 13 13 13 13 13 13 13 13 12 13 13 13 13 14 13 13 14 13 13 13 13 13 13 13 13 13 13 12
994_1_0 4 4 8 5 6 1 2 2 4 3 3 1 4 3 1 3 27 12 13 13 13 13 13 14 13 13 12 13 13 13 13 13 13 13 13 13 14 13 13 13 13 13 13 13 13 13 13 13 13 13 13 14 13 13 13 13 13 13 13 13 13 12 13 13 14 13 13 13 13 13 12
996_0_0 3 6 5 7 6 0 2 2 3 2 3 2 4 2 4 3 27 12 14 13 13 13 13 13 13 14 13 13 13 13 13 13 13 13 13 13 13 13 13 13 13 12 13 13 13 13 12 13 13 13 13 13 13 13 13 13 13 13 13 13 13 13 14 13 13 13 13 13 13 14 12
997_0_0 4 5 4 6 8 0 2 2 3 3 1 3 3 3 3 4 27 12 13 12 13 13 14 13 13 13 13 13 13 13 13 13 14 13 13 13 13 13 13 13 13 13 13 13 13 13 13 13 13 13 13 13 13 13 13 14 13 13 13 13 13 13 13 13 13 14 13 13 12 13 12
999_0_0 3 6 6 6 6 0 3 1 2 3 3 3 2 3 4 3 27 13 13 13 13 12 13 13 13 13 13 13 13 13 13 12 13 13 14 14 13 13 13 13 13 13 13 13 13 13 13 13 13 13 13 13 14 14 13 13 12 13 13 13 13 13 13 13 13 13 12 13 13 13 13
1000_1_0 4 4 8 5 6 0 2 3 2 3 4 2 2 4 2 3 27 12 13 13 12 13 13 13 14 13 13 13 13 13 14 13 13 13 13 13 13 13 13 13 13 13 13 13 13 13 13 13 13 13 13 13 13 13 13 13 13 14 13 13 13 13 13 14 13 13 13 12 13 13 12
1001_1_0 4 4 8 5 6 0 2 3 3 2 3 2 4 2 3 3 27 12 13 13 13 13 13 13 14 13 13 12 13 13 13 13 14 13 13 13 13 13 13 13 13 13 13 13 13 13 13 13 13 13 13 13 13 13 13 14 13 13 13 13 12 13 13 14 13 13 13 13 13 13 12
1002_1_0 3 6 7 5 6 0 3 3 2 2 1 3 3 3 3 4 27 12 13 13 13 13 13 13 13 13 12 13 13 13 13 13 13 14 13 14 13 13 13 13 13 13 13 13 13 13 13 13 13 13 13 13 14 13 14 13 13 13 13 13 13 12 13 13 13 13 13 13 13 13 12
1003_1_0 4 5 4 8 6 0 3 3 2 1 3 2 4 3 3 3 27 12 13 12 13 13 14 13 13 13 13 13 13 13 13 13 13 13 13 14 13 13 13 13 13 13 13 13 13 13 13 13 13 13 13 13 14 13 13 13 13 13 13 13 13 13 13 13 13 14 13 13 12 13 12
1005_0_0 4 4 7 5 7 1 1 2 4 3 3 2 3 3 1 4 27 12 14 13 13 13 13 14 13 13 13 13 13 13 13 13 13 13 13 13 12 13 13 13 13 13 13 13 13 13 13 13 13 13 13 12 13 13 13 13 13 13 13 13 13 13 13 13 14 13 13 13 13 14 12
1006_0_2 3 6 5 7 6 1 2 2 3 2 3 3 1 5 3 2 27 12 14 13 13 13 14 13 13 13 13 13 13 13 13 13 13 13 13 13 12 13 13 13 13 13 13 13 13 13 13 13 13 13 13 12 13 13 13 13 13 13 13 13 13 13 13 13 13 14 13 13 13 14 12
1007_0_2 4 4 7 5 7 1 2 3 2 2 2 2 4 2 5 2 27 12 14 13 13 13 13 13 13 13 13 13 13 13 13 13 13 14 13 13 13 13 13 13 13 12 13 13 13 13 12 13 13 13 13 13 13 13 14 13 13 13 13 13 13 13 13 13 13 13 13 13 13 14 12
1007_2_2 4 8 5 5 5 1 2 3 2 2 2 2 4 2 5 2 27 12 14 13 13 13 13 13 13 13 13 13 13 13 13 13 13 14 13 13 13 13 13 13 13 12 13 13 13 13 12 13 13 13 13 13 13 13 14 13 13 13 13 13 13 13 13 13 13 13 13 13 13 14 12
1009_1_0 4 4 8 5 6 0 2 2 3 3 4 2 3 1 4 3 27 12 13 13 13 14 13 13 13 13 13 13 13 13 13 13 13 13 13 13 13 13 14 13 13 12 13 13 13 13 12 13 13 14 13 13 13 13 13 13 13 13 13 13 13 13 13 13 13 13 14 13 13 13 12
1011_0_0 4 4 7 5 7 0 2 3 3 2 4 2 2 4 2 3 27 12 14 13 13 13 13 13 13 13 12 13 13 13 13 13 13 14 13 13 13 13 13 13 13 13 13 13 13 13 13 13 13 13 13 13 13 13 14 13 13 13 13 13 13 12 13 13 13 13 13 13 13 14 12
1011_1_0 4 5 5 5 8 0 2 3 3 2 4 2 2 4 2 3 27 12 14 13 13 13 13 13 13 13 12 13 13 13 13 13 13 14 13 13 13 13 13 13 13 13 13 13 13 13 13 13 13 13 13 13 13 13 14 13 13 13 13 13 13 12 13 13 13 13 13 13 13 14 12
1011_2_0 4 8 5 5 5 0 2 3 3 2 4 2 2 4 2 3 27 12 14 13 13 13 13 13 13 13 12 13 13 13 13 13 13 14 13 13 13 13 13 13 13 13 13 13 13 13 13 13 13 13 13 13 13 13 14 13 13 13 13 13 13 12 13 13 13 13 13 13 13 14 12
1012_0_0 4 4 6 5 8 0 1 3 3 3 2 3 3 3 2 4 27 12 13 13 13 13 13 14 13 13 13 13 13 13 13 13 13 13 13 13 13 14 13 13 12 13 13 13 13 13 13 12 13 13 14 13 13 13 13 13 13 13 13 13 13 13 13 13 14 13 13 13 13 13 12
1014_0_0 4 4 7 5 7 0 1 4 2 3 3 3 2 4 2 3 27 12 14 13 13 13 13 13 13 13 13 13 13 13 13 12 13 13 13 13 13 13 14 13 13 13 13 13 13 13 13 13 13 14 13 13 13 13 13 13 12 13 13 13 13 13 13 13 13 13 13 13 13 14 12
1015_0_2 3 6 5 7 6 1 1 2 3 2 3 2 4 2 3 4 27 13 13 13 13 12 13 13 13 13 13 12 13 13 13 13 13 13 14 14 13 13 13 13 13 13 13 13 13 13 13 13 13 13 13 13 14 14 13 13 13 13 13 13 12 13 13 13 13 13 12 13 13 13 13
1016_1_0 4 4 8 5 6 1 1 2 3 2 3 4 1 4 3 3 27 12 13 13 13 12 13 13 13 13 14 13 13 14 13 13 13 13 13 13 13 13 13 13 13 13 13 13 13 13 13 13 13 13 13 13 13 13 13 13 13 13 14 13 13 14 13 13 13 13 12 13 13 13 12
1018_1_0 4 4 8 5 6 1 1 2 4 1 3 3 2 4 3 3 27 12 13 13 12 13 13 13 13 13 13 13 13 13 13 13 14 13 13 13 13 13 13 14 13 13 13 13 13 13 13 13 14 13 13 13 13 13 13 14 13 13 13 13 13 13 13 13 13 13 13 12 13 13 12
1020_0_2 4 4 6 5 8 1 2 4 4 1 4 2 3 2 2 2 27 12 14 13 13 12 13 13 13 13 13 13 13 13 13 14 13 13 13 13 13 13 13 13 13 13 13 13 13 13 13 13 13 13 13 13 13 13 13 13 14 13 13 13 13 13 13 13 13 13 12 13 13 14 12
1021_1_0 3 6 7 5 6 0 2 3 2 3 1 4 3 3 3 3 27 12 14 13 13 13 13 13 13 13 13 13 13 13 13 13 13 13 13 14 13 13 13 13 13 12 13 13 13 13 12 13 13 13 13 13 14 13 13 13 13 13 13 13 13 13 13 13 13 13 13 13 13 14 12
1022_1_2 3 7 5 7 5 1 3 2 2 2 3 1 3 2 5 3 27 12 13 13 13 13 13 14 13 13 13 13 13 14 13 13 13 13 13 13 13 12 13 13 13 13 13 13 13 13 13 13 13 13 12 13 13 13 13 13 13 13 14 13 13 13 13 13 14 13 13 13 13 13 12
1023_0_6 4 4 6 5 8 1 2 2 2 4 2 4 1 3 4 2 27 12 13 13 13 13 13 13 13 13 13 13 13 14 13 13 14 13 13 13 13 12 13 13 13 13 13 13 13 13 13 13 13 13 12 13 13 13 13 14 13 13 14 13 13 13 13 13 13 13 13 13 13 13 12
1023_1_6 4 4 8 5 6 1 2 2 2 4 2 4 1 3 4 2 27 12 13 13 13 13 13 13 13 13 13 13 13 14 13 13 14 13 13 13 13 12 13 13 13 13 13 13 13 13 13 13 13 13 12 13 13 13 13 14 13 13 14 13 13 13 13 13 13 13 13 13 13 13 12
1024_1_2 4 4 8 5 6 1 2 3 2 3 1 4 4 3 1 3 27 12 13 13 13 13 13 13 13 13 13 13 13 14 13 13 13 13 13 12 13 13 13 13 13 13 14 13 13 14 13 13 13 13 13 13 12 13 13 13 13 13 14 13 13 13 13 13 13 13 13 13 13 13 12
1026_0_2 3 5 7 5 7 1 2 2 3 2 3 3 1 5 3 2 27 12 13 14 13 13 13 13 13 13 13 13 13 13 13 13 13 14 13 12 13 13 13 13 13 13 13 13 13 13 13 13 13 13 13 13 12 13 14 13 13 13 13 13 13 13 13 13 13 13 13 13 14 13 12
1027_0_2 4 4 6 5 8 1 2 1 3 2 3 3 3 1 4 4 27 12 13 13 14 13 13 13 13 12 13 13 13 13 13 13 13 13 14 13 13 13 13 13 13 13 13 13 13 13 13 13 13 13 13 13 13 14 13 13 13 13 13 13 13 13 12 13 13 13 13 14 13 13 12
1028_0_2 4 4 6 5 8 1 2 3 1 3 1 3 2 3 4 4 27 12 14 13 13 12 13 13 13 13 13 13 13 13 13 13 13 13 13 13 14 13 13 13 13 13 13 13 13 13 13 13 13 13 13 14 13 13 13 13 13 13 13 13 13 13 13 13 13 13 12 13 13 14 12
1029_0_2 3 5 8 5 6 1 2 3 2 2 2 2 4 2 5 2 27 12 13 12 13 13 14 13 13 13 13 13 13 13 13 13 13 13 13 13 14 13 13 13 13 13 13 13 13 13 13 13 13 13 13 14 13 13 13 13 13 13 13 13 13 13 13 13 13 14 13 13 12 13 12
1030_1_0 4 5 4 8 6 0 3 2 3 4 3 3 1 2 3 3 27 12 13 12 13 13 14 13 13 13 13 13 13 13 13 13 13 13 13 13 13 14 13 13 13 13 13 13 13 13 13 13 13 13 14 13 13 13 13 13 13 13 13 13 13 13 13 13 13 14 13 13 12 13 12
1031_1_2 4 4 8 5 6 1 2 2 3 3 3 1 5 3 2 2 27 12 13 13 12 13 13 13 13 13 13 13 13 14 13 13 13 13 13 13 13 14 13 13 13 13 13 13 13 13 13 13 13 13 14 13 13 13 13 13 13 13 14 13 13 13 13 13 13 13 13 12 13 13 12
1033_0_2 4 4 6 5 8 1 2 2 2 2 4 3 4 1 2 4 27 12 13 14 13 13 13 13 13 13 13 13 13 13 14 13 13 13 13 13 13 13 13 13 13 13 12 13 13 12 13 13 13 13 13 13 13 13 13 13 13 14 13 13 13 13 13 13 13 13 13 13 14 13 12
1034_1_0 4 4 8 5 6 0 2 4 3 2 3 3 3 3 1 3 27 12 13 13 13 13 13 13 13 13 13 13 13 13 13 12 13 13 13 13 13 13 13 14 13 14 13 13 13 13 14 13 14 13 13 13 13 13 13 13 12 13 13 13 13 13 13 13 13 13 13 13 13 13 12
1035_1_2 4 4 8 5 6 1 2 2 3 5 2 2 3 3 1 3 27 12 13 13 13 12 13 13 14 13 14 13 13 13 13 13 13 13 13 13 13 13 13 13 13 13 13 13 13 13 13 13 13 13 13 13 13 13 13 13 13 13 13 13 13 14 13 14 13 13 12 13 13 13 12
1037_0_2 4 5 4 6 8 1 2 2 3 2 3 3 1 5 3 2 27 12 13 13 13 13 13 13 12 13 13 13 13 13 14 13 14 13 13 13 13 13 13 13 13 13 13 13 13 13 13 13 13 13 13 13 13 13 13 14 13 14 13 13 13 13 13 12 13 13 13 13 13 13 12
1038_0_2 4 5 4 6 8 1 2 3 4 3 3 1 3 1 2 4 27 12 13 13 13 13 13 12 13 13 13 13 13 13 14 13 14 13 13 13 13 13 13 13 13 13 13 13 13 13 13 13 13 13 13 13 13 13 13 14 13 14 13 13 13 13 13 13 12 13 13 13 13 13 12
1039_0_2 4 4 6 5 8 1 2 2 3 5 2 2 3 3 1 3 27 12 13 13 13 13 13 13 13 13 13 13 13 13 13 13 12 13 13 14 13 13 13 14 13 13 13 13 13 13 13 13 14 13 13 13 14 13 13 12 13 13 13 13 13 13 13 13 13 13 13 13 13 13 12
1040_0_2 4 4 7 5 7 1 2 4 4 1 4 2 3 2 2 2 27 12 14 13 13 12 13 13 13 13 13 13 13 13 13 13 13 13 14 13 13 13 13 13 13 13 13 13 13 13 13 13 13 13 13 13 13 14 13 13 13 13 13 13 13 13 13 13 13 13 12 13 13 14 12
1040_2_2 4 8 5 5 5 1 2 4 4 1 4 2 3 2 2 2 27 12 14 13 13 12 13 13 13 13 13 13 13 13 13 13 13 13 14 13 13 13 13 13 13 13 13 13 13 13 13 13 13 13 13 13 13 14 13 13 13 13 13 13 13 13 13 13 13 13 12 13 13 14 12
1042_0_2 4 4 6 5 8 0 3 3 3 3 4 1 2 2 3 3 27 12 13 13 13 13 13 13 13 12 13 13 13 13 13 13 14 13 14 13 13 13 13 13 13 13 13 13 13 13 13 13 13 13 13 13 13 14 13 14 13 13 13 13 13 13 12 13 13 13 13 13 13 13 12
1042_1_2 4 4 8 5 6 0 3 3 3 3 4 1 2 2 3 3 27 12 13 13 13 13 13 13 13 12 13 13 13 13 13 13 14 13 14 13 13 13 13 13 13 13 13 13 13 13 13 13 13 13 13 13 13 14 13 14 13 13 13 13 13 13 12 13 13 13 13 13 13 13 12
1043_0_2 4 4 6 5 8 1 2 4 4 1 4 2 3 2 2 2 27 12 13 13 13 13 13 14 13 13 13 13 13 13 13 13 12 13 13 13 13 13 13 13 14 13 13 13 13 13 13 14 13 13 13 13 13 13 13 12 13 13 13 13 13 13 13 13 14 13 13 13 13 13 12
1044_0_2 4 4 6 5 8 1 2 2 3 2 4 2 2 5 2 2 27 12 13 14 13 13 13 13 13 13 13 13 13 13 13 13 13 13 13 13 13 13 13 13 14 13 12 13 13 12 13 14 13 13 13 13 13 13 13 13 13 13 13 13 13 13 13 13 13 13 13 13 14 13 12
1045_0_2 4 4 6 5 8 1 2 3 2 2 2 2 4 2 5 2 27 12 13 13 13 14 13 13 13 13 13 13 13 14 13 13 13 13 13 13 13 13 13 13 13 12 13 13 13 13 12 13 13 13 13 13 13 13 13 13 13 13 14 13 13 13 13 13 13 13 14 13 13 13 12
1046_0_2 3 6 5 7 6 0 3 2 4 3 3 3 2 1 3 3 27 12 14 13 13 12 13 13 13 13 13 13 13 13 14 13 13 13 13 13 13 13 13 13 13 13 13 13 13 13 13 13 13 13 13 13 13 13 13 13 13 14 13 13 13 13 13 13 13 13 12 13 13 14 12
1046_1_2 3 6 7 5 6 0 3 2 4 3 3 3 2 1 3 3 27 12 14 13 13 12 13 13 13 13 13 13 13 13 14 13 13 13 13 13 13 13 13 13 13 13 13 13 13 13 13 13 13 13 13 13 13 13 13 13 13 14 13 13 13 13 13 13 13 13 12 13 13 14 12
1047_1_0 4 5 4 8 6 1 2 1 3 2 2 3 3 2 4 4 27 13 13 13 13 12 13 13 13 13 14 13 13 13 13 13 13 13 13 14 13 13 12 13 13 13 13 13 13 13 13 13 13 12 13 13 14 13 13 13 13 13 13 13 13 14 13 13 13 13 12 13 13 13 13
1049_0_2 4 4 7 5 7 1 3 2 2 2 3 1 3 2 5 3 27 12 14 13 13 13 13 13 13 13 12 13 13 13 13 13 13 13 14 13 13 13 13 13 13 13 13 13 13 13 13 13 13 13 13 13 13 14 13 13 13 13 13 13 13 12 13 13 13 13 13 13 13 14 12
1049_2_2 4 8 5 5 5 1 3 2 2 2 3 1 3 2 5 3 27 12 14 13 13 13 13 13 13 13 12 13 13 13 13 13 13 13 14 13 13 13 13 13 13 13 13 13 13 13 13 13 13 13 13 13 13 14 13 13 13 13 13 13 13 12 13 13 13 13 13 13 13 14 12
1050_1_2 3 6 7 5 6 1 2 2 3 2 3 3 1 5 3 2 27 12 13 13 13 13 13 13 13 13 12 13 13 13 13 13 14 13 13 13 13 13 13 14 13 13 13 13 13 13 13 13 14 13 13 13 13 13 13 14 13 13 13 13 13 12 13 13 13 13 13 13 13 13 12
1051_1_2 3 7 6 6 5 1 1 2 3 2 3 2 4 2 3 4 27 13 13 13 13 12 13 13 13 13 13 13 13 13 13 13 13 13 14 14 13 13 12 13 13 13 13 13 13 13 13 13 13 12 13 13 14 14 13 13 13 13 13 13 13 13 13 13 13 13 12 13 13 13 13
1052_1_2 4 4 8 5 6 1 2 1 3 4 2 3 3 2 2 4 27 12 13 14 13 13 14 13 13 13 13 12 13 13 13 13 13 13 13 13 13 13 13 13 13 13 13 13 13 13 13 13 13 13 13 13 13 13 13 13 13 13 13 13 12 13 13 13 13 14 13 13 14 13 12
1054_0_2 4 5 4 6 8 0 3 3 3 3 4 1 2 2 3 3 27 12 13 13 13 13 14 13 13 13 13 13 13 12 13 13 13 13 13 13 13 13 13 13 13 13 14 13 13 14 13 13 13 13 13 13 13 13 13 13 13 13 12 13 13 13 13 13 13 14 13 13 13 13 12
1054_1_2 4 5 4 8 6 0 3 3 3 3 4 1 2 2 3 3 27 12 13 13 13 13 14 13 13 13 13 13 13 12 13 13 13 13 13 13 13 13 13 13 13 13 14 13 13 14 13 13 13 13 13 13 13 13 13 13 13 13 12 13 13 13 13 13 13 14 13 13 13 13 12
1055_0_2 3 6 5 7 6 1 2 2 3 2 3 3 1 5 3 2 27 12 13 13 13 13 13 13 13 13 13 13 13 13 13 13 13 14 13 14 13 13 13 13 13 12 13 13 13 13 12 13 13 13 13 13 14 13 14 13 13 13 13 13 13 13 13 13 13 13 13 13 13 13 12
1056_1_0 3 6 7 5 6 1 1 2 3 2 3 4 1 4 3 3 27 12 14 13 13 12 13 13 13 13 13 13 13 13 13 13 13 13 13 13 13 14 13 13 13 13 13 13 13 13 13 13 13 13 14 13 13 13 13 13 13 13 13 13 13 13 13 13 13 13 12 13 13 14 12
1057_1_2 4 5 5 5 8 1 2 2 3 3 3 1 5 3 2 2 27 12 14 13 13 13 13 13 13 13 13 13 13 13 13 12 13 13 13 13 13 13 13 14 13 13 13 13 13 13 13 13 14 13 13 13 13 13 13 13 12 13 13 13 13 13 13 13 13 13 13 13 13 14 12
1058_1_0 4 5 5 5 8 0 2 3 2 3 1 4 3 3 3 3 27 12 14 13 13 12 13 13 13 13 13 13 13 13 13 13 13 14 13 13 13 13 13 13 13 13 13 13 13 13 13 13 13 13 13 13 13 13 14 13 13 13 13 13 13 13 13 13 13 13 12 13 13 14 12
1059_1_0 4 5 5 5 8 1 1 3 2 3 4 3 1 4 2 3 27 12 14 13 13 13 13 13 14 13 13 13 13 13 13 12 13 13 13 13 13 13 13 13 13 13 13 13 13 13 13 13 13 13 13 13 13 13 13 13 12 13 13 13 13 13 13 14 13 13 13 13 13 14 12
1060_0_0 4 5 4 6 8 1 1 2 3 2 3 4 1 4 3 3 27 12 13 13 13 13 13 13 13 14 13 13 13 13 13 13 13 12 13 13 13 14 13 13 13 13 13 13 13 13 13 13 13 13 14 13 13 13 12 13 13 13 13 13 13 13 14 13 13 13 13 13 13 13 12
1061_2_0 4 8 5 5 5 0 2 3 2 3 1 4 3 3 3 3 27 12 14 13 13 13 13 14 13 13 13 13 13 13 13 12 13 13 13 13 13 13 13 13 13 13 13 13 13 13 13 13 13 13 13 13 13 13 13 13 12 13 13 13 13 13 13 13 14 13 13 13 13 14 12
1062_1_2 4 4 8 5 6 1 2 3 4 3 3 1 3 1 2 4 27 12 13 13 12 13 13 13 13 13 13 13 13 13 13 13 13 14 13 14 13 13 13 13 13 13 13 13 13 13 13 13 13 13 13 13 14 13 14 13 13 13 13 13 13 13 13 13 13 13 13 12 13 13 12
1064_1_0 4 4 8 5 6 0 3 3 1 2 2 3 3 4 3 3 27 12 13 13 13 13 13 13 13 13 13 13 13 13 13 13 12 13 13 13 13 14 13 14 13 13 13 13 13 13 13 13 14 13 14 13 13 13 13 12 13 13 13 13 13 13 13 13 13 13 13 13 13 13 12
1066_0_0 4 4 7 5 7 1 2 1 2 3 2 5 2 2 3 4 27 12 14 13 13 12 13 13 13 13 13 13 13 13 13 13 13 13 13 13 13 13 14 13 13 13 13 13 13 13 13 13 13 14 13 13 13 13 13 13 13 13 13 13 13 13 13 13 13 13 12 13 13 14 12
1067_1_0 4 4 8 5 6 0 3 3 1 2 2 3 3 4 3 3 27 12 13 13 13 12 13 13 13 13 14 13 14 13 13 13 13 13 13 13 13 13 13 13 13 13 13 13 13 13 13 13 13 13 13 13 13 13 13 13 13 13 13 14 13 14 13 13 13 13 12 13 13 13 12
1068_1_2 4 4 8 5 6 1 2 1 3 4 2 3 3 2 2 4 27 12 13 13 13 13 13 13 13 13 13 12 13 13 13 13 13 14 13 14 13 13 13 13 13 13 13 13 13 13 13 13 13 13 13 13 14 13 14 13 13 13 13 13 12 13 13 13 13 13 13 13 13 13 12
1069_1_2 4 5 5 5 8 1 2 1 2 4 2 2 3 4 2 4 27 12 14 13 13 13 13 13 13 13 13 13 13 14 13 13 13 13 13 13 13 13 13 13 13 12 13 13 13 13 12 13 13 13 13 13 13 13 13 13 13 13 14 13 13 13 13 13 13 13 13 13 13 14 12
1070_1_0 4 5 4 8 6 1 1 2 4 3 3 2 3 3 1 4 27 12 13 13 13 13 13 13 13 13 13 13 13 12 13 13 13 13 13 13 13 13 13 13 14 13 14 13 13 14 13 14 13 13 13 13 13 13 13 13 13 13 12 13 13 13 13 13 13 13 13 13 13 13 12
1071_1_2 4 4 8 5 6 1 2 2 2 2 4 3 4 1 2 4 27 12 13 13 13 13 13 13 14 13 13 13 13 13 13 12 13 13 13 13 13 13 13 13 13 14 13 13 13 13 14 13 13 13 13 13 13 13 13 13 12 13 13 13 13 13 13 14 13 13 13 13 13 13 12
1073_1_0 4 5 5 5 8 1 1 2 3 2 3 4 1 4 3 3 27 12 14 13 13 12 13 13 13 13 13 13 13 13 13 13 13 13 13 13 13 13 13 14 13 13 13 13 13 13 13 13 14 13 13 13 13 13 13 13 13 13 13 13 13 13 13 13 13 13 12 13 13 14 12
1075_0_0 4 4 7 5 7 0 2 3 2 3 1 4 3 3 3 3 27 12 14 13 13 13 13 13 13 13 12 13 13 13 13 13 13 13 13 13 13 13 13 14 13 13 13 13 13 13 13 13 14 13 13 13 13 13 13 13 13 13 13 13 13 12 13 13 13 13 13 13 13 14 12
1076_0_2 4 4 6 5 8 1 2 2 3 5 2 2 3 3 1 3 27 12 13 13 13 13 12 13 13 13 13 13 14 13 14 13 13 13 13 13 13 13 13 13 13 13 13 13 13 13 13 13 13 13 13 13 13 13 13 13 13 14 13 14 13 13 13 13 13 12 13 13 13 13 12
1077_0_2 4 4 7 5 7 1 2 3 2 3 1 4 4 3 1 3 27 12 14 13 13 13 13 14 13 13 13 13 13 13 13 13 13 13 13 13 13 13 13 13 13 12 13 13 13 13 12 13 13 13 13 13 13 13 13 13 13 13 13 13 13 13 13 13 14 13 13 13 13 14 12
1077_2_2 4 8 5 5 5 1 2 3 2 3 1 4 4 3 1 3 27 12 14 13 13 13 13 14 13 13 13 13 13 13 13 13 13 13 13 13 13 13 13 13 13 12 13 13 13 13 12 13 13 13 13 13 13 13 13 13 13 13 13 13 13 13 13 13 14 13 13 13 13 14 12
1079_0_2 4 4 6 5 8 1 2 3 4 3 3 1 3 1 2 4 27 12 13 13 13 13 13 13 13 13 13 13 13 13 13 13 13 14 13 14 13 13 13 13 13 13 12 13 13 12 13 13 13 13 13 13 14 13 14 13 13 13 13 13 13 13 13 13 13 13 13 13 13 13 12
1080_0_2 4 5 4 6 8 1 3 2 2 2 3 1 3 2 5 3 27 12 13 13 13 13 13 13 13 13 13 13 12 13 13 13 13 13 13 13 13 13 13 13 14 13 14 13 13 14 13 14 13 13 13 13 13 13 13 13 13 13 13 12 13 13 13 13 13 13 13 13 13 13 12
1081_0_2 3 6 5 7 6 0 3 2 4 3 3 3 2 1 3 3 27 12 14 13 13 12 13 13 13 13 13 13 13 13 13 13 13 13 13 14 13 13 13 13 13 13 13 13 13 13 13 13 13 13 13 13 14 13 13 13 13 13 13 13 13 13 13 13 13 13 12 13 13 14 12
1081_1_2 3 6 7 5 6 0 3 2 4 3 3 3 2 1 3 3 27 12 14 13 13 12 13 13 13 13 13 13 13 13 13 13 13 13 13 14 13 13 13 13 13 13 13 13 13 13 13 13 13 13 13 13 14 13 13 13 13 13 13 13 13 13 13 13 13 13 12 13 13 14 12
1082_0_2 4 4 7 5 7 1 2 3 1 3 1 3 2 3 4 4 27 12 14 13 13 12 13 13 13 13 13 13 13 14 13 13 13 13 13 13 13 13 13 13 13 13 13 13 13 13 13 13 13 13 13 13 13 13 13 13 13 13 14 13 13 13 13 13 13 13 12 13 13 14 12
1082_2_2 4 8 5 5 5 1 2 3 1 3 1 3 2 3 4 4 27 12 14 13 13 12 13 13 13 13 13 13 13 14 13 13 13 13 13 13 13 13 13 13 13 13 13 13 13 13 13 13 13 13 13 13 13 13 13 13 13 13 14 13 13 13 13 13 13 13 12 13 13 14 12
1083_1_2 3 7 5 7 5 1 2 1 3 2 3 3 3 1 4 4 27 12 13 13 13 13 13 14 13 13 13 13 13 13 13 13 13 13 14 13 13 13 13 13 12 13 13 13 13 13 13 12 13 13 13 13 13 14 13 13 13 13 13 13 13 13 13 13 14 13 13 13 13 13 12
1085_0_2 3 6 5 7 6 1 2 2 3 3 3 1 5 3 2 2 27 12 13 13 13 13 13 13 13 14 13 13 13 13 13 12 13 13 13 13 13 13 13 14 13 13 13 13 13 13 13 13 14 13 13 13 13 13 13 13 12 13 13 13 13 13 14 13 13 13 13 13 13 13 12
1086_0_2 3 5 8 5 6 1 2 2 3 2 3 3 1 5 3 2 27 12 13 13 13 13 13 13 12 13 13 13 13 13 13 13 14 13 13 13 13 13 13 13 13 14 13 13 13 13 14 13 13 13 13 13 13 13 13 14 13 13 13 13 13 13 13 12 13 13 13 13 13 13 12
1087_0_2 3 6 5 7 6 1 1 2 3 2 3 2 3 3 2 5 27 12 13 14 13 13 14 13 13 13 12 13 13 13 13 13 13 13 13 13 13 13 13 13 13 13 13 13 13 13 13 13 13 13 13 13 13 13 13 13 13 13 13 13 13 12 13 13 13 14 13 13 14 13 12
1088_1_0 4 5 5 5 8 0 2 3 2 3 1 4 3 3 3 3 27 12 14 13 13 13 13 13 13 13 13 13 13 13 13 12 13 13 14 13 13 13 13 13 13 13 13 13 13 13 13 13 13 13 13 13 13 14 13 13 12 13 13 13 13 13 13 13 13 13 13 13 13 14 12
1089_1_0 4 4 8 5 6 0 3 1 2 3 3 3 2 3 4 3 27 12 13 13 13 13 12 13 13 13 13 13 14 13 13 13 13 13 13 14 13 13 13 13 13 13 13 13 13 13 13 13 13 13 13 13 14 13 13 13 13 13 13 14 13 13 13 13 13 12 13 13 13 13 12
1091_0_0 4 5 4 6 8 1 1 3 1 3 2 3 2 3 3 5 27 12 13 13 13 13 13 13 13 14 13 14 13 13 13 13 13 13 13 13 13 13 13 12 13 13 13 13 13 13 13 13 12 13 13 13 13 13 13 13 13 13 13 13 14 13 14 13 13 13 13 13 13 13 12
1092_2_0 4 8 5 5 5 1 1 3 1 3 2 3 2 3 3 5 27 12 14 13 13 13 13 13 13 13 12 13 13 13 13 13 13 13 13 13 13 13 14 13 13 13 13 13 13 13 13 13 13 14 13 13 13 13 13 13 13 13 13 13 13 12 13 13 13 13 13 13 13 14 12
1094_0_2 4 4 6 5 8 0 3 3 3 3 4 1 2 2 3 3 27 12 13 13 13 13 13 13 13 13 13 13 13 13 13 14 13 14 13 13 12 13 13 13 13 13 13 13 13 13 13 13 13 13 13 12 13 13 14 13 14 13 13 13 13 13 13 13 13 13 13 13 13 13 12
1094_1_2 4 4 8 5 6 0 3 3 3 3 4 1 2 2 3 3 27 12 13 13 13 13 13 13 13 13 13 13 13 13 13 14 13 14 13 13 12 13 13 13 13 13 13 13 13 13 13 13 13 13 13 12 13 13 14 13 14 13 13 13 13 13 13 13 13 13 13 13 13 13 12
1095_0_2 3 5 7 5 7 1 2 2 3 2 4 2 2 5 2 2 27 12 13 13 12 13 13 13 14 13 13 13 13 14 13 13 13 13 13 13 13 13 13 13 13 13 13 13 13 13 13 13 13 13 13 13 13 13 13 13 13 13 14 13 13 13 13 14 13 13 13 12 13 13 12
1096_1_0 3 7 5 7 5 1 2 2 3 2 2 2 5 2 3 3 27 12 14 13 13 13 13 13 14 13 13 12 13 13 13 13 13 13 13 13 13 13 13 13 13 13 13 13 13 13 13 13 13 13 13 13 13 13 13 13 13 13 13 13 12 13 13 14 13 13 13 13 13 14 12
1098_0_2 4 4 6 5 8 1 2 1 3 2 3 3 3 1 4 4 27 12 13 13 13 13 13 13 13 12 13 13 13 13 13 13 13 13 14 13 13 13 13 13 13 13 14 13 13 14 13 13 13 13 13 13 13 14 13 13 13 13 13 13 13 13 12 13 13 13 13 13 13 13 12
1099_1_0 4 4 8 5 6 1 2 2 3 1 4 2 2 5 3 2 27 12 13 13 12 13 13 13 14 13 13 14 13 13 13 13 13 13 13 13 13 13 13 13 13 13 13 13 13 13 13 13 13 13 13 13 13 13 13 13 13 13 13 13 14 13 13 14 13 13 13 12 13 13 12
1101_1_0 4 5 5 5 8 1 1 2 3 2 3 4 1 4 3 3 27 12 14 13 13 12 13 13 13 13 13 13 14 13 13 13 13 13 13 13 13 13 13 13 13 13 13 13 13 13 13 13 13 13 13 13 13 13 13 13 13 13 13 14 13 13 13 13 13 13 12 13 13 14 12
1103_0_0 3 6 5 7 6 0 3 3 2 1 3 2 4 3 3 3 27 12 13 13 13 13 13 13 14 13 13 13 13 13 13 13 14 13 13 13 13 13 13 13 13 12 13 13 13 13 12 13 13 13 13 13 13 13 13 14 13 13 13 13 13 13 13 14 13 13 13 13 13 13 12
1104_0_0 4 4 7 5 7 1 2 2 4 3 3 1 4 3 1 3 27 12 14 13 13 13 13 14 13 13 12 13 13 13 13 13 13 13 13 13 13 13 13 13 13 13 13 13 13 13 13 13 13 13 13 13 13 13 13 13 13 13 13 13 13 12 13 13 14 13 13 13 13 14 12
1104_2_0 4 8 5 5 5 1 2 2 4 3 3 1 4 3 1 3 27 12 14 13 13 13 13 14 13 13 12 13 13 13 13 13 13 13 13 13 13 13 13 13 13 13 13 13 13 13 13 13 13 13 13 13 13 13 13 13 13 13 13 13 13 12 13 13 14 13 13 13 13 14 12
1105_1_0 3 6 5 8 5 1 2 2 4 3 3 1 4 3 1 3 27 12 13 13 13 13 13 13 13 14 13 13 13 13 13 14 13 13 13 13 13 13 13 12 13 13 13 13 13 13 13 13 12 13 13 13 13 13 13 13 14 13 13 13 13 13 14 13 13 13 13 13 13 13 12
1106_1_0 4 5 5 5 8 0 2 2 3 3 1 4 3 3 3 3 27 12 14 13 13 13 13 13 13 13 13 13 14 13 13 12 13 13 13 13 13 13 13 13 13 13 13 13 13 13 13 13 13 13 13 13 13 13 13 13 12 13 13 14 13 13 13 13 13 13 13 13 13 14 12
1107_0_0 4 4 7 5 7 1 1 2 3 2 2 2 3 4 2 5 27 12 14 13 13 13 13 13 13 13 13 13 13 13 13 13 13 13 13 13 13 13 14 13 13 12 13 13 13 13 12 13 13 14 13 13 13 13 13 13 13 13 13 13 13 13 13 13 13 13 13 13 13 14 12
1108_1_0 3 8 6 5 5 1 2 2 3 2 2 2 5 2 3 3 27 12 14 13 13 13 13 13 13 13 13 13 13 13 13 13 13 13 13 13 13 13 12 13 13 14 13 13 13 13 14 13 13 12 13 13 13 13 13 13 13 13 13 13 13 13 13 13 13 13 13 13 13 14 12
1109_1_2 3 6 7 5 6 1 2 2 3 2 4 2 2 5 2 2 27 12 13 13 13 13 13 13 13 13 13 13 13 14 14 12 13 13 13 13 13 13 13 13 13 13 13 13 13 13 13 13 13 13 13 13 13 13 13 13 12 14 14 13 13 13 13 13 13 13 13 13 13 13 12
1110_1_2 3 8 6 5 5 1 2 3 2 2 2 2 4 2 5 2 27 12 13 12 13 14 13 13 13 13 13 13 13 14 13 13 13 13 13 13 13 13 13 13 13 13 13 13 13 13 13 13 13 13 13 13 13 13 13 13 13 13 14 13 13 13 13 13 13 13 14 13 12 13 12
1112_1_0 3 7 5 7 5 1 1 2 4 3 3 2 3 3 1 4 27 12 13 13 12 13 13 14 13 13 13 13 13 13 13 13 13 13 14 13 13 13 13 13 13 13 13 13 13 13 13 13 13 13 13 13 13 14 13 13 13 13 13 13 13 13 13 13 14 13 13 12 13 13 12
1113_1_2 3 7 5 7 5 1 2 3 2 2 2 2 4 2 5 2 27 12 14 13 13 13 13 13 13 13 13 13 13 13 13 13 13 14 13 12 13 13 13 13 13 13 13 13 13 13 13 13 13 13 13 13 12 13 14 13 13 13 13 13 13 13 13 13 13 13 13 13 13 14 12
1115_1_0 3 6 7 5 6 1 1 2 4 3 3 2 3 3 1 4 27 12 13 13 13 13 13 13 13 13 13 13 13 13 13 12 13 13 14 13 13 13 13 13 13 13 14 13 13 14 13 13 13 13 13 13 13 14 13 13 12 13 13 13 13 13 13 13 13 13 13 13 13 13 12
1117_1_0 4 4 8 5 6 1 2 2 4 4 3 1 3 3 1 3 27 12 13 13 13 13 13 13 13 13 13 13 14 13 13 13 13 13 13 12 13 14 13 13 13 13 13 13 13 13 13 13 13 13 14 13 12 13 13 13 13 13 13 14 13 13 13 13 13 13 13 13 13 13 12
1119_0_2 4 4 6 5 8 1 2 4 4 1 4 2 3 2 2 2 27 12 13 13 13 13 13 13 13 13 13 13 13 13 13 13 12 13 14 13 13 13 13 13 14 13 13 13 13 13 13 14 13 13 13 13 13 14 13 12 13 13 13 13 13 13 13 13 13 13 13 13 13 13 12
1120_1_0 3 6 7 5 6 1 2 3 1 4 3 4 2 1 3 3 27 12 13 14 13 13 13 13 13 13 13 13 13 13 14 13 13 13 13 13 12 13 13 13 13 13 13 13 13 13 13 13 13 13 13 12 13 13 13 13 13 14 13 13 13 13 13 13 13 13 13 13 14 13 12
1122_0_2 3 5 8 5 6 1 2 3 3 2 2 3 5 1 3 2 27 12 12 13 14 13 13 13 13 13 13 13 13 13 13 13 13 13 13 13 13 13 13 13 13 14 13 13 13 13 14 13 13 13 13 13 13 13 13 13 13 13 13 13 13 13 13 13 13 13 13 14 13 12 12
1123_0_2 3 6 5 7 6 1 2 2 3 2 3 3 1 5 3 2 27 12 13 13 13 13 13 13 13 13 13 13 13 13 13 12 13 14 13 13 13 13 13 13 13 13 14 13 13 14 13 13 13 13 13 13 13 13 14 13 12 13 13 13 13 13 13 13 13 13 13 13 13 13 12
1124_1_0 4 4 8 5 6 0 1 4 2 3 3 3 2 4 2 3 27 12 13 13 12 13 13 13 13 14 13 13 13 13 13 13 13 13 13 13 13 13 14 13 13 13 13 13 13 13 13 13 13 14 13 13 13 13 13 13 13 13 13 13 13 13 14 13 13 13 13 12 13 13 12
1126_0_2 4 5 4 6 8 1 2 2 3 2 4 2 2 5 2 2 27 12 13 13 13 13 13 12 13 14 13 13 13 13 13 13 13 13 13 14 13 13 13 13 13 13 13 13 13 13 13 13 13 13 13 13 14 13 13 13 13 13 13 13 13 13 14 13 12 13 13 13 13 13 12
1127_0_2 3 5 7 5 7 1 2 2 3 5 2 2 3 3 1 3 27 12 13 13 13 13 12 13 14 13 13 13 13 13 13 13 13 13 13 13 13 13 13 14 13 13 13 13 13 13 13 13 14 13 13 13 13 13 13 13 13 13 13 13 13 13 13 14 13 12 13 13 13 13 12
1128_0_2 3 6 5 7 6 1 2 2 3 2 4 2 2 5 2 2 27 12 13 14 13 13 13 13 13 14 13 13 13 13 13 12 13 13 13 13 13 13 13 13 13 13 13 13 13 13 13 13 13 13 13 13 13 13 13 13 12 13 13 13 13 13 14 13 13 13 13 13 14 13 12
1129_0_2 4 4 6 5 8 1 2 3 3 2 2 3 5 1 3 2 27 12 13 13 13 13 13 14 13 12 13 13 13 13 13 13 13 13 13 14 13 13 13 13 13 13 13 13 13 13 13 13 13 13 13 13 14 13 13 13 13 13 13 13 13 13 12 13 14 13 13 13 13 13 12
1130_1_0 3 6 7 5 6 1 1 2 4 1 4 3 2 3 3 3 27 12 13 13 13 12 13 14 13 13 13 13 13 13 13 13 13 13 13 14 13 13 13 13 13 13 13 13 13 13 13 13 13 13 13 13 14 13 13 13 13 13 13 13 13 13 13 13 14 13 12 13 13 13 12
1131_1_0 3 6 5 8 5 1 1 3 1 3 3 3 2 3 3 4 27 12 13 13 13 13 13 13 13 13 14 13 13 13 13 13 13 13 13 14 13 13 12 13 13 13 13 13 13 13 13 13 13 12 13 13 14 13 13 13 13 13 13 13 13 14 13 13 13 13 13 13 13 13 12
1132_0_2 3 5 5 6 8 1 2 2 2 2 4 1 2 4 3 4 27 12 13 13 12 14 14 13 13 13 13 13 13 13 13 13 13 13 13 13 13 13 13 13 13 13 13 13 13 13 13 13 13 13 13 13 13 13 13 13 13 13 13 13 13 13 13 13 13 14 14 12 13 13 12
1133_0_2 3 5 5 6 8 1 2 3 3 2 2 3 5 1 3 2 27 12 13 13 13 13 13 13 13 13 13 13 13 13 13 13 13 13 13 13 13 13 13 13 12 14 14 13 13 14 14 12 13 13 13 13 13 13 13 13 13 13 13 13 13 13 13 13 13 13 13 13 13 13 12
1134_1_0 3 7 5 7 5 1 1 3 2 2 3 3 1 5 3 3 27 12 13 13 13 13 13 13 13 13 13 13 13 13 13 13 13 13 13 13 13 12 14 14 13 13 13 13 13 13 13 13 14 14 12 13 13 13 13 13 13 13 13 13 13 13 13 13 13 13 13 13 13 13 12
1136_1_0 3 7 6 6 5 1 1 3 2 2 3 3 1 5 3 3 27 12 13 13 13 13 13 13 13 13 12 14 13 13 13 13 13 13 13 13 13 14 13 13 13 13 13 13 13 13 13 13 13 13 14 13 13 13 13 13 13 13 13 13 14 12 13 13 13 13 13 13 13 13 12
1138_1_0 3 7 5 7 5 1 1 3 2 2 3 3 1 5 3 3 27 12 13 13 13 13 13 13 13 13 13 13 13 14 13 13 13 13 13 13 13 13 14 13 12 13 13 13 13 13 13 12 13 14 13 13 13 13 13 13 13 13 14 13 13 13 13 13 13 13 13 13 13 13 12
1140_0_2 3 5 6 6 7 1 2 3 2 2 2 2 4 2 5 2 27 12 13 13 13 13 14 13 13 13 13 13 13 13 13 13 13 13 13 13 13 13 13 13 14 12 13 13 13 13 12 14 13 13 13 13 13 13 13 13 13 13 13 13 13 13 13 13 13 14 13 13 13 13 12
1141_0_2 3 5 5 6 8 1 2 2 3 2 4 2 2 5 2 2 27 12 13 13 13 13 13 13 13 13 13 13 13 13 13 13 13 13 13 13 13 13 13 13 14 14 12 13 13 12 14 14 13 13 13 13 13 13 13 13 13 13 13 13 13 13 13 13 13 13 13 13 13 13 12
1142_1_0 3 6 7 5 6 1 1 3 2 2 3 3 1 5 3 3 27 12 13 13 13 13 13 13 13 14 13 13 13 13 13 13 13 13 13 13 12 13 14 13 13 13 13 13 13 13 13 13 13 14 13 12 13 13 13 13 13 13 13 13 13 13 14 13 13 13 13 13 13 13 12
1143_1_2 3 8 6 5 5 1 2 2 3 2 4 2 2 5 2 2 27 12 13 13 13 13 13 12 13 13 13 13 13 14 13 13 13 13 13 13 13 13 13 13 13 14 13 13 13 13 14 13 13 13 13 13 13 13 13 13 13 13 14 13 13 13 13 13 12 13 13 13 13 13 12
1145_0_2 3 5 5 6 8 1 2 2 4 2 4 3 1 3 3 2 27 12 13 13 13 13 13 13 13 13 13 13 14 13 13 13 13 13 13 13 13 13 12 13 13 14 13 13 13 13 14 13 13 12 13 13 13 13 13 13 13 13 13 14 13 13 13 13 13 13 13 13 13 13 12
1145_1_4 3 8 6 5 5 1 2 3 3 1 3 4 2 4 2 2 27 12 13 13 13 13 13 13 13 13 13 13 14 13 13 13 13 13 13 13 13 13 12 13 13 14 13 13 13 13 14 13 13 12 13 13 13 13 13 13 13 13 13 14 13 13 13 13 13 13 13 13 13 13 12
1146_1_2 3 6 7 5 6 1 2 2 3 2 3 3 1 5 3 2 27 12 13 13 13 13 13 13 13 13 13 13 13 13 14 13 13 13 13 13 13 13 13 13 13 12 13 14 14 13 12 13 13 13 13 13 13 13 13 13 13 14 13 13 13 13 13 13 13 13 13 13 13 13 12
1148_1_0 3 7 5 7 5 1 1 3 2 2 3 3 1 5 3 3 27 12 13 13 13 13 13 13 13 13 13 13 13 13 13 13 12 14 13 13 13 13 14 13 13 13 13 13 13 13 13 13 13 14 13 13 13 13 14 12 13 13 13 13 13 13 13 13 13 13 13 13 13 13 12
1150_1_0 3 7 6 6 5 1 1 3 2 2 3 3 1 5 3 3 27 12 13 13 13 12 14 13 13 13 13 14 13 13 13 13 13 13 13 13 13 13 13 13 13 13 13 13 13 13 13 13 13 13 13 13 13 13 13 13 13 13 13 13 14 13 13 13 13 14 12 13 13 13 12
1152_0_2 3 5 6 6 7 1 2 4 4 1 4 2 3 2 2 2 27 12 13 13 14 12 13 13 13 14 13 13 13 13 13 13 13 13 13 13 13 13 13 13 13 13 13 13 13 13 13 13 13 13 13 13 13 13 13 13 13 13 13 13 13 13 14 13 13 13 12 14 13 13 12
1153_0_2 3 6 5 7 6 1 2 2 3 3 2 2 4 4 1 3 27 13 13 13 13 12 13 13 13 13 13 12 13 13 13 13 13 14 13 13 13 13 13 13 13 13 14 13 13 14 13 13 13 13 13 13 13 13 14 13 13 13 13 13 12 13 13 13 13 13 12 13 13 13 13
1153_1_4 3 6 7 5 6 1 3 2 2 2 2 5 3 2 2 3 27 13 13 13 13 12 13 13 13 13 13 12 13 13 13 13 13 14 13 13 13 13 13 13 13 13 14 13 13 14 13 13 13 13 13 13 13 13 14 13 13 13 13 13 12 13 13 13 13 13 12 13 13 13 13
1155_1_0 4 4 8 5 6 1 2 3 4 2 4 2 1 3 2 3 27 12 13 13 13 13 13 13 13 14 13 12 13 13 13 13 13 14 13 13 13 13 13 13 13 13 13 13 13 13 13 13 13 13 13 13 13 13 14 13 13 13 13 13 12 13 14 13 13 13 13 13 13 13 12
1156_0_6 4 4 6 5 8 1 2 5 3 2 2 3 2 3 1 3 27 12 13 13 13 13 13 14 13 13 13 13 13 13 13 13 14 13 13 13 13 13 13 13 12 13 13 13 13 13 13 12 13 13 13 13 13 13 13 14 13 13 13 13 13 13 13 13 14 13 13 13 13 13 12
1156_1_6 4 4 8 5 6 1 2 5 3 2 2 3 2 3 1 3 27 12 13 13 13 13 13 14 13 13 13 13 13 13 13 13 14 13 13 13 13 13 13 13 12 13 13 13 13 13 13 12 13 13 13 13 13 13 13 14 13 13 13 13 13 13 13 13 14 13 13 13 13 13 12
1157_1_0 3 7 6 6 5 1 1 3 3 1 3 2 4 3 3 3 27 13 13 13 13 12 13 13 13 13 13 12 13 13 13 13 14 13 13 13 13 14 13 13 13 13 13 13 13 13 13 13 13 13 14 13 13 13 13 14 13 13 13 13 12 13 13 13 13 13 12 13 13 13 13
1158_0_2 3 6 5 7 6 1 1 2 5 2 3 3 2 3 2 3 27 12 13 13 14 13 13 13 13 13 13 13 13 13 13 13 13 13 13 13 13 13 13 14 13 12 13 13 13 13 12 13 14 13 13 13 13 13 13 13 13 13 13 13 13 13 13 13 13 13 13 14 13 13 12
1159_0_2 3 5 5 6 8 1 2 4 4 2 3 1 3 1 3 3 27 12 13 13 13 13 13 14 12 13 13 13 13 13 13 14 13 13 13 13 13 13 13 13 13 13 13 13 13 13 13 13 13 13 13 13 13 13 13 13 14 13 13 13 13 13 13 12 14 13 13 13 13 13 12
1160_0_2 3 5 7 5 7 1 2 1 3 3 1 3 3 3 3 4 27 12 13 13 13 13 13 13 13 13 13 12 14 14 13 13 13 13 13 13 13 13 13 13 13 13 13 13 13 13 13 13 13 13 13 13 13 13 13 13 13 13 14 14 12 13 13 13 13 13 13 13 13 13 12
1160_1_4 3 7 5 7 5 1 2 2 5 2 3 3 2 2 3 2 27 12 13 13 13 13 13 13 13 13 13 12 14 14 13 13 13 13 13 13 13 13 13 13 13 13 13 13 13 13 13 13 13 13 13 13 13 13 13 13 13 13 14 14 12 13 13 13 13 13 13 13 13 13 12
1161_1_0 3 6 5 8 5 1 1 2 3 2 4 3 2 3 2 4 27 12 13 13 13 13 13 13 13 13 13 13 13 13 13 13 13 13 13 13 14 14 12 13 13 13 13 13 13 13 13 13 13 12 14 14 13 13 13 13 13 13 13 13 13 13 13 13 13 13 13 13 13 13 12
1162_0_2 3 5 7 5 7 1 2 4 4 1 4 2 3 2 2 2 27 12 13 13 13 13 12 14 13 13 13 13 13 14 13 13 13 13 13 13 13 13 13 13 13 13 13 13 13 13 13 13 13 13 13 13 13 13 13 13 13 13 14 13 13 13 13 13 14 12 13 13 13 13 12
1163_1_0 3 6 5 8 5 1 1 2 4 3 3 2 3 3 1 4 27 12 13 13 13 13 13 13 13 13 13 13 13 13 13 14 14 12 13 13 13 13 13 13 13 13 13 13 13 13 13 13 13 13 13 13 13 13 12 14 14 13 13 13 13 13 13 13 13 13 13 13 13 13 12
1165_0_2 3 5 5 6 8 1 2 1 3 3 1 3 3 3 3 4 27 12 13 13 13 13 13 13 13 14 14 12 13 13 13 13 13 13 13 13 13 13 13 13 13 13 13 13 13 13 13 13 13 13 13 13 13 13 13 13 13 13 13 13 12 14 14 13 13 13 13 13 13 13 12
1165_1_4 3 8 6 5 5 1 2 2 5 2 3 3 2 2 3 2 27 12 13 13 13 13 13 13 13 14 14 12 13 13 13 13 13 13 13 13 13 13 13 13 13 13 13 13 13 13 13 13 13 13 13 13 13 13 13 13 13 13 13 13 12 14 14 13 13 13 13 13 13 13 12
1167_0_2 3 6 5 7 6 1 2 2 2 2 4 1 2 4 3 4 27 12 13 13 13 13 13 13 13 13 13 13 13 13 13 12 14 14 13 13 13 13 13 13 13 13 13 13 13 13 13 13 13 13 13 13 13 13 14 14 12 13 13 13 13 13 13 13 13 13 13 13 13 13 12
1168_1_0 3 8 6 5 5 1 1 2 4 1 4 3 2 3 3 3 27 12 13 13 13 13 13 13 14 13 13 13 13 13 13 14 13 12 13 13 13 13 13 13 13 13 13 13 13 13 13 13 13 13 13 13 13 13 12 13 14 13 13 13 13 13 13 14 13 13 13 13 13 13 12
1169_0_6 4 5 4 6 8 1 2 2 2 4 2 4 1 3 4 2 27 12 13 13 13 13 14 13 13 13 13 13 12 13 13 13 13 13 13 13 13 13 13 13 14 13 13 13 13 13 13 14 13 13 13 13 13 13 13 13 13 13 13 12 13 13 13 13 13 14 13 13 13 13 12
1169_1_6 4 5 4 8 6 1 2 2 2 4 2 4 1 3 4 2 27 12 13 13 13 13 14 13 13 13 13 13 12 13 13 13 13 13 13 13 13 13 13 13 14 13 13 13 13 13 13 14 13 13 13 13 13 13 13 13 13 13 13 12 13 13 13 13 13 14 13 13 13 13 12
1171_0_2 3 6 5 7 6 1 2 4 4 1 4 2 3 2 2 2 27 12 13 13 13 12 13 14 13 14 13 13 13 13 13 13 13 13 13 13 13 13 13 13 13 13 13 13 13 13 13 13 13 13 13 13 13 13 13 13 13 13 13 13 13 13 14 13 14 13 12 13 13 13 12
1172_0_2 3 5 8 5 6 0 3 2 3 2 1 4 3 3 3 3 27 12 13 13 13 13 13 13 13 13 13 13 12 13 13 13 14 13 13 13 14 13 13 13 13 13 13 13 13 13 13 13 13 13 13 14 13 13 13 14 13 13 13 12 13 13 13 13 13 13 13 13 13 13 12
1172_1_2 3 6 5 8 5 0 3 2 3 2 1 4 3 3 3 3 27 12 13 13 13 13 13 13 13 13 13 13 12 13 13 13 14 13 13 13 14 13 13 13 13 13 13 13 13 13 13 13 13 13 13 14 13 13 13 14 13 13 13 12 13 13 13 13 13 13 13 13 13 13 12
1173_1_0 3 6 5 8 5 1 1 2 4 3 3 2 3 3 1 4 27 12 13 13 13 13 13 13 13 13 13 13 13 12 13 14 13 13 13 13 13 13 13 13 14 13 13 13 13 13 13 14 13 13 13 13 13 13 13 13 14 13 12 13 13 13 13 13 13 13 13 13 13 13 12
1175_0_2 3 6 5 7 6 1 2 3 2 2 2 2 4 2 5 2 27 12 13 13 13 13 14 13 13 13 13 13 13 14 13 13 13 13 13 13 13 13 13 13 13 12 13 13 13 13 12 13 13 13 13 13 13 13 13 13 13 13 14 13 13 13 13 13 13 14 13 13 13 13 12
1176_1_0 3 6 7 5 6 0 2 3 2 3 1 4 3 3 3 3 27 12 13 13 13 12 13 13 13 14 13 13 13 13 13 13 13 14 13 13 13 13 13 13 13 13 13 13 13 13 13 13 13 13 13 13 13 13 14 13 13 13 13 13 13 13 14 13 13 13 12 13 13 13 12
1177_1_2 3 8 6 5 5 1 2 2 3 3 3 1 5 3 2 2 27 12 13 13 13 13 13 12 13 13 14 13 13 14 13 13 13 13 13 13 13 13 13 13 13 13 13 13 13 13 13 13 13 13 13 13 13 13 13 13 13 13 14 13 13 14 13 13 12 13 13 13 13 13 12
1179_1_0 3 6 5 8 5 0 1 3 3 3 2 3 3 3 2 4 27 12 12 13 14 13 13 13 13 13 14 13 13 13 13 13 13 13 13 13 13 13 13 13 13 13 13 13 13 13 13 13 13 13 13 13 13 13 13 13 13 13 13 13 13 14 13 13 13 13 13 14 13 12 12
1180_1_2 3 7 6 6 5 1 2 4 4 2 3 1 3 1 3 3 27 12 13 13 14 13 13 13 13 13 13 13 13 13 13 13 13 13 13 13 13 13 13 13 13 12 14 13 13 14 12 13 13 13 13 13 13 13 13 13 13 13 13 13 13 13 13 13 13 13 13 14 13 13 12
1182_1_0 3 8 6 5 5 0 2 4 3 2 3 3 3 3 1 3 27 12 13 13 13 13 13 12 13 13 13 13 14 13 13 13 13 13 13 13 13 13 13 13 13 14 13 13 13 13 14 13 13 13 13 13 13 13 13 13 13 13 13 14 13 13 13 13 12 13 13 13 13 13 12
1183_1_2 3 6 7 5 6 1 2 4 4 2 3 1 3 1 3 3 27 12 13 13 14 13 13 14 13 13 13 13 13 13 13 13 13 13 13 13 13 13 13 13 13 12 13 13 13 13 12 13 13 13 13 13 13 13 13 13 13 13 13 13 13 13 13 13 14 13 13 14 13 13 12
1185_0_2 3 5 7 5 7 1 2 2 4 2 4 3 1 3 3 2 27 12 13 13 13 13 13 13 14 13 13 12 13 13 13 13 13 13 13 13 13 13 13 14 13 13 13 13 13 13 13 13 14 13 13 13 13 13 13 13 13 13 13 13 12 13 13 14 13 13 13 13 13 13 12
1185_1_4 3 7 5 7 5 1 2 3 3 1 3 4 2 4 2 2 27 12 13 13 13 13 13 13 14 13 13 12 13 13 13 13 13 13 13 13 13 13 13 14 13 13 13 13 13 13 13 13 14 13 13 13 13 13 13 13 13 13 13 13 12 13 13 14 13 13 13 13 13 13 12
1186_1_0 3 8 6 5 5 1 1 3 3 1 3 2 4 3 3 3 27 12 13 13 13 13 13 13 13 13 14 12 13 13 13 13 13 13 13 13 13 14 13 13 13 13 13 13 13 13 13 13 13 13 14 13 13 13 13 13 13 13 13 13 12 14 13 13 13 13 13 13 13 13 12
1187_0_2 3 6 5 7 6 1 2 3 3 1 3 3 4 3 1 3 27 13 13 13 13 12 13 13 13 13 13 12 13 13 13 13 14 13 13 13 13 13 13 13 13 13 13 14 14 13 13 13 13 13 13 13 13 13 13 14 13 13 13 13 12 13 13 13 13 13 12 13 13 13 13
1187_1_4 3 6 7 5 6 1 2 5 2 3 2 3 3 2 2 2 27 13 13 13 13 12 13 13 13 13 13 12 13 13 13 13 14 13 13 13 13 13 13 13 13 13 13 14 14 13 13 13 13 13 13 13 13 13 13 14 13 13 13 13 12 13 13 13 13 13 12 13 13 13 13
1188_1_0 3 8 6 5 5 1 1 3 3 1 3 2 4 3 3 3 27 12 13 13 13 13 13 13 13 13 14 13 13 13 13 13 13 13 13 13 13 13 12 14 13 13 13 13 13 13 13 13 14 12 13 13 13 13 13 13 13 13 13 13 13 14 13 13 13 13 13 13 13 13 12
1189_0_2 3 5 7 5 7 1 2 2 3 2 2 2 5 3 2 3 27 12 13 13 13 13 13 13 13 13 13 12 14 13 13 13 13 13 13 13 13 13 13 14 13 13 13 13 13 13 13 13 14 13 13 13 13 13 13 13 13 13 13 14 12 13 13 13 13 13 13 13 13 13 12
1189_1_4 3 7 5 7 5 1 2 2 4 3 1 4 3 3 2 2 27 12 13 13 13 13 13 13 13 13 13 12 14 13 13 13 13 13 13 13 13 13 13 14 13 13 13 13 13 13 13 13 14 13 13 13 13 13 13 13 13 13 13 14 12 13 13 13 13 13 13 13 13 13 12
1191_0_2 3 5 7 5 7 1 2 3 3 1 3 3 4 3 1 3 27 12 13 13 13 13 13 13 13 13 13 12 13 13 13 13 13 14 13 13 13 13 13 14 13 13 13 13 13 13 13 13 14 13 13 13 13 13 14 13 13 13 13 13 12 13 13 13 13 13 13 13 13 13 12
1191_1_4 3 7 5 7 5 1 2 5 2 3 2 3 3 2 2 2 27 12 13 13 13 13 13 13 13 13 13 12 13 13 13 13 13 14 13 13 13 13 13 14 13 13 13 13 13 13 13 13 14 13 13 13 13 13 14 13 13 13 13 13 12 13 13 13 13 13 13 13 13 13 12
1193_1_0 3 8 6 5 5 1 2 1 3 2 3 4 1 3 4 3 27 12 13 13 13 13 13 13 13 12 14 13 13 13 13 13 13 13 13 14 13 13 13 13 13 13 13 13 13 13 13 13 13 13 13 13 14 13 13 13 13 13 13 13 13 14 12 13 13 13 13 13 13 13 12
1195_0_2 3 5 5 6 8 1 2 3 3 1 3 3 4 3 1 3 27 12 13 13 13 14 13 13 13 13 13 13 14 13 13 13 13 13 13 13 13 13 12 13 13 13 13 13 13 13 13 13 13 12 13 13 13 13 13 13 13 13 13 14 13 13 13 13 13 13 14 13 13 13 12
1195_1_4 3 8 6 5 5 1 2 5 2 3 2 3 3 2 2 2 27 12 13 13 13 14 13 13 13 13 13 13 14 13 13 13 13 13 13 13 13 13 12 13 13 13 13 13 13 13 13 13 13 12 13 13 13 13 13 13 13 13 13 14 13 13 13 13 13 13 14 13 13 13 12
1197_0_2 3 5 8 5 6 1 2 3 3 1 3 3 4 3 1 3 27 12 13 13 13 13 14 13 13 13 14 13 13 13 13 13 13 13 13 13 13 13 12 13 13 13 13 13 13 13 13 13 13 12 13 13 13 13 13 13 13 13 13 13 13 14 13 13 13 14 13 13 13 13 12
1197_1_4 3 6 5 8 5 1 2 5 2 3 2 3 3 2 2 2 27 12 13 13 13 13 14 13 13 13 14 13 13 13 13 13 13 13 13 13 13 13 12 13 13 13 13 13 13 13 13 13 13 12 13 13 13 13 13 13 13 13 13 13 13 14 13 13 13 14 13 13 13 13 12
1199_0_2 3 6 5 7 6 1 2 2 4 2 4 3 1 3 3 2 27 13 13 13 13 12 13 13 13 13 13 12 13 13 13 13 13 13 13 14 13 13 13 13 13 13 13 14 14 13 13 13 13 13 13 13 14 13 13 13 13 13 13 13 12 13 13 13 13 13 12 13 13 13 13
1199_1_4 3 6 7 5 6 1 2 3 3 1 3 4 2 4 2 2 27 13 13 13 13 12 13 13 13 13 13 12 13 13 13 13 13 13 13 14 13 13 13 13 13 13 13 14 14 13 13 13 13 13 13 13 14 13 13 13 13 13 13 13 12 13 13 13 13 13 12 13 13 13 13
1201_0_2 3 6 5 7 6 1 2 2 2 2 4 1 2 4 3 4 27 12 13 13 13 13 14 13 13 13 13 13 13 13 13 12 13 14 13 13 13 13 13 13 13 13 13 13 13 13 13 13 13 13 13 13 13 13 14 13 12 13 13 13 13 13 13 13 13 14 13 13 13 13 12
1202_1_0 3 7 5 7 5 1 1 2 3 2 3 4 1 4 3 3 27 12 13 13 13 13 12 13 13 13 13 13 13 14 13 13 13 13 13 13 13 13 13 14 13 13 13 13 13 13 13 13 14 13 13 13 13 13 13 13 13 13 14 13 13 13 13 13 13 12 13 13 13 13 12
1203_1_2 3 6 5 8 5 1 2 4 4 1 4 2 3 2 2 2 27 12 13 13 13 13 13 13 13 13 13 13 13 13 13 13 13 12 13 13 14 13 13 13 13 13 14 13 13 14 13 13 13 13 13 14 13 13 12 13 13 13 13 13 13 13 13 13 13 13 13 13 13 13 12
1204_1_2 3 6 5 8 5 1 2 2 3 2 4 2 2 5 2 2 27 12 13 13 13 13 13 12 13 14 13 13 13 13 13 13 13 13 13 13 13 13 13 13 13 14 13 13 13 13 14 13 13 13 13 13 13 13 13 13 13 13 13 13 13 13 14 13 12 13 13 13 13 13 12
1205_1_2 3 6 7 5 6 1 2 2 3 5 2 2 3 3 1 3 27 12 13 13 13 12 13 13 14 13 13 13 13 13 13 13 13 13 13 13 13 14 13 13 13 13 13 13 13 13 13 13 13 13 14 13 13 13 13 13 13 13 13 13 13 13 13 14 13 13 12 13 13 13 12
1207_1_0 3 7 5 7 5 0 2 3 2 3 1 4 3 3 3 3 27 12 13 13 12 13 13 14 13 13 13 13 13 14 13 13 13 13 13 13 13 13 13 13 13 13 13 13 13 13 13 13 13 13 13 13 13 13 13 13 13 13 14 13 13 13 13 13 14 13 13 12 13 13 12
1209_1_0 3 6 5 8 5 0 2 4 3 2 3 3 3 3 1 3 27 12 13 13 13 13 13 12 13 13 14 13 13 13 13 13 13 13 13 14 13 13 13 13 13 13 13 13 13 13 13 13 13 13 13 13 14 13 13 13 13 13 13 13 13 14 13 13 12 13 13 13 13 13 12
1210_1_2 3 6 5 8 5 1 2 4 4 2 3 1 3 1 3 3 27 12 13 13 13 13 13 13 12 13 13 13 13 13 13 14 13 13 13 13 13 13 13 13 13 13 14 13 13 14 13 13 13 13 13 13 13 13 13 13 14 13 13 13 13 13 13 12 13 13 13 13 13 13 12
1211_1_2 3 6 5 8 5 1 2 3 2 2 2 2 4 2 5 2 27 12 13 12 13 14 13 13 13 13 13 13 13 13 13 13 13 13 13 13 13 13 13 13 14 13 13 13 13 13 13 14 13 13 13 13 13 13 13 13 13 13 13 13 13 13 13 13 13 13 14 13 12 13 12
1213_0_2 3 5 8 5 6 1 2 2 3 2 3 3 1 5 3 2 27 12 13 13 13 14 13 13 13 13 13 14 13 13 13 13 13 13 13 13 13 13 12 13 13 13 13 13 13 13 13 13 13 12 13 13 13 13 13 13 13 13 13 13 14 13 13 13 13 13 14 13 13 13 12
1214_0_2 4 4 6 5 8 1 2 2 3 2 3 3 1 5 3 2 27 12 13 13 13 13 13 13 13 13 13 12 13 13 13 13 14 13 13 13 13 13 14 13 13 13 13 13 13 13 13 13 13 14 13 13 13 13 13 14 13 13 13 13 12 13 13 13 13 13 13 13 13 13 12
1215_0_2 3 6 5 7 6 1 2 2 3 5 2 2 3 3 1 3 27 13 13 13 13 12 13 13 13 13 13 12 13 13 13 13 13 13 13 14 13 13 14 13 13 13 13 13 13 13 13 13 13 14 13 13 14 13 13 13 13 13 13 13 12 13 13 13 13 13 12 13 13 13 13
1216_0_2 3 5 7 5 7 1 2 2 3 2 3 3 1 5 3 2 27 12 13 13 13 13 13 13 13 13 13 12 13 13 13 13 13 14 13 13 13 13 14 13 13 13 13 13 13 13 13 13 13 14 13 13 13 13 14 13 13 13 13 13 12 13 13 13 13 13 13 13 13 13 12
1217_0_2 4 5 4 6 8 1 2 2 3 2 3 3 1 5 3 2 27 12 13 13 13 13 14 13 13 13 13 14 13 13 13 13 13 13 13 13 13 13 12 13 13 13 13 13 13 13 13 13 13 12 13 13 13 13 13 13 13 13 13 13 14 13 13 13 13 14 13 13 13 13 12
1218_1_0 3 8 6 5 5 0 3 2 3 4 3 3 1 2 3 3 27 12 13 12 13 14 13 13 13 13 13 13 13 13 13 13 13 13 13 13 13 13 13 14 13 13 13 13 13 13 13 13 14 13 13 13 13 13 13 13 13 13 13 13 13 13 13 13 13 13 14 13 12 13 12
1220_0_2 3 5 8 5 6 1 2 2 3 2 3 3 1 5 3 2 27 12 13 12 13 14 13 13 13 13 13 13 13 13 14 13 13 13 13 13 13 13 13 13 13 13 13 13 13 13 13 13 13 13 13 13 13 13 13 13 13 14 13 13 13 13 13 13 13 13 14 13 12 13 12
1221_1_0 3 8 6 5 5 0 3 2 3 4 3 3 1 2 3 3 27 12 13 12 13 14 13 13 13 13 13 13 14 13 13 13 13 13 13 13 13 13 13 13 13 13 13 13 13 13 13 13 13 13 13 13 13 13 13 13 13 13 13 14 13 13 13 13 13 13 14 13 12 13 12
1223_1_0 3 7 5 7 5 1 1 2 4 1 4 3 2 3 3 3 27 12 13 13 13 13 12 13 14 13 13 13 13 13 13 13 13 13 14 13 13 13 13 13 13 13 13 13 13 13 13 13 13 13 13 13 13 14 13 13 13 13 13 13 13 13 13 14 13 12 13 13 13 13 12
1225_0_2 3 5 8 5 6 1 2 2 3 2 3 3 1 5 3 2 27 12 13 12 13 14 13 13 13 13 13 13 13 13 13 13 13 13 13 14 13 13 13 13 13 13 13 13 13 13 13 13 13 13 13 13 14 13 13 13 13 13 13 13 13 13 13 13 13 13 14 13 12 13 12
1226_0_2 3 5 5 6 8 0 3 2 3 2 1 4 3 3 3 3 27 12 13 13 13 14 13 13 13 13 12 13 13 13 13 13 13 13 13 13 14 13 13 13 13 13 13 13 13 13 13 13 13 13 13 14 13 13 13 13 13 13 13 13 13 12 13 13 13 13 14 13 13 13 12
1226_1_2 3 8 6 5 5 0 3 2 3 2 1 4 3 3 3 3 27 12 13 13 13 14 13 13 13 13 12 13 13 13 13 13 13 13 13 13 14 13 13 13 13 13 13 13 13 13 13 13 13 13 13 14 13 13 13 13 13 13 13 13 13 12 13 13 13 13 14 13 13 13 12
1227_1_0 3 6 5 8 5 0 2 2 3 3 1 3 3 3 3 4 27 12 13 12 13 14 13 13 13 13 13 13 13 13 13 13 14 13 13 13 13 13 13 13 13 13 13 13 13 13 13 13 13 13 13 13 13 13 13 14 13 13 13 13 13 13 13 13 13 13 14 13 12 13 12
1229_0_2 3 5 5 6 8 1 2 2 3 2 4 2 2 5 2 2 27 12 13 13 13 13 13 13 13 13 13 13 13 13 13 12 13 13 13 13 14 13 13 13 13 14 13 13 13 13 14 13 13 13 13 14 13 13 13 13 12 13 13 13 13 13 13 13 13 13 13 13 13 13 12
1230_0_2 3 5 5 6 8 1 2 2 3 5 2 2 3 3 1 3 27 12 13 13 13 12 13 13 13 13 14 13 13 13 13 13 13 13 13 13 13 13 13 13 13 14 13 13 13 13 14 13 13 13 13 13 13 13 13 13 13 13 13 13 13 14 13 13 13 13 12 13 13 13 12
1231_1_0 3 8 6 5 5 1 2 1 3 2 2 3 3 2 4 4 27 13 13 13 13 12 13 13 13 13 14 12 13 13 13 13 13 13 13 13 13 13 13 13 13 14 13 13 13 13 14 13 13 13 13 13 13 13 13 13 13 13 13 13 12 14 13 13 13 13 12 13 13 13 13
1233_1_0 3 8 6 5 5 0 2 2 3 3 4 2 3 1 4 3 27 12 13 12 13 14 13 13 13 13 13 13 13 13 13 13 13 13 13 13 13 13 14 13 13 13 13 13 13 13 13 13 13 14 13 13 13 13 13 13 13 13 13 13 13 13 13 13 13 13 14 13 12 13 12
1235_0_2 3 6 5 7 6 0 3 2 3 2 1 4 3 3 3 3 27 12 13 13 13 13 13 13 13 13 12 13 13 14 13 13 14 13 13 13 13 13 13 13 13 13 13 13 13 13 13 13 13 13 13 13 13 13 13 14 13 13 14 13 13 12 13 13 13 13 13 13 13 13 12
1235_1_2 3 6 7 5 6 0 3 2 3 2 1 4 3 3 3 3 27 12 13 13 13 13 13 13 13 13 12 13 13 14 13 13 14 13 13 13 13 13 13 13 13 13 13 13 13 13 13 13 13 13 13 13 13 13 13 14 13 13 14 13 13 12 13 13 13 13 13 13 13 13 12
1236_1_0 3 8 6 5 5 0 2 2 3 3 1 3 3 3 3 4 27 12 13 12 13 14 13 13 13 13 13 13 13 13 13 13 13 14 13 13 13 13 13 13 13 13 13 13 13 13 13 13 13 13 13 13 13 13 14 13 13 13 13 13 13 13 13 13 13 13 14 13 12 13 12
1238_1_0 3 6 7 5 6 0 2 3 2 1 3 2 3 4 3 4 27 13 13 13 13 12 13 13 13 13 13 13 13 13 13 12 13 13 13 13 13 13 14 13 13 14 13 13 13 13 14 13 13 14 13 13 13 13 13 13 12 13 13 13 13 13 13 13 13 13 12 13 13 13 13
1239_1_2 3 6 7 5 6 1 3 2 2 2 2 2 2 2 4 5 27 13 13 13 13 12 13 13 13 13 13 13 13 13 13 12 13 13 13 13 13 13 13 14 13 14 13 13 13 13 14 13 14 13 13 13 13 13 13 13 12 13 13 13 13 13 13 13 13 13 12 13 13 13 13
1241_0_2 3 5 6 6 7 1 2 2 3 5 2 2 3 3 1 3 27 13 13 13 13 12 13 13 13 13 13 13 13 13 13 12 13 13 13 13 13 13 13 13 13 14 14 13 13 14 14 13 13 13 13 13 13 13 13 13 12 13 13 13 13 13 13 13 13 13 12 13 13 13 13
1242_1_0 4 4 8 5 6 1 2 2 4 4 3 1 3 3 1 3 27 12 13 12 13 13 13 13 13 13 13 13 14 13 13 13 13 13 13 13 13 13 13 14 13 13 13 13 13 13 13 13 14 13 13 13 13 13 13 13 13 13 13 14 13 13 13 13 13 13 13 13 12 13 12
1244_0_2 3 5 7 5 7 1 2 4 4 1 4 2 3 2 2 2 27 12 13 13 13 13 13 13 13 13 13 13 13 14 13 13 12 13 14 13 13 13 13 13 13 13 13 13 13 13 13 13 13 13 13 13 13 14 13 12 13 13 14 13 13 13 13 13 13 13 13 13 13 13 12
1245_0_2 3 5 7 5 7 1 2 4 4 1 4 2 3 2 2 2 27 12 13 13 13 13 13 14 13 13 13 13 13 14 13 13 12 13 13 13 13 13 13 13 13 13 13 13 13 13 13 13 13 13 13 13 13 13 13 12 13 13 14 13 13 13 13 13 14 13 13 13 13 13 12
1246_1_0 3 6 7 5 6 0 1 3 3 3 2 3 3 3 2 4 27 12 13 13 14 13 13 13 13 13 13 13 14 13 13 13 13 13 13 13 12 13 13 13 13 13 13 13 13 13 13 13 13 13 13 12 13 13 13 13 13 13 13 14 13 13 13 13 13 13 13 14 13 13 12
1247_1_2 3 7 5 7 5 1 2 2 3 2 3 3 1 5 3 2 27 12 13 13 12 13 13 14 13 13 13 13 13 13 13 13 13 14 13 13 13 13 13 13 13 13 13 13 13 13 13 13 13 13 13 13 13 13 14 13 13 13 13 13 13 13 13 13 14 13 13 12 13 13 12
1249_0_2 4 4 6 5 8 1 2 3 2 2 2 2 4 2 5 2 27 12 13 13 13 13 13 13 13 13 13 13 13 14 13 13 14 13 13 12 13 13 13 13 13 13 13 13 13 13 13 13 13 13 13 13 12 13 13 14 13 13 14 13 13 13 13 13 13 13 13 13 13 13 12
1250_0_2 3 6 5 7 6 0 3 2 3 2 1 4 3 3 3 3 27 12 13 13 13 13 13 13 13 13 12 13 13 13 13 13 13 14 13 13 13 13 13 13 14 13 13 13 13 13 13 14 13 13 13 13 13 13 14 13 13 13 13 13 13 12 13 13 13 13 13 13 13 13 12
1250_1_2 3 6 7 5 6 0 3 2 3 2 1 4 3 3 3 3 27 12 13 13 13 13 13 13 13 13 12 13 13 13 13 13 13 14 13 13 13 13 13 13 14 13 13 13 13 13 13 14 13 13 13 13 13 13 14 13 13 13 13 13 13 12 13 13 13 13 13 13 13 13 12
1252_0_0 3 6 6 6 6 1 1 2 4 1 3 3 2 4 3 3 27 13 13 13 13 12 13 13 13 13 13 13 13 13 13 12 14 13 13 13 13 13 13 13 13 13 13 14 14 13 13 13 13 13 13 13 13 13 13 14 12 13 13 13 13 13 13 13 13 13 12 13 13 13 13
1253_1_2 3 6 7 5 6 1 2 2 3 5 2 2 3 3 1 3 27 12 13 13 13 12 13 13 13 13 13 13 13 13 14 13 13 13 13 13 13 13 13 14 13 13 13 13 13 13 13 13 14 13 13 13 13 13 13 13 13 14 13 13 13 13 13 13 13 13 12 13 13 13 12
1254_1_2 3 8 6 5 5 1 2 4 4 2 3 1 3 1 3 3 27 12 13 13 13 13 13 13 12 13 13 13 13 13 13 14 13 13 14 13 13 13 13 13 13 13 13 13 13 13 13 13 13 13 13 13 13 14 13 13 14 13 13 13 13 13 13 12 13 13 13 13 13 13 12
1255_1_2 4 4 8 5 6 1 2 2 2 2 4 1 2 4 3 4 27 12 13 13 12 13 14 13 13 13 13 13 13 13 13 13 13 14 13 13 13 13 13 13 13 13 13 13 13 13 13 13 13 13 13 13 13 13 14 13 13 13 13 13 13 13 13 13 13 14 13 12 13 13 12
1256_1_2 3 6 7 5 6 1 2 2 3 5 2 2 3 3 1 3 27 12 13 13 13 12 13 13 13 13 13 13 14 13 13 13 13 13 13 14 13 13 13 13 13 13 13 13 13 13 13 13 13 13 13 13 14 13 13 13 13 13 13 14 13 13 13 13 13 13 12 13 13 13 12
1257_1_2 3 6 7 5 6 1 2 4 4 2 3 1 3 1 3 3 27 12 13 13 14 13 13 13 13 13 13 13 13 13 13 13 13 13 14 13 13 13 13 13 13 12 13 13 13 13 12 13 13 13 13 13 13 14 13 13 13 13 13 13 13 13 13 13 13 13 13 14 13 13 12
1259_0_2 3 5 5 6 8 1 2 4 4 2 3 1 3 1 3 3 27 12 13 12 13 13 13 14 13 13 13 13 13 13 13 14 13 13 13 13 13 13 13 13 13 13 13 13 13 13 13 13 13 13 13 13 13 13 13 13 14 13 13 13 13 13 13 13 14 13 13 13 12 13 12
1260_1_0 3 7 5 7 5 1 2 3 1 4 4 3 1 3 2 3 27 12 13 13 13 13 13 14 13 13 13 13 13 13 13 13 12 13 14 13 13 13 13 13 13 13 13 13 13 13 13 13 13 13 13 13 13 14 13 12 13 13 13 13 13 13 13 13 14 13 13 13 13 13 12
1262_1_0 3 6 5 8 5 1 1 2 4 1 3 3 2 4 3 3 27 12 13 13 13 14 13 12 13 13 13 13 13 13 13 13 13 13 13 13 13 14 13 13 13 13 13 13 13 13 13 13 13 13 14 13 13 13 13 13 13 13 13 13 13 13 13 13 12 13 14 13 13 13 12
1263_1_2 4 4 8 5 6 1 2 2 2 2 4 1 2 4 3 4 27 12 13 13 13 14 13 13 13 13 13 13 13 13 13 12 13 14 13 13 13 13 13 13 13 13 13 13 13 13 13 13 13 13 13 13 13 13 14 13 12 13 13 13 13 13 13 13 13 13 14 13 13 13 12
1265_0_2 3 5 7 5 7 1 2 2 4 2 4 3 1 3 3 2 27 12 13 14 13 13 13 13 13 13 13 12 13 13 13 13 13 13 13 13 13 13 13 14 13 13 13 13 13 13 13 13 14 13 13 13 13 13 13 13 13 13 13 13 12 13 13 13 13 13 13 13 14 13 12
1265_1_4 3 7 5 7 5 1 2 3 3 1 3 4 2 4 2 2 27 12 13 14 13 13 13 13 13 13 13 12 13 13 13 13 13 13 13 13 13 13 13 14 13 13 13 13 13 13 13 13 14 13 13 13 13 13 13 13 13 13 13 13 12 13 13 13 13 13 13 13 14 13 12
1267_1_0 4 4 8 5 6 0 2 3 2 3 1 4 3 3 3 3 27 12 13 13 13 13 13 13 13 14 13 12 13 13 13 13 13 13 13 13 13 13 14 13 13 13 13 13 13 13 13 13 13 14 13 13 13 13 13 13 13 13 13 13 12 13 14 13 13 13 13 13 13 13 12
1269_1_0 4 5 4 8 6 0 2 3 2 3 1 4 3 3 3 3 27 12 13 13 13 13 13 13 13 13 13 14 13 13 13 13 13 13 13 13 13 13 12 13 14 13 13 13 13 13 13 14 13 12 13 13 13 13 13 13 13 13 13 13 14 13 13 13 13 13 13 13 13 13 12
1271_0_2 3 5 8 5 6 1 2 2 3 2 3 3 1 5 3 2 27 12 13 13 13 13 13 13 13 13 13 13 13 12 13 13 14 13 13 13 14 13 13 13 13 13 13 13 13 13 13 13 13 13 13 14 13 13 13 14 13 13 12 13 13 13 13 13 13 13 13 13 13 13 12
1272_0_2 4 4 6 5 8 1 2 2 3 3 3 1 5 3 2 2 27 12 13 13 13 13 13 13 13 13 14 13 13 14 13 12 13 13 13 13 13 13 13 13 13 13 13 13 13 13 13 13 13 13 13 13 13 13 13 13 12 13 14 13 13 14 13 13 13 13 13 13 13 13 12
1273_0_2 4 4 6 5 8 1 2 2 3 3 2 2 4 4 1 3 27 13 13 13 13 12 13 13 13 13 13 12 13 13 13 14 13 13 13 13 13 13 13 13 13 13 13 14 14 13 13 13 13 13 13 13 13 13 13 13 14 13 13 13 12 13 13 13 13 13 12 13 13 13 13
1273_1_4 4 4 8 5 6 1 3 2 2 2 2 5 3 2 2 3 27 13 13 13 13 12 13 13 13 13 13 12 13 13 13 14 13 13 13 13 13 13 13 13 13 13 13 14 14 13 13 13 13 13 13 13 13 13 13 13 14 13 13 13 12 13 13 13 13 13 12 13 13 13 13
1274_1_2 3 8 6 5 5 1 2 1 3 2 3 3 3 1 4 4 27 12 13 13 13 13 13 13 13 13 13 13 13 12 13 14 13 13 14 13 13 13 13 13 13 13 13 13 13 13 13 13 13 13 13 13 13 14 13 13 14 13 12 13 13 13 13 13 13 13 13 13 13 13 12
1276_1_0 4 4 8 5 6 0 2 3 2 3 1 4 3 3 3 3 27 12 13 13 13 13 13 12 13 13 13 13 13 14 13 13 13 13 14 13 13 13 13 13 13 13 13 13 13 13 13 13 13 13 13 13 13 14 13 13 13 13 14 13 13 13 13 13 12 13 13 13 13 13 12
1277_1_2 3 6 5 8 5 1 1 2 5 2 3 3 2 3 2 3 27 12 13 13 13 13 13 13 12 13 13 13 13 13 13 14 13 13 13 13 13 14 13 13 13 13 13 13 13 13 13 13 13 13 14 13 13 13 13 13 14 13 13 13 13 13 13 12 13 13 13 13 13 13 12
1279_0_2 4 4 6 5 8 1 2 2 4 2 4 3 1 3 3 2 27 12 13 14 13 13 13 13 13 13 13 13 14 13 13 13 13 13 13 13 13 13 12 13 13 13 13 13 13 13 13 13 13 12 13 13 13 13 13 13 13 13 13 14 13 13 13 13 13 13 13 13 14 13 12
1279_1_4 4 4 8 5 6 1 2 3 3 1 3 4 2 4 2 2 27 12 13 14 13 13 13 13 13 13 13 13 14 13 13 13 13 13 13 13 13 13 12 13 13 13 13 13 13 13 13 13 13 12 13 13 13 13 13 13 13 13 13 14 13 13 13 13 13 13 13 13 14 13 12
1280_1_2 3 7 5 7 5 1 2 2 3 5 2 2 3 3 1 3 27 12 13 14 13 13 12 13 13 13 13 13 14 13 13 13 13 13 13 13 13 13 13 13 13 13 13 13 13 13 13 13 13 13 13 13 13 13 13 13 13 13 13 14 13 13 13 13 13 12 13 13 14 13 12
1281_1_2 3 7 5 7 5 1 2 2 3 2 3 3 1 5 3 2 27 12 13 14 13 13 13 13 13 13 13 13 13 13 12 13 13 13 13 13 13 13 13 13 13 13 13 14 14 13 13 13 13 13 13 13 13 13 13 13 13 12 13 13 13 13 13 13 13 13 13 13 14 13 12
1283_0_2 3 5 8 5 6 1 2 3 3 2 2 3 5 1 3 2 27 12 13 13 13 13 13 13 13 13 13 13 13 12 14 14 13 13 13 13 13 13 13 13 13 13 13 13 13 13 13 13 13 13 13 13 13 13 13 13 14 14 12 13 13 13 13 13 13 13 13 13 13 13 12
1284_0_2 3 5 5 6 8 1 2 2 3 5 2 2 3 3 1 3 27 12 13 13 13 13 12 13 13 13 14 13 13 13 13 13 13 13 13 14 13 13 13 13 13 13 13 13 13 13 13 13 13 13 13 13 14 13 13 13 13 13 13 13 13 14 13 13 13 12 13 13 13 13 12
1285_0_2 4 5 4 6 8 1 2 3 4 3 3 1 3 1 2 4 27 12 13 13 13 13 13 12 13 13 13 13 13 13 13 13 14 13 13 14 13 13 13 13 13 13 13 13 13 13 13 13 13 13 13 13 14 13 13 14 13 13 13 13 13 13 13 13 12 13 13 13 13 13 12
1286_0_2 3 5 5 6 8 1 2 2 3 5 2 2 3 3 1 3 27 12 13 13 13 13 13 13 13 13 13 13 13 13 13 13 12 13 13 13 13 14 13 13 13 14 13 13 13 13 14 13 13 13 14 13 13 13 13 12 13 13 13 13 13 13 13 13 13 13 13 13 13 13 12
1287_0_2 4 4 6 5 8 1 2 2 4 2 4 3 1 3 3 2 27 12 13 14 13 13 13 13 13 13 13 12 13 13 13 13 13 13 13 13 13 14 13 13 13 13 13 13 13 13 13 13 13 13 14 13 13 13 13 13 13 13 13 13 12 13 13 13 13 13 13 13 14 13 12
1287_1_4 4 4 8 5 6 1 2 3 3 1 3 4 2 4 2 2 27 12 13 14 13 13 13 13 13 13 13 12 13 13 13 13 13 13 13 13 13 14 13 13 13 13 13 13 13 13 13 13 13 13 14 13 13 13 13 13 13 13 13 13 12 13 13 13 13 13 13 13 14 13 12
1289_1_0 4 4 8 5 6 0 2 3 2 3 1 4 3 3 3 3 27 12 13 13 13 13 13 13 13 13 13 13 13 13 13 13 13 13 14 13 13 13 13 13 14 13 12 13 13 12 13 14 13 13 13 13 13 14 13 13 13 13 13 13 13 13 13 13 13 13 13 13 13 13 12
1291_0_2 3 5 7 5 7 1 2 3 2 2 2 2 4 2 5 2 27 12 13 13 13 13 13 13 13 13 13 13 13 14 12 13 13 13 13 13 13 13 13 13 13 13 13 14 14 13 13 13 13 13 13 13 13 13 13 13 13 12 14 13 13 13 13 13 13 13 13 13 13 13 12
1292_1_0 4 4 8 5 6 1 2 3 1 4 4 3 1 3 2 3 27 12 13 13 14 13 13 14 13 13 13 13 13 13 13 13 12 13 13 13 13 13 13 13 13 13 13 13 13 13 13 13 13 13 13 13 13 13 13 12 13 13 13 13 13 13 13 13 14 13 13 14 13 13 12
1294_1_0 4 4 8 5 6 1 2 2 3 4 3 1 3 4 1 3 27 12 12 14 13 13 13 13 13 13 13 13 13 13 13 13 13 13 13 13 13 13 13 13 13 13 13 14 14 13 13 13 13 13 13 13 13 13 13 13 13 13 13 13 13 13 13 13 13 13 13 13 14 12 12
1295_1_2 4 4 8 5 6 1 2 3 2 2 2 2 4 2 5 2 27 12 13 13 13 13 13 13 13 13 13 13 13 13 13 13 13 14 13 13 14 13 13 13 13 12 13 13 13 13 12 13 13 13 13 14 13 13 14 13 13 13 13 13 13 13 13 13 13 13 13 13 13 13 12
1297_1_0 3 7 5 7 5 1 1 2 4 3 3 2 3 3 1 4 27 12 13 13 13 13 13 13 13 13 13 13 14 13 13 13 13 13 14 13 13 12 13 13 13 13 13 13 13 13 13 13 13 13 12 13 13 14 13 13 13 13 13 14 13 13 13 13 13 13 13 13 13 13 12
1298_1_2 3 8 6 5 5 1 3 2 2 2 3 1 3 2 5 3 27 12 13 13 13 13 13 13 13 13 13 13 13 13 13 14 13 13 13 13 13 12 13 13 14 13 13 13 13 13 13 14 13 13 12 13 13 13 13 13 14 13 13 13 13 13 13 13 13 13 13 13 13 13 12
1300_1_0 4 5 4 8 6 0 2 3 2 3 1 4 3 3 3 3 27 12 13 13 13 13 13 12 13 14 13 13 13 13 13 13 13 13 13 13 13 13 13 13 13 13 14 13 13 14 13 13 13 13 13 13 13 13 13 13 13 13 13 13 13 13 14 13 12 13 13 13 13 13 12
1302_1_0 4 4 8 5 6 1 2 2 3 4 3 1 3 4 1 3 27 12 13 13 13 13 13 13 13 12 13 13 13 13 14 13 13 13 13 13 13 13 13 13 13 13 13 14 14 13 13 13 13 13 13 13 13 13 13 13 13 14 13 13 13 13 12 13 13 13 13 13 13 13 12
1303_1_2 4 5 4 8 6 1 2 4 4 1 4 2 3 2 2 2 27 12 13 13 14 13 13 13 13 14 13 13 13 13 13 13 13 12 13 13 13 13 13 13 13 13 13 13 13 13 13 13 13 13 13 13 13 13 12 13 13 13 13 13 13 13 14 13 13 13 13 14 13 13 12
1305_0_2 4 4 6 5 8 1 2 4 4 1 4 2 3 2 2 2 27 12 13 13 13 12 13 14 13 13 13 13 13 13 13 13 13 13 13 13 14 13 13 13 13 13 13 13 13 13 13 13 13 13 13 14 13 13 13 13 13 13 13 13 13 13 13 13 14 13 12 13 13 13 12
1306_1_0 4 5 4 8 6 1 2 3 1 4 4 3 1 3 2 3 27 12 13 13 14 13 13 13 13 13 13 13 13 13 13 13 13 12 13 13 13 13 13 13 13 13 14 13 13 14 13 13 13 13 13 13 13 13 12 13 13 13 13 13 13 13 13 13 13 13 13 14 13 13 12
1307_1_0 3 8 6 5 5 1 1 3 1 3 3 3 2 3 3 4 27 12 13 14 13 13 13 13 13 13 14 13 13 13 13 13 13 13 13 13 13 13 12 13 13 13 13 13 13 13 13 13 13 12 13 13 13 13 13 13 13 13 13 13 13 14 13 13 13 13 13 13 14 13 12
1308_1_0 3 6 7 5 6 1 2 1 3 3 2 1 5 3 3 3 27 12 13 13 13 13 13 13 13 13 13 14 13 13 13 12 13 13 13 13 13 13 13 14 13 13 13 13 13 13 13 13 14 13 13 13 13 13 13 13 12 13 13 13 14 13 13 13 13 13 13 13 13 13 12
1310_0_2 4 4 6 5 8 1 2 3 3 2 2 3 5 1 3 2 27 12 13 13 13 13 13 13 13 12 13 13 13 13 13 13 13 13 14 14 13 13 13 13 13 13 13 13 13 13 13 13 13 13 13 13 14 14 13 13 13 13 13 13 13 13 12 13 13 13 13 13 13 13 12
1311_0_2 4 4 6 5 8 1 2 1 3 2 3 3 3 1 4 4 27 12 13 13 13 13 13 13 13 13 13 13 13 13 13 13 13 13 14 13 13 13 13 13 12 13 14 13 13 14 13 12 13 13 13 13 13 14 13 13 13 13 13 13 13 13 13 13 13 13 13 13 13 13 12
1312_0_2 4 5 4 6 8 1 3 2 2 2 3 1 3 2 5 3 27 12 13 13 13 13 13 13 13 14 13 13 12 13 13 13 13 13 13 13 13 13 13 13 13 13 14 13 13 14 13 13 13 13 13 13 13 13 13 13 13 13 13 12 13 13 14 13 13 13 13 13 13 13 12
1313_0_2 4 4 7 5 7 1 2 2 3 2 3 3 1 5 3 2 27 12 14 13 13 13 13 13 13 13 13 13 13 13 13 13 13 14 13 13 12 13 13 13 13 13 13 13 13 13 13 13 13 13 13 12 13 13 14 13 13 13 13 13 13 13 13 13 13 13 13 13 13 14 12
1313_2_2 4 8 5 5 5 1 2 2 3 2 3 3 1 5 3 2 27 12 14 13 13 13 13 13 13 13 13 13 13 13 13 13 13 14 13 13 12 13 13 13 13 13 13 13 13 13 13 13 13 13 13 12 13 13 14 13 13 13 13 13 13 13 13 13 13 13 13 13 13 14 12
1314_1_2 3 7 5 7 5 1 2 2 3 2 4 2 2 5 2 2 27 12 13 14 13 13 13 13 13 13 13 13 13 14 13 13 13 13 13 13 13 13 13 13 13 13 12 13 13 12 13 13 13 13 13 13 13 13 13 13 13 13 14 13 13 13 13 13 13 13 13 13 14 13 12
1316_0_2 4 4 6 5 8 1 2 2 3 3 2 2 4 4 1 3 27 12 13 13 13 13 13 13 13 13 13 12 13 13 13 13 13 13 14 13 13 14 13 13 13 13 13 13 13 13 13 13 13 13 14 13 13 14 13 13 13 13 13 13 12 13 13 13 13 13 13 13 13 13 12
1316_1_4 4 4 8 5 6 1 3 2 2 2 2 5 3 2 2 3 27 12 13 13 13 13 13 13 13 13 13 12 13 13 13 13 13 13 14 13 13 14 13 13 13 13 13 13 13 13 13 13 13 13 14 13 13 14 13 13 13 13 13 13 12 13 13 13 13 13 13 13 13 13 12
1317_1_0 3 7 5 7 5 1 1 3 2 3 1 3 3 3 3 4 27 12 13 13 13 13 13 13 13 13 13 12 13 13 13 13 13 13 14 13 13 13 13 14 13 13 13 13 13 13 13 13 14 13 13 13 13 14 13 13 13 13 13 13 12 13 13 13 13 13 13 13 13 13 12
1318_0_2 4 5 4 6 8 1 2 3 2 2 2 2 4 2 5 2 27 12 13 13 13 13 14 13 12 13 13 13 13 13 13 13 13 13 13 13 13 13 13 13 14 13 13 13 13 13 13 14 13 13 13 13 13 13 13 13 13 13 13 13 13 13 13 12 13 14 13 13 13 13 12
1319_0_2 3 6 5 7 6 1 2 3 3 2 2 3 5 1 3 2 27 12 13 13 13 13 13 13 13 13 13 13 13 13 14 13 13 13 14 13 12 13 13 13 13 13 13 13 13 13 13 13 13 13 13 12 13 14 13 13 13 14 13 13 13 13 13 13 13 13 13 13 13 13 12
1320_0_2 4 5 4 6 8 1 2 3 3 2 2 3 5 1 3 2 27 12 12 13 14 13 13 13 13 13 13 13 13 13 13 13 13 13 13 14 13 13 13 13 13 13 13 13 13 13 13 13 13 13 13 13 14 13 13 13 13 13 13 13 13 13 13 13 13 13 13 14 13 12 12
1321_0_2 4 5 4 6 8 1 1 2 3 2 3 2 3 3 2 5 27 12 13 13 13 13 13 13 13 13 13 13 12 13 13 13 14 13 13 14 13 13 13 13 13 13 13 13 13 13 13 13 13 13 13 13 14 13 13 14 13 13 13 12 13 13 13 13 13 13 13 13 13 13 12
1322_0_2 3 5 6 6 7 1 2 2 3 2 3 3 1 5 3 2 27 12 13 13 13 13 13 13 13 14 13 13 13 13 13 13 14 13 13 13 12 13 13 13 13 13 13 13 13 13 13 13 13 13 13 12 13 13 13 14 13 13 13 13 13 13 14 13 13 13 13 13 13 13 12
1323_1_0 3 8 6 5 5 1 2 2 3 4 3 1 3 4 1 3 27 12 13 13 13 14 13 13 13 13 13 13 13 13 14 13 13 13 13 13 13 13 13 13 12 13 13 13 13 13 13 12 13 13 13 13 13 13 13 13 13 14 13 13 13 13 13 13 13 13 14 13 13 13 12
1325_1_0 4 4 8 5 6 1 1 2 4 1 4 3 2 3 3 3 27 12 13 13 13 12 13 13 14 13 13 13 13 13 13 14 13 13 13 13 13 13 13 13 13 13 13 13 13 13 13 13 13 13 13 13 13 13 13 13 14 13 13 13 13 13 13 14 13 13 12 13 13 13 12
1326_1_2 4 4 8 5 6 1 2 2 3 5 2 2 3 3 1 3 27 12 13 13 13 13 13 13 13 13 13 13 14 13 14 13 12 13 13 13 13 13 13 13 13 13 13 13 13 13 13 13 13 13 13 13 13 13 13 12 13 14 13 14 13 13 13 13 13 13 13 13 13 13 12
1328_0_2 3 6 5 7 6 1 2 2 3 2 3 3 1 5 3 2 27 12 13 13 13 13 13 13 13 13 12 13 14 13 13 13 14 13 13 13 13 13 13 13 13 13 13 13 13 13 13 13 13 13 13 13 13 13 13 14 13 13 13 14 13 12 13 13 13 13 13 13 13 13 12
1329_0_2 3 6 6 6 6 1 2 2 2 5 2 2 3 4 2 2 27 13 13 13 13 12 13 13 13 13 13 13 13 13 13 13 13 13 13 13 12 13 13 14 13 13 14 13 13 14 13 13 14 13 13 12 13 13 13 13 13 13 13 13 13 13 13 13 13 13 12 13 13 13 13
1331_1_0 3 6 5 8 5 1 2 3 4 2 4 2 1 3 2 3 27 12 13 13 13 13 14 13 13 13 13 13 13 13 13 13 13 13 13 13 14 13 12 13 13 13 13 13 13 13 13 13 13 12 13 14 13 13 13 13 13 13 13 13 13 13 13 13 13 14 13 13 13 13 12
1333_0_2 3 5 5 6 8 1 2 1 4 2 4 4 1 2 3 3 27 12 13 13 13 13 13 13 13 13 13 14 13 13 13 14 13 13 13 12 13 13 13 13 13 13 13 13 13 13 13 13 13 13 13 13 12 13 13 13 14 13 13 13 14 13 13 13 13 13 13 13 13 13 12
1333_1_2 3 8 6 5 5 1 2 1 4 2 4 4 1 2 3 3 27 12 13 13 13 13 13 13 13 13 13 14 13 13 13 14 13 13 13 12 13 13 13 13 13 13 13 13 13 13 13 13 13 13 13 13 12 13 13 13 14 13 13 13 14 13 13 13 13 13 13 13 13 13 12
1334_0_2 3 5 5 6 8 1 2 2 3 3 2 2 4 4 1 3 27 12 13 13 13 13 13 13 13 13 14 13 13 13 13 13 13 13 14 13 13 13 12 13 13 13 13 13 13 13 13 13 13 12 13 13 13 14 13 13 13 13 13 13 13 14 13 13 13 13 13 13 13 13 12
1334_1_4 3 8 6 5 5 1 3 2 2 2 2 5 3 2 2 3 27 12 13 13 13 13 13 13 13 13 14 13 13 13 13 13 13 13 14 13 13 13 12 13 13 13 13 13 13 13 13 13 13 12 13 13 13 14 13 13 13 13 13 13 13 14 13 13 13 13 13 13 13 13 12
1336_1_0 3 6 7 5 6 1 1 3 2 2 3 3 1 5 3 3 27 12 13 13 13 13 13 13 13 13 13 14 13 13 13 12 13 13 14 13 13 13 13 13 13 13 13 13 13 13 13 13 13 13 13 13 13 14 13 13 12 13 13 13 14 13 13 13 13 13 13 13 13 13 12
1338_0_2 3 5 5 6 8 1 2 2 3 2 3 3 1 5 3 2 27 12 13 13 13 13 13 13 13 13 14 13 12 13 13 13 13 14 13 13 13 13 13 13 13 13 13 13 13 13 13 13 13 13 13 13 13 13 14 13 13 13 13 12 13 14 13 13 13 13 13 13 13 13 12
1339_0_2 3 5 6 6 7 1 2 2 3 2 3 3 1 5 3 2 27 12 13 13 13 13 13 13 13 13 12 13 13 13 13 13 14 13 13 13 13 14 13 13 13 13 13 13 13 13 13 13 13 13 14 13 13 13 13 14 13 13 13 13 13 12 13 13 13 13 13 13 13 13 12
1340_0_2 3 5 5 6 8 1 2 4 4 2 3 1 3 1 3 3 27 12 13 13 13 13 13 13 13 13 13 13 13 13 13 14 13 13 13 12 13 13 13 13 13 13 14 13 13 14 13 13 13 13 13 13 12 13 13 13 14 13 13 13 13 13 13 13 13 13 13 13 13 13 12
1341_0_2 4 4 6 5 8 1 2 2 3 2 3 3 1 5 3 2 27 12 13 13 13 13 13 13 13 13 13 13 12 13 13 13 13 14 13 13 13 13 13 14 13 13 13 13 13 13 13 13 14 13 13 13 13 13 14 13 13 13 13 12 13 13 13 13 13 13 13 13 13 13 12
1342_1_0 3 6 5 8 5 0 3 1 2 4 3 3 2 3 3 3 27 12 13 13 13 13 13 12 13 14 13 13 13 13 13 13 13 13 13 13 14 13 13 13 13 13 13 13 13 13 13 13 13 13 13 14 13 13 13 13 13 13 13 13 13 13 14 13 12 13 13 13 13 13 12
1343_1_2 4 4 8 5 6 1 2 3 3 1 3 1 2 3 3 5 27 12 13 13 13 13 13 13 13 13 13 13 12 13 13 13 13 14 13 13 13 13 14 13 13 13 13 13 13 13 13 13 13 14 13 13 13 13 14 13 13 13 13 12 13 13 13 13 13 13 13 13 13 13 12
1344_1_0 4 4 8 5 6 1 1 2 3 2 4 3 2 3 2 4 27 13 13 13 13 12 13 13 13 13 13 12 13 13 13 13 13 13 13 13 14 13 13 13 13 13 13 14 14 13 13 13 13 13 13 14 13 13 13 13 13 13 13 13 12 13 13 13 13 13 12 13 13 13 13
1345_0_2 4 4 6 5 8 1 2 2 3 3 2 2 4 4 1 3 27 12 13 13 13 13 13 13 13 13 13 13 14 13 13 13 13 13 14 13 13 13 12 13 13 13 13 13 13 13 13 13 13 12 13 13 13 14 13 13 13 13 13 14 13 13 13 13 13 13 13 13 13 13 12
1345_1_4 4 4 8 5 6 1 3 2 2 2 2 5 3 2 2 3 27 12 13 13 13 13 13 13 13 13 13 13 14 13 13 13 13 13 14 13 13 13 12 13 13 13 13 13 13 13 13 13 13 12 13 13 13 14 13 13 13 13 13 14 13 13 13 13 13 13 13 13 13 13 12
1346_1_2 3 7 6 6 5 1 2 2 3 2 4 2 2 5 2 2 27 12 13 13 13 13 13 13 13 13 13 13 13 13 13 12 13 13 13 14 13 13 13 13 14 13 13 13 13 13 13 14 13 13 13 13 14 13 13 13 12 13 13 13 13 13 13 13 13 13 13 13 13 13 12
1347_0_6 3 5 7 5 7 1 2 3 1 3 4 4 2 2 1 4 27 12 13 13 13 13 13 13 13 13 13 13 13 13 13 13 13 14 13 13 13 13 14 13 13 13 12 13 13 12 13 13 13 14 13 13 13 13 14 13 13 13 13 13 13 13 13 13 13 13 13 13 13 13 12
1347_1_6 3 7 5 7 5 1 2 3 1 3 4 4 2 2 1 4 27 12 13 13 13 13 13 13 13 13 13 13 13 13 13 13 13 14 13 13 13 13 14 13 13 13 12 13 13 12 13 13 13 14 13 13 13 13 14 13 13 13 13 13 13 13 13 13 13 13 13 13 13 13 12
1348_1_2 3 6 7 5 6 1 2 3 3 1 3 1 2 3 3 5 27 12 13 13 13 13 13 13 13 13 12 13 13 13 13 13 14 13 13 13 13 13 14 13 13 13 13 13 13 13 13 13 13 14 13 13 13 13 13 14 13 13 13 13 13 12 13 13 13 13 13 13 13 13 12
1350_1_0 4 4 8 5 6 1 2 1 2 3 2 5 2 2 3 4 27 12 13 13 13 13 13 13 13 13 13 13 13 13 13 13 12 13 13 13 13 13 14 13 14 13 13 13 13 13 13 14 13 14 13 13 13 13 13 12 13 13 13 13 13 13 13 13 13 13 13 13 13 13 12
1351_1_2 3 8 6 5 5 1 2 3 3 1 3 1 2 3 3 5 27 12 13 13 13 14 13 13 13 13 13 14 13 13 13 13 13 13 13 13 13 12 13 13 13 13 13 13 13 13 13 13 13 13 12 13 13 13 13 13 13 13 13 13 14 13 13 13 13 13 14 13 13 13 12
1353_1_0 4 5 4 8 6 1 2 2 3 3 4 2 1 5 2 2 27 12 12 13 14 13 13 13 13 13 13 14 13 13 13 13 13 13 13 13 13 13 13 13 13 13 13 13 13 13 13 13 13 13 13 13 13 13 13 13 13 13 13 13 14 13 13 13 13 13 13 14 13 12 12
1355_0_2 4 4 6 5 8 0 3 3 3 3 4 1 2 2 3 3 27 12 13 13 13 13 13 13 13 13 13 13 13 13 13 13 13 14 13 13 13 13 13 13 12 13 14 13 13 14 13 12 13 13 13 13 13 13 14 13 13 13 13 13 13 13 13 13 13 13 13 13 13 13 12
1355_1_2 4 4 8 5 6 0 3 3 3 3 4 1 2 2 3 3 27 12 13 13 13 13 13 13 13 13 13 13 13 13 13 13 13 14 13 13 13 13 13 13 12 13 14 13 13 14 13 12 13 13 13 13 13 13 14 13 13 13 13 13 13 13 13 13 13 13 13 13 13 13 12
1356_0_2 3 5 5 6 8 1 2 2 3 2 3 3 1 5 3 2 27 12 13 13 13 13 13 13 13 13 13 13 13 12 13 13 13 14 13 13 14 13 13 13 13 13 13 13 13 13 13 13 13 13 13 14 13 13 14 13 13 13 12 13 13 13 13 13 13 13 13 13 13 13 12
1357_0_2 4 5 4 6 8 1 2 2 3 2 3 3 1 5 3 2 27 12 13 13 13 13 13 13 13 13 13 13 13 12 13 13 14 13 13 13 13 13 13 13 14 13 13 13 13 13 13 14 13 13 13 13 13 13 13 14 13 13 12 13 13 13 13 13 13 13 13 13 13 13 12
1358_1_0 4 4 8 5 6 1 2 3 4 2 4 2 1 3 2 3 27 12 14 13 13 13 13 13 13 13 13 13 13 13 13 13 13 13 13 13 13 13 12 13 13 13 13 14 14 13 13 13 13 12 13 13 13 13 13 13 13 13 13 13 13 13 13 13 13 13 13 13 13 14 12
1360_0_2 4 4 6 5 8 1 2 4 4 2 3 1 3 1 3 3 27 12 13 12 13 13 13 14 13 13 13 13 13 13 13 13 13 13 14 13 13 13 13 13 13 13 13 13 13 13 13 13 13 13 13 13 13 14 13 13 13 13 13 13 13 13 13 13 14 13 13 13 12 13 12
1361_1_0 3 7 6 6 5 1 2 1 3 2 2 3 3 2 4 4 27 13 13 13 13 12 13 13 13 13 13 12 13 13 14 13 13 13 13 13 13 14 13 13 13 13 13 13 13 13 13 13 13 13 14 13 13 13 13 13 13 14 13 13 12 13 13 13 13 13 12 13 13 13 13
1363_0_2 4 4 7 5 7 0 3 2 4 3 3 3 2 1 3 3 27 12 14 13 13 12 13 13 14 13 13 13 13 13 13 13 13 13 13 13 13 13 13 13 13 13 13 13 13 13 13 13 13 13 13 13 13 13 13 13 13 13 13 13 13 13 13 14 13 13 12 13 13 14 12
1363_1_2 4 5 5 5 8 0 3 2 4 3 3 3 2 1 3 3 27 12 14 13 13 12 13 13 14 13 13 13 13 13 13 13 13 13 13 13 13 13 13 13 13 13 13 13 13 13 13 13 13 13 13 13 13 13 13 13 13 13 13 13 13 13 13 14 13 13 12 13 13 14 12
1363_2_2 4 8 5 5 5 0 3 2 4 3 3 3 2 1 3 3 27 12 14 13 13 12 13 13 14 13 13 13 13 13 13 13 13 13 13 13 13 13 13 13 13 13 13 13 13 13 13 13 13 13 13 13 13 13 13 13 13 13 13 13 13 13 13 14 13 13 12 13 13 14 12
1364_1_0 3 6 5 8 5 1 2 3 4 2 4 2 1 3 2 3 27 12 13 13 13 14 13 13 13 13 13 13 13 13 13 13 13 13 13 13 13 13 12 13 14 13 13 13 13 13 13 14 13 12 13 13 13 13 13 13 13 13 13 13 13 13 13 13 13 13 14 13 13 13 12
1365_0_6 4 4 6 5 8 1 2 3 1 4 2 2 3 5 2 2 27 12 13 13 13 13 13 13 13 13 13 13 13 13 13 13 13 13 13 12 13 13 14 13 13 13 14 13 13 14 13 13 13 14 13 13 12 13 13 13 13 13 13 13 13 13 13 13 13 13 13 13 13 13 12
1365_1_6 4 4 8 5 6 1 2 3 1 4 2 2 3 5 2 2 27 12 13 13 13 13 13 13 13 13 13 13 13 13 13 13 13 13 13 12 13 13 14 13 13 13 14 13 13 14 13 13 13 14 13 13 12 13 13 13 13 13 13 13 13 13 13 13 13 13 13 13 13 13 12
1367_0_2 3 6 5 7 6 1 1 2 3 2 3 2 3 3 2 5 27 12 13 14 13 13 13 13 13 13 12 13 13 13 13 13 14 13 13 13 13 13 13 13 13 13 13 13 13 13 13 13 13 13 13 13 13 13 13 14 13 13 13 13 13 12 13 13 13 13 13 13 14 13 12
1368_1_0 3 7 5 7 5 0 1 3 3 3 2 3 3 3 2 4 27 12 13 13 13 13 13 13 13 12 13 13 13 13 13 13 13 13 14 13 13 13 13 14 13 13 13 13 13 13 13 13 14 13 13 13 13 14 13 13 13 13 13 13 13 13 12 13 13 13 13 13 13 13 12
1370_0_2 3 5 6 6 7 1 2 3 1 3 1 3 2 3 4 4 27 12 13 13 13 12 13 13 13 14 13 13 13 13 13 13 13 13 13 13 13 13 13 13 14 13 13 13 13 13 13 14 13 13 13 13 13 13 13 13 13 13 13 13 13 13 14 13 13 13 12 13 13 13 12
1371_0_2 3 6 5 7 6 1 2 2 3 2 4 2 2 5 2 2 27 12 13 14 13 13 13 13 13 13 13 13 13 13 13 12 13 13 13 13 13 13 13 13 14 13 13 13 13 13 13 14 13 13 13 13 13 13 13 13 12 13 13 13 13 13 13 13 13 13 13 13 14 13 12
1372_1_0 3 6 5 8 5 1 1 2 4 3 3 2 3 3 1 4 27 12 13 13 13 13 13 13 13 13 14 13 12 13 13 13 13 13 13 13 13 13 13 13 13 13 14 13 13 14 13 13 13 13 13 13 13 13 13 13 13 13 13 12 13 14 13 13 13 13 13 13 13 13 12
1373_1_2 3 8 6 5 5 1 2 2 3 3 3 1 5 3 2 2 27 12 13 13 12 13 13 13 13 13 14 13 13 13 13 13 13 13 13 13 13 13 13 13 14 13 13 13 13 13 13 14 13 13 13 13 13 13 13 13 13 13 13 13 13 14 13 13 13 13 13 12 13 13 12
1375_1_0 3 8 6 5 5 0 1 3 3 3 2 3 3 3 2 4 27 12 13 13 13 13 13 13 13 13 14 13 13 13 13 13 13 13 13 13 13 13 13 13 12 13 14 13 13 14 13 12 13 13 13 13 13 13 13 13 13 13 13 13 13 14 13 13 13 13 13 13 13 13 12
1377_1_0 3 6 7 5 6 1 2 1 2 3 2 5 2 2 3 4 27 12 13 13 13 12 13 13 13 14 13 13 13 13 13 13 13 13 13 13 13 13 14 13 13 13 13 13 13 13 13 13 13 14 13 13 13 13 13 13 13 13 13 13 13 13 14 13 13 13 12 13 13 13 12
1378_1_2 4 4 8 5 6 1 2 2 3 2 3 3 1 5 3 2 27 12 13 13 13 13 13 13 13 14 13 13 13 13 13 13 13 14 13 13 13 13 13 13 12 13 13 13 13 13 13 12 13 13 13 13 13 13 14 13 13 13 13 13 13 13 14 13 13 13 13 13 13 13 12
1380_1_0 3 7 6 6 5 1 1 2 4 3 3 2 3 3 1 4 27 12 13 13 14 13 13 13 13 13 13 13 13 13 14 13 13 13 13 13 13 13 13 13 13 12 13 13 13 13 12 13 13 13 13 13 13 13 13 13 13 14 13 13 13 13 13 13 13 13 13 14 13 13 12
1381_1_2 3 7 6 6 5 1 2 2 3 2 3 3 1 5 3 2 27 12 13 13 13 13 14 13 13 13 13 13 13 13 14 13 13 13 13 13 13 13 13 13 13 12 13 13 13 13 12 13 13 13 13 13 13 13 13 13 13 14 13 13 13 13 13 13 13 14 13 13 13 13 12
1383_1_0 4 5 4 8 6 1 1 2 4 3 3 2 3 3 1 4 27 12 12 13 14 13 13 13 13 13 13 13 13 13 13 13 13 13 13 13 13 13 13 13 14 13 13 13 13 13 13 14 13 13 13 13 13 13 13 13 13 13 13 13 13 13 13 13 13 13 13 14 13 12 12
1385_0_0 4 4 7 5 7 1 2 3 1 4 4 3 1 3 2 3 27 12 13 13 13 12 13 14 13 13 13 13 13 13 13 13 13 13 14 13 13 13 13 13 13 13 13 13 13 13 13 13 13 13 13 13 13 14 13 13 13 13 13 13 13 13 13 13 14 13 12 13 13 13 12
1386_1_0 3 6 5 8 5 1 2 3 4 2 4 2 1 3 2 3 27 12 13 13 13 14 13 13 13 14 13 13 13 13 13 13 13 13 13 13 13 13 12 13 13 13 13 13 13 13 13 13 13 12 13 13 13 13 13 13 13 13 13 13 13 13 14 13 13 13 14 13 13 13 12
1387_1_2 3 8 6 5 5 1 2 2 3 2 3 3 1 5 3 2 27 12 13 13 13 13 13 13 13 13 13 13 13 13 13 13 14 13 13 12 13 13 13 13 13 14 13 13 13 13 14 13 13 13 13 13 12 13 13 14 13 13 13 13 13 13 13 13 13 13 13 13 13 13 12
1389_1_0 4 4 8 5 6 1 1 2 3 3 3 3 3 1 5 2 27 12 13 13 13 13 13 13 13 13 14 13 13 13 13 13 13 13 13 13 13 13 14 13 13 12 13 13 13 13 12 13 13 14 13 13 13 13 13 13 13 13 13 13 13 14 13 13 13 13 13 13 13 13 12
1391_1_0 4 4 8 5 6 1 1 2 4 1 4 3 2 3 3 3 27 12 13 13 13 13 12 13 14 13 13 13 13 13 13 13 13 13 13 13 13 13 13 13 13 13 14 13 13 14 13 13 13 13 13 13 13 13 13 13 13 13 13 13 13 13 13 14 13 12 13 13 13 13 12
1393_1_0 3 8 6 5 5 1 2 1 2 3 2 5 2 2 3 4 27 12 13 13 13 13 12 13 13 13 13 14 13 13 13 13 13 13 13 13 14 13 13 13 13 13 13 13 13 13 13 13 13 13 13 14 13 13 13 13 13 13 13 13 14 13 13 13 13 12 13 13 13 13 12
1395_1_0 4 4 8 5 6 0 2 3 2 3 1 4 3 3 3 3 27 12 13 13 13 12 13 13 13 13 13 13 13 13 13 13 13 14 13 13 14 13 13 13 13 13 13 13 13 13 13 13 13 13 13 14 13 13 14 13 13 13 13 13 13 13 13 13 13 13 12 13 13 13 12
1397_0_2 3 6 5 7 6 1 2 1 3 2 3 3 3 1 4 4 27 12 13 13 14 13 13 14 13 13 13 13 13 13 13 13 13 13 13 13 12 13 13 13 13 13 13 13 13 13 13 13 13 13 13 12 13 13 13 13 13 13 13 13 13 13 13 13 14 13 13 14 13 13 12
1398_1_0 4 5 5 5 8 1 1 2 4 3 3 2 3 3 1 4 27 12 13 14 13 13 13 14 13 13 13 13 13 13 13 13 13 13 13 13 13 13 13 13 13 12 13 13 13 13 12 13 13 13 13 13 13 13 13 13 13 13 13 13 13 13 13 13 14 13 13 13 14 13 12
1400_0_0 3 5 5 6 8 1 1 2 4 3 3 2 3 3 1 4 27 12 13 13 13 13 13 13 13 13 13 13 12 13 13 14 13 13 13 13 13 13 13 14 13 13 13 13 13 13 13 13 14 13 13 13 13 13 13 13 14 13 13 12 13 13 13 13 13 13 13 13 13 13 12
1402_0_0 4 4 6 5 8 1 1 3 2 3 1 3 3 3 3 4 27 12 13 13 13 13 13 14 13 13 13 13 14 13 13 13 13 13 13 13 13 13 12 13 13 13 13 13 13 13 13 13 13 12 13 13 13 13 13 13 13 13 13 14 13 13 13 13 14 13 13 13 13 13 12
1402_1_2 4 4 8 5 6 1 2 2 3 3 2 2 4 4 1 3 27 12 13 13 13 13 13 14 13 13 13 13 14 13 13 13 13 13 13 13 13 13 12 13 13 13 13 13 13 13 13 13 13 12 13 13 13 13 13 13 13 13 13 14 13 13 13 13 14 13 13 13 13 13 12
1403_1_0 3 8 6 5 5 0 3 3 2 1 3 2 4 3 3 3 27 12 13 13 13 13 13 13 13 13 13 13 13 13 13 13 14 13 13 13 14 13 13 13 12 13 13 13 13 13 13 12 13 13 13 14 13 13 13 14 13 13 13 13 13 13 13 13 13 13 13 13 13 13 12
1405_0_0 3 5 7 5 7 1 1 3 2 2 3 3 1 5 3 3 27 12 13 13 13 13 13 13 13 13 13 13 13 13 13 13 13 13 14 13 13 13 14 13 13 13 12 13 13 12 13 13 13 14 13 13 13 14 13 13 13 13 13 13 13 13 13 13 13 13 13 13 13 13 12
1406_1_0 3 7 6 6 5 0 3 3 2 1 3 2 4 3 3 3 27 12 13 13 13 13 14 13 13 13 13 13 13 13 13 12 13 13 13 13 13 13 13 13 13 13 14 13 13 14 13 13 13 13 13 13 13 13 13 13 12 13 13 13 13 13 13 13 13 14 13 13 13 13 12
1407_0_4 3 6 5 7 6 1 2 2 4 2 5 2 1 3 3 2 27 12 13 13 13 13 13 14 13 13 13 14 13 13 13 13 13 13 13 13 13 13 13 13 13 12 13 13 13 13 12 13 13 13 13 13 13 13 13 13 13 13 13 13 14 13 13 13 14 13 13 13 13 13 12
1407_1_4 3 6 7 5 6 1 2 2 4 2 5 2 1 3 3 2 27 12 13 13 13 13 13 14 13 13 13 14 13 13 13 13 13 13 13 13 13 13 13 13 13 12 13 13 13 13 12 13 13 13 13 13 13 13 13 13 13 13 13 13 14 13 13 13 14 13 13 13 13 13 12
1408_1_0 3 7 6 6 5 0 3 1 2 3 3 3 2 3 4 3 27 12 13 13 13 12 13 13 13 13 13 13 13 13 14 13 13 13 13 13 13 14 13 13 13 13 13 13 13 13 13 13 13 13 14 13 13 13 13 13 13 14 13 13 13 13 13 13 13 13 12 13 13 13 12
1410_0_0 3 5 5 6 8 0 1 3 3 3 3 3 2 3 2 4 27 12 13 13 13 13 13 13 12 13 13 13 14 13 13 14 13 13 13 13 13 13 13 13 13 13 13 13 13 13 13 13 13 13 13 13 13 13 13 13 14 13 13 14 13 13 13 12 13 13 13 13 13 13 12
1411_0_0 3 5 5 6 8 1 2 1 2 3 2 5 2 2 3 4 27 12 13 13 13 13 13 13 13 13 13 13 13 13 13 13 13 12 13 13 14 13 14 13 13 13 13 13 13 13 13 13 13 14 13 14 13 13 12 13 13 13 13 13 13 13 13 13 13 13 13 13 13 13 12
1412_1_0 4 5 4 8 6 1 1 3 2 2 3 3 1 4 3 4 27 12 12 13 14 13 13 13 13 13 13 13 13 13 13 13 13 13 13 13 13 13 13 13 13 13 14 13 13 14 13 13 13 13 13 13 13 13 13 13 13 13 13 13 13 13 13 13 13 13 13 14 13 12 12
1414_0_0 3 6 5 7 6 1 1 3 2 2 3 3 1 5 3 3 27 12 13 13 13 13 13 13 13 13 13 13 13 13 13 13 13 13 13 14 13 13 14 13 13 12 13 13 13 13 12 13 13 14 13 13 14 13 13 13 13 13 13 13 13 13 13 13 13 13 13 13 13 13 12
1416_0_0 3 5 8 5 6 1 2 1 3 2 2 4 1 3 4 4 27 12 13 13 13 13 13 13 12 13 13 14 13 13 13 14 13 13 13 13 13 13 13 13 13 13 13 13 13 13 13 13 13 13 13 13 13 13 13 13 14 13 13 13 14 13 13 12 13 13 13 13 13 13 12
1416_1_0 3 6 5 8 5 1 2 1 3 2 2 4 1 3 4 4 27 12 13 13 13 13 13 13 12 13 13 14 13 13 13 14 13 13 13 13 13 13 13 13 13 13 13 13 13 13 13 13 13 13 13 13 13 13 13 13 14 13 13 13 14 13 13 12 13 13 13 13 13 13 12
1417_0_0 4 4 6 5 8 0 2 3 3 2 4 2 2 4 2 3 27 12 14 13 13 14 13 13 13 13 12 13 13 13 13 13 13 13 13 13 13 13 13 13 13 13 13 13 13 13 13 13 13 13 13 13 13 13 13 13 13 13 13 13 13 12 13 13 13 13 14 13 13 14 12
1417_1_0 4 4 8 5 6 0 2 3 3 2 4 2 2 4 2 3 27 12 14 13 13 14 13 13 13 13 12 13 13 13 13 13 13 13 13 13 13 13 13 13 13 13 13 13 13 13 13 13 13 13 13 13 13 13 13 13 13 13 13 13 13 12 13 13 13 13 14 13 13 14 12
1418_0_0 3 5 7 5 7 0 2 2 3 3 1 3 3 3 3 4 27 12 13 13 13 13 13 13 13 13 13 13 13 13 13 13 13 14 13 12 13 13 13 13 13 13 13 14 14 13 13 13 13 13 13 13 12 13 14 13 13 13 13 13 13 13 13 13 13 13 13 13 13 13 12
1419_1_0 3 7 5 7 5 0 2 2 3 3 1 4 3 3 3 3 27 12 13 13 12 13 13 13 13 13 13 13 13 14 13 13 13 13 13 13 13 13 13 14 13 13 13 13 13 13 13 13 14 13 13 13 13 13 13 13 13 13 14 13 13 13 13 13 13 13 13 12 13 13 12
1421_0_0 4 4 6 5 8 0 2 2 3 3 1 3 3 3 3 4 27 12 13 13 13 13 14 13 13 13 13 13 13 13 12 13 13 13 13 13 13 13 13 13 13 13 13 14 14 13 13 13 13 13 13 13 13 13 13 13 13 12 13 13 13 13 13 13 13 14 13 13 13 13 12
1423_0_2 4 4 7 5 7 1 2 3 3 2 2 3 5 1 3 2 27 12 13 14 13 13 13 14 13 13 13 13 13 13 13 13 13 13 13 13 12 13 13 13 13 13 13 13 13 13 13 13 13 13 13 12 13 13 13 13 13 13 13 13 13 13 13 13 14 13 13 13 14 13 12
1423_2_2 4 8 5 5 5 1 2 3 3 2 2 3 5 1 3 2 27 12 13 14 13 13 13 14 13 13 13 13 13 13 13 13 13 13 13 13 12 13 13 13 13 13 13 13 13 13 13 13 13 13 13 12 13 13 13 13 13 13 13 13 13 13 13 13 14 13 13 13 14 13 12
1425_1_0 3 7 6 6 5 1 1 2 4 3 3 2 3 3 1 4 27 12 13 13 14 13 13 13 13 13 12 13 13 13 13 13 13 13 13 13 13 14 13 13 13 13 13 13 13 13 13 13 13 13 14 13 13 13 13 13 13 13 13 13 13 12 13 13 13 13 13 14 13 13 12
1426_1_2 3 7 6 6 5 1 2 2 3 2 3 3 1 5 3 2 27 12 13 13 13 13 14 13 13 13 13 13 13 13 13 13 13 13 13 13 12 13 13 13 14 13 13 13 13 13 13 14 13 13 13 12 13 13 13 13 13 13 13 13 13 13 13 13 13 14 13 13 13 13 12
1428_1_0 3 6 7 5 6 1 1 2 4 1 4 3 2 3 3 3 27 12 13 13 13 12 13 13 14 13 13 13 13 13 13 13 13 13 13 13 13 13 13 13 13 13 14 13 13 14 13 13 13 13 13 13 13 13 13 13 13 13 13 13 13 13 13 14 13 13 12 13 13 13 12
1430_1_0 3 8 6 5 5 1 2 2 4 4 3 1 3 3 1 3 27 12 13 13 13 13 13 13 12 13 14 13 13 13 13 13 13 13 13 13 13 13 13 14 13 13 13 13 13 13 13 13 14 13 13 13 13 13 13 13 13 13 13 13 13 14 13 12 13 13 13 13 13 13 12
1431_1_2 4 4 8 5 6 1 2 2 2 2 4 1 2 4 3 4 27 12 13 13 13 13 14 13 13 13 13 13 13 13 13 13 13 14 13 13 13 13 13 13 13 13 12 13 13 12 13 13 13 13 13 13 13 13 14 13 13 13 13 13 13 13 13 13 13 14 13 13 13 13 12
1432_1_0 3 8 6 5 5 1 1 3 2 3 1 3 3 3 3 4 27 12 13 13 13 13 13 13 13 13 13 12 13 13 13 14 13 13 13 13 13 14 13 13 13 13 13 13 13 13 13 13 13 13 14 13 13 13 13 13 14 13 13 13 12 13 13 13 13 13 13 13 13 13 12
1433_0_2 3 6 5 7 6 1 2 2 3 2 4 1 3 5 2 2 27 12 13 13 13 13 13 13 13 13 13 14 13 13 13 12 13 14 13 13 13 13 13 13 13 13 13 13 13 13 13 13 13 13 13 13 13 13 14 13 12 13 13 13 14 13 13 13 13 13 13 13 13 13 12
1433_1_2 3 6 7 5 6 1 2 2 3 2 4 1 3 5 2 2 27 12 13 13 13 13 13 13 13 13 13 14 13 13 13 12 13 14 13 13 13 13 13 13 13 13 13 13 13 13 13 13 13 13 13 13 13 13 14 13 12 13 13 13 14 13 13 13 13 13 13 13 13 13 12
1434_0_2 3 5 8 5 6 1 2 3 1 3 1 3 2 3 4 4 27 12 13 13 13 13 13 13 13 14 13 13 13 13 13 13 13 12 13 13 14 13 13 13 13 13 13 13 13 13 13 13 13 13 13 14 13 13 12 13 13 13 13 13 13 13 14 13 13 13 13 13 13 13 12
1435_1_0 3 7 5 7 5 0 2 2 3 3 1 3 3 3 3 4 27 12 13 13 13 13 13 13 13 13 13 13 13 13 12 13 13 14 13 13 13 13 13 13 13 13 13 14 14 13 13 13 13 13 13 13 13 13 14 13 13 12 13 13 13 13 13 13 13 13 13 13 13 13 12
1436_0_6 3 5 5 6 8 1 2 2 2 4 2 4 1 3 4 2 27 12 13 13 13 13 13 13 13 13 13 13 12 13 13 13 13 14 13 13 14 13 13 13 13 13 13 13 13 13 13 13 13 13 13 14 13 13 14 13 13 13 13 12 13 13 13 13 13 13 13 13 13 13 12
1436_1_6 3 8 6 5 5 1 2 2 2 4 2 4 1 3 4 2 27 12 13 13 13 13 13 13 13 13 13 13 12 13 13 13 13 14 13 13 14 13 13 13 13 13 13 13 13 13 13 13 13 13 13 14 13 13 14 13 13 13 13 12 13 13 13 13 13 13 13 13 13 13 12
1437_1_2 3 7 6 6 5 1 2 1 3 2 3 3 3 1 4 4 27 12 13 13 14 13 13 13 13 13 13 13 13 13 13 13 13 13 13 13 12 13 13 13 13 13 14 13 13 14 13 13 13 13 13 12 13 13 13 13 13 13 13 13 13 13 13 13 13 13 13 14 13 13 12
1438_1_2 3 7 6 6 5 1 2 3 3 2 2 3 5 1 3 2 27 12 13 13 13 13 13 13 13 13 13 13 13 13 14 13 13 13 13 13 12 13 13 13 13 13 14 13 13 14 13 13 13 13 13 12 13 13 13 13 13 14 13 13 13 13 13 13 13 13 13 13 13 13 12
1440_0_2 3 5 5 6 8 1 2 3 4 3 3 1 3 1 2 4 27 12 13 13 12 13 14 13 13 13 13 13 13 13 13 13 13 13 13 13 13 13 13 13 13 14 13 13 13 13 14 13 13 13 13 13 13 13 13 13 13 13 13 13 13 13 13 13 13 14 13 12 13 13 12
1441_0_2 3 5 7 5 7 1 2 2 3 3 2 2 4 4 1 3 27 12 13 13 13 13 13 14 13 13 13 12 13 13 13 13 13 13 13 13 13 13 13 14 13 13 13 13 13 13 13 13 14 13 13 13 13 13 13 13 13 13 13 13 12 13 13 13 14 13 13 13 13 13 12
1441_1_4 3 7 5 7 5 1 3 2 2 2 2 5 3 2 2 3 27 12 13 13 13 13 13 14 13 13 13 12 13 13 13 13 13 13 13 13 13 13 13 14 13 13 13 13 13 13 13 13 14 13 13 13 13 13 13 13 13 13 13 13 12 13 13 13 14 13 13 13 13 13 12
1442_0_6 3 5 6 6 7 1 2 3 1 3 4 4 2 2 1 4 27 12 13 13 13 13 14 13 13 13 13 14 13 13 13 12 13 13 13 13 13 13 13 13 13 13 13 13 13 13 13 13 13 13 13 13 13 13 13 13 12 13 13 13 14 13 13 13 13 14 13 13 13 13 12
1442_1_6 3 7 6 6 5 1 2 3 1 3 4 4 2 2 1 4 27 12 13 13 13 13 14 13 13 13 13 14 13 13 13 12 13 13 13 13 13 13 13 13 13 13 13 13 13 13 13 13 13 13 13 13 13 13 13 13 12 13 13 13 14 13 13 13 13 14 13 13 13 13 12
1444_0_2 4 4 6 5 8 1 2 2 3 2 4 1 3 5 2 2 27 12 13 13 12 13 14 13 13 13 13 13 13 13 13 13 13 13 13 13 13 13 14 13 13 13 13 13 13 13 13 13 13 14 13 13 13 13 13 13 13 13 13 13 13 13 13 13 13 14 13 12 13 13 12
1444_1_2 4 4 8 5 6 1 2 2 3 2 4 1 3 5 2 2 27 12 13 13 12 13 14 13 13 13 13 13 13 13 13 13 13 13 13 13 13 13 14 13 13 13 13 13 13 13 13 13 13 14 13 13 13 13 13 13 13 13 13 13 13 13 13 13 13 14 13 12 13 13 12
1445_0_2 3 5 6 6 7 1 2 3 2 2 2 2 4 2 5 2 27 12 13 13 13 13 14 13 13 14 13 13 13 13 13 13 13 13 13 13 13 13 13 13 13 12 13 13 13 13 12 13 13 13 13 13 13 13 13 13 13 13 13 13 13 13 14 13 13 14 13 13 13 13 12
1446_0_2 3 6 5 7 6 1 2 2 3 2 3 3 1 5 3 2 27 12 13 13 13 13 13 13 13 14 13 13 13 13 13 13 13 14 13 13 12 13 13 13 13 13 13 13 13 13 13 13 13 13 13 12 13 13 14 13 13 13 13 13 13 13 14 13 13 13 13 13 13 13 12
1447_0_2 3 5 6 6 7 0 3 3 3 3 4 1 2 2 3 3 27 12 13 13 13 13 13 13 13 13 13 13 13 13 13 13 14 13 13 13 12 13 13 13 13 13 14 13 13 14 13 13 13 13 13 12 13 13 13 14 13 13 13 13 13 13 13 13 13 13 13 13 13 13 12
1447_1_2 3 7 6 6 5 0 3 3 3 3 4 1 2 2 3 3 27 12 13 13 13 13 13 13 13 13 13 13 13 13 13 13 14 13 13 13 12 13 13 13 13 13 14 13 13 14 13 13 13 13 13 12 13 13 13 14 13 13 13 13 13 13 13 13 13 13 13 13 13 13 12
1448_1_0 3 8 6 5 5 0 1 4 2 3 3 3 2 4 2 3 27 12 13 13 12 13 13 13 13 13 13 14 13 13 13 13 13 13 13 13 14 13 13 13 13 13 13 13 13 13 13 13 13 13 13 14 13 13 13 13 13 13 13 13 14 13 13 13 13 13 13 12 13 13 12
1450_1_0 3 6 7 5 6 0 2 2 3 3 1 3 3 3 3 4 27 12 13 13 13 13 14 13 13 13 13 13 13 13 13 13 13 14 13 13 13 13 13 13 13 12 13 13 13 13 12 13 13 13 13 13 13 13 14 13 13 13 13 13 13 13 13 13 13 14 13 13 13 13 12
1452_0_2 4 4 6 5 8 1 2 3 1 3 1 3 2 3 4 4 27 12 13 13 13 13 12 13 13 13 13 13 13 14 13 13 13 13 13 13 13 13 13 13 14 13 13 13 13 13 13 14 13 13 13 13 13 13 13 13 13 13 14 13 13 13 13 13 13 12 13 13 13 13 12
1453_0_2 3 5 6 6 7 0 3 2 3 2 1 4 3 3 3 3 27 12 13 13 13 13 13 13 13 13 12 13 13 13 13 13 14 13 13 13 13 13 13 13 14 13 13 13 13 13 13 14 13 13 13 13 13 13 13 14 13 13 13 13 13 12 13 13 13 13 13 13 13 13 12
1453_1_2 3 7 6 6 5 0 3 2 3 2 1 4 3 3 3 3 27 12 13 13 13 13 13 13 13 13 12 13 13 13 13 13 14 13 13 13 13 13 13 13 14 13 13 13 13 13 13 14 13 13 13 13 13 13 13 14 13 13 13 13 13 12 13 13 13 13 13 13 13 13 12
1454_1_0 4 5 4 8 6 0 1 3 3 3 2 3 3 3 2 4 27 12 12 13 14 13 13 13 13 13 13 13 13 13 13 13 13 13 13 13 13 14 13 13 13 13 13 13 13 13 13 13 13 13 14 13 13 13 13 13 13 13 13 13 13 13 13 13 13 13 13 14 13 12 12
1455_1_2 3 8 6 5 5 1 2 3 3 2 2 3 5 1 3 2 27 12 13 13 13 13 13 13 13 12 13 13 13 13 13 14 13 13 13 14 13 13 13 13 13 13 13 13 13 13 13 13 13 13 13 13 14 13 13 13 14 13 13 13 13 13 12 13 13 13 13 13 13 13 12
1456_1_2 3 6 7 5 6 1 1 2 3 2 3 2 3 3 2 5 27 12 13 13 13 13 13 13 13 13 12 13 13 13 14 13 13 14 13 13 13 13 13 13 13 13 13 13 13 13 13 13 13 13 13 13 13 13 14 13 13 14 13 13 13 12 13 13 13 13 13 13 13 13 12
1457_1_2 3 8 6 5 5 1 2 3 1 3 1 3 2 3 4 4 27 12 13 13 13 13 13 13 13 13 13 13 13 13 13 13 12 13 13 13 14 13 13 13 14 13 13 13 13 13 13 14 13 13 13 14 13 13 13 12 13 13 13 13 13 13 13 13 13 13 13 13 13 13 12
1458_1_2 3 7 5 7 5 1 2 1 3 4 2 3 3 2 2 4 27 12 13 14 13 13 13 13 13 13 13 12 13 13 13 13 13 14 13 13 13 13 13 13 13 13 13 13 13 13 13 13 13 13 13 13 13 13 14 13 13 13 13 13 12 13 13 13 13 13 13 13 14 13 12
1460_1_0 3 6 7 5 6 1 2 2 4 4 3 1 3 3 1 3 27 12 13 13 13 13 13 13 13 13 13 13 14 13 13 13 13 13 13 13 13 14 13 13 13 12 13 13 13 13 12 13 13 13 14 13 13 13 13 13 13 13 13 14 13 13 13 13 13 13 13 13 13 13 12
1462_0_0 3 5 7 5 7 1 2 3 4 2 4 2 1 3 2 3 27 12 14 13 13 13 13 13 13 13 13 12 13 13 13 13 13 13 13 13 13 13 13 13 13 13 13 14 14 13 13 13 13 13 13 13 13 13 13 13 13 13 13 13 12 13 13 13 13 13 13 13 13 14 12
1463_1_0 4 4 8 5 6 0 1 3 3 3 3 3 2 3 2 4 27 12 13 12 13 13 13 14 13 13 13 13 13 13 13 13 13 13 13 13 13 13 13 14 13 13 13 13 13 13 13 13 14 13 13 13 13 13 13 13 13 13 13 13 13 13 13 13 14 13 13 13 12 13 12
1465_0_0 3 5 6 6 7 1 2 3 1 3 1 3 2 3 5 3 27 12 13 13 13 12 13 13 13 13 13 14 13 13 13 13 13 13 13 13 13 14 13 13 13 13 13 13 13 13 13 13 13 13 14 13 13 13 13 13 13 13 13 13 14 13 13 13 13 13 12 13 13 13 12
1467_0_0 3 5 8 5 6 1 1 2 3 3 3 2 4 1 4 3 27 12 13 12 13 14 13 13 13 14 13 13 13 13 13 13 13 13 13 13 13 13 13 13 13 13 13 13 13 13 13 13 13 13 13 13 13 13 13 13 13 13 13 13 13 13 14 13 13 13 14 13 12 13 12
1468_0_0 4 4 6 5 8 0 3 1 2 3 3 3 2 3 4 3 27 12 13 13 13 13 13 13 14 13 13 13 13 13 13 13 13 12 13 13 13 13 13 14 13 13 13 13 13 13 13 13 14 13 13 13 13 13 12 13 13 13 13 13 13 13 13 14 13 13 13 13 13 13 12
1469_0_0 3 6 5 7 6 1 1 3 2 2 3 3 1 5 3 3 27 12 13 13 14 13 13 13 13 13 13 13 13 13 13 12 13 13 13 13 13 13 14 13 13 13 13 13 13 13 13 13 13 14 13 13 13 13 13 13 12 13 13 13 13 13 13 13 13 13 13 14 13 13 12
1471_0_0 3 5 5 6 8 0 2 3 2 3 1 4 3 3 3 3 27 12 13 13 13 13 12 13 13 13 13 13 13 13 13 13 14 13 13 13 14 13 13 13 13 13 13 13 13 13 13 13 13 13 13 14 13 13 13 14 13 13 13 13 13 13 13 13 13 12 13 13 13 13 12
1473_0_0 4 4 6 5 8 1 1 2 3 1 4 2 3 3 3 4 27 12 13 13 13 13 12 13 13 14 13 13 13 14 13 13 13 13 13 13 13 13 13 13 13 13 13 13 13 13 13 13 13 13 13 13 13 13 13 13 13 13 14 13 13 13 14 13 13 12 13 13 13 13 12
1474_0_0 4 4 6 5 8 1 2 3 1 3 1 3 2 3 5 3 27 12 13 13 13 13 12 13 13 13 13 14 13 13 13 13 13 13 13 13 13 13 13 14 13 13 13 13 13 13 13 13 14 13 13 13 13 13 13 13 13 13 13 13 14 13 13 13 13 12 13 13 13 13 12
1476_0_0 3 5 5 6 8 1 2 3 4 2 4 2 1 3 2 3 27 12 13 13 13 14 13 13 13 14 13 12 13 13 13 13 13 13 13 13 13 13 13 13 13 13 13 13 13 13 13 13 13 13 13 13 13 13 13 13 13 13 13 13 12 13 14 13 13 13 14 13 13 13 12
1477_0_4 3 5 8 5 6 1 3 2 2 2 2 5 3 2 2 3 27 12 13 13 14 13 13 13 13 13 14 13 13 13 13 13 13 13 13 13 13 13 12 13 13 13 13 13 13 13 13 13 13 12 13 13 13 13 13 13 13 13 13 13 13 14 13 13 13 13 13 14 13 13 12
1478_0_0 3 5 5 6 8 0 3 3 1 2 2 3 3 4 3 3 27 12 13 13 13 13 13 13 13 13 14 13 13 13 13 13 12 13 13 13 13 14 13 13 13 13 13 13 13 13 13 13 13 13 14 13 13 13 13 12 13 13 13 13 13 14 13 13 13 13 13 13 13 13 12
1480_0_0 3 5 8 5 6 1 2 3 4 2 4 2 1 3 2 3 27 12 13 13 13 13 13 13 13 13 13 13 13 13 13 13 14 13 13 13 14 13 12 13 13 13 13 13 13 13 13 13 13 12 13 14 13 13 13 14 13 13 13 13 13 13 13 13 13 13 13 13 13 13 12
1482_0_0 3 5 5 6 8 1 1 2 4 1 4 3 2 3 3 3 27 12 13 13 13 13 12 13 13 13 13 13 13 13 13 14 13 13 13 14 13 13 13 13 13 13 13 13 13 13 13 13 13 13 13 13 14 13 13 13 14 13 13 13 13 13 13 13 13 12 13 13 13 13 12
1484_0_0 3 5 6 6 7 1 2 2 2 3 2 4 1 4 4 2 27 12 13 13 13 12 13 13 13 14 13 13 13 13 13 13 13 13 13 13 13 13 13 13 13 13 14 13 13 14 13 13 13 13 13 13 13 13 13 13 13 13 13 13 13 13 14 13 13 13 12 13 13 13 12
1485_0_0 3 5 6 6 7 0 3 3 2 1 3 2 4 3 3 3 27 12 13 13 13 13 14 13 13 13 12 13 13 13 13 13 13 13 13 13 13 14 13 13 13 13 13 13 13 13 13 13 13 13 14 13 13 13 13 13 13 13 13 13 13 12 13 13 13 14 13 13 13 13 12
1486_0_0 4 5 4 6 8 0 2 2 3 3 1 4 3 3 3 3 27 12 13 13 13 13 13 12 13 14 13 13 13 13 13 13 13 13 13 13 13 14 13 13 13 13 13 13 13 13 13 13 13 13 14 13 13 13 13 13 13 13 13 13 13 13 14 13 12 13 13 13 13 13 12
1487_0_0 4 4 6 5 8 1 2 2 4 4 3 1 3 3 1 3 27 12 13 13 13 13 13 13 12 13 13 13 14 13 13 13 13 13 13 13 13 13 13 14 13 13 13 13 13 13 13 13 14 13 13 13 13 13 13 13 13 13 13 14 13 13 13 12 13 13 13 13 13 13 12
1488_1_0 3 6 5 8 5 1 1 3 2 2 3 3 1 4 3 4 27 12 12 13 14 13 13 13 13 13 13 13 13 13 13 14 13 13 13 13 13 13 13 13 13 13 13 13 13 13 13 13 13 13 13 13 13 13 13 13 14 13 13 13 13 13 13 13 13 13 13 14 13 12 12
1490_0_0 3 5 5 6 8 1 2 2 2 3 2 4 1 4 4 2 27 12 13 13 13 13 12 13 13 13 13 13 13 13 13 14 13 13 13 13 13 13 13 13 14 13 13 13 13 13 13 14 13 13 13 13 13 13 13 13 14 13 13 13 13 13 13 13 13 12 13 13 13 13 12
1491_0_0 4 4 6 5 8 0 2 3 3 2 3 2 4 2 3 3 27 12 13 13 13 13 13 13 13 13 13 12 13 13 14 13 13 14 13 13 13 13 13 13 13 13 13 13 13 13 13 13 13 13 13 13 13 13 14 13 13 14 13 13 12 13 13 13 13 13 13 13 13 13 12
1492_0_0 4 4 6 5 8 0 3 3 2 1 3 2 4 3 3 3 27 12 13 13 13 13 13 13 13 13 13 13 13 13 12 13 13 13 13 14 13 13 13 13 13 13 13 14 14 13 13 13 13 13 13 13 14 13 13 13 13 12 13 13 13 13 13 13 13 13 13 13 13 13 12
1493_0_0 3 5 5 6 8 1 1 2 3 3 3 3 3 1 5 2 27 12 13 12 13 13 13 13 13 13 14 13 13 13 13 13 13 13 13 13 13 13 14 13 13 13 13 13 13 13 13 13 13 14 13 13 13 13 13 13 13 13 13 13 13 14 13 13 13 13 13 13 12 13 12
1495_0_0 3 6 5 7 6 1 1 2 3 2 3 4 1 4 3 3 27 12 13 13 13 12 13 13 13 14 13 13 14 13 13 13 13 13 13 13 13 13 13 13 13 13 13 13 13 13 13 13 13 13 13 13 13 13 13 13 13 13 13 14 13 13 14 13 13 13 12 13 13 13 12
1497_0_0 4 4 6 5 8 1 2 3 4 2 4 2 1 3 2 3 27 12 13 13 13 13 14 13 13 13 13 12 13 14 13 13 13 13 13 13 13 13 13 13 13 13 13 13 13 13 13 13 13 13 13 13 13 13 13 13 13 13 14 13 12 13 13 13 13 14 13 13 13 13 12
1499_0_0 3 5 5 6 8 0 3 3 2 1 3 2 4 3 3 3 27 12 13 13 13 14 13 13 13 13 13 13 12 13 13 13 13 13 13 13 13 13 13 14 13 13 13 13 13 13 13 13 14 13 13 13 13 13 13 13 13 13 13 12 13 13 13 13 13 13 14 13 13 13 12
1500_0_0 3 6 5 7 6 1 1 3 2 2 3 3 1 5 3 3 27 12 13 13 13 13 13 13 14 13 13 14 13 13 13 13 13 13 13 13 13 13 13 13 13 12 13 13 13 13 12 13 13 13 13 13 13 13 13 13 13 13 13 13 14 13 13 14 13 13 13 13 13 13 12
1502_0_0 3 6 5 7 6 1 1 3 2 2 3 3 1 5 3 3 27 12 13 13 13 13 13 13 13 13 13 13 13 13 14 13 13 13 13 13 13 13 14 13 13 12 13 13 13 13 12 13 13 14 13 13 13 13 13 13 13 14 13 13 13 13 13 13 13 13 13 13 13 13 12
1503_0_4 3 5 5 6 8 1 1 3 2 3 4 2 3 1 4 3 27 12 13 13 13 13 13 13 13 13 13 13 13 12 13 14 13 14 13 13 13 13 13 13 13 13 13 13 13 13 13 13 13 13 13 13 13 13 14 13 14 13 12 13 13 13 13 13 13 13 13 13 13 13 12
1503_1_4 3 8 6 5 5 1 1 3 2 3 4 2 3 1 4 3 27 12 13 13 13 13 13 13 13 13 13 13 13 12 13 14 13 14 13 13 13 13 13 13 13 13 13 13 13 13 13 13 13 13 13 13 13 13 14 13 14 13 12 13 13 13 13 13 13 13 13 13 13 13 12
1505_0_0 4 5 4 6 8 0 2 3 2 2 3 2 2 4 3 4 27 12 12 13 14 13 13 13 13 13 13 13 13 13 13 13 14 13 13 13 13 13 13 13 13 13 13 13 13 13 13 13 13 13 13 13 13 13 13 14 13 13 13 13 13 13 13 13 13 13 13 14 13 12 12
1505_1_0 4 5 4 8 6 0 2 3 2 2 3 2 2 4 3 4 27 12 12 13 14 13 13 13 13 13 13 13 13 13 13 13 14 13 13 13 13 13 13 13 13 13 13 13 13 13 13 13 13 13 13 13 13 13 13 14 13 13 13 13 13 13 13 13 13 13 13 14 13 12 12
1506_0_0 3 5 7 5 7 0 2 2 3 3 4 2 3 1 4 3 27 12 13 13 13 13 13 13 13 13 13 13 13 13 12 13 13 13 13 13 13 13 14 13 13 13 13 14 14 13 13 13 13 14 13 13 13 13 13 13 13 12 13 13 13 13 13 13 13 13 13 13 13 13 12
1507_0_4 4 4 6 5 8 1 2 3 3 1 3 4 2 4 2 2 27 12 13 13 13 13 13 13 13 13 13 12 13 13 13 13 13 13 13 14 13 13 13 14 13 13 13 13 13 13 13 13 14 13 13 13 14 13 13 13 13 13 13 13 12 13 13 13 13 13 13 13 13 13 12
1508_0_0 4 4 6 5 8 1 2 1 2 3 2 5 2 2 3 4 27 12 13 13 13 13 13 13 13 14 13 13 13 13 13 13 12 13 13 13 13 13 14 13 13 13 13 13 13 13 13 13 13 14 13 13 13 13 13 12 13 13 13 13 13 13 14 13 13 13 13 13 13 13 12
1510_0_0 3 5 6 6 7 1 2 1 3 2 2 4 1 3 4 4 27 12 13 13 14 13 13 13 13 13 13 14 13 13 13 13 13 13 13 13 13 13 13 13 13 12 13 13 13 13 12 13 13 13 13 13 13 13 13 13 13 13 13 13 14 13 13 13 13 13 13 14 13 13 12
1510_1_0 3 7 6 6 5 1 2 1 3 2 2 4 1 3 4 4 27 12 13 13 14 13 13 13 13 13 13 14 13 13 13 13 13 13 13 13 13 13 13 13 13 12 13 13 13 13 12 13 13 13 13 13 13 13 13 13 13 13 13 13 14 13 13 13 13 13 13 14 13 13 12
1511_0_0 3 5 7 5 7 1 2 1 3 3 2 1 5 3 3 3 27 12 13 13 13 13 13 13 13 13 13 13 14 13 13 13 13 13 13 13 13 13 14 13 13 13 12 13 13 12 13 13 13 14 13 13 13 13 13 13 13 13 13 14 13 13 13 13 13 13 13 13 13 13 12
1513_0_0 4 4 6 5 8 0 2 2 3 3 1 4 3 3 3 3 27 12 13 13 13 13 13 12 13 13 13 13 13 14 13 13 13 13 13 13 13 13 13 14 13 13 13 13 13 13 13 13 14 13 13 13 13 13 13 13 13 13 14 13 13 13 13 13 12 13 13 13 13 13 12
1514_0_0 4 4 6 5 8 1 1 2 3 3 3 3 3 1 5 2 27 12 13 13 13 13 13 13 13 13 13 14 13 13 13 13 13 13 13 12 13 13 13 14 13 13 13 13 13 13 13 13 14 13 13 13 12 13 13 13 13 13 13 13 14 13 13 13 13 13 13 13 13 13 12
1515_1_0 3 8 6 5 5 1 1 2 3 1 4 2 3 3 3 4 27 12 13 13 13 13 12 13 13 14 13 13 13 13 13 13 13 13 13 13 14 13 13 13 13 13 13 13 13 13 13 13 13 13 13 14 13 13 13 13 13 13 13 13 13 13 14 13 13 12 13 13 13 13 12
1516_1_0 4 5 4 8 6 1 1 3 2 3 4 3 1 4 2 3 27 12 13 13 13 13 13 12 13 13 13 13 13 13 14 13 13 13 13 13 13 13 13 13 14 13 13 13 13 13 13 14 13 13 13 13 13 13 13 13 13 14 13 13 13 13 13 13 12 13 13 13 13 13 12
1517_1_0 3 6 7 5 6 1 1 2 3 1 4 2 3 3 3 4 27 12 13 13 13 12 13 13 13 13 13 13 13 14 13 13 13 13 13 13 13 13 13 13 14 13 13 13 13 13 13 14 13 13 13 13 13 13 13 13 13 13 14 13 13 13 13 13 13 13 12 13 13 13 12
1519_0_0 4 4 6 5 8 1 2 3 4 2 4 2 1 3 2 3 27 12 13 13 13 13 13 13 13 13 13 12 13 14 13 13 14 13 13 13 13 13 13 13 13 13 13 13 13 13 13 13 13 13 13 13 13 13 13 14 13 13 14 13 12 13 13 13 13 13 13 13 13 13 12
1520_0_4 4 4 6 5 8 1 2 2 4 4 3 1 3 2 1 4 27 12 13 13 13 13 13 12 13 13 13 13 13 13 13 13 13 14 13 13 13 13 14 13 13 13 13 13 13 13 13 13 13 14 13 13 13 13 14 13 13 13 13 13 13 13 13 13 12 13 13 13 13 13 12
1520_1_4 4 4 8 5 6 1 2 2 4 4 3 1 3 2 1 4 27 12 13 13 13 13 13 12 13 13 13 13 13 13 13 13 13 14 13 13 13 13 14 13 13 13 13 13 13 13 13 13 13 14 13 13 13 13 14 13 13 13 13 13 13 13 13 13 12 13 13 13 13 13 12
1521_1_0 3 7 6 6 5 0 3 3 2 2 1 3 3 3 3 4 27 12 13 13 13 13 14 13 13 13 12 13 13 13 13 13 13 13 13 14 13 13 13 13 13 13 13 13 13 13 13 13 13 13 13 13 14 13 13 13 13 13 13 13 13 12 13 13 13 14 13 13 13 13 12
1522_1_0 3 6 5 8 5 0 3 3 2 2 1 3 3 3 3 4 27 12 13 13 13 13 13 13 13 13 13 13 12 13 13 13 14 13 13 13 13 13 13 13 13 14 13 13 13 13 14 13 13 13 13 13 13 13 13 14 13 13 13 12 13 13 13 13 13 13 13 13 13 13 12
1523_1_0 4 4 8 5 6 0 3 3 2 1 3 2 4 3 3 3 27 12 13 13 12 13 14 13 13 13 13 13 13 13 13 13 13 13 14 13 13 13 13 13 13 13 13 13 13 13 13 13 13 13 13 13 13 14 13 13 13 13 13 13 13 13 13 13 13 14 13 12 13 13 12
1524_0_4 4 4 6 5 8 1 2 3 3 1 3 4 2 4 2 2 27 12 13 13 13 13 13 13 14 13 13 13 14 13 13 13 13 13 13 13 13 13 12 13 13 13 13 13 13 13 13 13 13 12 13 13 13 13 13 13 13 13 13 14 13 13 13 14 13 13 13 13 13 13 12
1525_0_0 4 4 6 5 8 0 3 3 1 2 2 3 3 4 3 3 27 12 13 13 13 13 13 13 13 13 13 13 14 13 13 13 13 12 13 13 13 13 13 14 13 13 13 13 13 13 13 13 14 13 13 13 13 13 12 13 13 13 13 14 13 13 13 13 13 13 13 13 13 13 12
1527_0_0 3 5 6 6 7 1 2 2 3 4 3 1 3 4 1 3 27 12 13 13 13 13 13 13 13 13 13 13 13 13 14 13 14 13 13 13 12 13 13 13 13 13 13 13 13 13 13 13 13 13 13 12 13 13 13 14 13 14 13 13 13 13 13 13 13 13 13 13 13 13 12
1529_0_0 4 4 6 5 8 0 3 3 2 1 3 2 4 3 3 3 27 12 13 13 13 13 13 13 13 13 13 13 14 13 13 13 14 13 13 13 13 12 13 13 13 13 13 13 13 13 13 13 13 13 12 13 13 13 13 14 13 13 13 14 13 13 13 13 13 13 13 13 13 13 12
1530_0_0 3 5 5 6 8 0 2 3 3 2 4 2 2 4 2 3 27 12 13 13 13 14 13 13 13 13 13 13 13 13 13 13 13 13 13 13 13 12 13 13 14 13 13 13 13 13 13 14 13 13 12 13 13 13 13 13 13 13 13 13 13 13 13 13 13 13 14 13 13 13 12
1530_1_0 3 8 6 5 5 0 2 3 3 2 4 2 2 4 2 3 27 12 13 13 13 14 13 13 13 13 13 13 13 13 13 13 13 13 13 13 13 12 13 13 14 13 13 13 13 13 13 14 13 13 12 13 13 13 13 13 13 13 13 13 13 13 13 13 13 13 14 13 13 13 12
1531_0_0 3 6 5 7 6 0 2 3 4 2 3 2 4 2 2 3 27 12 13 13 14 13 13 13 13 13 13 13 13 14 13 13 13 13 13 13 13 13 13 13 13 12 13 13 13 13 12 13 13 13 13 13 13 13 13 13 13 13 14 13 13 13 13 13 13 13 13 14 13 13 12
1532_0_0 3 5 6 6 7 1 2 1 2 3 2 5 2 2 3 4 27 12 13 13 13 12 13 13 13 14 13 14 13 13 13 13 13 13 13 13 13 13 13 13 13 13 13 13 13 13 13 13 13 13 13 13 13 13 13 13 13 13 13 13 14 13 14 13 13 13 12 13 13 13 12
1534_0_0 3 6 5 7 6 0 3 1 2 4 3 3 2 3 3 3 27 12 13 13 13 13 13 13 13 14 13 13 13 14 13 12 13 13 13 13 13 13 13 13 13 13 13 13 13 13 13 13 13 13 13 13 13 13 13 13 12 13 14 13 13 13 14 13 13 13 13 13 13 13 12
1535_1_0 3 8 6 5 5 1 1 3 2 3 4 3 1 4 2 3 27 12 13 13 12 13 13 13 13 14 13 13 13 13 13 13 13 13 13 13 13 13 13 13 13 14 13 13 13 13 14 13 13 13 13 13 13 13 13 13 13 13 13 13 13 13 14 13 13 13 13 12 13 13 12
1536_1_0 3 6 5 8 5 0 3 3 2 1 3 2 4 3 3 3 27 12 13 13 13 13 13 13 13 13 14 13 12 13 13 13 14 13 13 13 13 13 13 13 13 13 13 13 13 13 13 13 13 13 13 13 13 13 13 14 13 13 13 12 13 14 13 13 13 13 13 13 13 13 12
1537_1_0 3 6 7 5 6 0 3 2 2 2 3 2 3 3 4 3 27 13 13 13 13 12 13 13 13 13 13 12 13 13 14 13 13 13 14 13 13 13 13 13 13 13 13 13 13 13 13 13 13 13 13 13 13 14 13 13 13 14 13 13 12 13 13 13 13 13 12 13 13 13 13
1539_0_0 3 5 6 6 7 0 2 3 4 2 3 2 4 2 2 3 27 12 13 13 14 13 13 13 13 14 13 13 13 13 13 13 13 13 13 13 13 13 13 13 13 12 13 13 13 13 12 13 13 13 13 13 13 13 13 13 13 13 13 13 13 13 14 13 13 13 13 14 13 13 12
1540_0_0 3 5 7 5 7 0 2 4 3 2 3 3 3 3 1 3 27 12 13 13 13 13 13 13 14 13 13 13 13 13 13 13 13 13 13 13 13 13 13 14 13 13 12 13 13 12 13 13 14 13 13 13 13 13 13 13 13 13 13 13 13 13 13 14 13 13 13 13 13 13 12
1542_0_0 3 6 5 7 6 0 3 3 2 2 1 3 3 3 3 4 27 12 13 13 13 13 13 13 13 13 12 13 13 13 14 13 13 13 13 13 13 13 13 13 13 13 13 14 14 13 13 13 13 13 13 13 13 13 13 13 13 14 13 13 13 12 13 13 13 13 13 13 13 13 12
1543_0_0 4 4 7 5 7 0 3 3 2 1 3 2 4 3 3 3 27 12 14 13 13 13 13 13 13 13 13 13 13 13 13 13 13 13 13 13 12 13 13 13 13 13 13 14 14 13 13 13 13 13 13 12 13 13 13 13 13 13 13 13 13 13 13 13 13 13 13 13 13 14 12
1543_2_0 4 8 5 5 5 0 3 3 2 1 3 2 4 3 3 3 27 12 14 13 13 13 13 13 13 13 13 13 13 13 13 13 13 13 13 13 12 13 13 13 13 13 13 14 14 13 13 13 13 13 13 12 13 13 13 13 13 13 13 13 13 13 13 13 13 13 13 13 13 14 12
1544_1_0 3 6 5 8 5 0 2 3 3 2 3 2 4 2 3 3 27 12 13 13 13 14 13 13 13 13 13 13 13 13 14 13 13 13 13 13 13 13 12 13 13 13 13 13 13 13 13 13 13 12 13 13 13 13 13 13 13 14 13 13 13 13 13 13 13 13 14 13 13 13 12
1545_1_0 3 7 6 6 5 0 3 3 2 2 1 3 3 3 3 4 27 12 13 13 13 13 13 13 13 13 12 13 13 13 13 13 14 13 13 14 13 13 13 13 13 13 13 13 13 13 13 13 13 13 13 13 14 13 13 14 13 13 13 13 13 12 13 13 13 13 13 13 13 13 12
1547_0_0 3 5 5 6 8 0 2 3 3 2 4 2 2 4 2 3 27 12 13 13 13 14 13 13 13 13 13 13 13 14 13 13 13 13 13 13 13 13 13 12 13 13 13 13 13 13 13 13 12 13 13 13 13 13 13 13 13 13 14 13 13 13 13 13 13 13 14 13 13 13 12
1547_1_0 3 8 6 5 5 0 2 3 3 2 4 2 2 4 2 3 27 12 13 13 13 14 13 13 13 13 13 13 13 14 13 13 13 13 13 13 13 13 13 12 13 13 13 13 13 13 13 13 12 13 13 13 13 13 13 13 13 13 14 13 13 13 13 13 13 13 14 13 13 13 12
1548_0_0 3 6 5 7 6 0 2 2 3 3 1 4 3 3 3 3 27 12 13 13 13 13 13 13 13 14 13 13 14 13 13 12 13 13 13 13 13 13 13 13 13 13 13 13 13 13 13 13 13 13 13 13 13 13 13 13 12 13 13 14 13 13 14 13 13 13 13 13 13 13 12
1549_0_0 4 4 6 5 8 0 1 3 3 3 3 3 2 3 2 4 27 12 13 13 13 13 13 14 13 13 13 13 13 13 13 13 13 13 13 12 13 14 13 13 13 13 13 13 13 13 13 13 13 13 14 13 12 13 13 13 13 13 13 13 13 13 13 13 14 13 13 13 13 13 12
1550_0_0 4 4 6 5 8 1 2 2 2 3 3 2 3 2 5 2 27 12 13 13 13 13 14 13 13 13 13 12 13 13 13 13 13 13 13 13 13 13 13 14 13 13 13 13 13 13 13 13 14 13 13 13 13 13 13 13 13 13 13 13 12 13 13 13 13 14 13 13 13 13 12
1550_1_2 4 4 8 5 6 1 2 3 3 1 3 3 4 3 1 3 27 12 13 13 13 13 14 13 13 13 13 12 13 13 13 13 13 13 13 13 13 13 13 14 13 13 13 13 13 13 13 13 14 13 13 13 13 13 13 13 13 13 13 13 12 13 13 13 13 14 13 13 13 13 12
1551_1_0 4 5 5 5 8 0 3 3 2 1 3 2 4 3 3 3 27 12 13 13 13 13 13 13 13 13 12 13 14 13 13 13 13 14 13 13 13 13 13 13 13 13 13 13 13 13 13 13 13 13 13 13 13 13 14 13 13 13 13 14 13 12 13 13 13 13 13 13 13 13 12
1552_0_0 4 4 7 5 7 0 2 2 3 3 1 4 3 3 3 3 27 12 13 13 13 13 13 13 13 13 13 13 13 14 13 12 13 13 13 13 13 13 13 14 13 13 13 13 13 13 13 13 14 13 13 13 13 13 13 13 12 13 14 13 13 13 13 13 13 13 13 13 13 13 12
1552_2_0 4 8 5 5 5 0 2 2 3 3 1 4 3 3 3 3 27 12 13 13 13 13 13 13 13 13 13 13 13 14 13 12 13 13 13 13 13 13 13 14 13 13 13 13 13 13 13 13 14 13 13 13 13 13 13 13 12 13 14 13 13 13 13 13 13 13 13 13 13 13 12
1554_0_0 4 4 7 5 7 0 3 2 3 4 3 3 1 2 3 3 27 12 13 13 13 13 13 13 13 13 13 13 13 13 13 13 13 14 13 13 13 13 13 14 13 12 13 13 13 13 12 13 14 13 13 13 13 13 14 13 13 13 13 13 13 13 13 13 13 13 13 13 13 13 12
1555_0_2 3 5 5 6 8 1 2 1 3 4 2 3 3 2 2 4 27 12 13 13 13 13 14 13 13 13 13 12 13 13 13 13 13 13 13 13 13 13 13 13 13 14 13 13 13 13 14 13 13 13 13 13 13 13 13 13 13 13 13 13 12 13 13 13 13 14 13 13 13 13 12
1556_0_2 3 5 5 6 8 1 2 2 3 2 3 3 1 5 3 2 27 12 13 13 12 13 14 13 13 13 13 13 13 13 13 14 13 13 13 13 13 13 13 13 13 13 13 13 13 13 13 13 13 13 13 13 13 13 13 13 14 13 13 13 13 13 13 13 13 14 13 12 13 13 12
1557_0_2 3 5 8 5 6 1 2 3 3 1 3 3 4 3 1 3 27 12 13 13 13 13 13 13 13 13 14 13 13 13 13 13 14 13 13 13 13 13 12 13 13 13 13 13 13 13 13 13 13 12 13 13 13 13 13 14 13 13 13 13 13 14 13 13 13 13 13 13 13 13 12
1557_1_4 3 6 5 8 5 1 2 5 2 3 2 3 3 2 2 2 27 12 13 13 13 13 13 13 13 13 14 13 13 13 13 13 14 13 13 13 13 13 12 13 13 13 13 13 13 13 13 13 13 12 13 13 13 13 13 14 13 13 13 13 13 14 13 13 13 13 13 13 13 13 12
1558_1_2 4 4 8 5 6 1 1 2 3 2 3 2 3 3 2 5 27 12 13 13 13 13 13 13 14 13 13 13 12 13 13 13 13 14 13 13 13 13 13 13 13 13 13 13 13 13 13 13 13 13 13 13 13 13 14 13 13 13 13 12 13 13 13 14 13 13 13 13 13 13 12
1559_1_2 3 8 6 5 5 1 2 2 3 5 2 2 3 3 1 3 27 12 13 13 13 13 12 13 13 13 14 13 13 13 14 13 13 13 13 13 13 13 13 13 13 13 13 13 13 13 13 13 13 13 13 13 13 13 13 13 13 14 13 13 13 14 13 13 13 12 13 13 13 13 12
1560_1_2 3 7 6 6 5 1 2 2 3 3 3 1 5 3 2 2 27 12 13 13 13 13 13 13 13 13 13 13 13 13 13 12 13 13 13 13 13 14 13 13 14 13 13 13 13 13 13 14 13 13 14 13 13 13 13 13 12 13 13 13 13 13 13 13 13 13 13 13 13 13 12
1562_1_0 4 5 5 5 8 0 1 4 2 3 3 3 2 4 2 3 27 12 13 13 13 13 13 13 13 13 13 13 13 14 13 12 13 13 13 13 13 13 14 13 13 13 13 13 13 13 13 13 13 14 13 13 13 13 13 13 12 13 14 13 13 13 13 13 13 13 13 13 13 13 12
1564_0_0 3 5 5 6 8 1 1 2 4 1 3 3 2 4 3 3 27 12 13 13 13 13 14 13 13 13 14 13 13 13 13 13 13 13 13 13 13 13 13 13 13 13 12 13 13 12 13 13 13 13 13 13 13 13 13 13 13 13 13 13 13 14 13 13 13 14 13 13 13 13 12
1566_0_0 3 5 7 5 7 0 2 3 3 2 4 2 2 4 2 3 27 12 13 13 13 13 13 13 13 13 13 13 13 14 13 13 13 14 13 13 13 12 13 13 13 13 13 13 13 13 13 13 13 13 12 13 13 13 14 13 13 13 14 13 13 13 13 13 13 13 13 13 13 13 12
1566_1_0 3 7 5 7 5 0 2 3 3 2 4 2 2 4 2 3 27 12 13 13 13 13 13 13 13 13 13 13 13 14 13 13 13 14 13 13 13 12 13 13 13 13 13 13 13 13 13 13 13 13 12 13 13 13 14 13 13 13 14 13 13 13 13 13 13 13 13 13 13 13 12
1567_0_0 3 5 5 6 8 1 2 2 2 3 3 2 3 2 5 2 27 12 13 13 13 14 13 13 13 13 13 12 13 13 13 13 13 13 13 13 13 14 13 13 13 13 13 13 13 13 13 13 13 13 14 13 13 13 13 13 13 13 13 13 12 13 13 13 13 13 14 13 13 13 12
1567_1_2 3 8 6 5 5 1 2 3 3 1 3 3 4 3 1 3 27 12 13 13 13 14 13 13 13 13 13 12 13 13 13 13 13 13 13 13 13 14 13 13 13 13 13 13 13 13 13 13 13 13 14 13 13 13 13 13 13 13 13 13 12 13 13 13 13 13 14 13 13 13 12
1568_1_0 3 7 6 6 5 0 3 3 2 1 3 2 4 3 3 3 27 12 13 13 13 13 13 13 13 13 13 13 13 13 13 13 14 13 13 13 12 13 13 13 14 13 13 13 13 13 13 14 13 13 13 12 13 13 13 14 13 13 13 13 13 13 13 13 13 13 13 13 13 13 12
1569_1_0 4 5 4 8 6 0 3 1 2 3 3 3 2 3 4 3 27 12 13 13 13 13 13 13 13 13 13 13 13 13 13 13 13 12 13 14 13 14 13 13 13 13 13 13 13 13 13 13 13 13 14 13 14 13 12 13 13 13 13 13 13 13 13 13 13 13 13 13 13 13 12
1571_0_0 3 5 5 6 8 1 2 1 3 2 3 4 1 3 4 3 27 12 13 13 13 13 13 13 13 13 14 13 13 13 13 13 13 13 13 14 13 13 13 13 12 13 13 13 13 13 13 12 13 13 13 13 14 13 13 13 13 13 13 13 13 14 13 13 13 13 13 13 13 13 12
1572_0_4 4 4 7 5 7 1 3 2 2 2 2 5 3 2 2 3 27 13 13 13 13 12 13 13 13 13 13 12 13 13 13 13 13 14 14 13 13 13 13 13 13 13 13 13 13 13 13 13 13 13 13 13 13 14 14 13 13 13 13 13 12 13 13 13 13 13 12 13 13 13 13
1572_2_0 4 8 5 5 5 1 1 3 2 3 1 3 3 3 3 4 27 13 13 13 13 12 13 13 13 13 13 12 13 13 13 13 13 14 14 13 13 13 13 13 13 13 13 13 13 13 13 13 13 13 13 13 13 14 14 13 13 13 13 13 12 13 13 13 13 13 12 13 13 13 13
1573_0_2 3 5 5 6 8 1 1 2 3 2 3 2 3 3 2 5 27 12 13 13 13 14 13 13 13 13 13 13 13 13 13 13 13 13 13 14 13 12 13 13 13 13 13 13 13 13 13 13 13 13 12 13 14 13 13 13 13 13 13 13 13 13 13 13 13 13 14 13 13 13 12
1574_1_0 4 4 8 5 6 1 1 2 3 3 3 3 3 1 5 2 27 12 13 12 13 13 13 13 13 13 13 13 14 13 13 13 13 13 13 13 13 13 14 13 13 13 13 13 13 13 13 13 13 14 13 13 13 13 13 13 13 13 13 14 13 13 13 13 13 13 13 13 12 13 12
1575_1_2 4 5 4 8 6 1 2 1 3 4 2 3 3 2 2 4 27 12 13 13 13 13 14 13 13 13 13 13 13 13 14 13 13 13 13 13 13 13 12 13 13 13 13 13 13 13 13 13 13 12 13 13 13 13 13 13 13 14 13 13 13 13 13 13 13 14 13 13 13 13 12
1577_0_2 3 5 5 6 8 0 3 2 4 3 3 3 2 1 3 3 27 12 13 13 13 13 13 13 13 13 13 13 13 13 14 13 12 13 13 13 14 13 13 13 13 13 13 13 13 13 13 13 13 13 13 14 13 13 13 12 13 14 13 13 13 13 13 13 13 13 13 13 13 13 12
1577_1_2 3 8 6 5 5 0 3 2 4 3 3 3 2 1 3 3 27 12 13 13 13 13 13 13 13 13 13 13 13 13 14 13 12 13 13 13 14 13 13 13 13 13 13 13 13 13 13 13 13 13 13 14 13 13 13 12 13 14 13 13 13 13 13 13 13 13 13 13 13 13 12
1578_0_2 3 5 5 6 8 1 2 3 1 3 1 3 2 3 4 4 27 12 13 13 13 13 13 13 13 13 13 13 13 14 13 13 13 12 13 13 14 13 13 13 13 13 13 13 13 13 13 13 13 13 13 14 13 13 12 13 13 13 14 13 13 13 13 13 13 13 13 13 13 13 12
1579_1_0 4 4 8 5 6 1 2 1 2 3 2 5 2 2 3 4 27 12 13 13 13 13 12 13 13 13 13 14 13 14 13 13 13 13 13 13 13 13 13 13 13 13 13 13 13 13 13 13 13 13 13 13 13 13 13 13 13 13 14 13 14 13 13 13 13 12 13 13 13 13 12
1580_0_6 3 5 7 5 7 1 2 2 2 4 2 4 1 3 4 2 27 12 13 13 13 13 13 13 13 13 13 13 13 14 13 13 13 13 13 13 13 12 13 13 13 13 13 14 14 13 13 13 13 13 12 13 13 13 13 13 13 13 14 13 13 13 13 13 13 13 13 13 13 13 12
1580_1_6 3 7 5 7 5 1 2 2 2 4 2 4 1 3 4 2 27 12 13 13 13 13 13 13 13 13 13 13 13 14 13 13 13 13 13 13 13 12 13 13 13 13 13 14 14 13 13 13 13 13 12 13 13 13 13 13 13 13 14 13 13 13 13 13 13 13 13 13 13 13 12
1581_0_6 4 4 6 5 8 1 2 3 1 3 4 4 2 2 1 4 27 12 13 13 12 13 13 13 13 13 13 13 13 13 13 13 14 13 13 13 13 13 14 13 13 13 13 13 13 13 13 13 13 14 13 13 13 13 13 14 13 13 13 13 13 13 13 13 13 13 13 12 13 13 12
1581_1_6 4 4 8 5 6 1 2 3 1 3 4 4 2 2 1 4 27 12 13 13 12 13 13 13 13 13 13 13 13 13 13 13 14 13 13 13 13 13 14 13 13 13 13 13 13 13 13 13 13 14 13 13 13 13 13 14 13 13 13 13 13 13 13 13 13 13 13 12 13 13 12
1582_1_2 4 5 4 8 6 1 1 2 3 2 3 2 3 3 2 5 27 12 13 13 13 13 13 13 13 13 13 13 12 13 14 13 14 13 13 13 13 13 13 13 13 13 13 13 13 13 13 13 13 13 13 13 13 13 13 14 13 14 13 12 13 13 13 13 13 13 13 13 13 13 12
1583_0_6 3 5 6 6 7 1 2 3 3 1 4 3 4 2 1 3 27 12 13 13 13 12 13 13 13 14 13 13 13 13 13 13 13 13 13 14 13 13 13 13 13 13 13 13 13 13 13 13 13 13 13 13 14 13 13 13 13 13 13 13 13 13 14 13 13 13 12 13 13 13 12
1583_1_6 3 7 6 6 5 1 2 3 3 1 4 3 4 2 1 3 27 12 13 13 13 12 13 13 13 14 13 13 13 13 13 13 13 13 13 14 13 13 13 13 13 13 13 13 13 13 13 13 13 13 13 13 14 13 13 13 13 13 13 13 13 13 14 13 13 13 12 13 13 13 12
1584_1_2 4 4 8 5 6 1 2 2 3 2 3 3 1 5 3 2 27 12 13 13 13 13 13 13 13 13 13 13 13 13 14 13 13 13 13 12 13 13 13 13 13 13 13 14 14 13 13 13 13 13 13 13 12 13 13 13 13 14 13 13 13 13 13 13 13 13 13 13 13 13 12
1585_1_0 4 5 5 8 5 1 1 3 1 3 3 3 2 3 3 4 27 13 13 13 13 12 13 13 13 13 13 13 13 13 13 13 14 13 13 14 13 13 12 13 13 13 13 13 13 13 13 13 13 12 13 13 14 13 13 14 13 13 13 13 13 13 13 13 13 13 12 13 13 13 13
1585_2_2 4 5 8 5 5 1 2 2 4 2 4 3 1 3 3 2 27 13 13 13 13 12 13 13 13 13 13 13 13 13 13 13 14 13 13 14 13 13 12 13 13 13 13 13 13 13 13 13 13 12 13 13 14 13 13 14 13 13 13 13 13 13 13 13 13 13 12 13 13 13 13
1587_0_0 3 5 6 6 7 1 1 2 4 1 4 3 2 3 3 3 27 12 13 13 13 12 13 13 13 13 13 13 13 13 14 13 13 13 13 13 13 13 13 13 13 13 14 13 13 14 13 13 13 13 13 13 13 13 13 13 13 14 13 13 13 13 13 13 13 13 12 13 13 13 12
1588_1_0 4 4 8 5 6 0 2 3 3 2 3 2 4 2 3 3 27 12 13 13 13 13 13 13 14 13 13 13 13 13 13 13 13 14 13 13 13 13 12 13 13 13 13 13 13 13 13 13 13 12 13 13 13 13 14 13 13 13 13 13 13 13 13 14 13 13 13 13 13 13 12
1590_0_0 3 5 8 5 6 1 1 2 4 3 3 2 3 3 1 4 27 12 13 13 13 13 13 13 12 13 13 13 13 13 13 14 13 13 13 14 13 13 13 13 13 13 13 13 13 13 13 13 13 13 13 13 14 13 13 13 14 13 13 13 13 13 13 12 13 13 13 13 13 13 12
1592_0_0 4 4 7 5 7 1 1 2 4 1 3 3 2 4 3 3 27 12 13 13 13 13 13 13 13 13 13 13 14 13 13 12 13 14 13 13 13 13 13 13 13 13 13 13 13 13 13 13 13 13 13 13 13 13 14 13 12 13 13 14 13 13 13 13 13 13 13 13 13 13 12
1593_0_2 4 4 6 5 8 1 2 3 3 1 3 3 4 3 1 3 27 12 13 13 13 13 13 13 13 13 13 13 14 13 13 13 13 14 13 13 13 13 12 13 13 13 13 13 13 13 13 13 13 12 13 13 13 13 14 13 13 13 13 14 13 13 13 13 13 13 13 13 13 13 12
1593_1_4 4 4 8 5 6 1 2 5 2 3 2 3 3 2 2 2 27 12 13 13 13 13 13 13 13 13 13 13 14 13 13 13 13 14 13 13 13 13 12 13 13 13 13 13 13 13 13 13 13 12 13 13 13 13 14 13 13 13 13 14 13 13 13 13 13 13 13 13 13 13 12
1595_0_2 3 5 5 6 8 1 2 2 3 2 4 2 2 5 2 2 27 12 13 13 12 13 13 13 13 13 13 13 13 13 14 13 13 13 13 13 14 13 13 13 13 13 13 13 13 13 13 13 13 13 13 14 13 13 13 13 13 14 13 13 13 13 13 13 13 13 13 12 13 13 12
1596_1_0 3 6 5 8 5 1 1 2 4 3 3 2 3 3 1 4 27 12 12 13 14 13 13 13 13 13 13 13 13 13 13 13 13 13 13 13 14 13 13 13 13 13 13 13 13 13 13 13 13 13 13 14 13 13 13 13 13 13 13 13 13 13 13 13 13 13 13 14 13 12 12
1597_1_2 4 4 8 5 6 1 2 3 4 3 3 1 3 1 2 4 27 12 13 13 12 13 13 13 13 13 13 13 13 13 14 13 13 13 13 13 13 13 13 13 13 13 13 14 14 13 13 13 13 13 13 13 13 13 13 13 13 14 13 13 13 13 13 13 13 13 13 12 13 13 12
1598_1_0 3 6 7 5 6 1 1 2 3 2 4 3 2 3 2 4 27 13 13 13 13 12 13 13 13 13 13 12 13 13 13 13 13 14 13 13 13 13 13 13 14 13 13 13 13 13 13 14 13 13 13 13 13 13 14 13 13 13 13 13 12 13 13 13 13 13 12 13 13 13 13
1599_1_0 3 6 7 5 6 1 1 2 4 3 3 2 3 3 1 4 27 12 13 13 13 13 13 14 13 13 13 13 13 13 13 12 13 13 13 13 13 13 13 13 13 13 14 13 13 14 13 13 13 13 13 13 13 13 13 13 12 13 13 13 13 13 13 13 14 13 13 13 13 13 12
1601_1_0 4 4 8 5 6 0 2 3 2 3 1 4 3 3 3 3 27 12 13 13 12 13 13 14 13 14 13 13 13 13 13 13 13 13 13 13 13 13 13 13 13 13 13 13 13 13 13 13 13 13 13 13 13 13 13 13 13 13 13 13 13 13 14 13 14 13 13 12 13 13 12
1602_1_2 3 6 5 8 5 1 1 2 3 2 3 2 3 3 2 5 27 12 13 13 13 14 13 13 13 13 13 13 12 13 14 13 13 13 13 13 13 13 13 13 13 13 13 13 13 13 13 13 13 13 13 13 13 13 13 13 13 14 13 12 13 13 13 13 13 13 14 13 13 13 12
1603_1_2 4 4 8 5 6 1 2 4 4 1 4 2 3 2 2 2 27 12 13 13 13 13 13 14 13 13 13 13 13 14 13 13 13 12 13 13 13 13 13 13 13 13 13 13 13 13 13 13 13 13 13 13 13 13 12 13 13 13 14 13 13 13 13 13 14 13 13 13 13 13 12
1604_1_2 4 5 5 5 8 1 2 2 3 5 2 2 3 3 1 3 27 12 13 13 13 12 13 13 14 13 13 13 13 13 13 13 13 13 13 13 13 13 13 14 13 13 13 13 13 13 13 13 14 13 13 13 13 13 13 13 13 13 13 13 13 13 13 14 13 13 12 13 13 13 12
1605_0_2 3 5 5 6 8 1 2 2 3 3 2 2 4 4 1 3 27 12 13 13 13 13 13 14 13 13 14 13 13 13 13 13 13 13 13 13 13 13 12 13 13 13 13 13 13 13 13 13 13 12 13 13 13 13 13 13 13 13 13 13 13 14 13 13 14 13 13 13 13 13 12
1605_1_4 3 8 6 5 5 1 3 2 2 2 2 5 3 2 2 3 27 12 13 13 13 13 13 14 13 13 14 13 13 13 13 13 13 13 13 13 13 13 12 13 13 13 13 13 13 13 13 13 13 12 13 13 13 13 13 13 13 13 13 13 13 14 13 13 14 13 13 13 13 13 12
1606_1_2 3 8 6 5 5 1 2 2 3 5 2 2 3 3 1 3 27 12 13 13 13 13 13 13 13 13 14 13 13 13 14 13 12 13 13 13 13 13 13 13 13 13 13 13 13 13 13 13 13 13 13 13 13 13 13 12 13 14 13 13 13 14 13 13 13 13 13 13 13 13 12
1607_1_0 4 5 5 5 8 1 1 2 3 2 4 3 2 3 2 4 27 13 13 13 13 12 13 13 13 13 13 12 13 14 13 13 13 14 13 13 13 13 13 13 13 13 13 13 13 13 13 13 13 13 13 13 13 13 14 13 13 13 14 13 12 13 13 13 13 13 12 13 13 13 13
1607_2_2 4 8 5 5 5 1 2 1 3 3 1 3 3 3 3 4 27 13 13 13 13 12 13 13 13 13 13 12 13 14 13 13 13 14 13 13 13 13 13 13 13 13 13 13 13 13 13 13 13 13 13 13 13 13 14 13 13 13 14 13 12 13 13 13 13 13 12 13 13 13 13
1609_0_0 3 5 6 6 7 1 1 2 4 3 3 2 3 3 1 4 27 12 13 13 14 13 13 13 13 14 13 13 13 13 13 13 13 13 13 13 12 13 13 13 13 13 13 13 13 13 13 13 13 13 13 12 13 13 13 13 13 13 13 13 13 13 14 13 13 13 13 14 13 13 12
1611_0_0 3 6 5 7 6 0 3 3 2 2 1 3 3 3 3 4 27 12 13 13 13 13 14 13 14 13 12 13 13 13 13 13 13 13 13 13 13 13 13 13 13 13 13 13 13 13 13 13 13 13 13 13 13 13 13 13 13 13 13 13 13 12 13 14 13 14 13 13 13 13 12
1612_0_0 4 4 7 5 7 0 2 3 3 2 4 2 2 4 2 3 27 12 14 13 13 13 13 13 13 13 12 13 13 13 13 13 13 13 13 13 13 13 13 13 13 13 13 14 14 13 13 13 13 13 13 13 13 13 13 13 13 13 13 13 13 12 13 13 13 13 13 13 13 14 12
1612_1_0 4 5 5 5 8 0 2 3 3 2 4 2 2 4 2 3 27 12 14 13 13 13 13 13 13 13 12 13 13 13 13 13 13 13 13 13 13 13 13 13 13 13 13 14 14 13 13 13 13 13 13 13 13 13 13 13 13 13 13 13 13 12 13 13 13 13 13 13 13 14 12
1612_2_0 4 8 5 5 5 0 2 3 3 2 4 2 2 4 2 3 27 12 14 13 13 13 13 13 13 13 12 13 13 13 13 13 13 13 13 13 13 13 13 13 13 13 13 14 14 13 13 13 13 13 13 13 13 13 13 13 13 13 13 13 13 12 13 13 13 13 13 13 13 14 12
1613_0_0 4 5 4 6 8 1 2 2 3 2 2 2 5 2 3 3 27 12 13 13 13 13 13 13 13 13 13 13 13 13 14 13 13 13 13 13 13 13 12 13 14 13 13 13 13 13 13 14 13 12 13 13 13 13 13 13 13 14 13 13 13 13 13 13 13 13 13 13 13 13 12
1615_0_0 4 4 6 5 8 0 3 3 2 1 3 2 4 3 3 3 27 12 13 12 13 13 13 13 14 13 13 13 13 13 13 13 13 14 13 13 13 13 13 13 13 13 13 13 13 13 13 13 13 13 13 13 13 13 14 13 13 13 13 13 13 13 13 14 13 13 13 13 12 13 12
1616_0_0 4 5 4 6 8 1 2 2 3 4 2 4 2 1 2 4 27 12 12 13 14 13 13 13 13 13 13 13 13 13 14 13 13 13 13 13 13 13 13 13 13 13 13 13 13 13 13 13 13 13 13 13 13 13 13 13 13 14 13 13 13 13 13 13 13 13 13 14 13 12 12
1617_0_0 3 5 8 5 6 1 1 3 1 3 3 3 2 3 3 4 27 12 13 13 13 13 13 13 13 13 14 13 13 13 14 13 13 13 13 13 13 13 12 13 13 13 13 13 13 13 13 13 13 12 13 13 13 13 13 13 13 14 13 13 13 14 13 13 13 13 13 13 13 13 12
1617_1_2 3 6 5 8 5 1 2 2 4 2 4 3 1 3 3 2 27 12 13 13 13 13 13 13 13 13 14 13 13 13 14 13 13 13 13 13 13 13 12 13 13 13 13 13 13 13 13 13 13 12 13 13 13 13 13 13 13 14 13 13 13 14 13 13 13 13 13 13 13 13 12
1618_1_0 3 6 5 8 5 1 2 2 3 4 2 4 2 1 2 4 27 12 13 13 13 13 13 13 13 13 13 13 13 12 13 14 13 13 13 14 13 13 13 13 13 13 13 13 13 13 13 13 13 13 13 13 14 13 13 13 14 13 12 13 13 13 13 13 13 13 13 13 13 13 12
1620_0_0 4 4 7 5 7 1 1 2 3 2 4 3 2 3 2 4 27 13 13 13 13 12 13 13 13 13 13 12 13 14 13 13 13 13 13 13 13 13 13 13 13 13 13 14 14 13 13 13 13 13 13 13 13 13 13 13 13 13 14 13 12 13 13 13 13 13 12 13 13 13 13
1620_1_2 4 5 5 5 8 1 2 1 3 3 1 3 3 3 3 4 27 13 13 13 13 12 13 13 13 13 13 12 13 14 13 13 13 13 13 13 13 13 13 13 13 13 13 14 14 13 13 13 13 13 13 13 13 13 13 13 13 13 14 13 12 13 13 13 13 13 12 13 13 13 13
1620_2_4 4 8 5 5 5 1 2 2 5 2 3 3 2 2 3 2 27 13 13 13 13 12 13 13 13 13 13 12 13 14 13 13 13 13 13 13 13 13 13 13 13 13 13 14 14 13 13 13 13 13 13 13 13 13 13 13 13 13 14 13 12 13 13 13 13 13 12 13 13 13 13
1621_1_2 4 4 8 5 6 1 1 2 3 2 3 2 3 3 2 5 27 12 13 13 13 13 13 13 13 13 13 13 13 13 13 13 13 14 13 14 13 12 13 13 13 13 13 13 13 13 13 13 13 13 12 13 14 13 14 13 13 13 13 13 13 13 13 13 13 13 13 13 13 13 12
1622_1_2 3 6 7 5 6 1 2 2 3 2 3 3 1 5 3 2 27 12 13 13 13 13 13 13 13 13 13 13 13 14 13 13 14 13 13 13 12 13 13 13 13 13 13 13 13 13 13 13 13 13 13 12 13 13 13 14 13 13 14 13 13 13 13 13 13 13 13 13 13 13 12
1624_0_0 3 5 5 6 8 0 2 3 2 3 1 4 3 3 3 3 27 12 13 13 13 13 13 12 13 13 13 13 13 14 13 14 13 13 13 13 13 13 13 13 13 13 13 13 13 13 13 13 13 13 13 13 13 13 13 13 14 13 14 13 13 13 13 13 12 13 13 13 13 13 12
1626_0_0 4 5 4 6 8 0 2 3 3 2 4 2 2 4 2 3 27 12 13 13 13 13 13 13 13 14 13 13 13 13 13 13 14 13 13 13 13 13 13 12 13 13 13 13 13 13 13 13 12 13 13 13 13 13 13 14 13 13 13 13 13 13 14 13 13 13 13 13 13 13 12
1626_1_0 4 5 4 8 6 0 2 3 3 2 4 2 2 4 2 3 27 12 13 13 13 13 13 13 13 14 13 13 13 13 13 13 14 13 13 13 13 13 13 12 13 13 13 13 13 13 13 13 12 13 13 13 13 13 13 14 13 13 13 13 13 13 14 13 13 13 13 13 13 13 12
1627_0_0 3 6 5 7 6 1 1 3 2 3 4 3 1 4 2 3 27 12 13 13 13 13 13 13 13 13 13 13 13 14 13 12 13 13 13 14 13 13 13 13 13 13 13 13 13 13 13 13 13 13 13 13 14 13 13 13 12 13 14 13 13 13 13 13 13 13 13 13 13 13 12
1628_0_0 3 5 7 5 7 0 2 3 2 3 1 4 3 3 3 3 27 12 13 13 13 13 12 13 13 13 13 13 13 14 13 13 13 14 13 13 13 13 13 13 13 13 13 13 13 13 13 13 13 13 13 13 13 13 14 13 13 13 14 13 13 13 13 13 13 12 13 13 13 13 12
1630_0_0 4 4 7 5 7 1 2 2 4 4 3 1 3 3 1 3 27 12 13 13 13 13 13 13 13 13 13 13 14 13 13 13 13 13 13 13 13 13 13 14 13 12 13 13 13 13 12 13 14 13 13 13 13 13 13 13 13 13 13 14 13 13 13 13 13 13 13 13 13 13 12
1631_0_2 3 5 6 6 7 0 3 2 3 2 1 4 3 3 3 3 27 12 13 13 13 13 14 13 13 13 12 13 13 13 13 13 13 13 13 13 13 13 13 13 14 13 13 13 13 13 13 14 13 13 13 13 13 13 13 13 13 13 13 13 13 12 13 13 13 14 13 13 13 13 12
1631_1_2 3 7 6 6 5 0 3 2 3 2 1 4 3 3 3 3 27 12 13 13 13 13 14 13 13 13 12 13 13 13 13 13 13 13 13 13 13 13 13 13 14 13 13 13 13 13 13 14 13 13 13 13 13 13 13 13 13 13 13 13 13 12 13 13 13 14 13 13 13 13 12
1632_0_2 3 5 5 6 8 1 2 4 4 1 4 2 3 2 2 2 27 12 13 13 13 13 13 13 13 13 13 13 13 14 13 14 13 12 13 13 13 13 13 13 13 13 13 13 13 13 13 13 13 13 13 13 13 13 12 13 14 13 14 13 13 13 13 13 13 13 13 13 13 13 12
1633_1_0 4 4 8 5 6 1 2 2 3 2 2 2 5 2 3 3 27 12 13 13 13 13 13 13 13 13 13 12 13 14 13 13 13 13 13 14 13 13 13 13 13 13 13 13 13 13 13 13 13 13 13 13 14 13 13 13 13 13 14 13 12 13 13 13 13 13 13 13 13 13 12
1636_0_0 3 6 6 6 6 0 2 3 4 3 3 2 3 1 3 3 27 13 13 13 13 12 13 13 13 13 13 13 13 13 13 13 13 13 13 13 12 14 13 13 13 13 13 14 14 13 13 13 13 13 14 12 13 13 13 13 13 13 13 13 13 13 13 13 13 13 12 13 13 13 13
1638_0_0 3 5 6 6 7 0 2 3 2 3 1 4 3 3 3 3 27 12 13 13 13 13 13 13 13 13 13 13 13 13 13 12 13 13 13 13 13 13 13 13 14 13 14 13 13 14 13 14 13 13 13 13 13 13 13 13 12 13 13 13 13 13 13 13 13 13 13 13 13 13 12
1640_0_0 4 4 6 5 8 1 1 2 3 3 3 2 4 1 4 3 27 12 13 13 13 13 13 13 13 13 13 13 13 13 12 13 13 13 13 13 13 13 13 13 14 13 13 14 14 13 13 14 13 13 13 13 13 13 13 13 13 12 13 13 13 13 13 13 13 13 13 13 13 13 12
1641_0_0 3 5 6 6 7 0 2 3 2 3 1 4 3 3 3 3 27 12 13 13 13 12 13 13 13 14 13 13 13 13 13 13 14 13 13 13 13 13 13 13 13 13 13 13 13 13 13 13 13 13 13 13 13 13 13 14 13 13 13 13 13 13 14 13 13 13 12 13 13 13 12
1643_0_0 3 5 5 6 8 1 2 2 3 2 2 2 5 2 3 3 27 12 13 13 13 13 13 13 13 13 13 12 13 13 14 13 13 13 13 13 14 13 13 13 13 13 13 13 13 13 13 13 13 13 13 14 13 13 13 13 13 14 13 13 12 13 13 13 13 13 13 13 13 13 12
1644_1_0 3 7 6 6 5 0 3 2 2 2 3 2 3 3 4 3 27 13 13 13 13 12 13 13 13 13 13 12 13 13 14 13 13 13 13 13 13 13 13 13 13 13 14 13 13 14 13 13 13 13 13 13 13 13 13 13 13 14 13 13 12 13 13 13 13 13 12 13 13 13 13
1646_0_0 3 6 5 7 6 0 2 4 3 2 3 3 3 3 1 3 27 12 13 13 13 13 13 13 13 13 13 13 13 13 13 12 13 13 13 14 13 13 13 14 13 13 13 13 13 13 13 13 14 13 13 13 14 13 13 13 12 13 13 13 13 13 13 13 13 13 13 13 13 13 12
1648_0_0 3 5 5 6 8 0 2 3 2 3 1 4 3 3 3 3 27 12 13 13 13 14 13 13 13 14 13 13 13 13 13 13 12 13 13 13 13 13 13 13 13 13 13 13 13 13 13 13 13 13 13 13 13 13 13 12 13 13 13 13 13 13 14 13 13 13 14 13 13 13 12
1650_0_0 3 5 6 6 7 0 3 2 2 2 3 2 3 3 4 3 27 13 13 13 13 12 13 13 13 13 13 13 13 13 14 13 13 13 14 13 13 13 12 13 13 13 13 13 13 13 13 13 13 12 13 13 13 14 13 13 13 14 13 13 13 13 13 13 13 13 12 13 13 13 13
1651_0_0 3 5 7 5 7 0 3 3 2 1 3 2 4 3 3 3 27 12 13 13 13 13 13 13 14 13 13 13 13 13 12 13 13 13 13 13 13 13 13 13 13 13 13 14 14 13 13 13 13 13 13 13 13 13 13 13 13 12 13 13 13 13 13 14 13 13 13 13 13 13 12
1652_0_0 3 5 5 6 8 1 1 3 1 3 3 3 2 3 3 4 27 12 13 13 13 13 13 13 13 13 13 12 13 13 13 13 13 13 13 13 13 14 13 13 13 14 13 13 13 13 14 13 13 13 14 13 13 13 13 13 13 13 13 13 12 13 13 13 13 13 13 13 13 13 12
1652_1_2 3 8 6 5 5 1 2 2 4 2 4 3 1 3 3 2 27 12 13 13 13 13 13 13 13 13 13 12 13 13 13 13 13 13 13 13 13 14 13 13 13 14 13 13 13 13 14 13 13 13 14 13 13 13 13 13 13 13 13 13 12 13 13 13 13 13 13 13 13 13 12
1654_0_0 3 6 5 7 6 0 1 3 3 3 3 3 2 3 2 4 27 12 13 13 13 13 13 13 13 13 13 13 13 13 13 13 13 13 14 13 13 14 13 13 13 12 13 13 13 13 12 13 13 13 14 13 13 14 13 13 13 13 13 13 13 13 13 13 13 13 13 13 13 13 12
1655_0_0 4 4 7 5 7 1 1 2 4 3 3 2 3 3 1 4 27 12 13 13 13 13 13 14 13 13 12 13 14 13 13 13 13 13 13 13 13 13 13 13 13 13 13 13 13 13 13 13 13 13 13 13 13 13 13 13 13 13 13 14 13 12 13 13 14 13 13 13 13 13 12
1656_1_0 3 6 7 5 6 0 2 2 3 3 4 2 3 1 4 3 27 12 13 13 13 13 13 13 13 13 13 13 13 13 13 13 14 13 13 13 13 13 14 13 13 12 13 13 13 13 12 13 13 14 13 13 13 13 13 14 13 13 13 13 13 13 13 13 13 13 13 13 13 13 12
1658_0_2 4 4 6 5 8 1 2 2 3 2 4 2 2 5 2 2 27 12 13 13 12 13 13 13 13 13 13 13 13 14 13 13 13 13 13 14 13 13 13 13 13 13 13 13 13 13 13 13 13 13 13 13 14 13 13 13 13 13 14 13 13 13 13 13 13 13 13 12 13 13 12
1659_1_0 4 5 4 8 6 1 2 2 3 2 2 2 5 2 3 3 27 12 13 13 13 13 13 13 13 14 13 13 13 13 13 13 13 13 13 14 13 13 12 13 13 13 13 13 13 13 13 13 13 12 13 13 14 13 13 13 13 13 13 13 13 13 14 13 13 13 13 13 13 13 12
1662_0_0 4 4 6 5 8 0 3 1 2 3 3 3 2 3 4 3 27 12 13 13 13 13 12 13 14 13 13 13 13 13 13 13 13 13 13 13 13 14 13 13 13 13 13 13 13 13 13 13 13 13 14 13 13 13 13 13 13 13 13 13 13 13 13 14 13 12 13 13 13 13 12
1663_0_0 3 5 5 6 8 0 3 3 2 2 1 3 3 3 3 4 27 12 13 13 13 13 13 13 13 13 13 13 13 13 13 13 14 13 13 13 13 12 13 13 13 14 13 13 13 13 14 13 13 13 12 13 13 13 13 14 13 13 13 13 13 13 13 13 13 13 13 13 13 13 12
1664_0_0 3 5 7 5 7 0 2 3 3 2 3 2 4 2 3 3 27 12 13 13 13 13 13 13 14 13 13 12 13 13 13 13 13 14 13 13 13 13 13 13 13 13 13 13 13 13 13 13 13 13 13 13 13 13 14 13 13 13 13 13 12 13 13 14 13 13 13 13 13 13 12
1665_0_0 4 4 6 5 8 1 1 3 2 3 1 3 3 3 3 4 27 12 13 13 14 13 13 13 13 13 13 12 13 13 13 13 13 13 13 13 13 13 13 14 13 13 13 13 13 13 13 13 14 13 13 13 13 13 13 13 13 13 13 13 12 13 13 13 13 13 13 14 13 13 12
1665_1_2 4 4 8 5 6 1 2 2 3 3 2 2 4 4 1 3 27 12 13 13 14 13 13 13 13 13 13 12 13 13 13 13 13 13 13 13 13 13 13 14 13 13 13 13 13 13 13 13 14 13 13 13 13 13 13 13 13 13 13 13 12 13 13 13 13 13 13 14 13 13 12
1666_2_0 4 8 5 5 5 0 2 3 2 3 1 4 3 3 3 3 27 12 13 13 13 13 13 14 13 13 13 13 13 14 13 12 13 13 13 13 13 13 13 13 13 13 13 13 13 13 13 13 13 13 13 13 13 13 13 13 12 13 14 13 13 13 13 13 14 13 13 13 13 13 12
1669_0_0 3 6 6 6 6 1 1 2 4 2 3 2 4 4 1 3 27 13 13 13 13 12 13 13 13 13 13 13 13 13 13 12 13 13 13 13 13 13 14 13 14 13 13 13 13 13 13 14 13 14 13 13 13 13 13 13 12 13 13 13 13 13 13 13 13 13 12 13 13 13 13
1670_0_0 3 5 5 6 8 1 2 3 1 4 3 4 2 1 3 3 27 12 13 13 13 13 13 13 13 12 13 13 13 13 13 13 13 13 13 14 13 13 13 13 13 14 13 13 13 13 14 13 13 13 13 13 14 13 13 13 13 13 13 13 13 13 12 13 13 13 13 13 13 13 12
1672_0_0 4 4 6 5 8 0 2 2 3 3 4 2 3 1 4 3 27 12 13 13 13 13 13 13 13 13 13 14 13 13 12 13 13 13 13 13 13 13 13 13 13 13 13 14 14 13 13 13 13 13 13 13 13 13 13 13 13 12 13 13 14 13 13 13 13 13 13 13 13 13 12
1674_0_0 4 4 6 5 8 1 2 1 2 3 2 5 2 2 3 4 27 12 13 13 13 13 13 13 13 13 13 13 13 14 13 13 13 12 13 13 13 13 14 13 13 13 13 13 13 13 13 13 13 14 13 13 13 13 12 13 13 13 14 13 13 13 13 13 13 13 13 13 13 13 12
1675_1_0 3 6 5 8 5 0 2 3 3 2 3 2 4 2 3 3 27 12 13 13 13 13 14 13 13 13 13 13 13 13 13 13 13 13 13 13 13 13 12 13 13 14 13 13 13 13 14 13 13 12 13 13 13 13 13 13 13 13 13 13 13 13 13 13 13 14 13 13 13 13 12
1677_0_0 3 5 5 6 8 1 1 2 4 3 3 2 3 3 1 4 27 12 13 12 13 13 13 14 13 13 13 13 13 13 13 13 13 13 13 13 13 13 13 13 13 14 13 13 13 13 14 13 13 13 13 13 13 13 13 13 13 13 13 13 13 13 13 13 14 13 13 13 12 13 12
1679_0_0 4 5 4 6 8 1 2 2 3 2 2 2 5 2 3 3 27 12 13 13 13 13 13 13 13 13 13 13 13 13 13 13 13 13 13 14 13 13 12 13 14 13 13 13 13 13 13 14 13 12 13 13 14 13 13 13 13 13 13 13 13 13 13 13 13 13 13 13 13 13 12
1680_1_0 3 8 6 5 5 0 2 3 4 2 3 2 4 2 2 3 27 12 13 13 13 13 13 13 13 13 13 13 13 13 13 14 13 13 13 12 13 13 13 13 14 13 13 13 13 13 13 14 13 13 13 13 12 13 13 13 14 13 13 13 13 13 13 13 13 13 13 13 13 13 12
1681_1_0 4 4 8 5 6 0 2 3 3 2 3 2 4 2 3 3 27 12 13 13 13 13 13 13 13 13 13 12 13 13 14 13 13 13 13 13 13 13 13 13 13 13 13 14 14 13 13 13 13 13 13 13 13 13 13 13 13 14 13 13 12 13 13 13 13 13 13 13 13 13 12
1683_0_0 4 4 6 5 8 1 1 2 4 1 4 3 2 3 3 3 27 12 13 13 13 13 12 13 13 13 13 13 13 13 14 13 13 13 14 13 13 13 13 13 13 13 13 13 13 13 13 13 13 13 13 13 13 14 13 13 13 14 13 13 13 13 13 13 13 12 13 13 13 13 12
1685_0_0 3 5 6 6 7 0 3 3 2 1 3 2 4 3 3 3 27 12 13 13 13 13 13 13 13 13 13 13 13 13 13 13 14 13 13 14 13 13 13 13 13 12 13 13 13 13 12 13 13 13 13 13 14 13 13 14 13 13 13 13 13 13 13 13 13 13 13 13 13 13 12
1686_0_0 4 4 6 5 8 0 2 4 3 2 3 3 3 3 1 3 27 12 13 13 12 13 13 13 13 13 13 13 13 13 14 13 13 13 13 13 13 13 13 14 13 13 13 13 13 13 13 13 14 13 13 13 13 13 13 13 13 14 13 13 13 13 13 13 13 13 13 12 13 13 12
1688_0_0 4 4 7 5 7 1 1 2 4 3 3 2 3 3 1 4 27 12 13 14 13 13 13 13 13 13 13 13 13 13 13 13 13 13 14 13 13 13 13 13 13 12 13 13 13 13 12 13 13 13 13 13 13 14 13 13 13 13 13 13 13 13 13 13 13 13 13 13 14 13 12
1689_1_0 4 4 8 5 6 1 1 2 4 3 3 2 3 3 1 4 27 12 13 13 14 13 13 13 13 13 13 12 13 13 13 13 13 13 13 13 13 13 14 13 13 13 13 13 13 13 13 13 13 14 13 13 13 13 13 13 13 13 13 13 12 13 13 13 13 13 13 14 13 13 12
1690_1_2 3 7 6 6 5 1 2 2 3 2 4 2 2 5 2 2 27 12 13 13 13 13 13 13 13 14 13 13 13 13 13 12 13 13 13 14 13 13 13 13 13 13 13 13 13 13 13 13 13 13 13 13 14 13 13 13 12 13 13 13 13 13 14 13 13 13 13 13 13 13 12
1691_0_6 3 6 5 7 6 1 2 5 3 2 2 3 2 3 1 3 27 12 13 13 13 13 13 14 13 13 13 13 13 13 13 13 14 13 13 13 12 13 13 13 13 13 13 13 13 13 13 13 13 13 13 12 13 13 13 14 13 13 13 13 13 13 13 13 14 13 13 13 13 13 12
1691_1_6 3 6 7 5 6 1 2 5 3 2 2 3 2 3 1 3 27 12 13 13 13 13 13 14 13 13 13 13 13 13 13 13 14 13 13 13 12 13 13 13 13 13 13 13 13 13 13 13 13 13 13 12 13 13 13 14 13 13 13 13 13 13 13 13 14 13 13 13 13 13 12
1692_1_2 4 4 8 5 6 1 2 2 3 2 3 3 1 5 3 2 27 12 13 13 13 14 13 13 13 13 13 13 13 13 13 12 13 13 14 13 13 13 13 13 13 13 13 13 13 13 13 13 13 13 13 13 13 14 13 13 12 13 13 13 13 13 13 13 13 13 14 13 13 13 12
1694_0_2 3 5 5 6 8 1 2 2 3 2 4 2 2 5 2 2 27 12 13 13 13 13 13 13 13 13 13 13 13 13 14 13 13 13 13 13 14 13 13 13 13 13 12 13 13 12 13 13 13 13 13 14 13 13 13 13 13 14 13 13 13 13 13 13 13 13 13 13 13 13 12
1695_0_2 3 6 5 7 6 0 3 2 4 3 3 3 2 1 3 3 27 12 13 13 13 12 13 13 14 13 13 13 13 13 13 13 13 13 13 13 13 13 13 13 14 13 13 13 13 13 13 14 13 13 13 13 13 13 13 13 13 13 13 13 13 13 13 14 13 13 12 13 13 13 12
1695_1_2 3 6 7 5 6 0 3 2 4 3 3 3 2 1 3 3 27 12 13 13 13 12 13 13 14 13 13 13 13 13 13 13 13 13 13 13 13 13 13 13 14 13 13 13 13 13 13 14 13 13 13 13 13 13 13 13 13 13 13 13 13 13 13 14 13 13 12 13 13 13 12
1696_1_0 3 7 5 7 5 1 2 2 3 4 3 1 3 4 1 3 27 12 13 13 13 13 13 13 14 13 13 13 13 13 13 13 13 14 13 13 13 13 13 13 12 13 13 13 13 13 13 12 13 13 13 13 13 13 14 13 13 13 13 13 13 13 13 14 13 13 13 13 13 13 12
1697_1_2 4 5 4 8 6 1 2 1 3 4 2 3 3 2 2 4 27 12 13 13 13 13 13 13 13 13 13 13 13 13 13 13 14 13 13 14 13 13 12 13 13 13 13 13 13 13 13 13 13 12 13 13 14 13 13 14 13 13 13 13 13 13 13 13 13 13 13 13 13 13 12
1699_0_2 3 5 7 5 7 1 2 4 4 1 4 2 3 2 2 2 27 12 13 13 13 13 12 13 13 13 13 13 13 14 13 13 13 13 14 13 13 13 13 13 13 13 13 13 13 13 13 13 13 13 13 13 13 14 13 13 13 13 14 13 13 13 13 13 13 12 13 13 13 13 12
1700_1_0 3 7 6 6 5 1 1 2 4 3 3 2 3 3 1 4 27 12 13 13 14 13 13 13 13 13 13 13 13 13 13 13 13 13 13 14 13 13 13 13 13 12 13 13 13 13 12 13 13 13 13 13 14 13 13 13 13 13 13 13 13 13 13 13 13 13 13 14 13 13 12
1702_1_0 3 7 5 7 5 1 2 2 3 2 2 2 5 2 3 3 27 12 13 13 13 13 13 13 14 13 13 12 13 14 13 13 13 13 13 13 13 13 13 13 13 13 13 13 13 13 13 13 13 13 13 13 13 13 13 13 13 13 14 13 12 13 13 14 13 13 13 13 13 13 12
1703_1_0 3 6 5 8 5 1 1 3 2 3 1 3 3 3 3 4 27 12 13 13 13 13 13 13 13 13 14 13 13 13 13 13 13 13 13 13 13 13 12 13 13 13 14 13 13 14 13 13 13 12 13 13 13 13 13 13 13 13 13 13 13 14 13 13 13 13 13 13 13 13 12
1704_0_2 3 6 5 7 6 1 2 1 3 2 3 3 3 1 4 4 27 12 13 13 13 13 13 13 13 13 13 13 13 13 13 13 13 13 14 13 12 13 13 13 13 13 14 13 13 14 13 13 13 13 13 12 13 14 13 13 13 13 13 13 13 13 13 13 13 13 13 13 13 13 12
1705_1_0 4 4 8 5 6 1 2 2 3 4 3 1 3 4 1 3 27 12 13 14 13 14 13 13 13 13 13 13 13 13 13 13 13 13 13 13 12 13 13 13 13 13 13 13 13 13 13 13 13 13 13 12 13 13 13 13 13 13 13 13 13 13 13 13 13 13 14 13 14 13 12
1707_0_0 4 4 6 5 8 0 2 3 4 2 3 2 4 2 2 3 27 12 13 13 13 13 13 13 13 13 13 13 13 13 13 13 13 13 14 13 14 13 13 13 13 12 13 13 13 13 12 13 13 13 13 14 13 14 13 13 13 13 13 13 13 13 13 13 13 13 13 13 13 13 12
1708_0_0 4 4 7 5 7 0 3 3 1 2 2 3 3 4 3 3 27 12 13 13 13 12 13 13 13 13 13 13 14 13 13 13 13 13 13 13 13 13 13 14 13 13 13 13 13 13 13 13 14 13 13 13 13 13 13 13 13 13 13 14 13 13 13 13 13 13 12 13 13 13 12
1709_1_0 4 5 4 8 6 0 2 3 2 3 1 4 3 3 3 3 27 12 13 12 13 13 13 13 13 13 13 13 13 13 14 13 13 13 13 13 13 13 13 13 14 13 13 13 13 13 13 14 13 13 13 13 13 13 13 13 13 14 13 13 13 13 13 13 13 13 13 13 12 13 12
1710_1_2 3 6 7 5 6 1 2 2 3 2 3 3 1 5 3 2 27 12 13 13 14 13 13 13 13 13 13 13 13 13 13 12 13 14 13 13 13 13 13 13 13 13 13 13 13 13 13 13 13 13 13 13 13 13 14 13 12 13 13 13 13 13 13 13 13 13 13 14 13 13 12
1711_1_0 3 6 7 5 6 1 1 2 3 2 4 3 2 3 2 4 27 13 13 13 13 12 13 13 13 13 13 12 13 13 13 13 13 13 13 13 13 13 13 13 14 13 13 14 14 13 13 14 13 13 13 13 13 13 13 13 13 13 13 13 12 13 13 13 13 13 12 13 13 13 13
1712_0_2 3 5 5 6 8 1 2 1 3 4 2 3 3 2 2 4 27 12 13 13 13 13 13 13 13 13 13 12 13 13 13 13 14 13 13 13 13 13 13 13 13 14 13 13 13 13 14 13 13 13 13 13 13 13 13 14 13 13 13 13 12 13 13 13 13 13 13 13 13 13 12
1713_0_2 3 6 5 7 6 1 2 2 3 2 4 2 2 5 2 2 27 12 13 13 13 13 13 13 14 13 13 13 13 13 13 12 13 13 13 13 13 13 13 13 14 13 13 13 13 13 13 14 13 13 13 13 13 13 13 13 12 13 13 13 13 13 13 14 13 13 13 13 13 13 12
1714_0_2 4 4 6 5 8 0 3 2 4 3 3 3 2 1 3 3 27 12 13 13 13 13 12 13 14 13 13 13 13 13 13 13 13 13 13 13 13 13 13 13 14 13 13 13 13 13 13 14 13 13 13 13 13 13 13 13 13 13 13 13 13 13 13 14 13 12 13 13 13 13 12
1714_1_2 4 4 8 5 6 0 3 2 4 3 3 3 2 1 3 3 27 12 13 13 13 13 12 13 14 13 13 13 13 13 13 13 13 13 13 13 13 13 13 13 14 13 13 13 13 13 13 14 13 13 13 13 13 13 13 13 13 13 13 13 13 13 13 14 13 12 13 13 13 13 12
1715_0_2 3 5 8 5 6 1 2 1 3 4 2 3 3 2 2 4 27 12 13 13 13 14 13 13 13 13 13 13 13 13 13 13 13 13 13 14 13 13 12 13 13 13 13 13 13 13 13 13 13 12 13 13 14 13 13 13 13 13 13 13 13 13 13 13 13 13 14 13 13 13 12
1716_1_0 3 8 6 5 5 0 2 3 2 3 1 4 3 3 3 3 27 12 13 13 12 13 13 13 13 13 13 13 13 13 13 14 13 13 13 13 13 13 13 13 14 13 13 13 13 13 13 14 13 13 13 13 13 13 13 13 14 13 13 13 13 13 13 13 13 13 13 12 13 13 12
1717_0_6 4 4 6 5 8 1 2 3 1 4 2 2 3 5 2 2 27 12 13 12 13 13 13 14 13 13 13 13 13 13 13 13 13 13 13 13 13 13 14 13 13 13 13 13 13 13 13 13 13 14 13 13 13 13 13 13 13 13 13 13 13 13 13 13 14 13 13 13 12 13 12
1717_1_6 4 4 8 5 6 1 2 3 1 4 2 2 3 5 2 2 27 12 13 12 13 13 13 14 13 13 13 13 13 13 13 13 13 13 13 13 13 13 14 13 13 13 13 13 13 13 13 13 13 14 13 13 13 13 13 13 13 13 13 13 13 13 13 13 14 13 13 13 12 13 12
1719_1_0 4 5 4 8 6 1 1 2 4 3 3 2 3 3 1 4 27 12 13 13 13 13 13 13 13 13 13 14 13 13 13 13 13 13 13 13 13 13 12 13 13 13 14 13 13 14 13 13 13 12 13 13 13 13 13 13 13 13 13 13 14 13 13 13 13 13 13 13 13 13 12
1722_0_0 3 6 6 6 6 0 2 4 3 4 2 3 2 2 2 3 27 13 13 13 13 12 13 13 13 13 13 13 13 13 13 12 13 13 13 13 13 13 13 14 14 13 13 13 13 13 13 14 14 13 13 13 13 13 13 13 12 13 13 13 13 13 13 13 13 13 12 13 13 13 13
1723_0_4 4 4 6 5 8 1 1 3 2 3 4 2 3 1 4 3 27 12 13 13 13 14 13 13 13 13 13 13 13 13 13 13 13 13 14 13 12 13 13 13 13 13 13 13 13 13 13 13 13 13 13 12 13 14 13 13 13 13 13 13 13 13 13 13 13 13 14 13 13 13 12
1723_1_4 4 4 8 5 6 1 1 3 2 3 4 2 3 1 4 3 27 12 13 13 13 14 13 13 13 13 13 13 13 13 13 13 13 13 14 13 12 13 13 13 13 13 13 13 13 13 13 13 13 13 13 12 13 14 13 13 13 13 13 13 13 13 13 13 13 13 14 13 13 13 12
1725_0_0 4 4 6 5 8 1 1 2 4 3 3 2 3 3 1 4 27 12 13 13 13 13 13 13 13 13 13 13 14 13 13 13 13 13 13 13 13 12 13 13 13 13 14 13 13 14 13 13 13 13 12 13 13 13 13 13 13 13 13 14 13 13 13 13 13 13 13 13 13 13 12
1727_0_0 3 6 5 7 6 0 2 3 3 2 4 2 2 4 2 3 27 12 13 13 13 13 14 13 13 13 12 13 13 14 13 13 13 13 13 13 13 13 13 13 13 13 13 13 13 13 13 13 13 13 13 13 13 13 13 13 13 13 14 13 13 12 13 13 13 14 13 13 13 13 12
1727_1_0 3 6 7 5 6 0 2 3 3 2 4 2 2 4 2 3 27 12 13 13 13 13 14 13 13 13 12 13 13 14 13 13 13 13 13 13 13 13 13 13 13 13 13 13 13 13 13 13 13 13 13 13 13 13 13 13 13 13 14 13 13 12 13 13 13 14 13 13 13 13 12
1728_0_0 4 4 6 5 8 0 2 3 2 3 1 4 3 3 3 3 27 12 13 14 13 13 13 13 13 13 13 13 13 13 13 13 13 13 13 13 14 13 13 13 13 12 13 13 13 13 12 13 13 13 13 14 13 13 13 13 13 13 13 13 13 13 13 13 13 13 13 13 14 13 12
1730_0_0 3 5 5 6 8 0 2 3 2 3 1 4 3 3 3 3 27 12 13 12 13 13 13 13 13 13 13 13 13 14 13 13 13 13 13 13 13 13 13 13 13 14 13 13 13 13 14 13 13 13 13 13 13 13 13 13 13 13 14 13 13 13 13 13 13 13 13 13 12 13 12
1732_0_0 4 4 6 5 8 0 1 3 3 3 3 3 2 3 2 4 27 12 13 13 13 13 13 14 13 13 14 13 13 13 13 13 13 13 13 13 13 13 13 13 13 12 13 13 13 13 12 13 13 13 13 13 13 13 13 13 13 13 13 13 13 14 13 13 14 13 13 13 13 13 12
1733_0_0 4 4 6 5 8 1 2 2 3 4 2 4 2 1 2 4 27 12 13 13 13 13 13 13 13 13 13 13 13 13 13 13 13 13 14 13 12 13 13 13 13 14 13 13 13 13 14 13 13 13 13 12 13 14 13 13 13 13 13 13 13 13 13 13 13 13 13 13 13 13 12
1734_0_0 3 5 5 6 8 0 3 3 1 2 2 3 3 4 3 3 27 12 13 13 13 13 12 13 13 13 14 13 13 13 13 13 13 13 13 13 13 14 13 13 13 13 13 13 13 13 13 13 13 13 14 13 13 13 13 13 13 13 13 13 13 14 13 13 13 12 13 13 13 13 12
1735_1_0 4 4 8 5 6 0 2 3 4 2 3 2 4 2 2 3 27 12 13 12 13 13 13 14 13 13 13 13 13 14 13 13 13 13 13 13 13 13 13 13 13 13 13 13 13 13 13 13 13 13 13 13 13 13 13 13 13 13 14 13 13 13 13 13 14 13 13 13 12 13 12
1736_0_4 4 4 6 5 8 1 1 2 2 3 2 3 3 3 2 5 27 12 13 14 13 12 13 13 13 13 13 13 13 13 13 13 13 13 13 13 14 13 13 13 13 13 13 13 13 13 13 13 13 13 13 14 13 13 13 13 13 13 13 13 13 13 13 13 13 13 12 13 14 13 12
1736_1_4 4 4 8 5 6 1 1 2 2 3 2 3 3 3 2 5 27 12 13 14 13 12 13 13 13 13 13 13 13 13 13 13 13 13 13 13 14 13 13 13 13 13 13 13 13 13 13 13 13 13 13 14 13 13 13 13 13 13 13 13 13 13 13 13 13 13 12 13 14 13 12
1738_0_0 4 4 6 5 8 0 3 3 1 2 2 3 3 4 3 3 27 12 13 13 13 13 13 13 13 13 13 13 14 13 13 13 12 13 13 13 13 14 13 13 13 13 13 13 13 13 13 13 13 13 14 13 13 13 13 12 13 13 13 14 13 13 13 13 13 13 13 13 13 13 12
1739_0_4 3 5 5 6 8 1 2 2 4 2 5 2 1 3 3 2 27 12 13 12 13 13 13 13 13 13 13 13 13 13 13 14 13 13 13 13 13 13 14 13 13 13 13 13 13 13 13 13 13 14 13 13 13 13 13 13 14 13 13 13 13 13 13 13 13 13 13 13 12 13 12
1739_1_4 3 8 6 5 5 1 2 2 4 2 5 2 1 3 3 2 27 12 13 12 13 13 13 13 13 13 13 13 13 13 13 14 13 13 13 13 13 13 14 13 13 13 13 13 13 13 13 13 13 14 13 13 13 13 13 13 14 13 13 13 13 13 13 13 13 13 13 13 12 13 12
1740_1_0 3 6 5 8 5 0 3 3 2 2 1 3 3 3 3 4 27 12 13 13 13 14 13 13 13 13 13 13 13 13 14 13 13 13 13 13 13 13 13 12 13 13 13 13 13 13 13 13 12 13 13 13 13 13 13 13 13 14 13 13 13 13 13 13 13 13 14 13 13 13 12
1741_1_0 4 4 8 5 6 0 2 3 3 3 4 2 2 2 2 4 27 12 13 14 13 14 13 13 13 13 13 13 13 13 13 12 13 13 13 13 13 13 13 13 13 13 13 13 13 13 13 13 13 13 13 13 13 13 13 13 12 13 13 13 13 13 13 13 13 13 14 13 14 13 12
1743_0_0 4 4 6 5 8 0 3 2 2 4 4 2 2 3 2 3 27 12 13 13 13 12 13 13 14 13 13 13 13 13 13 13 13 13 13 13 14 13 13 13 13 13 13 13 13 13 13 13 13 13 13 14 13 13 13 13 13 13 13 13 13 13 13 14 13 13 12 13 13 13 12
1743_1_0 4 4 8 5 6 0 3 2 2 4 4 2 2 3 2 3 27 12 13 13 13 12 13 13 14 13 13 13 13 13 13 13 13 13 13 13 14 13 13 13 13 13 13 13 13 13 13 13 13 13 13 14 13 13 13 13 13 13 13 13 13 13 13 14 13 13 12 13 13 13 12
1744_0_0 3 5 6 6 7 1 2 2 3 4 2 4 2 1 2 4 27 12 13 13 14 13 13 13 13 13 13 13 13 13 14 13 13 13 13 13 12 13 13 13 13 13 13 13 13 13 13 13 13 13 13 12 13 13 13 13 13 14 13 13 13 13 13 13 13 13 13 14 13 13 12
1745_0_0 3 5 5 6 8 1 2 2 4 3 3 1 4 3 1 3 27 12 13 13 13 13 13 13 13 13 13 13 13 13 13 13 13 13 14 13 14 13 13 12 13 13 13 13 13 13 13 13 12 13 13 14 13 14 13 13 13 13 13 13 13 13 13 13 13 13 13 13 13 13 12
1746_0_0 4 4 6 5 8 1 2 2 2 3 2 4 1 4 4 2 27 12 13 13 13 12 13 13 13 13 13 13 13 13 13 13 13 13 14 13 14 13 13 13 13 13 13 13 13 13 13 13 13 13 13 14 13 14 13 13 13 13 13 13 13 13 13 13 13 13 12 13 13 13 12
1747_0_0 4 4 6 5 8 0 3 3 2 1 3 2 4 3 3 3 27 12 13 13 12 13 13 14 13 13 13 13 13 13 13 13 14 13 13 13 13 13 13 13 13 13 13 13 13 13 13 13 13 13 13 13 13 13 13 14 13 13 13 13 13 13 13 13 14 13 13 12 13 13 12
1748_0_0 3 6 5 7 6 0 1 4 2 3 3 3 2 4 2 3 27 12 13 13 13 13 13 13 13 14 13 13 13 13 13 12 13 13 13 13 13 13 14 13 13 13 13 13 13 13 13 13 13 14 13 13 13 13 13 13 12 13 13 13 13 13 14 13 13 13 13 13 13 13 12
1750_0_0 3 6 5 7 6 1 2 2 4 3 3 1 4 3 1 3 27 12 13 13 13 13 13 13 13 13 12 13 13 13 13 13 13 13 14 13 13 13 13 13 14 13 13 13 13 13 13 14 13 13 13 13 13 14 13 13 13 13 13 13 13 12 13 13 13 13 13 13 13 13 12
1751_0_0 3 6 5 7 6 1 1 2 4 1 3 3 2 4 3 3 27 12 13 13 13 13 14 13 13 13 13 13 13 13 13 12 13 13 13 13 13 13 13 14 13 13 13 13 13 13 13 13 14 13 13 13 13 13 13 13 12 13 13 13 13 13 13 13 13 14 13 13 13 13 12
1753_0_0 4 4 6 5 8 1 2 3 1 4 3 4 2 1 3 3 27 12 13 14 13 13 13 13 13 13 13 13 13 13 13 13 13 13 13 13 12 13 13 13 13 14 13 13 13 13 14 13 13 13 13 12 13 13 13 13 13 13 13 13 13 13 13 13 13 13 13 13 14 13 12
1755_0_0 4 4 6 5 8 0 2 4 3 2 3 3 3 3 1 3 27 12 13 14 13 13 13 13 13 13 14 13 13 13 13 12 13 13 13 13 13 13 13 13 13 13 13 13 13 13 13 13 13 13 13 13 13 13 13 13 12 13 13 13 13 14 13 13 13 13 13 13 14 13 12
1756_1_0 4 4 8 5 6 0 1 3 3 3 3 3 2 3 2 4 27 12 13 13 13 13 13 13 13 13 14 13 13 13 13 13 13 13 14 13 13 13 13 13 13 12 13 13 13 13 12 13 13 13 13 13 13 14 13 13 13 13 13 13 13 14 13 13 13 13 13 13 13 13 12
1758_0_0 4 4 6 5 8 1 2 3 1 4 4 3 1 3 2 3 27 12 13 13 13 12 13 13 13 13 13 13 13 13 13 14 13 13 14 13 13 13 13 13 13 13 13 13 13 13 13 13 13 13 13 13 13 14 13 13 14 13 13 13 13 13 13 13 13 13 12 13 13 13 12
1760_0_0 3 5 6 6 7 1 1 2 4 3 3 2 3 3 1 4 27 12 13 13 13 13 13 13 13 13 12 13 13 13 13 13 13 13 13 13 13 14 13 13 13 13 14 13 13 14 13 13 13 13 14 13 13 13 13 13 13 13 13 13 13 12 13 13 13 13 13 13 13 13 12
1761_1_0 4 4 8 5 6 0 1 3 3 3 3 3 2 3 2 4 27 12 13 12 13 13 13 14 13 13 13 13 14 13 13 13 13 13 13 13 13 13 13 13 13 13 13 13 13 13 13 13 13 13 13 13 13 13 13 13 13 13 13 14 13 13 13 13 14 13 13 13 12 13 12
1763_0_0 4 4 6 5 8 1 2 2 3 2 2 2 5 2 3 3 27 12 13 13 13 13 13 13 14 13 13 12 13 13 13 13 13 13 13 13 13 13 13 13 14 13 13 13 13 13 13 14 13 13 13 13 13 13 13 13 13 13 13 13 12 13 13 14 13 13 13 13 13 13 12
1764_1_0 4 4 8 5 6 1 1 2 3 3 3 2 4 1 4 3 27 12 13 13 13 13 13 13 13 14 13 13 13 13 12 13 13 13 13 13 13 13 13 13 13 13 13 14 14 13 13 13 13 13 13 13 13 13 13 13 13 12 13 13 13 13 14 13 13 13 13 13 13 13 12
1765_2_0 4 8 5 5 5 1 1 2 4 1 4 3 2 3 3 3 27 12 13 14 13 12 13 13 13 13 13 13 13 13 13 13 13 13 14 13 13 13 13 13 13 13 13 13 13 13 13 13 13 13 13 13 13 14 13 13 13 13 13 13 13 13 13 13 13 13 12 13 14 13 12
1766_1_2 3 6 5 8 5 1 2 3 2 3 1 4 4 3 1 3 27 12 13 12 13 13 13 13 13 13 13 13 13 13 13 14 13 13 13 13 13 13 13 13 14 13 13 13 13 13 13 14 13 13 13 13 13 13 13 13 14 13 13 13 13 13 13 13 13 13 13 13 12 13 12
1768_0_2 3 5 5 6 8 1 2 2 3 3 2 2 4 4 1 3 27 12 13 13 13 13 13 13 13 13 13 13 14 13 13 14 13 13 13 13 13 13 12 13 13 13 13 13 13 13 13 13 13 12 13 13 13 13 13 13 14 13 13 14 13 13 13 13 13 13 13 13 13 13 12
1768_1_4 3 8 6 5 5 1 3 2 2 2 2 5 3 2 2 3 27 12 13 13 13 13 13 13 13 13 13 13 14 13 13 14 13 13 13 13 13 13 12 13 13 13 13 13 13 13 13 13 13 12 13 13 13 13 13 13 14 13 13 14 13 13 13 13 13 13 13 13 13 13 12
1770_0_2 4 4 7 5 7 1 3 2 2 2 3 1 3 2 5 3 27 12 13 13 13 13 13 13 13 13 12 13 13 14 13 13 13 13 14 13 13 13 13 13 13 13 13 13 13 13 13 13 13 13 13 13 13 14 13 13 13 13 14 13 13 12 13 13 13 13 13 13 13 13 12
1770_2_2 4 8 5 5 5 1 3 2 2 2 3 1 3 2 5 3 27 12 13 13 13 13 13 13 13 13 12 13 13 14 13 13 13 13 14 13 13 13 13 13 13 13 13 13 13 13 13 13 13 13 13 13 13 14 13 13 13 13 14 13 13 12 13 13 13 13 13 13 13 13 12
1772_0_2 4 4 6 5 8 1 2 1 3 3 3 3 4 1 2 4 27 12 13 13 13 13 12 13 14 13 13 13 13 13 13 13 13 13 13 14 13 13 13 13 13 13 13 13 13 13 13 13 13 13 13 13 14 13 13 13 13 13 13 13 13 13 13 14 13 12 13 13 13 13 12
1773_0_2 3 5 5 6 8 1 2 3 2 3 1 4 4 3 1 3 27 12 13 12 13 13 13 14 13 13 13 13 13 13 13 13 13 13 13 13 14 13 13 13 13 13 13 13 13 13 13 13 13 13 13 14 13 13 13 13 13 13 13 13 13 13 13 13 14 13 13 13 12 13 12
1774_1_0 3 6 7 5 6 1 1 2 4 3 3 2 3 3 1 4 27 12 13 13 13 12 13 13 13 13 13 13 13 13 13 13 13 14 13 13 13 13 13 13 13 13 14 13 13 14 13 13 13 13 13 13 13 13 14 13 13 13 13 13 13 13 13 13 13 13 12 13 13 13 12
1776_1_0 4 5 4 8 6 0 3 2 3 4 3 3 1 2 3 3 27 12 13 12 13 13 13 13 13 13 13 13 13 13 13 13 14 13 13 13 13 14 13 13 13 13 13 13 13 13 13 13 13 13 14 13 13 13 13 14 13 13 13 13 13 13 13 13 13 13 13 13 12 13 12
1778_0_2 4 5 4 6 8 1 2 4 4 1 4 2 3 2 2 2 27 12 13 13 14 13 13 13 13 13 13 13 13 13 13 13 13 12 13 13 13 13 13 13 14 13 13 13 13 13 13 14 13 13 13 13 13 13 12 13 13 13 13 13 13 13 13 13 13 13 13 14 13 13 12
1779_0_2 4 5 4 6 8 1 2 2 3 2 3 3 1 5 3 2 27 12 13 13 13 13 13 13 13 14 13 13 13 12 13 13 14 13 13 13 13 13 13 13 13 13 13 13 13 13 13 13 13 13 13 13 13 13 13 14 13 13 12 13 13 13 14 13 13 13 13 13 13 13 12
1780_0_2 4 4 7 5 7 1 2 2 3 5 2 2 3 3 1 3 27 12 13 14 13 12 13 13 13 13 13 13 13 13 13 13 13 13 13 13 13 13 13 14 13 13 13 13 13 13 13 13 14 13 13 13 13 13 13 13 13 13 13 13 13 13 13 13 13 13 12 13 14 13 12
1780_2_2 4 8 5 5 5 1 2 2 3 5 2 2 3 3 1 3 27 12 13 14 13 12 13 13 13 13 13 13 13 13 13 13 13 13 13 13 13 13 13 14 13 13 13 13 13 13 13 13 14 13 13 13 13 13 13 13 13 13 13 13 13 13 13 13 13 13 12 13 14 13 12
1781_1_2 4 4 8 5 6 1 2 3 1 3 1 3 2 3 4 4 27 12 13 13 13 12 13 13 13 13 13 13 13 14 13 13 13 13 13 13 14 13 13 13 13 13 13 13 13 13 13 13 13 13 13 14 13 13 13 13 13 13 14 13 13 13 13 13 13 13 12 13 13 13 12
1782_1_2 3 7 6 6 5 1 1 3 2 3 4 3 1 3 2 4 27 12 13 13 13 13 14 13 13 13 13 13 13 13 13 13 14 13 13 13 12 13 13 13 13 13 13 13 13 13 13 13 13 13 13 12 13 13 13 14 13 13 13 13 13 13 13 13 13 14 13 13 13 13 12
1784_0_2 4 4 6 5 8 1 2 2 3 5 2 2 3 3 1 3 27 12 13 13 13 13 12 13 13 13 13 13 13 13 13 13 13 13 13 14 13 13 13 14 13 13 13 13 13 13 13 13 14 13 13 13 14 13 13 13 13 13 13 13 13 13 13 13 13 12 13 13 13 13 12
1785_1_0 4 4 8 5 6 1 1 2 4 3 3 2 3 3 1 4 27 12 13 13 13 13 13 13 13 13 13 12 13 13 13 13 13 13 13 13 13 13 14 13 13 13 14 13 13 14 13 13 13 14 13 13 13 13 13 13 13 13 13 13 12 13 13 13 13 13 13 13 13 13 12
1787_0_2 4 4 7 5 7 1 2 3 3 2 2 3 5 1 3 2 27 12 13 13 13 13 13 13 14 13 13 13 13 13 13 13 13 13 14 13 12 13 13 13 13 13 13 13 13 13 13 13 13 13 13 12 13 14 13 13 13 13 13 13 13 13 13 14 13 13 13 13 13 13 12
1787_2_2 4 8 5 5 5 1 2 3 3 2 2 3 5 1 3 2 27 12 13 13 13 13 13 13 14 13 13 13 13 13 13 13 13 13 14 13 12 13 13 13 13 13 13 13 13 13 13 13 13 13 13 12 13 14 13 13 13 13 13 13 13 13 13 14 13 13 13 13 13 13 12
1788_0_6 3 6 5 7 6 1 2 3 3 1 4 3 4 2 1 3 27 12 13 14 13 12 13 13 13 13 13 13 13 13 13 13 13 13 13 13 13 13 13 13 14 13 13 13 13 13 13 14 13 13 13 13 13 13 13 13 13 13 13 13 13 13 13 13 13 13 12 13 14 13 12
1788_1_6 3 6 7 5 6 1 2 3 3 1 4 3 4 2 1 3 27 12 13 14 13 12 13 13 13 13 13 13 13 13 13 13 13 13 13 13 13 13 13 13 14 13 13 13 13 13 13 14 13 13 13 13 13 13 13 13 13 13 13 13 13 13 13 13 13 13 12 13 14 13 12
1789_1_2 3 8 6 5 5 1 2 2 3 2 3 3 1 5 3 2 27 12 13 13 13 13 13 12 13 13 13 13 13 13 13 14 13 14 13 13 13 13 13 13 13 13 13 13 13 13 13 13 13 13 13 13 13 13 14 13 14 13 13 13 13 13 13 13 12 13 13 13 13 13 12
1791_0_2 3 5 5 6 8 1 3 2 2 2 3 1 3 2 5 3 27 12 13 13 13 13 13 13 13 13 13 13 12 13 13 13 13 13 14 13 14 13 13 13 13 13 13 13 13 13 13 13 13 13 13 14 13 14 13 13 13 13 13 12 13 13 13 13 13 13 13 13 13 13 12
1792_0_2 4 4 7 5 7 1 2 2 3 2 3 3 1 5 3 2 27 12 13 14 13 13 13 13 13 13 13 13 13 13 13 13 13 14 13 13 13 13 13 13 13 12 13 13 13 13 12 13 13 13 13 13 13 13 14 13 13 13 13 13 13 13 13 13 13 13 13 13 14 13 12
1792_2_2 4 8 5 5 5 1 2 2 3 2 3 3 1 5 3 2 27 12 13 14 13 13 13 13 13 13 13 13 13 13 13 13 13 14 13 13 13 13 13 13 13 12 13 13 13 13 12 13 13 13 13 13 13 13 14 13 13 13 13 13 13 13 13 13 13 13 13 13 14 13 12
1794_0_0 3 5 6 6 7 0 3 2 3 4 3 3 1 2 3 3 27 12 13 13 13 13 14 13 13 13 13 13 13 13 13 13 13 13 13 13 13 14 13 13 13 12 13 13 13 13 12 13 13 13 14 13 13 13 13 13 13 13 13 13 13 13 13 13 13 14 13 13 13 13 12
1795_1_0 3 6 5 8 5 0 2 2 3 2 3 2 4 2 4 3 27 12 13 12 13 13 13 13 13 14 13 13 13 13 13 13 13 13 13 13 14 13 13 13 13 13 13 13 13 13 13 13 13 13 13 14 13 13 13 13 13 13 13 13 13 13 14 13 13 13 13 13 12 13 12
1797_0_0 3 6 5 7 6 1 1 2 4 3 3 2 3 3 1 4 27 12 13 13 13 12 13 13 13 13 13 13 13 13 13 13 14 13 14 13 13 13 13 13 13 13 13 13 13 13 13 13 13 13 13 13 13 14 13 14 13 13 13 13 13 13 13 13 13 13 12 13 13 13 12
1798_1_0 4 5 4 8 6 1 1 2 3 3 3 2 4 1 4 3 27 12 13 12 13 13 13 13 13 13 13 13 13 13 13 13 14 13 13 13 13 13 13 13 14 13 13 13 13 13 13 14 13 13 13 13 13 13 13 14 13 13 13 13 13 13 13 13 13 13 13 13 12 13 12
1800_0_0 4 4 6 5 8 1 1 3 1 3 3 3 2 3 3 4 27 12 13 13 13 13 13 13 14 13 13 12 13 13 13 13 13 13 13 13 13 14 13 13 13 13 13 13 13 13 13 13 13 13 14 13 13 13 13 13 13 13 13 13 12 13 13 14 13 13 13 13 13 13 12
1800_1_2 4 4 8 5 6 1 2 2 4 2 4 3 1 3 3 2 27 12 13 13 13 13 13 13 14 13 13 12 13 13 13 13 13 13 13 13 13 14 13 13 13 13 13 13 13 13 13 13 13 13 14 13 13 13 13 13 13 13 13 13 12 13 13 14 13 13 13 13 13 13 12
1801_1_0 4 4 8 5 6 0 3 3 2 1 3 2 4 3 3 3 27 12 13 13 13 14 13 13 13 13 13 13 13 14 13 13 13 13 13 13 12 13 13 13 13 13 13 13 13 13 13 13 13 13 13 12 13 13 13 13 13 13 14 13 13 13 13 13 13 13 14 13 13 13 12
1803_0_0 4 4 6 5 8 0 2 3 2 2 3 2 2 4 3 4 27 12 13 13 14 13 13 13 13 13 13 13 13 13 13 13 13 14 13 13 13 13 13 13 12 13 13 13 13 13 13 12 13 13 13 13 13 13 14 13 13 13 13 13 13 13 13 13 13 13 13 14 13 13 12
1803_1_0 4 4 8 5 6 0 2 3 2 2 3 2 2 4 3 4 27 12 13 13 14 13 13 13 13 13 13 13 13 13 13 13 13 14 13 13 13 13 13 13 12 13 13 13 13 13 13 12 13 13 13 13 13 13 14 13 13 13 13 13 13 13 13 13 13 13 13 14 13 13 12
1804_0_0 3 6 5 7 6 0 3 1 2 3 3 3 2 3 4 3 27 12 13 14 13 12 13 13 13 13 13 13 13 13 13 13 13 13 13 13 13 14 13 13 13 13 13 13 13 13 13 13 13 13 14 13 13 13 13 13 13 13 13 13 13 13 13 13 13 13 12 13 14 13 12
1805_0_0 4 4 7 5 7 0 3 1 2 3 3 3 2 3 4 3 27 12 13 14 13 12 13 13 13 13 13 13 14 13 13 13 13 13 13 13 13 13 13 13 13 13 13 13 13 13 13 13 13 13 13 13 13 13 13 13 13 13 13 14 13 13 13 13 13 13 12 13 14 13 12
1805_2_0 4 8 5 5 5 0 3 1 2 3 3 3 2 3 4 3 27 12 13 14 13 12 13 13 13 13 13 13 14 13 13 13 13 13 13 13 13 13 13 13 13 13 13 13 13 13 13 13 13 13 13 13 13 13 13 13 13 13 13 14 13 13 13 13 13 13 12 13 14 13 12
1806_1_0 4 5 5 5 8 0 1 3 3 3 3 3 2 3 2 4 27 12 13 13 13 13 13 13 13 13 13 13 13 13 13 13 13 13 14 13 13 13 13 14 13 12 13 13 13 13 12 13 14 13 13 13 13 14 13 13 13 13 13 13 13 13 13 13 13 13 13 13 13 13 12
1807_0_0 3 5 5 6 8 1 2 2 3 4 2 4 2 1 2 4 27 12 13 13 13 13 13 13 13 13 13 13 13 12 13 13 13 13 14 13 13 13 13 13 13 14 13 13 13 13 14 13 13 13 13 13 13 14 13 13 13 13 12 13 13 13 13 13 13 13 13 13 13 13 12
1808_0_0 4 5 4 6 8 0 3 3 2 1 3 2 4 3 3 3 27 12 13 13 13 13 13 12 13 13 13 13 13 13 13 13 14 13 13 13 13 13 13 13 13 13 14 13 13 14 13 13 13 13 13 13 13 13 13 14 13 13 13 13 13 13 13 13 12 13 13 13 13 13 12
1809_0_0 3 6 5 7 6 1 2 2 3 4 3 1 3 4 1 3 27 12 13 14 13 13 13 13 13 13 13 13 13 13 13 13 14 13 13 13 12 13 13 13 13 13 13 13 13 13 13 13 13 13 13 12 13 13 13 14 13 13 13 13 13 13 13 13 13 13 13 13 14 13 12
1810_0_4 4 4 6 5 8 1 2 3 3 1 3 4 2 4 2 2 27 12 13 13 13 13 13 13 13 13 13 12 13 13 14 13 13 13 13 13 13 13 13 14 13 13 13 13 13 13 13 13 14 13 13 13 13 13 13 13 13 14 13 13 12 13 13 13 13 13 13 13 13 13 12
1811_0_0 4 5 4 6 8 0 3 3 2 2 1 3 3 3 3 4 27 12 13 13 13 13 14 13 13 13 13 13 13 13 14 13 13 13 13 13 13 13 13 12 13 13 13 13 13 13 13 13 12 13 13 13 13 13 13 13 13 14 13 13 13 13 13 13 13 14 13 13 13 13 12
1812_0_0 3 6 5 7 6 1 2 1 2 3 2 5 2 2 3 4 27 13 13 13 13 12 13 13 13 13 12 13 13 13 13 13 13 13 13 13 14 13 14 13 13 13 13 13 13 13 13 13 13 14 13 14 13 13 13 13 13 13 13 13 13 12 13 13 13 13 12 13 13 13 13
1814_0_0 3 6 5 7 6 1 1 2 3 2 3 4 1 4 3 3 27 13 13 13 13 12 13 13 13 13 12 13 13 13 13 13 13 13 13 13 14 13 13 14 13 13 13 13 13 13 13 13 14 13 13 14 13 13 13 13 13 13 13 13 13 12 13 13 13 13 12 13 13 13 13
1815_1_0 3 7 6 6 5 1 1 2 3 1 4 2 3 3 3 4 27 13 13 13 13 12 13 13 13 13 12 13 13 13 13 13 13 13 13 13 14 13 13 13 14 13 13 13 13 13 13 14 13 13 13 14 13 13 13 13 13 13 13 13 13 12 13 13 13 13 12 13 13 13 13
1816_0_4 4 4 6 5 8 1 3 2 2 2 2 5 3 2 2 3 27 12 13 13 13 13 13 13 13 13 13 12 13 13 13 13 13 13 13 13 13 13 13 14 13 13 14 13 13 14 13 13 14 13 13 13 13 13 13 13 13 13 13 13 12 13 13 13 13 13 13 13 13 13 12
1817_0_0 3 5 6 6 7 0 3 2 2 4 4 2 2 3 2 3 27 13 13 13 13 12 13 13 13 13 12 13 13 13 13 13 13 13 13 14 14 13 13 13 13 13 13 13 13 13 13 13 13 13 13 14 14 13 13 13 13 13 13 13 13 12 13 13 13 13 12 13 13 13 13
1817_1_0 3 7 6 6 5 0 3 2 2 4 4 2 2 3 2 3 27 13 13 13 13 12 13 13 13 13 12 13 13 13 13 13 13 13 13 14 14 13 13 13 13 13 13 13 13 13 13 13 13 13 13 14 14 13 13 13 13 13 13 13 13 12 13 13 13 13 12 13 13 13 13
1818_0_0 3 6 5 7 6 0 2 3 2 3 1 4 3 3 3 3 27 13 13 13 13 12 13 13 13 13 12 13 13 13 13 13 13 13 13 13 14 13 13 13 13 13 13 14 14 13 13 13 13 13 13 14 13 13 13 13 13 13 13 13 13 12 13 13 13 13 12 13 13 13 13
1819_1_0 3 7 6 6 5 1 2 2 2 3 2 4 1 4 4 2 27 13 13 13 13 12 13 13 13 13 12 13 13 13 13 13 13 13 13 13 14 13 13 13 13 13 14 13 13 14 13 13 13 13 13 14 13 13 13 13 13 13 13 13 13 12 13 13 13 13 12 13 13 13 13
1820_2_0 4 8 5 5 5 1 1 2 4 3 3 2 3 3 1 4 27 12 13 13 13 13 13 13 13 13 13 13 13 14 13 13 13 13 14 13 12 13 13 13 13 13 13 13 13 13 13 13 13 13 13 12 13 14 13 13 13 13 14 13 13 13 13 13 13 13 13 13 13 13 12
1821_1_2 3 6 5 8 5 1 2 4 4 1 4 2 3 2 2 2 27 12 13 13 13 13 13 13 13 14 13 13 13 13 13 14 13 12 13 13 13 13 13 13 13 13 13 13 13 13 13 13 13 13 13 13 13 13 12 13 14 13 13 13 13 13 14 13 13 13 13 13 13 13 12
1823_0_0 3 6 5 7 6 1 2 1 3 2 3 4 1 3 4 3 27 12 13 13 13 13 13 13 13 13 13 13 13 13 14 13 13 13 13 13 12 13 13 14 13 13 13 13 13 13 13 13 14 13 13 12 13 13 13 13 13 14 13 13 13 13 13 13 13 13 13 13 13 13 12
1825_0_0 3 6 5 7 6 1 2 1 3 2 2 3 3 2 4 4 27 13 13 13 13 12 13 13 13 13 13 12 13 13 13 13 13 13 13 14 13 13 13 14 13 13 13 13 13 13 13 13 14 13 13 13 14 13 13 13 13 13 13 13 12 13 13 13 13 13 12 13 13 13 13
1827_0_0 4 4 6 5 8 1 2 1 3 2 3 4 1 3 4 3 27 12 13 13 13 13 13 13 13 12 13 13 14 13 13 13 13 13 13 14 13 13 13 13 13 13 13 13 13 13 13 13 13 13 13 13 14 13 13 13 13 13 13 14 13 13 12 13 13 13 13 13 13 13 12
1829_0_0 3 6 5 7 6 1 2 2 3 3 4 2 1 5 2 2 27 12 13 13 13 13 13 13 13 13 13 14 13 13 13 13 13 13 14 13 12 13 13 13 13 13 13 13 13 13 13 13 13 13 13 12 13 14 13 13 13 13 13 13 14 13 13 13 13 13 13 13 13 13 12
1830_2_0 4 8 5 5 5 1 2 2 3 3 4 2 1 5 2 2 27 12 13 13 13 13 13 13 13 13 13 13 13 13 13 13 13 13 14 13 12 13 14 13 13 13 13 13 13 13 13 13 13 14 13 12 13 14 13 13 13 13 13 13 13 13 13 13 13 13 13 13 13 13 12
1831_1_2 3 8 6 5 5 1 2 1 3 4 2 3 3 2 2 4 27 12 13 14 13 14 13 13 13 13 13 13 13 13 13 13 13 13 13 13 13 13 12 13 13 13 13 13 13 13 13 13 13 12 13 13 13 13 13 13 13 13 13 13 13 13 13 13 13 13 14 13 14 13 12
1832_1_2 4 4 8 5 6 1 2 3 1 3 1 3 2 3 4 4 27 12 13 13 13 13 13 13 13 14 13 13 13 14 13 13 12 13 13 13 13 13 13 13 13 13 13 13 13 13 13 13 13 13 13 13 13 13 13 12 13 13 14 13 13 13 14 13 13 13 13 13 13 13 12
1833_1_2 3 8 6 5 5 1 1 2 3 2 3 2 3 3 2 5 27 12 13 13 13 14 13 13 13 13 12 13 13 13 13 13 13 13 13 13 13 13 13 13 13 14 13 13 13 13 14 13 13 13 13 13 13 13 13 13 13 13 13 13 13 12 13 13 13 13 14 13 13 13 12
1834_1_2 3 8 6 5 5 1 2 2 3 3 3 1 5 3 2 2 27 12 13 13 13 13 13 13 13 13 14 13 13 13 13 12 13 13 13 13 14 13 13 13 13 13 13 13 13 13 13 13 13 13 13 14 13 13 13 13 12 13 13 13 13 14 13 13 13 13 13 13 13 13 12
1835_0_6 4 5 4 6 8 1 2 3 1 3 4 4 2 2 1 4 27 12 13 13 13 13 13 12 13 13 13 14 13 13 13 13 14 13 13 13 13 13 13 13 13 13 13 13 13 13 13 13 13 13 13 13 13 13 13 14 13 13 13 13 14 13 13 13 12 13 13 13 13 13 12
1835_1_6 4 5 4 8 6 1 2 3 1 3 4 4 2 2 1 4 27 12 13 13 13 13 13 12 13 13 13 14 13 13 13 13 14 13 13 13 13 13 13 13 13 13 13 13 13 13 13 13 13 13 13 13 13 13 13 14 13 13 13 13 14 13 13 13 12 13 13 13 13 13 12
1837_0_2 3 5 5 6 8 1 2 3 2 3 1 4 4 3 1 3 27 12 13 13 13 13 13 13 13 13 13 13 13 13 13 14 13 13 13 13 14 13 13 13 13 12 13 13 13 13 12 13 13 13 13 14 13 13 13 13 14 13 13 13 13 13 13 13 13 13 13 13 13 13 12
1838_1_0 3 8 6 5 5 1 1 2 4 1 4 3 2 3 3 3 27 12 13 13 13 12 13 13 13 13 13 13 13 13 13 14 13 13 13 13 13 13 13 13 13 14 13 13 13 13 14 13 13 13 13 13 13 13 13 13 14 13 13 13 13 13 13 13 13 13 12 13 13 13 12
1839_1_2 3 8 6 5 5 1 1 2 3 2 3 2 4 2 3 4 27 13 13 13 13 12 13 13 13 13 13 12 13 13 13 14 13 13 13 13 13 13 13 13 13 14 13 13 13 13 14 13 13 13 13 13 13 13 13 13 14 13 13 13 12 13 13 13 13 13 12 13 13 13 13
1840_1_0 3 6 7 5 6 1 1 3 2 3 1 3 3 3 3 4 27 13 13 13 13 12 13 13 13 13 13 12 13 13 13 13 13 13 13 13 13 13 13 13 13 13 14 14 14 14 13 13 13 13 13 13 13 13 13 13 13 13 13 13 12 13 13 13 13 13 12 13 13 13 13
1841_1_0 3 8 6 5 5 0 2 3 2 3 1 4 3 3 3 3 27 12 13 13 13 13 13 12 13 13 13 13 13 13 13 13 13 13 14 13 14 13 13 13 13 13 13 13 13 13 13 13 13 13 13 14 13 14 13 13 13 13 13 13 13 13 13 13 12 13 13 13 13 13 12
1842_1_2 4 5 4 8 6 1 2 1 2 4 2 2 3 4 2 4 27 12 13 12 13 13 13 13 13 14 13 13 13 13 13 13 13 13 13 13 13 13 13 13 14 13 13 13 13 13 13 14 13 13 13 13 13 13 13 13 13 13 13 13 13 13 14 13 13 13 13 13 12 13 12
1844_0_2 3 5 5 6 8 1 1 2 5 2 3 3 2 3 2 3 27 12 13 12 13 13 13 13 13 13 14 13 13 13 13 13 13 13 14 13 13 13 13 13 13 13 13 13 13 13 13 13 13 13 13 13 13 14 13 13 13 13 13 13 13 14 13 13 13 13 13 13 12 13 12
1845_0_2 3 6 5 7 6 1 2 2 3 2 3 3 1 5 3 2 27 12 13 13 13 13 14 13 13 13 13 13 13 14 13 13 13 13 13 13 12 13 13 13 13 13 13 13 13 13 13 13 13 13 13 12 13 13 13 13 13 13 14 13 13 13 13 13 13 14 13 13 13 13 12
1846_0_2 4 4 6 5 8 1 2 1 3 4 2 3 3 2 2 4 27 12 13 14 13 13 13 13 13 13 13 12 13 13 13 13 14 13 13 13 13 13 13 13 13 13 13 13 13 13 13 13 13 13 13 13 13 13 13 14 13 13 13 13 12 13 13 13 13 13 13 13 14 13 12
1847_1_0 4 4 8 5 6 0 2 4 3 2 3 3 3 3 1 3 27 12 13 13 13 13 13 13 13 13 13 13 13 13 13 13 13 13 13 14 13 13 13 14 13 13 12 13 13 12 13 13 14 13 13 13 14 13 13 13 13 13 13 13 13 13 13 13 13 13 13 13 13 13 12
1848_1_2 3 6 7 5 6 1 2 2 3 2 3 3 1 5 3 2 27 12 13 14 13 13 13 13 13 13 13 13 13 13 13 13 14 13 13 13 13 13 13 13 13 12 13 13 13 13 12 13 13 13 13 13 13 13 13 14 13 13 13 13 13 13 13 13 13 13 13 13 14 13 12
1850_0_2 4 4 7 5 7 1 2 1 3 2 3 3 3 1 4 4 27 12 13 13 13 13 13 14 13 13 13 13 13 13 13 13 13 13 14 13 12 13 13 13 13 13 13 13 13 13 13 13 13 13 13 12 13 14 13 13 13 13 13 13 13 13 13 13 14 13 13 13 13 13 12
1850_2_2 4 8 5 5 5 1 2 1 3 2 3 3 3 1 4 4 27 12 13 13 13 13 13 14 13 13 13 13 13 13 13 13 13 13 14 13 12 13 13 13 13 13 13 13 13 13 13 13 13 13 13 12 13 14 13 13 13 13 13 13 13 13 13 13 14 13 13 13 13 13 12
1851_1_0 4 4 8 5 6 1 1 3 2 3 1 3 3 3 3 4 27 12 13 13 13 13 13 14 13 13 13 12 13 13 13 13 13 13 13 13 13 14 13 13 13 13 13 13 13 13 13 13 13 13 14 13 13 13 13 13 13 13 13 13 12 13 13 13 14 13 13 13 13 13 12
1852_0_2 4 4 7 5 7 1 2 1 4 2 4 4 1 2 3 3 27 12 13 13 13 13 13 13 13 13 13 13 13 13 13 13 13 13 14 13 13 13 14 13 13 12 13 13 13 13 12 13 13 14 13 13 13 14 13 13 13 13 13 13 13 13 13 13 13 13 13 13 13 13 12
1852_1_2 4 5 5 5 8 1 2 1 4 2 4 4 1 2 3 3 27 12 13 13 13 13 13 13 13 13 13 13 13 13 13 13 13 13 14 13 13 13 14 13 13 12 13 13 13 13 12 13 13 14 13 13 13 14 13 13 13 13 13 13 13 13 13 13 13 13 13 13 13 13 12
1852_2_2 4 8 5 5 5 1 2 1 4 2 4 4 1 2 3 3 27 12 13 13 13 13 13 13 13 13 13 13 13 13 13 13 13 13 14 13 13 13 14 13 13 12 13 13 13 13 12 13 13 14 13 13 13 14 13 13 13 13 13 13 13 13 13 13 13 13 13 13 13 13 12
1853_1_0 3 6 7 5 6 1 1 2 4 3 3 2 3 3 1 4 27 12 13 13 14 13 13 13 13 13 13 13 13 14 13 13 13 13 13 13 12 13 13 13 13 13 13 13 13 13 13 13 13 13 13 12 13 13 13 13 13 13 14 13 13 13 13 13 13 13 13 14 13 13 12
1856_0_0 3 6 6 6 6 0 2 4 3 2 3 3 3 3 1 3 27 13 13 13 13 12 13 13 13 13 13 13 13 13 13 12 13 13 13 14 13 13 13 13 13 13 13 14 14 13 13 13 13 13 13 13 14 13 13 13 12 13 13 13 13 13 13 13 13 13 12 13 13 13 13
1858_0_2 4 5 4 6 8 1 2 1 3 4 2 3 3 2 2 4 27 12 13 13 13 13 14 13 13 13 13 13 13 13 13 13 13 13 13 14 13 13 12 13 13 13 13 13 13 13 13 13 13 12 13 13 14 13 13 13 13 13 13 13 13 13 13 13 13 14 13 13 13 13 12
1859_1_0 4 4 8 5 6 0 3 1 2 4 3 3 2 3 3 3 27 12 13 13 12 13 13 13 13 13 13 13 13 14 13 13 13 13 13 13 13 13 13 13 14 13 13 13 13 13 13 14 13 13 13 13 13 13 13 13 13 13 14 13 13 13 13 13 13 13 13 12 13 13 12
1860_1_2 4 4 8 5 6 1 1 2 3 2 3 2 3 3 2 5 27 12 13 13 13 13 13 13 13 13 12 13 13 13 13 13 13 14 13 13 13 13 13 13 13 14 13 13 13 13 14 13 13 13 13 13 13 13 14 13 13 13 13 13 13 12 13 13 13 13 13 13 13 13 12
1861_1_2 3 6 5 8 5 1 3 2 2 2 3 1 3 2 5 3 27 12 13 13 13 13 13 13 13 13 13 13 12 13 13 13 13 13 13 13 14 13 13 13 13 13 14 13 13 14 13 13 13 13 13 14 13 13 13 13 13 13 13 12 13 13 13 13 13 13 13 13 13 13 12
1862_1_2 3 8 6 5 5 1 2 1 3 4 2 3 3 2 2 4 27 12 13 13 13 14 13 13 14 13 13 13 13 13 13 13 13 13 13 13 13 13 12 13 13 13 13 13 13 13 13 13 13 12 13 13 13 13 13 13 13 13 13 13 13 13 13 14 13 13 14 13 13 13 12
1864_0_2 4 4 6 5 8 1 2 2 3 5 2 2 3 3 1 3 27 12 13 13 13 13 12 13 13 13 13 13 13 13 14 13 13 13 13 13 13 13 13 14 13 13 13 13 13 13 13 13 14 13 13 13 13 13 13 13 13 14 13 13 13 13 13 13 13 12 13 13 13 13 12
1865_1_0 4 5 5 5 8 0 2 4 3 2 3 3 3 3 1 3 27 12 13 14 13 13 13 13 13 13 13 13 13 13 13 12 13 13 13 13 13 13 13 14 13 13 13 13 13 13 13 13 14 13 13 13 13 13 13 13 12 13 13 13 13 13 13 13 13 13 13 13 14 13 12
1866_0_4 3 6 5 7 6 1 1 3 2 3 4 2 3 1 4 3 27 12 13 13 13 13 13 13 13 13 13 13 13 13 13 13 13 14 13 13 12 13 13 13 13 13 14 13 13 14 13 13 13 13 13 12 13 13 14 13 13 13 13 13 13 13 13 13 13 13 13 13 13 13 12
1866_1_4 3 6 7 5 6 1 1 3 2 3 4 2 3 1 4 3 27 12 13 13 13 13 13 13 13 13 13 13 13 13 13 13 13 14 13 13 12 13 13 13 13 13 14 13 13 14 13 13 13 13 13 12 13 13 14 13 13 13 13 13 13 13 13 13 13 13 13 13 13 13 12
1867_1_0 3 6 7 5 6 0 2 2 3 3 1 3 4 3 2 4 27 12 13 13 13 13 13 13 13 13 12 13 13 13 13 13 13 13 13 14 13 13 14 13 13 13 13 13 13 13 13 13 13 14 13 13 14 13 13 13 13 13 13 13 13 12 13 13 13 13 13 13 13 13 12
1869_1_0 4 4 8 5 6 1 1 2 3 2 2 2 3 4 2 5 27 12 13 12 13 13 13 13 13 13 13 13 13 14 13 13 13 13 13 13 13 13 14 13 13 13 13 13 13 13 13 13 13 14 13 13 13 13 13 13 13 13 14 13 13 13 13 13 13 13 13 13 12 13 12
1870_1_2 4 4 8 5 6 1 2 2 3 2 3 3 1 5 3 2 27 12 13 13 13 13 14 13 13 13 13 13 13 13 13 13 13 13 14 13 13 13 13 13 13 13 12 13 13 12 13 13 13 13 13 13 13 14 13 13 13 13 13 13 13 13 13 13 13 14 13 13 13 13 12
1872_0_2 3 6 5 7 6 1 2 3 2 3 1 4 4 3 1 3 27 12 13 13 13 13 13 14 13 14 13 13 13 13 13 13 13 13 13 13 13 13 13 13 13 12 13 13 13 13 12 13 13 13 13 13 13 13 13 13 13 13 13 13 13 13 14 13 14 13 13 13 13 13 12
1873_1_0 3 8 6 5 5 0 1 3 3 3 2 3 3 3 2 4 27 12 13 13 13 13 13 13 13 13 14 13 13 12 13 13 13 13 14 13 13 13 13 13 13 13 13 13 13 13 13 13 13 13 13 13 13 14 13 13 13 13 12 13 13 14 13 13 13 13 13 13 13 13 12
1875_0_2 3 5 7 5 7 1 1 2 5 2 3 3 2 3 2 3 27 12 13 13 13 13 13 14 13 13 13 13 13 13 13 13 13 13 13 12 13 13 13 14 13 13 13 13 13 13 13 13 14 13 13 13 12 13 13 13 13 13 13 13 13 13 13 13 14 13 13 13 13 13 12
1876_1_0 4 5 4 8 6 1 2 3 4 2 4 2 1 3 2 3 27 12 13 13 13 13 14 13 13 14 13 13 13 13 13 13 13 13 13 13 13 13 12 13 13 13 13 13 13 13 13 13 13 12 13 13 13 13 13 13 13 13 13 13 13 13 14 13 13 14 13 13 13 13 12
1877_0_6 4 4 6 5 8 1 2 3 1 3 4 4 2 2 1 4 27 12 13 13 12 13 13 13 13 13 13 14 13 13 13 13 13 14 13 13 13 13 13 13 13 13 13 13 13 13 13 13 13 13 13 13 13 13 14 13 13 13 13 13 14 13 13 13 13 13 13 12 13 13 12
1877_1_6 4 4 8 5 6 1 2 3 1 3 4 4 2 2 1 4 27 12 13 13 12 13 13 13 13 13 13 14 13 13 13 13 13 14 13 13 13 13 13 13 13 13 13 13 13 13 13 13 13 13 13 13 13 13 14 13 13 13 13 13 14 13 13 13 13 13 13 12 13 13 12
1878_0_6 3 6 5 7 6 1 2 3 1 4 2 2 3 5 2 2 27 12 13 13 14 13 13 13 13 13 13 13 13 13 13 13 13 13 13 13 13 13 14 13 13 12 13 13 13 13 12 13 13 14 13 13 13 13 13 13 13 13 13 13 13 13 13 13 13 13 13 14 13 13 12
1878_1_6 3 6 7 5 6 1 2 3 1 4 2 2 3 5 2 2 27 12 13 13 14 13 13 13 13 13 13 13 13 13 13 13 13 13 13 13 13 13 14 13 13 12 13 13 13 13 12 13 13 14 13 13 13 13 13 13 13 13 13 13 13 13 13 13 13 13 13 14 13 13 12
1880_0_2 3 5 8 5 6 1 2 3 4 3 3 1 3 1 2 4 27 12 13 13 13 13 13 12 13 13 13 13 13 13 13 13 14 13 13 13 13 13 13 13 13 14 13 13 13 13 14 13 13 13 13 13 13 13 13 14 13 13 13 13 13 13 13 13 12 13 13 13 13 13 12
1881_0_2 4 4 7 5 7 1 3 2 2 2 3 1 3 2 5 3 27 12 13 13 13 13 13 14 13 13 12 13 13 14 13 13 13 13 13 13 13 13 13 13 13 13 13 13 13 13 13 13 13 13 13 13 13 13 13 13 13 13 14 13 13 12 13 13 14 13 13 13 13 13 12
1881_2_2 4 8 5 5 5 1 3 2 2 2 3 1 3 2 5 3 27 12 13 13 13 13 13 14 13 13 12 13 13 14 13 13 13 13 13 13 13 13 13 13 13 13 13 13 13 13 13 13 13 13 13 13 13 13 13 13 13 13 14 13 13 12 13 13 14 13 13 13 13 13 12
1882_0_6 4 4 6 5 8 1 2 5 3 2 2 3 2 3 1 3 27 12 13 13 13 13 13 13 13 13 13 13 13 13 13 14 13 13 13 13 12 13 13 13 13 13 13 14 14 13 13 13 13 13 13 12 13 13 13 13 14 13 13 13 13 13 13 13 13 13 13 13 13 13 12
1882_1_6 4 4 8 5 6 1 2 5 3 2 2 3 2 3 1 3 27 12 13 13 13 13 13 13 13 13 13 13 13 13 13 14 13 13 13 13 12 13 13 13 13 13 13 14 14 13 13 13 13 13 13 12 13 13 13 13 14 13 13 13 13 13 13 13 13 13 13 13 13 13 12
1884_1_0 4 5 5 5 8 1 2 2 3 3 4 2 1 5 2 2 27 12 13 13 13 13 13 14 13 13 13 13 13 13 13 13 13 13 13 13 12 13 14 13 13 13 13 13 13 13 13 13 13 14 13 12 13 13 13 13 13 13 13 13 13 13 13 13 14 13 13 13 13 13 12
1886_0_0 3 6 5 7 6 1 1 3 2 2 3 3 1 5 3 3 27 12 13 13 13 13 13 14 13 13 13 14 13 13 13 12 13 13 13 13 13 13 13 13 13 13 13 13 13 13 13 13 13 13 13 13 13 13 13 13 12 13 13 13 14 13 13 13 14 13 13 13 13 13 12
1888_0_0 3 5 7 5 7 0 2 3 2 2 3 2 2 4 3 4 27 12 13 13 13 13 13 14 13 13 13 13 13 13 13 13 13 13 13 13 13 13 13 13 12 13 13 14 14 13 13 12 13 13 13 13 13 13 13 13 13 13 13 13 13 13 13 13 14 13 13 13 13 13 12
1888_1_0 3 7 5 7 5 0 2 3 2 2 3 2 2 4 3 4 27 12 13 13 13 13 13 14 13 13 13 13 13 13 13 13 13 13 13 13 13 13 13 13 12 13 13 14 14 13 13 12 13 13 13 13 13 13 13 13 13 13 13 13 13 13 13 13 14 13 13 13 13 13 12
1889_0_0 4 4 7 5 7 1 1 2 4 3 3 2 3 3 1 4 27 12 13 13 13 12 13 14 13 13 13 13 13 13 13 13 13 14 13 13 13 13 13 13 13 13 13 13 13 13 13 13 13 13 13 13 13 13 14 13 13 13 13 13 13 13 13 13 14 13 12 13 13 13 12
1890_1_0 4 5 5 5 8 1 1 2 3 3 3 3 3 1 5 2 27 12 13 13 13 13 13 13 13 13 13 13 14 13 13 13 13 13 13 13 13 13 14 13 13 12 13 13 13 13 12 13 13 14 13 13 13 13 13 13 13 13 13 14 13 13 13 13 13 13 13 13 13 13 12
1891_1_0 4 4 8 5 6 0 1 3 3 3 3 3 2 3 2 4 27 12 13 13 13 13 13 13 13 13 13 13 13 13 13 13 13 13 13 12 13 13 13 14 13 13 14 13 13 14 13 13 14 13 13 13 12 13 13 13 13 13 13 13 13 13 13 13 13 13 13 13 13 13 12
1892_1_0 4 5 5 5 8 0 2 2 3 3 1 3 4 3 2 4 27 12 13 13 13 13 13 13 14 13 12 13 13 13 13 13 13 13 13 13 13 13 14 13 13 13 13 13 13 13 13 13 13 14 13 13 13 13 13 13 13 13 13 13 13 12 13 14 13 13 13 13 13 13 12
1893_0_0 4 4 7 5 7 0 2 2 3 3 4 2 3 1 4 3 27 12 13 13 13 13 13 13 13 13 13 13 13 13 13 13 13 14 13 13 13 13 14 13 13 12 13 13 13 13 12 13 13 14 13 13 13 13 14 13 13 13 13 13 13 13 13 13 13 13 13 13 13 13 12
1894_0_2 3 5 5 6 8 1 2 1 3 2 3 3 3 1 5 3 27 12 13 13 13 13 13 13 13 13 13 13 12 13 13 13 13 13 13 13 13 13 14 13 13 14 13 13 13 13 14 13 13 14 13 13 13 13 13 13 13 13 13 12 13 13 13 13 13 13 13 13 13 13 12
1895_0_2 4 4 7 5 7 0 3 2 3 2 1 4 3 3 3 3 27 12 13 13 13 13 13 13 13 13 12 13 13 14 13 13 13 14 13 13 13 13 13 13 13 13 13 13 13 13 13 13 13 13 13 13 13 13 14 13 13 13 14 13 13 12 13 13 13 13 13 13 13 13 12
1895_1_2 4 5 5 5 8 0 3 2 3 2 1 4 3 3 3 3 27 12 13 13 13 13 13 13 13 13 12 13 13 14 13 13 13 14 13 13 13 13 13 13 13 13 13 13 13 13 13 13 13 13 13 13 13 13 14 13 13 13 14 13 13 12 13 13 13 13 13 13 13 13 12
1895_2_2 4 8 5 5 5 0 3 2 3 2 1 4 3 3 3 3 27 12 13 13 13 13 13 13 13 13 12 13 13 14 13 13 13 14 13 13 13 13 13 13 13 13 13 13 13 13 13 13 13 13 13 13 13 13 14 13 13 13 14 13 13 12 13 13 13 13 13 13 13 13 12
1896_1_0 3 7 5 7 5 1 1 2 4 1 3 3 2 4 3 3 27 12 13 13 12 13 13 13 13 13 13 13 13 13 13 13 13 14 13 13 13 13 13 14 13 13 13 13 13 13 13 13 14 13 13 13 13 13 14 13 13 13 13 13 13 13 13 13 13 13 13 12 13 13 12
1897_1_2 3 6 7 5 6 1 2 1 3 3 3 3 4 1 2 4 27 12 13 14 13 12 13 13 13 13 13 13 13 13 13 13 13 13 13 14 13 13 13 13 13 13 13 13 13 13 13 13 13 13 13 13 14 13 13 13 13 13 13 13 13 13 13 13 13 13 12 13 14 13 12
1899_0_0 3 6 6 6 6 0 2 2 2 2 3 2 3 3 4 4 27 13 13 13 13 12 13 13 13 13 13 13 13 13 13 12 13 13 13 13 13 14 13 14 13 13 13 13 13 13 13 13 14 13 14 13 13 13 13 13 12 13 13 13 13 13 13 13 13 13 12 13 13 13 13
1900_0_4 3 5 7 5 7 1 1 2 2 3 2 3 3 3 2 5 27 12 13 13 13 13 12 13 14 13 13 13 13 14 13 13 13 13 13 13 13 13 13 13 13 13 13 13 13 13 13 13 13 13 13 13 13 13 13 13 13 13 14 13 13 13 13 14 13 12 13 13 13 13 12
1900_1_4 3 7 5 7 5 1 1 2 2 3 2 3 3 3 2 5 27 12 13 13 13 13 12 13 14 13 13 13 13 14 13 13 13 13 13 13 13 13 13 13 13 13 13 13 13 13 13 13 13 13 13 13 13 13 13 13 13 13 14 13 13 13 13 14 13 12 13 13 13 13 12
1901_1_0 4 5 4 8 6 1 1 2 3 3 3 2 4 1 4 3 27 12 13 12 13 13 13 13 13 14 13 13 13 13 13 13 14 13 13 13 13 13 13 13 13 13 13 13 13 13 13 13 13 13 13 13 13 13 13 14 13 13 13 13 13 13 14 13 13 13 13 13 12 13 12
1902_2_0 4 8 5 5 5 0 2 3 2 3 1 4 3 3 3 3 27 12 14 13 13 12 13 13 13 13 13 13 13 13 13 13 13 13 13 13 13 13 13 13 13 13 13 14 14 13 13 13 13 13 13 13 13 13 13 13 13 13 13 13 13 13 13 13 13 13 12 13 13 14 12
1903_1_2 3 7 5 7 5 1 2 2 3 5 2 2 3 3 1 3 27 12 13 13 13 13 13 13 14 13 13 13 13 13 13 13 12 13 13 13 13 13 13 14 13 13 13 13 13 13 13 13 14 13 13 13 13 13 13 12 13 13 13 13 13 13 13 14 13 13 13 13 13 13 12
1905_1_0 4 5 5 5 8 0 1 3 3 3 2 3 3 3 2 4 27 12 13 13 13 13 13 13 13 13 13 13 13 13 13 13 13 13 14 13 12 13 13 14 13 13 13 13 13 13 13 13 14 13 13 12 13 14 13 13 13 13 13 13 13 13 13 13 13 13 13 13 13 13 12
1906_0_4 3 6 5 7 6 1 1 3 2 3 4 2 3 1 4 3 27 12 13 13 13 13 14 13 13 13 13 13 13 13 13 13 13 13 14 13 12 13 13 13 13 13 13 13 13 13 13 13 13 13 13 12 13 14 13 13 13 13 13 13 13 13 13 13 13 14 13 13 13 13 12
1906_1_4 3 6 7 5 6 1 1 3 2 3 4 2 3 1 4 3 27 12 13 13 13 13 14 13 13 13 13 13 13 13 13 13 13 13 14 13 12 13 13 13 13 13 13 13 13 13 13 13 13 13 13 12 13 14 13 13 13 13 13 13 13 13 13 13 13 14 13 13 13 13 12
1907_1_0 3 8 6 5 5 0 3 3 2 2 1 3 3 3 3 4 27 12 13 13 13 13 13 13 13 13 13 13 12 13 13 13 13 14 13 13 13 13 13 13 13 14 13 13 13 13 14 13 13 13 13 13 13 13 14 13 13 13 13 12 13 13 13 13 13 13 13 13 13 13 12
1908_2_0 4 8 5 5 5 1 2 3 1 3 1 3 2 3 5 3 27 12 13 13 13 12 13 13 13 13 13 13 14 13 13 13 13 13 13 13 13 13 14 13 13 13 13 13 13 13 13 13 13 14 13 13 13 13 13 13 13 13 13 14 13 13 13 13 13 13 12 13 13 13 12
1909_1_2 3 6 7 5 6 1 2 2 3 2 3 3 1 5 3 2 27 12 13 13 13 13 14 13 13 13 13 13 13 13 13 12 13 13 14 13 13 13 13 13 13 13 13 13 13 13 13 13 13 13 13 13 13 14 13 13 12 13 13 13 13 13 13 13 13 14 13 13 13 13 12
1911_0_2 3 6 5 7 6 1 2 3 1 3 1 3 2 3 4 4 27 12 13 13 13 12 13 13 13 14 13 13 13 14 13 13 13 13 13 13 13 13 13 13 13 13 13 13 13 13 13 13 13 13 13 13 13 13 13 13 13 13 14 13 13 13 14 13 13 13 12 13 13 13 12
1912_0_2 3 5 5 6 8 1 2 1 3 4 2 3 3 2 2 4 27 12 13 13 13 13 13 13 13 13 13 13 13 13 13 13 13 14 13 13 13 13 12 13 13 14 13 13 13 13 14 13 13 12 13 13 13 13 14 13 13 13 13 13 13 13 13 13 13 13 13 13 13 13 12
1913_1_0 3 6 7 5 6 1 1 2 4 3 3 2 3 3 1 4 27 12 13 13 13 13 13 13 13 13 13 13 13 13 13 13 13 13 14 13 12 13 13 13 14 13 13 13 13 13 13 14 13 13 13 12 13 14 13 13 13 13 13 13 13 13 13 13 13 13 13 13 13 13 12
1915_1_0 3 6 7 5 6 1 1 3 1 3 3 2 3 2 5 3 27 12 13 13 13 13 13 13 13 13 13 14 13 13 13 13 13 13 13 13 12 13 13 14 13 13 13 13 13 13 13 13 14 13 13 12 13 13 13 13 13 13 13 13 14 13 13 13 13 13 13 13 13 13 12
1916_0_6 4 4 6 5 8 1 2 3 1 3 4 4 2 2 1 4 27 12 13 13 13 14 13 13 13 13 13 13 13 13 13 12 13 13 13 13 13 13 14 13 13 13 13 13 13 13 13 13 13 14 13 13 13 13 13 13 12 13 13 13 13 13 13 13 13 13 14 13 13 13 12
1916_1_6 4 4 8 5 6 1 2 3 1 3 4 4 2 2 1 4 27 12 13 13 13 14 13 13 13 13 13 13 13 13 13 12 13 13 13 13 13 13 14 13 13 13 13 13 13 13 13 13 13 14 13 13 13 13 13 13 12 13 13 13 13 13 13 13 13 13 14 13 13 13 12
1918_1_0 4 4 8 5 6 1 1 2 4 3 3 2 3 3 1 4 27 12 13 13 13 13 12 13 13 13 13 13 13 13 13 13 14 13 14 13 13 13 13 13 13 13 13 13 13 13 13 13 13 13 13 13 13 14 13 14 13 13 13 13 13 13 13 13 13 12 13 13 13 13 12
1919_1_2 4 4 8 5 6 1 2 3 3 2 2 3 5 1 3 2 27 12 13 13 13 13 13 14 13 13 13 13 13 13 13 13 13 13 13 13 12 13 13 13 13 14 13 13 13 13 14 13 13 13 13 12 13 13 13 13 13 13 13 13 13 13 13 13 14 13 13 13 13 13 12
1921_1_0 3 6 7 5 6 1 1 3 2 2 3 3 1 5 3 3 27 12 13 13 13 12 13 13 13 13 13 13 13 13 13 13 14 13 13 13 13 13 14 13 13 13 13 13 13 13 13 13 13 14 13 13 13 13 13 14 13 13 13 13 13 13 13 13 13 13 12 13 13 13 12
1923_1_0 4 5 5 5 8 1 1 3 1 3 3 2 3 2 5 3 27 12 13 13 13 13 13 13 13 13 13 13 14 13 13 13 13 13 13 13 12 13 14 13 13 13 13 13 13 13 13 13 13 14 13 12 13 13 13 13 13 13 13 14 13 13 13 13 13 13 13 13 13 13 12
1925_0_0 4 4 6 5 8 0 3 2 3 4 3 3 1 2 3 3 27 12 13 13 13 13 13 13 13 13 14 13 13 13 13 13 13 14 13 13 13 13 13 13 13 12 13 13 13 13 12 13 13 13 13 13 13 13 14 13 13 13 13 13 13 14 13 13 13 13 13 13 13 13 12
1926_1_0 4 5 5 5 8 1 2 2 2 3 2 4 1 4 4 2 27 12 13 13 13 12 13 14 13 13 13 13 13 14 13 13 13 13 13 13 13 13 13 13 13 13 13 13 13 13 13 13 13 13 13 13 13 13 13 13 13 13 14 13 13 13 13 13 14 13 12 13 13 13 12
1927_0_0 3 6 5 7 6 0 3 2 3 4 3 3 1 2 3 3 27 12 13 13 13 13 14 13 13 13 13 13 13 13 13 13 13 13 13 13 13 13 13 14 13 12 13 13 13 13 12 13 14 13 13 13 13 13 13 13 13 13 13 13 13 13 13 13 13 14 13 13 13 13 12
1928_0_4 3 6 5 7 6 1 2 2 4 3 1 4 3 3 2 2 27 13 13 13 13 12 13 13 13 13 13 12 13 13 13 13 13 13 13 13 13 14 13 13 13 13 13 14 14 13 13 13 13 13 14 13 13 13 13 13 13 13 13 13 12 13 13 13 13 13 12 13 13 13 13
1929_0_0 4 4 7 5 7 1 1 3 3 1 3 2 4 3 3 3 27 13 13 13 13 12 13 13 13 13 13 12 13 13 13 13 13 14 13 13 13 13 13 14 13 13 13 13 13 13 13 13 14 13 13 13 13 13 14 13 13 13 13 13 12 13 13 13 13 13 12 13 13 13 13
1929_1_2 4 5 5 5 8 1 2 2 3 2 2 2 5 3 2 3 27 13 13 13 13 12 13 13 13 13 13 12 13 13 13 13 13 14 13 13 13 13 13 14 13 13 13 13 13 13 13 13 14 13 13 13 13 13 14 13 13 13 13 13 12 13 13 13 13 13 12 13 13 13 13
1929_2_4 4 8 5 5 5 1 2 2 4 3 1 4 3 3 2 2 27 13 13 13 13 12 13 13 13 13 13 12 13 13 13 13 13 14 13 13 13 13 13 14 13 13 13 13 13 13 13 13 14 13 13 13 13 13 14 13 13 13 13 13 12 13 13 13 13 13 12 13 13 13 13
1931_1_0 3 8 6 5 5 1 1 2 4 3 3 2 3 3 1 4 27 12 13 13 13 13 13 13 13 13 13 13 13 12 13 13 13 13 14 13 14 13 13 13 13 13 13 13 13 13 13 13 13 13 13 14 13 14 13 13 13 13 12 13 13 13 13 13 13 13 13 13 13 13 12
1932_1_0 3 7 5 7 5 1 1 2 3 2 4 3 2 3 2 4 27 12 13 13 13 13 13 13 13 13 13 12 13 14 13 13 13 13 13 13 13 13 13 14 13 13 13 13 13 13 13 13 14 13 13 13 13 13 13 13 13 13 14 13 12 13 13 13 13 13 13 13 13 13 12
1933_0_2 3 5 8 5 6 1 2 1 3 3 1 3 3 3 3 4 27 12 13 13 13 13 13 13 13 13 14 13 13 13 13 13 13 13 13 13 13 13 12 13 14 13 13 13 13 13 13 14 13 12 13 13 13 13 13 13 13 13 13 13 13 14 13 13 13 13 13 13 13 13 12
1933_1_4 3 6 5 8 5 1 2 2 5 2 3 3 2 2 3 2 27 12 13 13 13 13 13 13 13 13 14 13 13 13 13 13 13 13 13 13 13 13 12 13 14 13 13 13 13 13 13 14 13 12 13 13 13 13 13 13 13 13 13 13 13 14 13 13 13 13 13 13 13 13 12
1934_1_0 3 8 6 5 5 1 1 2 3 2 4 3 2 3 2 4 27 12 13 13 13 13 13 13 13 13 14 13 13 14 13 13 13 13 13 13 13 13 12 13 13 13 13 13 13 13 13 13 13 12 13 13 13 13 13 13 13 13 14 13 13 14 13 13 13 13 13 13 13 13 12
1935_0_2 3 5 5 6 8 1 2 1 3 3 1 3 3 3 3 4 27 12 13 13 13 13 13 13 13 13 13 13 14 13 13 13 13 13 13 13 14 13 12 13 13 13 13 13 13 13 13 13 13 12 13 14 13 13 13 13 13 13 13 14 13 13 13 13 13 13 13 13 13 13 12
1935_1_4 3 8 6 5 5 1 2 2 5 2 3 3 2 2 3 2 27 12 13 13 13 13 13 13 13 13 13 13 14 13 13 13 13 13 13 13 14 13 12 13 13 13 13 13 13 13 13 13 13 12 13 14 13 13 13 13 13 13 13 14 13 13 13 13 13 13 13 13 13 13 12
1937_0_2 4 4 7 5 7 1 2 2 3 2 4 2 2 5 2 2 27 12 13 13 13 13 13 13 14 13 13 13 13 14 13 12 13 13 13 13 13 13 13 13 13 13 13 13 13 13 13 13 13 13 13 13 13 13 13 13 12 13 14 13 13 13 13 14 13 13 13 13 13 13 12
1937_2_2 4 8 5 5 5 1 2 2 3 2 4 2 2 5 2 2 27 12 13 13 13 13 13 13 14 13 13 13 13 14 13 12 13 13 13 13 13 13 13 13 13 13 13 13 13 13 13 13 13 13 13 13 13 13 13 13 12 13 14 13 13 13 13 14 13 13 13 13 13 13 12
1938_0_6 4 4 7 5 7 1 2 3 1 3 4 4 2 2 1 4 27 12 13 13 13 13 13 13 13 13 13 13 13 13 13 12 13 14 13 13 13 13 14 13 13 13 13 13 13 13 13 13 13 14 13 13 13 13 14 13 12 13 13 13 13 13 13 13 13 13 13 13 13 13 12
1938_1_6 4 5 5 5 8 1 2 3 1 3 4 4 2 2 1 4 27 12 13 13 13 13 13 13 13 13 13 13 13 13 13 12 13 14 13 13 13 13 14 13 13 13 13 13 13 13 13 13 13 14 13 13 13 13 14 13 12 13 13 13 13 13 13 13 13 13 13 13 13 13 12
1938_2_6 4 8 5 5 5 1 2 3 1 3 4 4 2 2 1 4 27 12 13 13 13 13 13 13 13 13 13 13 13 13 13 12 13 14 13 13 13 13 14 13 13 13 13 13 13 13 13 13 13 14 13 13 13 13 14 13 12 13 13 13 13 13 13 13 13 13 13 13 13 13 12
1939_1_2 3 6 7 5 6 1 2 3 2 2 2 2 4 2 5 2 27 12 13 13 13 13 13 13 13 14 13 13 13 13 13 13 13 14 13 13 13 13 13 13 13 12 13 13 13 13 12 13 13 13 13 13 13 13 14 13 13 13 13 13 13 13 14 13 13 13 13 13 13 13 12
1940_1_2 3 8 6 5 5 1 1 2 5 2 3 3 2 3 2 3 27 12 13 12 13 13 13 13 13 13 13 13 13 13 13 14 13 13 13 13 13 13 13 14 13 13 13 13 13 13 13 13 14 13 13 13 13 13 13 13 14 13 13 13 13 13 13 13 13 13 13 13 12 13 12
1941_1_2 4 5 5 5 8 1 2 3 4 3 3 1 3 1 2 4 27 12 13 13 13 13 13 13 14 13 13 13 13 13 13 12 13 14 13 13 13 13 13 13 13 13 13 13 13 13 13 13 13 13 13 13 13 13 14 13 12 13 13 13 13 13 13 14 13 13 13 13 13 13 12
1942_0_2 3 5 5 6 8 1 2 1 4 2 4 4 1 2 3 3 27 12 13 13 13 13 13 13 12 13 13 13 13 13 13 14 13 13 13 13 13 13 14 13 13 13 13 13 13 13 13 13 13 14 13 13 13 13 13 13 14 13 13 13 13 13 13 12 13 13 13 13 13 13 12
1942_1_2 3 8 6 5 5 1 2 1 4 2 4 4 1 2 3 3 27 12 13 13 13 13 13 13 12 13 13 13 13 13 13 14 13 13 13 13 13 13 14 13 13 13 13 13 13 13 13 13 13 14 13 13 13 13 13 13 14 13 13 13 13 13 13 12 13 13 13 13 13 13 12
1943_0_2 3 5 5 6 8 1 2 2 3 5 2 2 3 3 1 3 27 12 13 13 13 13 13 13 13 13 13 13 14 13 13 13 13 12 13 13 13 13 13 13 13 14 13 13 13 13 14 13 13 13 13 13 13 13 12 13 13 13 13 14 13 13 13 13 13 13 13 13 13 13 12
1944_0_2 3 6 5 7 6 1 2 1 3 2 3 3 3 1 4 4 27 12 13 13 14 13 13 13 13 13 13 13 13 13 13 13 13 13 14 13 12 13 13 13 13 13 13 13 13 13 13 13 13 13 13 12 13 14 13 13 13 13 13 13 13 13 13 13 13 13 13 14 13 13 12
1945_1_0 4 5 5 5 8 1 2 1 2 3 2 5 2 2 3 4 27 12 13 13 13 12 13 13 13 13 13 13 13 14 13 13 13 13 13 13 13 13 14 13 13 13 13 13 13 13 13 13 13 14 13 13 13 13 13 13 13 13 14 13 13 13 13 13 13 13 12 13 13 13 12
1947_0_0 3 5 7 5 7 0 2 3 3 3 4 2 2 2 2 4 27 12 13 13 13 13 13 13 14 13 13 13 13 13 13 13 13 14 13 13 13 13 13 13 13 13 12 13 13 12 13 13 13 13 13 13 13 13 14 13 13 13 13 13 13 13 13 14 13 13 13 13 13 13 12
1948_0_0 3 5 8 5 6 0 3 2 2 3 3 1 3 4 3 3 27 12 13 13 13 14 13 13 13 13 13 13 13 12 13 13 14 13 13 13 13 13 13 13 13 13 13 13 13 13 13 13 13 13 13 13 13 13 13 14 13 13 12 13 13 13 13 13 13 13 14 13 13 13 12
1949_0_0 3 5 5 6 8 0 1 3 3 3 2 3 3 3 2 4 27 12 13 13 13 13 13 14 13 13 14 13 13 12 13 13 13 13 13 13 13 13 13 13 13 13 13 13 13 13 13 13 13 13 13 13 13 13 13 13 13 13 12 13 13 14 13 13 14 13 13 13 13 13 12
1951_0_0 4 4 7 5 7 0 3 3 2 1 2 3 4 3 2 4 27 12 13 13 13 13 13 13 13 13 12 13 13 13 13 13 13 14 13 13 13 13 14 13 13 13 13 13 13 13 13 13 13 14 13 13 13 13 14 13 13 13 13 13 13 12 13 13 13 13 13 13 13 13 12
1951_2_0 4 8 5 5 5 0 3 3 2 1 2 3 4 3 2 4 27 12 13 13 13 13 13 13 13 13 12 13 13 13 13 13 13 14 13 13 13 13 14 13 13 13 13 13 13 13 13 13 13 14 13 13 13 13 14 13 13 13 13 13 13 12 13 13 13 13 13 13 13 13 12
1952_0_4 3 5 5 6 8 1 2 5 2 3 2 3 3 2 2 2 27 12 13 13 13 13 13 13 13 13 14 13 13 13 13 13 13 14 13 13 13 13 12 13 13 13 13 13 13 13 13 13 13 12 13 13 13 13 14 13 13 13 13 13 13 14 13 13 13 13 13 13 13 13 12
1953_0_0 4 4 7 5 7 0 1 3 3 3 2 3 3 3 2 4 27 12 13 13 13 13 13 14 13 13 13 13 13 13 13 13 13 13 13 13 12 13 13 14 13 13 13 13 13 13 13 13 14 13 13 12 13 13 13 13 13 13 13 13 13 13 13 13 14 13 13 13 13 13 12
1954_1_0 4 4 8 5 6 1 2 3 1 4 4 3 1 3 2 3 27 12 13 13 13 13 13 14 13 13 13 13 13 13 13 13 12 13 13 13 13 13 13 13 13 13 14 13 13 14 13 13 13 13 13 13 13 13 13 12 13 13 13 13 13 13 13 13 14 13 13 13 13 13 12
1955_1_2 3 6 7 5 6 1 2 1 3 3 3 3 4 1 2 4 27 12 13 14 13 12 13 13 13 13 13 13 13 13 14 13 13 13 13 13 13 13 13 13 13 13 13 13 13 13 13 13 13 13 13 13 13 13 13 13 13 14 13 13 13 13 13 13 13 13 12 13 14 13 12
1956_1_2 3 6 7 5 6 1 2 3 3 1 3 1 2 3 3 5 27 12 13 13 13 13 14 13 13 13 12 13 13 13 13 13 13 13 13 13 13 13 14 13 13 13 13 13 13 13 13 13 13 14 13 13 13 13 13 13 13 13 13 13 13 12 13 13 13 14 13 13 13 13 12
1957_1_2 3 6 7 5 6 1 2 2 3 2 3 3 1 5 3 2 27 12 13 13 13 13 14 13 14 13 13 13 13 13 13 13 13 13 13 13 13 13 13 13 13 12 13 13 13 13 12 13 13 13 13 13 13 13 13 13 13 13 13 13 13 13 13 14 13 14 13 13 13 13 12
1958_1_0 4 5 5 8 5 1 1 3 1 3 3 3 2 3 3 4 27 13 13 13 13 12 13 13 13 13 13 13 13 13 14 13 14 13 13 13 13 13 12 13 13 13 13 13 13 13 13 13 13 12 13 13 13 13 13 14 13 14 13 13 13 13 13 13 13 13 12 13 13 13 13
1958_2_2 4 5 8 5 5 1 2 2 4 2 4 3 1 3 3 2 27 13 13 13 13 12 13 13 13 13 13 13 13 13 14 13 14 13 13 13 13 13 12 13 13 13 13 13 13 13 13 13 13 12 13 13 13 13 13 14 13 14 13 13 13 13 13 13 13 13 12 13 13 13 13
1960_0_2 3 6 6 6 6 1 2 2 3 3 3 1 5 3 2 2 27 13 13 13 13 12 13 13 13 13 13 13 13 13 13 12 13 13 13 13 13 13 13 13 14 13 13 14 14 13 13 14 13 13 13 13 13 13 13 13 12 13 13 13 13 13 13 13 13 13 12 13 13 13 13
1961_1_2 4 5 5 5 8 1 2 2 3 2 3 3 1 5 3 2 27 12 13 13 13 13 13 14 13 13 13 13 13 13 13 12 13 14 13 13 13 13 13 13 13 13 13 13 13 13 13 13 13 13 13 13 13 13 14 13 12 13 13 13 13 13 13 13 14 13 13 13 13 13 12
1962_0_2 3 5 5 6 8 1 2 3 3 1 3 1 2 3 3 5 27 12 13 13 13 14 13 13 13 13 13 13 12 13 13 13 13 13 13 13 13 13 14 13 13 13 13 13 13 13 13 13 13 14 13 13 13 13 13 13 13 13 13 12 13 13 13 13 13 13 14 13 13 13 12
1963_0_2 3 5 8 5 6 1 1 2 3 2 3 2 3 3 2 5 27 12 13 13 13 14 13 13 13 13 13 13 12 13 13 13 13 13 13 14 13 13 13 13 13 13 13 13 13 13 13 13 13 13 13 13 14 13 13 13 13 13 13 12 13 13 13 13 13 13 14 13 13 13 12
1964_0_2 4 4 7 5 7 1 2 2 3 3 2 2 4 4 1 3 27 13 13 13 13 12 13 13 13 13 13 12 13 13 13 13 13 13 14 13 13 13 13 13 13 13 13 14 14 13 13 13 13 13 13 13 13 14 13 13 13 13 13 13 12 13 13 13 13 13 12 13 13 13 13
1964_1_4 4 5 5 5 8 1 3 2 2 2 2 5 3 2 2 3 27 13 13 13 13 12 13 13 13 13 13 12 13 13 13 13 13 13 14 13 13 13 13 13 13 13 13 14 14 13 13 13 13 13 13 13 13 14 13 13 13 13 13 13 12 13 13 13 13 13 12 13 13 13 13
1965_0_0 3 5 5 6 8 0 2 3 2 3 1 4 3 3 3 3 27 12 13 12 13 13 13 13 14 13 13 13 13 13 13 13 13 13 13 13 14 13 13 13 13 13 13 13 13 13 13 13 13 13 13 14 13 13 13 13 13 13 13 13 13 13 13 14 13 13 13 13 12 13 12
1967_0_0 3 5 8 5 6 1 2 2 3 2 2 2 5 2 3 3 27 12 13 13 13 13 13 13 13 13 13 13 13 13 14 13 13 13 13 13 14 13 12 13 13 13 13 13 13 13 13 13 13 12 13 14 13 13 13 13 13 14 13 13 13 13 13 13 13 13 13 13 13 13 12
1968_1_0 3 8 6 5 5 0 2 2 3 2 3 2 4 2 4 3 27 12 13 12 13 13 13 13 13 13 13 13 13 14 13 13 13 13 13 13 14 13 13 13 13 13 13 13 13 13 13 13 13 13 13 14 13 13 13 13 13 13 14 13 13 13 13 13 13 13 13 13 12 13 12
1969_1_0 3 8 6 5 5 0 2 2 3 3 1 4 3 3 3 3 27 12 13 13 13 13 13 12 13 13 13 13 13 13 13 13 13 13 13 13 14 13 13 14 13 13 13 13 13 13 13 13 14 13 13 14 13 13 13 13 13 13 13 13 13 13 13 13 12 13 13 13 13 13 12
1970_1_0 3 7 5 7 5 0 2 3 3 3 4 2 2 2 2 4 27 12 13 13 12 13 13 13 14 13 13 13 13 13 13 13 13 13 13 13 13 13 13 13 13 13 13 14 14 13 13 13 13 13 13 13 13 13 13 13 13 13 13 13 13 13 13 14 13 13 13 12 13 13 12
1971_2_0 4 8 5 5 5 1 2 1 3 2 3 4 1 3 4 3 27 12 13 13 13 13 13 13 14 13 13 13 13 13 13 13 13 13 13 13 12 13 13 14 13 13 13 13 13 13 13 13 14 13 13 12 13 13 13 13 13 13 13 13 13 13 13 14 13 13 13 13 13 13 12
1973_0_2 4 4 6 5 8 1 2 3 2 3 1 4 4 3 1 3 27 12 14 13 13 13 13 13 13 13 13 13 13 13 13 14 13 13 13 13 13 13 13 13 13 12 13 13 13 13 12 13 13 13 13 13 13 13 13 13 14 13 13 13 13 13 13 13 13 13 13 13 13 14 12
1974_1_0 3 7 5 7 5 0 2 3 2 3 1 4 3 3 3 3 27 12 13 13 13 13 13 13 14 13 13 13 13 14 13 13 13 13 13 12 13 13 13 13 13 13 13 13 13 13 13 13 13 13 13 13 12 13 13 13 13 13 14 13 13 13 13 14 13 13 13 13 13 13 12
1976_1_0 3 6 5 8 5 0 2 3 2 3 1 4 3 3 3 3 27 12 13 12 13 13 13 13 13 14 13 13 13 13 13 13 13 13 13 13 13 13 13 13 13 14 13 13 13 13 14 13 13 13 13 13 13 13 13 13 13 13 13 13 13 13 14 13 13 13 13 13 12 13 12
1977_1_2 4 4 8 5 6 1 2 3 2 3 1 4 4 3 1 3 27 12 13 13 13 13 13 14 13 13 13 13 13 13 13 13 13 13 13 13 14 13 13 13 13 12 13 13 13 13 12 13 13 13 13 14 13 13 13 13 13 13 13 13 13 13 13 13 14 13 13 13 13 13 12
1979_0_2 3 5 8 5 6 1 2 3 2 3 1 4 4 3 1 3 27 12 13 12 13 13 13 13 13 14 13 13 13 13 13 14 13 13 13 13 13 13 13 13 13 13 13 13 13 13 13 13 13 13 13 13 13 13 13 13 14 13 13 13 13 13 14 13 13 13 13 13 12 13 12
1980_0_2 3 5 5 6 8 0 3 2 4 3 3 3 2 1 3 3 27 12 13 13 13 13 13 13 14 13 13 13 13 13 13 13 13 12 13 13 14 13 13 13 13 13 13 13 13 13 13 13 13 13 13 14 13 13 12 13 13 13 13 13 13 13 13 14 13 13 13 13 13 13 12
1980_1_2 3 8 6 5 5 0 3 2 4 3 3 3 2 1 3 3 27 12 13 13 13 13 13 13 14 13 13 13 13 13 13 13 13 12 13 13 14 13 13 13 13 13 13 13 13 13 13 13 13 13 13 14 13 13 12 13 13 13 13 13 13 13 13 14 13 13 13 13 13 13 12
1981_1_0 4 5 5 5 8 1 2 2 3 1 4 2 2 5 3 2 27 12 13 14 13 13 13 13 13 13 13 13 13 13 13 12 13 13 13 13 13 13 14 13 13 13 13 13 13 13 13 13 13 14 13 13 13 13 13 13 12 13 13 13 13 13 13 13 13 13 13 13 14 13 12
1982_0_4 3 5 5 6 8 1 2 3 3 1 3 4 2 4 2 2 27 12 13 13 13 13 13 13 14 13 14 13 13 13 13 13 13 13 13 13 13 13 12 13 13 13 13 13 13 13 13 13 13 12 13 13 13 13 13 13 13 13 13 13 13 14 13 14 13 13 13 13 13 13 12
1983_0_0 4 4 6 5 8 0 3 3 2 1 3 2 4 3 3 3 27 12 13 13 13 13 14 13 13 13 13 12 13 13 13 13 13 13 13 13 13 13 14 13 13 13 13 13 13 13 13 13 13 14 13 13 13 13 13 13 13 13 13 13 12 13 13 13 13 14 13 13 13 13 12
1984_0_0 4 5 4 7 7 0 3 1 2 3 3 3 2 3 4 3 27 13 13 13 13 12 13 13 13 13 13 14 13 13 13 13 13 13 13 14 13 13 12 13 13 13 13 13 13 13 13 13 13 12 13 13 14 13 13 13 13 13 13 13 14 13 13 13 13 13 12 13 13 13 13
1984_2_0 4 5 8 5 5 0 3 1 2 3 3 3 2 3 4 3 27 13 13 13 13 12 13 13 13 13 13 14 13 13 13 13 13 13 13 14 13 13 12 13 13 13 13 13 13 13 13 13 13 12 13 13 14 13 13 13 13 13 13 13 14 13 13 13 13 13 12 13 13 13 13
1985_1_0 3 8 6 5 5 0 2 3 4 2 3 2 4 2 2 3 27 12 13 13 13 13 13 13 12 13 13 13 13 14 13 14 13 13 13 13 13 13 13 13 13 13 13 13 13 13 13 13 13 13 13 13 13 13 13 13 14 13 14 13 13 13 13 12 13 13 13 13 13 13 12
1986_1_0 4 5 4 8 6 0 3 3 2 1 3 2 4 3 3 3 27 12 13 13 13 13 13 13 13 13 13 14 13 13 13 13 14 13 13 13 13 13 12 13 13 13 13 13 13 13 13 13 13 12 13 13 13 13 13 14 13 13 13 13 14 13 13 13 13 13 13 13 13 13 12
1988_0_0 3 6 5 7 6 1 2 3 1 4 4 3 1 3 2 3 27 12 13 13 13 12 13 13 13 13 13 13 13 13 13 13 13 13 14 13 13 13 13 13 13 13 14 13 13 14 13 13 13 13 13 13 13 14 13 13 13 13 13 13 13 13 13 13 13 13 12 13 13 13 12
1989_1_0 3 7 6 6 5 1 2 2 2 3 3 4 3 2 1 4 27 13 13 13 13 12 13 13 13 13 13 13 13 14 13 13 13 13 13 13 13 13 12 13 14 13 13 13 13 13 13 14 13 12 13 13 13 13 13 13 13 13 14 13 13 13 13 13 13 13 12 13 13 13 13
1990_1_0 4 5 5 5 8 0 3 3 2 2 1 3 3 3 3 4 27 12 13 13 13 13 13 13 14 13 12 13 13 13 13 13 13 14 13 13 13 13 13 13 13 13 13 13 13 13 13 13 13 13 13 13 13 13 14 13 13 13 13 13 13 12 13 14 13 13 13 13 13 13 12
1991_0_0 4 4 6 5 8 0 1 3 3 3 3 3 2 3 2 4 27 12 13 13 13 13 13 13 12 13 13 13 13 13 13 13 13 13 14 13 13 13 13 14 13 13 13 13 13 13 13 13 14 13 13 13 13 14 13 13 13 13 13 13 13 13 13 12 13 13 13 13 13 13 12
1992_0_0 3 5 8 5 6 0 2 3 2 3 1 4 3 3 3 3 27 12 13 13 13 13 13 12 13 14 13 13 13 13 13 14 13 13 13 13 13 13 13 13 13 13 13 13 13 13 13 13 13 13 13 13 13 13 13 13 14 13 13 13 13 13 14 13 12 13 13 13 13 13 12
1994_0_0 4 5 4 6 8 1 2 3 4 2 4 2 1 3 2 3 27 12 13 13 13 13 13 13 13 14 13 13 13 13 13 13 14 13 13 13 13 13 12 13 13 13 13 13 13 13 13 13 13 12 13 13 13 13 13 14 13 13 13 13 13 13 14 13 13 13 13 13 13 13 12
1995_1_0 3 6 5 8 5 1 2 2 2 3 2 4 1 3 4 3 27 12 13 13 13 13 13 13 13 13 13 13 13 13 13 14 13 13 13 13 13 13 12 13 13 13 14 13 13 14 13 13 13 12 13 13 13 13 13 13 14 13 13 13 13 13 13 13 13 13 13 13 13 13 12
1996_1_0 3 8 6 5 5 0 3 1 2 3 3 3 2 3 4 3 27 12 13 13 13 13 13 13 13 13 13 13 13 13 13 13 13 12 13 13 13 13 13 14 13 14 13 13 13 13 14 13 14 13 13 13 13 13 12 13 13 13 13 13 13 13 13 13 13 13 13 13 13 13 12
1997_1_0 4 5 5 5 8 0 2 3 4 2 3 2 4 2 2 3 27 12 13 13 13 13 13 14 13 13 13 13 13 14 13 13 13 13 13 13 13 13 13 13 13 12 13 13 13 13 12 13 13 13 13 13 13 13 13 13 13 13 14 13 13 13 13 13 14 13 13 13 13 13 12
1998_0_0 4 4 6 5 8 1 1 2 3 2 3 4 1 4 3 3 27 12 13 13 13 13 13 13 13 14 13 13 14 13 13 13 12 13 13 13 13 13 13 13 13 13 13 13 13 13 13 13 13 13 13 13 13 13 13 12 13 13 13 14 13 13 14 13 13 13 13 13 13 13 12
2000_1_0 3 8 6 5 5 0 1 4 2 3 3 3 2 4 2 3 27 12 13 13 13 13 13 12 13 13 13 13 13 13 13 13 13 13 13 13 14 13 14 13 13 13 13 13 13 13 13 13 13 14 13 14 13 13 13 13 13 13 13 13 13 13 13 13 12 13 13 13 13 13 12
2002_0_2 4 4 6 5 8 0 3 2 3 2 1 4 3 3 3 3 27 12 13 13 13 13 13 13 13 13 12 13 13 13 13 13 13 13 13 13 14 13 13 13 13 13 13 14 14 13 13 13 13 13 13 14 13 13 13 13 13 13 13 13 13 12 13 13 13 13 13 13 13 13 12
2002_1_2 4 4 8 5 6 0 3 2 3 2 1 4 3 3 3 3 27 12 13 13 13 13 13 13 13 13 12 13 13 13 13 13 13 13 13 13 14 13 13 13 13 13 13 14 14 13 13 13 13 13 13 14 13 13 13 13 13 13 13 13 13 12 13 13 13 13 13 13 13 13 12
2003_0_2 3 6 5 7 6 1 2 1 3 3 3 3 4 1 2 4 27 12 13 13 13 12 13 13 14 13 13 13 13 13 13 13 13 13 13 14 13 13 13 13 13 13 13 13 13 13 13 13 13 13 13 13 14 13 13 13 13 13 13 13 13 13 13 14 13 13 12 13 13 13 12
2004_1_0 4 5 5 5 8 1 2 1 3 2 3 4 1 3 4 3 27 12 13 14 13 13 13 13 13 13 13 13 14 13 13 13 13 13 13 13 12 13 13 13 13 13 13 13 13 13 13 13 13 13 13 12 13 13 13 13 13 13 13 14 13 13 13 13 13 13 13 13 14 13 12
2005_1_0 3 6 5 8 5 1 1 2 3 3 3 2 4 1 4 3 27 12 13 12 13 13 13 13 13 13 13 13 13 13 13 13 14 13 13 13 14 13 13 13 13 13 13 13 13 13 13 13 13 13 13 14 13 13 13 14 13 13 13 13 13 13 13 13 13 13 13 13 12 13 12
2006_1_0 3 6 7 5 6 0 1 3 3 3 3 3 2 3 2 4 27 12 13 13 14 13 13 13 13 13 13 13 14 13 13 13 13 13 13 13 13 13 13 13 13 12 13 13 13 13 12 13 13 13 13 13 13 13 13 13 13 13 13 14 13 13 13 13 13 13 13 14 13 13 12
2007_2_0 4 8 5 5 5 1 1 2 4 1 4 3 2 3 3 3 27 12 13 13 13 12 13 13 14 13 13 13 13 13 13 13 13 13 14 13 13 13 13 13 13 13 13 13 13 13 13 13 13 13 13 13 13 14 13 13 13 13 13 13 13 13 13 14 13 13 12 13 13 13 12
2008_0_6 4 4 6 5 8 1 2 2 2 4 2 4 1 3 4 2 27 12 13 13 13 13 13 13 13 13 13 13 13 14 13 13 13 14 13 13 13 13 13 12 13 13 13 13 13 13 13 13 12 13 13 13 13 13 14 13 13 13 14 13 13 13 13 13 13 13 13 13 13 13 12
2008_1_6 4 4 8 5 6 1 2 2 2 4 2 4 1 3 4 2 27 12 13 13 13 13 13 13 13 13 13 13 13 14 13 13 13 14 13 13 13 13 13 12 13 13 13 13 13 13 13 13 12 13 13 13 13 13 14 13 13 13 14 13 13 13 13 13 13 13 13 13 13 13 12
2010_0_2 3 5 8 5 6 1 2 2 3 2 3 3 1 5 3 2 27 12 13 12 13 13 13 13 13 13 13 13 13 13 13 13 14 13 13 13 13 13 13 13 13 14 13 13 13 13 14 13 13 13 13 13 13 13 13 14 13 13 13 13 13 13 13 13 13 13 13 13 12 13 12
2011_1_0 4 5 4 8 6 0 2 3 2 3 1 4 3 3 3 3 27 12 13 12 13 13 13 13 13 14 13 13 13 13 14 13 13 13 13 13 13 13 13 13 13 13 13 13 13 13 13 13 13 13 13 13 13 13 13 13 13 14 13 13 13 13 14 13 13 13 13 13 12 13 12
2013_0_2 4 4 7 5 7 1 2 2 2 2 4 3 4 1 2 4 27 12 13 14 13 13 13 13 14 13 13 13 13 13 13 12 13 13 13 13 13 13 13 13 13 13 13 13 13 13 13 13 13 13 13 13 13 13 13 13 12 13 13 13 13 13 13 14 13 13 13 13 14 13 12
2013_2_2 4 8 5 5 5 1 2 2 2 2 4 3 4 1 2 4 27 12 13 14 13 13 13 13 14 13 13 13 13 13 13 12 13 13 13 13 13 13 13 13 13 13 13 13 13 13 13 13 13 13 13 13 13 13 13 13 12 13 13 13 13 13 13 14 13 13 13 13 14 13 12
2015_1_0 4 5 5 5 8 0 2 3 2 3 1 4 3 3 3 3 27 12 13 14 13 13 13 13 13 13 13 13 13 14 13 13 13 13 13 13 13 13 13 13 13 12 13 13 13 13 12 13 13 13 13 13 13 13 13 13 13 13 14 13 13 13 13 13 13 13 13 13 14 13 12
2017_0_0 4 4 6 5 8 1 2 3 1 4 3 4 2 1 3 3 27 12 13 13 13 13 13 13 14 13 13 13 13 13 13 13 13 13 13 13 12 13 13 13 13 14 13 13 13 13 14 13 13 13 13 12 13 13 13 13 13 13 13 13 13 13 13 14 13 13 13 13 13 13 12
2019_0_0 4 4 6 5 8 1 2 2 1 3 2 4 2 2 3 5 27 12 13 13 13 13 13 13 13 13 13 13 12 13 13 13 13 13 14 13 13 13 14 13 13 13 13 13 13 13 13 13 13 14 13 13 13 14 13 13 13 13 13 12 13 13 13 13 13 13 13 13 13 13 12
2021_0_0 4 4 6 5 8 1 1 2 3 2 2 2 3 4 2 5 27 12 13 13 13 13 13 13 13 13 13 13 13 13 13 13 13 13 13 13 14 13 14 13 13 12 13 13 13 13 12 13 13 14 13 14 13 13 13 13 13 13 13 13 13 13 13 13 13 13 13 13 13 13 12
2023_0_0 4 4 6 5 8 0 1 3 3 3 3 3 2 3 2 4 27 12 13 12 13 13 13 13 13 13 13 13 13 13 13 13 13 13 14 13 13 13 13 14 13 13 13 13 13 13 13 13 14 13 13 13 13 14 13 13 13 13 13 13 13 13 13 13 13 13 13 13 12 13 12
2024_0_0 4 4 6 5 8 0 2 3 2 2 3 2 2 4 3 4 27 12 13 13 13 14 13 14 13 13 13 13 13 13 13 13 13 13 13 13 12 13 13 13 13 13 13 13 13 13 13 13 13 13 13 12 13 13 13 13 13 13 13 13 13 13 13 13 14 13 14 13 13 13 12
2024_1_0 4 4 8 5 6 0 2 3 2 2 3 2 2 4 3 4 27 12 13 13 13 14 13 14 13 13 13 13 13 13 13 13 13 13 13 13 12 13 13 13 13 13 13 13 13 13 13 13 13 13 13 12 13 13 13 13 13 13 13 13 13 13 13 13 14 13 14 13 13 13 12
2025_0_0 3 5 6 6 7 0 3 3 2 1 3 2 4 3 3 3 27 12 13 13 14 13 14 13 13 13 13 13 13 13 13 12 13 13 13 13 13 13 13 13 13 13 13 13 13 13 13 13 13 13 13 13 13 13 13 13 12 13 13 13 13 13 13 13 13 14 13 14 13 13 12
2026_0_0 3 5 8 5 6 0 2 4 3 2 3 3 3 3 1 3 27 12 13 13 13 13 13 12 13 13 13 13 13 13 13 13 13 13 13 13 13 14 13 13 13 14 13 13 13 13 14 13 13 13 14 13 13 13 13 13 13 13 13 13 13 13 13 13 12 13 13 13 13 13 12
2028_0_0 3 6 5 7 6 1 1 2 4 3 3 2 3 3 1 4 27 12 13 13 13 13 13 13 13 13 13 13 13 13 14 13 13 13 14 13 13 13 13 13 13 12 13 13 13 13 12 13 13 13 13 13 13 14 13 13 13 14 13 13 13 13 13 13 13 13 13 13 13 13 12
2030_0_0 4 4 6 5 8 1 2 4 4 2 2 2 2 3 1 4 27 12 13 13 13 13 13 14 13 13 13 13 13 13 13 13 14 13 13 13 13 12 13 13 13 13 13 13 13 13 13 13 13 13 12 13 13 13 13 14 13 13 13 13 13 13 13 13 14 13 13 13 13 13 12
2031_1_0 3 6 5 8 5 0 2 3 3 2 3 2 4 2 3 3 27 12 13 13 13 13 13 13 13 13 13 13 13 13 13 13 14 13 13 13 13 13 12 13 13 14 13 13 13 13 14 13 13 12 13 13 13 13 13 14 13 13 13 13 13 13 13 13 13 13 13 13 13 13 12
2033_0_0 4 4 6 5 8 0 1 3 3 3 2 3 3 3 2 4 27 12 13 13 13 13 13 13 13 13 13 13 13 12 13 13 13 13 14 13 13 13 13 14 13 13 13 13 13 13 13 13 14 13 13 13 13 14 13 13 13 13 12 13 13 13 13 13 13 13 13 13 13 13 12
2034_2_0 4 8 5 5 5 1 2 2 1 3 2 4 2 2 3 5 27 12 13 13 13 13 13 13 13 13 12 13 13 13 13 13 13 13 14 13 13 13 14 13 13 13 13 13 13 13 13 13 13 14 13 13 13 14 13 13 13 13 13 13 13 12 13 13 13 13 13 13 13 13 12
2036_0_0 4 4 6 5 8 0 2 3 2 3 1 4 3 3 3 3 27 12 13 13 13 13 13 13 13 13 13 12 13 13 13 13 13 13 13 13 13 13 14 13 14 13 13 13 13 13 13 14 13 14 13 13 13 13 13 13 13 13 13 13 12 13 13 13 13 13 13 13 13 13 12
2038_0_0 4 5 4 6 8 0 2 3 2 3 1 4 3 3 3 3 27 12 13 13 13 13 13 13 13 14 13 14 13 13 13 13 13 13 13 13 13 13 12 13 13 13 13 13 13 13 13 13 13 12 13 13 13 13 13 13 13 13 13 13 14 13 14 13 13 13 13 13 13 13 12
2040_0_0 3 6 5 7 6 1 2 2 3 3 4 2 1 5 2 2 27 12 13 13 13 13 13 14 13 13 13 14 13 13 13 13 13 13 13 13 12 13 13 13 13 13 13 13 13 13 13 13 13 13 13 12 13 13 13 13 13 13 13 13 14 13 13 13 14 13 13 13 13 13 12
2041_1_0 3 8 6 5 5 0 3 3 2 1 3 2 4 3 3 3 27 12 13 12 13 13 13 13 13 13 13 13 13 13 13 13 13 14 13 13 13 13 13 13 13 14 13 13 13 13 14 13 13 13 13 13 13 13 14 13 13 13 13 13 13 13 13 13 13 13 13 13 12 13 12
2043_0_0 4 4 7 5 7 0 3 3 2 1 3 2 4 3 3 3 27 12 13 13 13 13 13 13 13 13 13 13 13 14 13 13 13 14 13 13 12 13 13 13 13 13 13 13 13 13 13 13 13 13 13 12 13 13 14 13 13 13 14 13 13 13 13 13 13 13 13 13 13 13 12
2043_2_0 4 8 5 5 5 0 3 3 2 1 3 2 4 3 3 3 27 12 13 13 13 13 13 13 13 13 13 13 13 14 13 13 13 14 13 13 12 13 13 13 13 13 13 13 13 13 13 13 13 13 13 12 13 13 14 13 13 13 14 13 13 13 13 13 13 13 13 13 13 13 12
2045_0_0 3 6 5 7 6 1 1 2 4 1 4 3 2 3 3 3 27 12 13 13 13 12 13 13 13 13 13 13 13 13 14 13 13 13 14 13 13 13 13 13 13 13 13 13 13 13 13 13 13 13 13 13 13 14 13 13 13 14 13 13 13 13 13 13 13 13 12 13 13 13 12
2047_0_0 3 6 5 7 6 1 2 4 4 2 2 2 2 3 1 4 27 12 13 13 13 13 14 13 13 13 12 13 13 13 13 13 13 13 14 13 13 13 13 13 13 13 13 13 13 13 13 13 13 13 13 13 13 14 13 13 13 13 13 13 13 12 13 13 13 14 13 13 13 13 12
2049_0_0 3 5 5 6 8 1 2 2 3 1 4 2 2 5 3 2 27 12 13 13 12 13 13 13 13 13 13 14 13 13 13 13 13 13 13 13 13 13 13 13 13 14 13 13 13 13 14 13 13 13 13 13 13 13 13 13 13 13 13 13 14 13 13 13 13 13 13 12 13 13 12
2051_0_0 4 4 7 5 7 1 1 2 4 3 3 2 3 3 1 4 27 12 13 13 13 13 13 13 13 13 12 13 13 13 13 13 13 13 14 13 13 13 13 14 13 13 13 13 13 13 13 13 14 13 13 13 13 14 13 13 13 13 13 13 13 12 13 13 13 13 13 13 13 13 12
2052_1_0 4 4 8 5 6 1 2 2 3 4 3 1 3 4 1 3 27 12 13 13 13 13 13 13 13 13 13 13 13 13 13 13 13 14 13 13 12 13 13 13 13 14 13 13 13 13 14 13 13 13 13 12 13 13 14 13 13 13 13 13 13 13 13 13 13 13 13 13 13 13 12
2053_1_2 4 4 8 5 6 1 2 1 2 4 2 2 3 4 2 4 27 12 13 13 13 13 13 13 13 13 13 13 13 14 13 13 13 13 13 13 14 13 13 13 13 12 13 13 13 13 12 13 13 13 13 14 13 13 13 13 13 13 14 13 13 13 13 13 13 13 13 13 13 13 12
2054_0_6 3 5 5 6 8 1 2 3 3 1 4 3 4 2 1 3 27 12 13 13 13 13 12 13 13 14 13 13 13 13 13 13 13 13 13 13 13 13 13 13 13 14 13 13 13 13 14 13 13 13 13 13 13 13 13 13 13 13 13 13 13 13 14 13 13 12 13 13 13 13 12
2054_1_6 3 8 6 5 5 1 2 3 3 1 4 3 4 2 1 3 27 12 13 13 13 13 12 13 13 14 13 13 13 13 13 13 13 13 13 13 13 13 13 13 13 14 13 13 13 13 14 13 13 13 13 13 13 13 13 13 13 13 13 13 13 13 14 13 13 12 13 13 13 13 12
2055_1_2 4 5 4 8 6 1 1 2 3 2 3 2 4 2 3 4 27 13 13 13 13 12 13 13 13 13 13 13 13 13 13 14 13 13 13 14 13 13 12 13 13 13 13 13 13 13 13 13 13 12 13 13 14 13 13 13 14 13 13 13 13 13 13 13 13 13 12 13 13 13 13
2057_0_2 4 4 6 5 8 1 3 2 2 2 3 1 3 2 5 3 27 12 13 13 13 13 13 13 13 13 13 13 13 14 13 13 13 13 14 13 13 13 13 12 13 13 13 13 13 13 13 13 12 13 13 13 13 14 13 13 13 13 14 13 13 13 13 13 13 13 13 13 13 13 12
2058_0_2 3 5 6 6 7 1 1 2 3 2 3 2 3 3 2 5 27 12 13 13 13 13 13 13 13 13 12 13 13 13 14 13 14 13 13 13 13 13 13 13 13 13 13 13 13 13 13 13 13 13 13 13 13 13 13 14 13 14 13 13 13 12 13 13 13 13 13 13 13 13 12
2059_1_0 4 4 8 5 6 1 2 2 1 3 2 4 2 2 3 5 27 12 13 13 13 13 13 13 13 13 13 14 13 13 13 13 13 13 14 13 13 12 13 13 13 13 13 13 13 13 13 13 13 13 12 13 13 14 13 13 13 13 13 13 14 13 13 13 13 13 13 13 13 13 12
2060_1_2 3 8 6 5 5 1 2 2 3 2 3 3 1 5 3 2 27 12 13 13 13 13 14 13 13 13 13 13 13 13 13 14 13 13 13 13 13 13 13 13 13 13 12 13 13 12 13 13 13 13 13 13 13 13 13 13 14 13 13 13 13 13 13 13 13 14 13 13 13 13 12
2061_1_2 4 5 5 5 8 1 1 2 3 2 3 2 3 3 2 5 27 12 13 14 13 13 13 13 13 13 12 13 13 13 13 13 13 14 13 13 13 13 13 13 13 13 13 13 13 13 13 13 13 13 13 13 13 13 14 13 13 13 13 13 13 12 13 13 13 13 13 13 14 13 12
2062_0_2 4 4 6 5 8 1 2 2 3 2 3 3 1 5 3 2 27 12 13 13 12 13 13 13 13 13 13 13 13 13 13 13 14 13 14 13 13 13 13 13 13 13 13 13 13 13 13 13 13 13 13 13 13 14 13 14 13 13 13 13 13 13 13 13 13 13 13 12 13 13 12
2063_0_2 4 4 6 5 8 1 2 3 2 3 1 4 4 3 1 3 27 12 13 12 13 13 13 13 13 13 13 13 13 14 13 13 13 13 14 13 13 13 13 13 13 13 13 13 13 13 13 13 13 13 13 13 13 14 13 13 13 13 14 13 13 13 13 13 13 13 13 13 12 13 12
2064_0_2 4 4 6 5 8 1 1 2 3 2 3 2 3 3 2 5 27 12 13 13 13 13 14 13 14 13 13 13 13 13 13 13 13 13 13 13 13 12 13 13 13 13 13 13 13 13 13 13 13 13 12 13 13 13 13 13 13 13 13 13 13 13 13 14 13 14 13 13 13 13 12
2065_1_0 3 8 6 5 5 1 2 1 3 2 3 4 1 3 4 3 27 12 13 13 13 13 13 13 14 13 14 13 13 12 13 13 13 13 13 13 13 13 13 13 13 13 13 13 13 13 13 13 13 13 13 13 13 13 13 13 13 13 12 13 13 14 13 14 13 13 13 13 13 13 12
2067_0_2 3 5 8 5 6 1 2 3 2 3 1 4 4 3 1 3 27 12 13 13 13 13 13 13 12 13 13 13 13 13 13 14 13 13 13 13 13 13 13 13 14 13 13 13 13 13 13 14 13 13 13 13 13 13 13 13 14 13 13 13 13 13 13 12 13 13 13 13 13 13 12
2068_0_2 3 6 5 7 6 0 3 3 3 3 4 1 2 2 3 3 27 12 13 13 13 13 13 13 13 13 13 13 13 13 13 13 14 13 14 13 12 13 13 13 13 13 13 13 13 13 13 13 13 13 13 12 13 14 13 14 13 13 13 13 13 13 13 13 13 13 13 13 13 13 12
2068_1_2 3 6 7 5 6 0 3 3 3 3 4 1 2 2 3 3 27 12 13 13 13 13 13 13 13 13 13 13 13 13 13 13 14 13 14 13 12 13 13 13 13 13 13 13 13 13 13 13 13 13 13 12 13 14 13 14 13 13 13 13 13 13 13 13 13 13 13 13 13 13 12
2069_0_2 4 4 6 5 8 1 3 2 3 3 4 2 2 1 4 2 27 12 13 13 14 13 13 13 13 13 13 12 13 13 13 13 13 13 14 13 13 13 13 13 13 13 13 13 13 13 13 13 13 13 13 13 13 14 13 13 13 13 13 13 12 13 13 13 13 13 13 14 13 13 12
2070_1_0 4 5 5 5 8 1 1 2 4 3 3 2 3 3 1 4 27 12 13 13 13 13 13 14 13 13 12 13 13 13 13 13 13 13 13 13 13 13 13 14 13 13 13 13 13 13 13 13 14 13 13 13 13 13 13 13 13 13 13 13 13 12 13 13 14 13 13 13 13 13 12
2071_1_0 3 8 6 5 5 0 2 3 3 2 3 2 4 2 3 3 27 12 13 13 13 14 13 13 13 13 13 12 13 13 13 13 13 13 13 14 13 13 13 13 13 13 13 13 13 13 13 13 13 13 13 13 14 13 13 13 13 13 13 13 12 13 13 13 13 13 14 13 13 13 12
2072_1_0 4 4 8 5 6 1 2 2 4 3 3 1 4 3 1 3 27 12 13 13 13 13 13 13 13 13 12 13 13 14 13 14 13 13 13 13 13 13 13 13 13 13 13 13 13 13 13 13 13 13 13 13 13 13 13 13 14 13 14 13 13 12 13 13 13 13 13 13 13 13 12
2073_1_0 4 4 8 5 6 1 2 2 2 3 2 4 1 3 4 3 27 12 13 13 13 13 13 14 13 13 13 13 13 13 13 13 13 13 14 13 13 13 12 13 13 13 13 13 13 13 13 13 13 12 13 13 13 14 13 13 13 13 13 13 13 13 13 13 14 13 13 13 13 13 12
2074_1_0 3 8 6 5 5 1 2 2 2 3 2 4 1 4 4 2 27 12 13 13 13 13 13 13 13 13 13 13 13 13 13 13 12 13 13 13 14 13 13 13 13 13 14 13 13 14 13 13 13 13 13 14 13 13 13 12 13 13 13 13 13 13 13 13 13 13 13 13 13 13 12
2075_1_0 3 8 6 5 5 0 2 3 2 3 4 2 2 4 2 3 27 12 13 13 12 13 13 13 13 13 13 13 13 13 14 13 13 13 13 13 13 13 13 13 13 14 13 13 13 13 14 13 13 13 13 13 13 13 13 13 13 14 13 13 13 13 13 13 13 13 13 12 13 13 12
2076_2_0 4 8 5 5 5 1 1 2 4 1 4 3 2 3 3 3 27 12 13 14 13 12 13 14 13 13 13 13 13 13 13 13 13 13 13 13 13 13 13 13 13 13 13 13 13 13 13 13 13 13 13 13 13 13 13 13 13 13 13 13 13 13 13 13 14 13 12 13 14 13 12
2077_1_2 4 4 8 5 6 1 2 3 2 1 4 2 4 3 3 2 27 13 13 13 13 12 13 13 13 13 13 12 13 14 13 13 13 13 13 13 14 13 13 13 13 13 13 13 13 13 13 13 13 13 13 14 13 13 13 13 13 13 14 13 12 13 13 13 13 13 12 13 13 13 13
2079_0_2 3 5 6 6 7 1 2 2 3 5 2 2 3 3 1 3 27 12 13 13 13 12 13 13 13 13 13 13 13 13 13 13 13 13 13 14 13 14 13 13 13 13 13 13 13 13 13 13 13 13 14 13 14 13 13 13 13 13 13 13 13 13 13 13 13 13 12 13 13 13 12
2080_1_0 4 5 5 5 8 1 1 2 3 2 2 2 3 4 2 5 27 12 13 13 13 13 13 13 13 13 13 13 13 14 13 13 13 13 13 13 13 13 14 13 13 12 13 13 13 13 12 13 13 14 13 13 13 13 13 13 13 13 14 13 13 13 13 13 13 13 13 13 13 13 12
2081_1_0 3 6 5 8 5 0 2 2 3 2 3 2 4 2 4 3 27 12 13 13 13 13 13 13 12 13 13 13 13 13 13 13 13 13 13 13 14 13 13 13 14 13 13 13 13 13 13 14 13 13 13 14 13 13 13 13 13 13 13 13 13 13 13 12 13 13 13 13 13 13 12
2083_0_0 4 4 6 5 8 1 1 2 3 2 2 2 3 4 2 5 27 12 13 13 13 13 13 13 13 13 13 14 13 14 13 13 13 13 13 12 13 13 13 13 13 13 13 13 13 13 13 13 13 13 13 13 12 13 13 13 13 13 14 13 14 13 13 13 13 13 13 13 13 13 12
2084_1_0 4 4 8 5 6 0 2 3 3 2 3 2 4 2 3 3 27 12 13 14 13 13 13 13 13 13 13 13 13 13 13 13 13 14 13 13 13 13 12 13 13 13 13 13 13 13 13 13 13 12 13 13 13 13 14 13 13 13 13 13 13 13 13 13 13 13 13 13 14 13 12
2085_1_0 3 6 5 8 5 1 1 2 3 3 3 2 4 1 4 3 27 12 13 13 13 14 13 13 12 13 13 13 13 13 13 13 13 13 13 13 13 13 13 13 14 13 13 13 13 13 13 14 13 13 13 13 13 13 13 13 13 13 13 13 13 13 13 12 13 13 14 13 13 13 12
2086_0_4 3 5 7 5 7 1 2 2 4 4 3 1 3 2 1 4 27 12 13 13 12 13 13 13 13 13 13 13 13 13 13 13 13 14 13 13 13 13 14 13 13 13 13 13 13 13 13 13 13 14 13 13 13 13 14 13 13 13 13 13 13 13 13 13 13 13 13 12 13 13 12
2086_1_4 3 7 5 7 5 1 2 2 4 4 3 1 3 2 1 4 27 12 13 13 12 13 13 13 13 13 13 13 13 13 13 13 13 14 13 13 13 13 14 13 13 13 13 13 13 13 13 13 13 14 13 13 13 13 14 13 13 13 13 13 13 13 13 13 13 13 13 12 13 13 12
2088_0_0 4 5 4 6 8 0 3 2 2 4 4 2 2 3 2 3 27 12 13 13 13 13 13 13 13 14 13 13 13 13 14 13 13 12 13 13 13 13 13 13 13 13 13 13 13 13 13 13 13 13 13 13 13 13 12 13 13 14 13 13 13 13 14 13 13 13 13 13 13 13 12
2088_1_0 4 5 4 8 6 0 3 2 2 4 4 2 2 3 2 3 27 12 13 13 13 13 13 13 13 14 13 13 13 13 14 13 13 12 13 13 13 13 13 13 13 13 13 13 13 13 13 13 13 13 13 13 13 13 12 13 13 14 13 13 13 13 14 13 13 13 13 13 13 13 12
2089_0_0 4 4 7 5 7 1 1 2 3 2 3 4 1 4 3 3 27 12 13 13 13 12 13 13 13 13 13 13 13 14 13 13 13 13 13 13 13 13 13 14 13 13 13 13 13 13 13 13 14 13 13 13 13 13 13 13 13 13 14 13 13 13 13 13 13 13 12 13 13 13 12
2090_1_0 4 5 5 8 5 1 2 1 3 2 2 3 3 2 4 4 27 13 13 13 13 12 13 13 13 13 13 13 13 13 14 13 13 13 13 13 13 14 12 13 13 13 13 13 13 13 13 13 13 12 14 13 13 13 13 13 13 14 13 13 13 13 13 13 13 13 12 13 13 13 13
2091_2_0 4 5 8 5 5 1 2 1 3 2 2 3 3 2 4 4 27 13 13 13 13 12 13 13 13 13 13 13 13 13 13 13 13 13 13 14 13 14 12 13 13 13 13 13 13 13 13 13 13 12 14 13 14 13 13 13 13 13 13 13 13 13 13 13 13 13 12 13 13 13 13
2093_0_2 3 5 5 6 8 1 2 3 1 3 1 3 2 3 4 4 27 12 13 13 13 13 13 13 13 14 13 13 13 13 13 13 12 13 13 13 14 13 13 13 13 13 13 13 13 13 13 13 13 13 13 14 13 13 13 12 13 13 13 13 13 13 14 13 13 13 13 13 13 13 12
2094_0_2 4 4 7 5 7 0 3 2 4 3 3 3 2 1 3 3 27 12 13 14 13 12 13 13 13 13 13 13 13 14 13 13 13 13 13 13 13 13 13 13 13 13 13 13 13 13 13 13 13 13 13 13 13 13 13 13 13 13 14 13 13 13 13 13 13 13 12 13 14 13 12
2094_1_2 4 5 5 5 8 0 3 2 4 3 3 3 2 1 3 3 27 12 13 14 13 12 13 13 13 13 13 13 13 14 13 13 13 13 13 13 13 13 13 13 13 13 13 13 13 13 13 13 13 13 13 13 13 13 13 13 13 13 14 13 13 13 13 13 13 13 12 13 14 13 12
2094_2_2 4 8 5 5 5 0 3 2 4 3 3 3 2 1 3 3 27 12 13 14 13 12 13 13 13 13 13 13 13 14 13 13 13 13 13 13 13 13 13 13 13 13 13 13 13 13 13 13 13 13 13 13 13 13 13 13 13 13 14 13 13 13 13 13 13 13 12 13 14 13 12
2095_1_0 3 7 6 6 5 1 1 2 4 3 3 2 3 3 1 4 27 12 13 13 13 13 13 13 13 13 13 13 13 13 13 13 13 13 13 13 12 13 13 13 14 13 14 13 13 14 13 14 13 13 13 12 13 13 13 13 13 13 13 13 13 13 13 13 13 13 13 13 13 13 12
2097_0_2 4 5 4 6 8 1 2 4 4 1 4 2 3 2 2 2 27 12 13 13 13 13 13 13 13 13 13 13 13 13 13 13 13 12 13 13 13 13 13 13 14 13 14 13 13 14 13 14 13 13 13 13 13 13 12 13 13 13 13 13 13 13 13 13 13 13 13 13 13 13 12
2098_1_0 3 6 7 5 6 0 2 2 3 3 4 2 3 1 4 3 27 12 13 13 13 13 13 13 13 13 13 14 13 13 13 13 13 14 13 13 13 13 13 13 13 12 13 13 13 13 12 13 13 13 13 13 13 13 14 13 13 13 13 13 14 13 13 13 13 13 13 13 13 13 12
2100_0_2 3 5 6 6 7 1 1 2 3 2 3 2 4 2 3 4 27 13 13 13 13 12 13 13 13 13 13 12 13 13 13 13 13 13 13 14 13 13 13 13 13 13 14 13 13 14 13 13 13 13 13 13 14 13 13 13 13 13 13 13 12 13 13 13 13 13 12 13 13 13 13
2101_1_0 4 5 4 8 6 0 2 4 3 2 3 3 3 3 1 3 27 12 13 13 13 13 13 12 13 13 13 13 13 13 13 13 13 13 13 14 13 14 13 13 13 13 13 13 13 13 13 13 13 13 14 13 14 13 13 13 13 13 13 13 13 13 13 13 12 13 13 13 13 13 12
2103_1_0 4 4 8 5 6 1 1 2 4 1 4 3 2 3 3 3 27 12 13 13 13 13 13 14 13 13 13 13 13 13 13 13 12 13 13 14 13 13 13 13 13 13 13 13 13 13 13 13 13 13 13 13 14 13 13 12 13 13 13 13 13 13 13 13 14 13 13 13 13 13 12
2104_1_2 4 5 4 8 6 1 1 3 2 3 4 3 1 3 2 4 27 12 13 13 13 13 14 13 13 13 13 13 13 12 13 13 14 13 13 13 13 13 13 13 13 13 13 13 13 13 13 13 13 13 13 13 13 13 13 14 13 13 12 13 13 13 13 13 13 14 13 13 13 13 12
2105_1_2 3 6 5 8 5 1 1 2 5 2 3 3 2 3 2 3 27 12 13 12 13 13 13 13 13 13 13 13 13 13 13 14 13 13 13 13 13 14 13 13 13 13 13 13 13 13 13 13 13 13 14 13 13 13 13 13 14 13 13 13 13 13 13 13 13 13 13 13 12 13 12
2106_0_6 3 6 5 7 6 1 2 3 1 4 2 2 3 5 2 2 27 12 13 13 13 13 13 13 13 13 13 14 13 13 13 13 13 13 14 13 13 13 13 13 13 12 13 13 13 13 12 13 13 13 13 13 13 14 13 13 13 13 13 13 14 13 13 13 13 13 13 13 13 13 12
2106_1_6 3 6 7 5 6 1 2 3 1 4 2 2 3 5 2 2 27 12 13 13 13 13 13 13 13 13 13 14 13 13 13 13 13 13 14 13 13 13 13 13 13 12 13 13 13 13 12 13 13 13 13 13 13 14 13 13 13 13 13 13 14 13 13 13 13 13 13 13 13 13 12
2107_0_6 3 5 6 6 7 1 2 5 3 2 2 3 2 3 1 3 27 12 13 13 14 13 14 13 13 13 13 13 13 13 13 13 13 13 13 13 12 13 13 13 13 13 13 13 13 13 13 13 13 13 13 12 13 13 13 13 13 13 13 13 13 13 13 13 13 14 13 14 13 13 12
2107_1_6 3 7 6 6 5 1 2 5 3 2 2 3 2 3 1 3 27 12 13 13 14 13 14 13 13 13 13 13 13 13 13 13 13 13 13 13 12 13 13 13 13 13 13 13 13 13 13 13 13 13 13 12 13 13 13 13 13 13 13 13 13 13 13 13 13 14 13 14 13 13 12
2108_1_2 3 6 7 5 6 1 1 2 5 2 3 3 2 3 2 3 27 12 13 13 13 13 13 14 13 13 13 13 13 13 13 13 13 13 13 13 13 14 13 13 13 12 13 13 13 13 12 13 13 13 14 13 13 13 13 13 13 13 13 13 13 13 13 13 14 13 13 13 13 13 12
2109_1_2 4 5 5 5 8 1 2 2 3 2 3 3 1 5 3 2 27 12 13 13 13 13 13 13 13 13 12 13 13 13 13 13 13 14 13 13 13 13 13 14 13 13 13 13 13 13 13 13 14 13 13 13 13 13 14 13 13 13 13 13 13 12 13 13 13 13 13 13 13 13 12
2110_1_0 3 7 6 6 5 0 3 2 3 4 3 3 1 2 3 3 27 12 13 13 13 13 13 13 13 13 13 13 13 13 13 13 14 13 13 13 13 14 13 13 13 12 13 13 13 13 12 13 13 13 14 13 13 13 13 14 13 13 13 13 13 13 13 13 13 13 13 13 13 13 12
2111_1_2 3 8 6 5 5 1 2 2 3 2 3 3 1 5 3 2 27 12 13 13 13 13 13 13 13 13 14 13 13 13 13 13 14 13 13 13 13 12 13 13 13 13 13 13 13 13 13 13 13 13 12 13 13 13 13 14 13 13 13 13 13 14 13 13 13 13 13 13 13 13 12
2113_0_2 4 4 6 5 8 1 2 2 3 3 3 1 5 3 2 2 27 12 13 13 12 13 13 13 13 14 13 13 14 13 13 13 13 13 13 13 13 13 13 13 13 13 13 13 13 13 13 13 13 13 13 13 13 13 13 13 13 13 13 14 13 13 14 13 13 13 13 12 13 13 12
2114_1_0 4 4 8 5 6 1 2 2 3 3 4 2 1 5 2 2 27 12 13 13 13 13 13 13 13 13 13 14 13 13 13 13 13 13 14 13 13 13 13 13 12 13 13 13 13 13 13 12 13 13 13 13 13 14 13 13 13 13 13 13 14 13 13 13 13 13 13 13 13 13 12
2115_1_2 4 5 5 5 8 1 2 1 3 2 3 3 3 1 5 3 27 12 13 14 13 13 13 13 13 13 12 13 13 13 13 13 13 13 13 13 13 13 14 13 13 13 13 13 13 13 13 13 13 14 13 13 13 13 13 13 13 13 13 13 13 12 13 13 13 13 13 13 14 13 12
2116_0_2 4 4 7 5 7 1 2 2 3 2 4 2 2 5 2 2 27 12 13 14 13 13 13 13 13 13 13 13 13 14 13 12 13 13 13 13 13 13 13 13 13 13 13 13 13 13 13 13 13 13 13 13 13 13 13 13 12 13 14 13 13 13 13 13 13 13 13 13 14 13 12
2116_2_2 4 8 5 5 5 1 2 2 3 2 4 2 2 5 2 2 27 12 13 14 13 13 13 13 13 13 13 13 13 14 13 12 13 13 13 13 13 13 13 13 13 13 13 13 13 13 13 13 13 13 13 13 13 13 13 13 12 13 14 13 13 13 13 13 13 13 13 13 14 13 12
2117_0_6 3 5 6 6 7 1 2 3 3 1 4 3 4 2 1 3 27 12 13 13 13 12 13 13 13 13 13 13 13 13 14 13 13 13 13 13 13 13 13 13 14 13 13 13 13 13 13 14 13 13 13 13 13 13 13 13 13 14 13 13 13 13 13 13 13 13 12 13 13 13 12
2117_1_6 3 7 6 6 5 1 2 3 3 1 4 3 4 2 1 3 27 12 13 13 13 12 13 13 13 13 13 13 13 13 14 13 13 13 13 13 13 13 13 13 14 13 13 13 13 13 13 14 13 13 13 13 13 13 13 13 13 14 13 13 13 13 13 13 13 13 12 13 13 13 12
2119_0_0 3 5 8 5 6 1 2 2 2 3 2 4 1 3 4 3 27 12 13 13 14 13 13 13 13 13 13 13 13 13 13 14 13 13 13 13 13 13 12 13 13 13 13 13 13 13 13 13 13 12 13 13 13 13 13 13 14 13 13 13 13 13 13 13 13 13 13 14 13 13 12
2120_0_0 4 4 6 5 8 0 3 3 2 1 3 2 4 3 3 3 27 12 13 13 12 13 13 13 13 13 13 13 13 13 13 13 13 14 13 13 13 13 13 13 13 13 14 13 13 14 13 13 13 13 13 13 13 13 14 13 13 13 13 13 13 13 13 13 13 13 13 12 13 13 12
2121_0_0 3 5 8 5 6 1 2 2 2 3 2 4 1 4 4 2 27 12 13 13 14 13 13 13 13 13 13 13 13 13 13 13 13 12 13 13 14 13 13 13 13 13 13 13 13 13 13 13 13 13 13 14 13 13 12 13 13 13 13 13 13 13 13 13 13 13 13 14 13 13 12
2122_0_0 4 4 6 5 8 1 2 3 4 2 4 2 1 3 2 3 27 12 13 13 13 13 13 13 13 13 13 13 13 14 13 13 13 14 13 13 13 13 12 13 13 13 13 13 13 13 13 13 13 12 13 13 13 13 14 13 13 13 14 13 13 13 13 13 13 13 13 13 13 13 12
2123_1_0 4 4 8 5 6 1 2 2 2 3 2 4 1 3 4 3 27 12 13 13 13 13 13 14 13 13 13 12 13 13 13 13 13 13 13 13 13 13 13 13 13 13 14 13 13 14 13 13 13 13 13 13 13 13 13 13 13 13 13 13 12 13 13 13 14 13 13 13 13 13 12
2125_0_0 4 4 6 5 8 0 3 2 2 3 3 1 3 4 3 3 27 12 13 13 13 13 14 13 13 13 13 13 13 13 13 13 13 14 13 13 13 13 13 13 12 13 13 13 13 13 13 12 13 13 13 13 13 13 14 13 13 13 13 13 13 13 13 13 13 14 13 13 13 13 12
2126_0_0 4 4 6 5 8 1 2 2 3 1 4 2 2 5 3 2 27 12 13 13 13 13 13 13 13 13 13 13 13 13 14 13 13 13 13 13 13 13 14 13 13 13 12 13 13 12 13 13 13 14 13 13 13 13 13 13 13 14 13 13 13 13 13 13 13 13 13 13 13 13 12
2128_0_0 4 5 4 6 8 0 3 3 2 1 3 2 4 3 3 3 27 12 13 13 13 13 13 13 13 13 13 13 12 13 13 13 14 13 13 13 13 14 13 13 13 13 13 13 13 13 13 13 13 13 14 13 13 13 13 14 13 13 13 12 13 13 13 13 13 13 13 13 13 13 12
2129_0_0 3 6 5 7 6 0 3 3 2 1 3 2 4 3 3 3 27 12 13 13 13 13 14 13 13 13 12 13 13 13 13 13 13 13 13 13 13 13 13 14 13 13 13 13 13 13 13 13 14 13 13 13 13 13 13 13 13 13 13 13 13 12 13 13 13 14 13 13 13 13 12
2130_0_0 3 5 6 6 7 1 2 2 2 3 3 4 3 2 1 4 27 13 13 13 13 12 13 13 13 14 13 12 13 13 13 13 13 13 13 13 13 13 13 13 14 13 13 13 13 13 13 14 13 13 13 13 13 13 13 13 13 13 13 13 12 13 14 13 13 13 12 13 13 13 13
2131_0_0 4 4 6 5 8 1 2 2 4 3 3 1 4 3 1 3 27 12 13 13 13 13 13 13 13 13 13 13 13 13 13 13 13 13 14 13 13 12 13 13 14 13 13 13 13 13 13 14 13 13 12 13 13 14 13 13 13 13 13 13 13 13 13 13 13 13 13 13 13 13 12
2132_0_0 3 6 5 7 6 0 3 2 2 3 3 1 3 4 3 3 27 12 13 13 13 13 14 13 13 13 13 13 13 13 13 13 13 14 13 13 12 13 13 13 13 13 13 13 13 13 13 13 13 13 13 12 13 13 14 13 13 13 13 13 13 13 13 13 13 14 13 13 13 13 12
2133_0_0 4 4 6 5 8 0 2 2 3 3 1 3 4 3 2 4 27 12 13 13 13 13 13 13 13 13 12 13 13 13 13 13 13 13 13 13 13 13 14 13 13 14 13 13 13 13 14 13 13 14 13 13 13 13 13 13 13 13 13 13 13 12 13 13 13 13 13 13 13 13 12
2134_0_0 4 4 6 5 8 0 3 2 2 3 3 1 3 4 3 3 27 12 13 13 13 14 13 13 13 13 13 13 13 13 13 13 13 14 13 13 12 13 13 13 13 13 13 13 13 13 13 13 13 13 13 12 13 13 14 13 13 13 13 13 13 13 13 13 13 13 14 13 13 13 12
2135_0_0 4 4 6 5 8 1 1 2 4 3 3 2 3 3 1 4 27 12 13 13 13 13 12 13 13 13 13 13 13 13 13 13 13 14 13 13 13 13 13 13 13 13 14 13 13 14 13 13 13 13 13 13 13 13 14 13 13 13 13 13 13 13 13 13 13 12 13 13 13 13 12
2136_1_0 4 4 8 5 6 0 2 2 3 2 3 2 4 2 4 3 27 12 13 13 13 13 13 13 13 14 13 13 13 14 13 13 13 13 13 12 13 13 13 13 13 13 13 13 13 13 13 13 13 13 13 13 12 13 13 13 13 13 14 13 13 13 14 13 13 13 13 13 13 13 12
2138_0_0 3 5 6 6 7 1 2 2 3 1 4 2 2 5 3 2 27 12 13 13 13 13 13 13 13 13 13 14 13 13 13 12 13 13 13 14 13 13 13 13 13 13 13 13 13 13 13 13 13 13 13 13 14 13 13 13 12 13 13 13 14 13 13 13 13 13 13 13 13 13 12
2140_0_0 4 4 6 5 8 1 1 2 3 2 2 2 3 4 2 5 27 12 13 13 13 13 13 13 13 13 13 13 13 13 13 13 13 13 13 12 13 13 14 13 14 13 13 13 13 13 13 14 13 14 13 13 12 13 13 13 13 13 13 13 13 13 13 13 13 13 13 13 13 13 12
2141_1_0 3 6 5 8 5 0 3 3 2 1 3 2 4 3 3 3 27 12 13 13 13 14 13 13 13 13 13 13 12 13 13 13 13 13 13 13 13 14 13 13 13 13 13 13 13 13 13 13 13 13 14 13 13 13 13 13 13 13 13 12 13 13 13 13 13 13 14 13 13 13 12
2142_1_0 4 5 5 5 8 0 2 3 3 3 4 2 2 2 2 4 27 12 13 14 13 13 13 13 13 13 13 13 13 13 13 12 13 14 13 13 13 13 13 13 13 13 13 13 13 13 13 13 13 13 13 13 13 13 14 13 12 13 13 13 13 13 13 13 13 13 13 13 14 13 12
2143_0_0 4 5 4 6 8 1 1 2 3 1 4 2 3 3 3 4 27 12 13 13 13 13 13 13 13 14 13 13 13 13 13 13 13 12 13 13 13 13 13 13 14 13 13 13 13 13 13 14 13 13 13 13 13 13 12 13 13 13 13 13 13 13 14 13 13 13 13 13 13 13 12
2144_0_0 4 4 7 5 7 0 2 4 3 2 3 3 3 3 1 3 27 12 13 13 13 13 13 13 14 13 13 13 14 13 13 12 13 13 13 13 13 13 13 13 13 13 13 13 13 13 13 13 13 13 13 13 13 13 13 13 12 13 13 14 13 13 13 14 13 13 13 13 13 13 12
2145_0_2 3 6 5 7 6 1 2 4 4 1 4 2 3 2 2 2 27 12 13 13 13 12 13 13 13 13 13 13 13 13 13 13 13 13 14 13 13 13 13 13 14 13 13 13 13 13 13 14 13 13 13 13 13 14 13 13 13 13 13 13 13 13 13 13 13 13 12 13 13 13 12
2146_0_2 4 4 6 5 8 1 2 1 3 2 3 3 3 1 5 3 27 12 13 13 13 13 13 13 14 13 13 14 13 13 13 13 13 13 13 13 13 12 13 13 13 13 13 13 13 13 13 13 13 13 12 13 13 13 13 13 13 13 13 13 14 13 13 14 13 13 13 13 13 13 12
2147_0_2 4 4 7 5 7 0 3 3 3 3 4 1 2 2 3 3 27 12 13 13 13 13 13 14 13 13 13 13 13 13 13 13 13 14 13 13 12 13 13 13 13 13 13 13 13 13 13 13 13 13 13 12 13 13 14 13 13 13 13 13 13 13 13 13 14 13 13 13 13 13 12
2147_1_2 4 5 5 5 8 0 3 3 3 3 4 1 2 2 3 3 27 12 13 13 13 13 13 14 13 13 13 13 13 13 13 13 13 14 13 13 12 13 13 13 13 13 13 13 13 13 13 13 13 13 13 12 13 13 14 13 13 13 13 13 13 13 13 13 14 13 13 13 13 13 12
2147_2_2 4 8 5 5 5 0 3 3 3 3 4 1 2 2 3 3 27 12 13 13 13 13 13 14 13 13 13 13 13 13 13 13 13 14 13 13 12 13 13 13 13 13 13 13 13 13 13 13 13 13 13 12 13 13 14 13 13 13 13 13 13 13 13 13 14 13 13 13 13 13 12
2148_1_0 4 4 8 5 6 1 2 1 2 3 2 5 2 2 3 4 27 12 13 13 13 12 13 13 13 13 13 13 13 13 13 13 13 13 13 13 14 13 14 13 13 13 13 13 13 13 13 13 13 14 13 14 13 13 13 13 13 13 13 13 13 13 13 13 13 13 12 13 13 13 12
2150_1_0 3 6 7 5 6 0 2 4 3 2 3 3 3 3 1 3 27 12 13 13 13 13 13 13 13 13 13 13 14 13 13 12 13 13 13 14 13 13 13 13 13 13 13 13 13 13 13 13 13 13 13 13 14 13 13 13 12 13 13 14 13 13 13 13 13 13 13 13 13 13 12
2152_0_2 4 4 6 5 8 0 3 2 4 3 3 3 2 1 3 3 27 12 14 13 13 12 13 13 13 13 13 13 13 13 13 13 13 13 13 13 13 13 13 13 13 14 13 13 13 13 14 13 13 13 13 13 13 13 13 13 13 13 13 13 13 13 13 13 13 13 12 13 13 14 12
2152_1_2 4 4 8 5 6 0 3 2 4 3 3 3 2 1 3 3 27 12 14 13 13 12 13 13 13 13 13 13 13 13 13 13 13 13 13 13 13 13 13 13 13 14 13 13 13 13 14 13 13 13 13 13 13 13 13 13 13 13 13 13 13 13 13 13 13 13 12 13 13 14 12
2153_0_2 4 5 4 6 8 1 2 1 3 2 3 3 3 1 5 3 27 12 13 13 13 13 13 13 13 13 13 14 13 13 14 13 13 13 13 13 13 13 13 12 13 13 13 13 13 13 13 13 12 13 13 13 13 13 13 13 13 14 13 13 14 13 13 13 13 13 13 13 13 13 12
2154_0_2 3 5 6 6 7 1 2 2 3 2 3 3 1 5 3 2 27 12 13 13 13 13 14 13 13 14 13 13 13 13 13 13 13 13 13 13 12 13 13 13 13 13 13 13 13 13 13 13 13 13 13 12 13 13 13 13 13 13 13 13 13 13 14 13 13 14 13 13 13 13 12
2155_1_0 3 7 6 6 5 0 1 4 2 3 3 3 2 4 2 3 27 12 13 13 13 13 13 13 13 14 13 14 13 13 13 12 13 13 13 13 13 13 13 13 13 13 13 13 13 13 13 13 13 13 13 13 13 13 13 13 12 13 13 13 14 13 14 13 13 13 13 13 13 13 12
2156_1_2 3 8 6 5 5 1 2 1 3 3 3 3 4 1 2 4 27 12 13 13 13 13 13 13 13 13 13 13 13 13 13 13 12 13 13 14 13 13 13 13 13 14 13 13 13 13 14 13 13 13 13 13 14 13 13 12 13 13 13 13 13 13 13 13 13 13 13 13 13 13 12
2157_0_6 3 6 5 7 6 1 2 3 3 1 4 3 4 2 1 3 27 12 13 14 13 12 13 13 13 14 13 13 13 13 13 13 13 13 13 13 13 13 13 13 13 13 13 13 13 13 13 13 13 13 13 13 13 13 13 13 13 13 13 13 13 13 14 13 13 13 12 13 14 13 12
2157_1_6 3 6 7 5 6 1 2 3 3 1 4 3 4 2 1 3 27 12 13 14 13 12 13 13 13 14 13 13 13 13 13 13 13 13 13 13 13 13 13 13 13 13 13 13 13 13 13 13 13 13 13 13 13 13 13 13 13 13 13 13 13 13 14 13 13 13 12 13 14 13 12
2158_1_2 3 8 6 5 5 1 2 3 2 3 1 4 4 3 1 3 27 12 13 12 13 13 13 13 13 13 13 13 13 13 13 13 13 13 14 13 14 13 13 13 13 13 13 13 13 13 13 13 13 13 13 14 13 14 13 13 13 13 13 13 13 13 13 13 13 13 13 13 12 13 12
2160_0_2 4 4 6 5 8 1 1 2 5 2 3 3 2 3 2 3 27 12 13 12 13 13 13 13 13 13 13 13 14 13 13 13 13 13 14 13 13 13 13 13 13 13 13 13 13 13 13 13 13 13 13 13 13 14 13 13 13 13 13 14 13 13 13 13 13 13 13 13 12 13 12
2161_1_0 3 6 7 5 6 1 2 2 1 3 2 4 2 2 3 5 27 12 13 13 13 13 13 13 13 13 12 13 13 13 13 13 13 13 13 13 13 13 14 13 13 13 14 13 13 14 13 13 13 14 13 13 13 13 13 13 13 13 13 13 13 12 13 13 13 13 13 13 13 13 12
2162_1_2 4 4 8 5 6 1 2 3 4 3 3 1 3 1 2 4 27 12 13 13 13 14 13 13 14 13 13 13 13 13 13 12 13 13 13 13 13 13 13 13 13 13 13 13 13 13 13 13 13 13 13 13 13 13 13 13 12 13 13 13 13 13 13 14 13 13 14 13 13 13 12
2164_0_2 4 5 4 7 7 1 1 2 3 2 3 2 4 2 3 4 27 13 13 13 13 12 13 13 13 13 13 13 13 13 14 13 13 13 13 13 13 13 12 13 13 13 14 13 13 14 13 13 13 12 13 13 13 13 13 13 13 14 13 13 13 13 13 13 13 13 12 13 13 13 13
2164_2_2 4 5 8 5 5 1 1 2 3 2 3 2 4 2 3 4 27 13 13 13 13 12 13 13 13 13 13 13 13 13 14 13 13 13 13 13 13 13 12 13 13 13 14 13 13 14 13 13 13 12 13 13 13 13 13 13 13 14 13 13 13 13 13 13 13 13 12 13 13 13 13
2166_0_2 3 5 6 6 7 1 3 2 2 2 3 1 3 2 5 3 27 12 13 13 14 13 13 13 13 13 12 13 13 13 13 13 13 13 13 13 13 13 13 13 14 13 13 13 13 13 13 14 13 13 13 13 13 13 13 13 13 13 13 13 13 12 13 13 13 13 13 14 13 13 12
2167_0_2 3 5 6 6 7 1 2 2 3 3 3 1 5 3 2 2 27 12 13 13 13 13 13 13 13 14 13 13 13 13 13 12 13 13 13 13 13 14 13 13 13 13 13 13 13 13 13 13 13 13 14 13 13 13 13 13 12 13 13 13 13 13 14 13 13 13 13 13 13 13 12
2168_0_2 4 4 6 5 8 1 2 4 4 1 4 2 3 2 2 2 27 12 13 13 13 12 13 13 13 13 13 13 13 14 13 14 13 13 13 13 13 13 13 13 13 13 13 13 13 13 13 13 13 13 13 13 13 13 13 13 14 13 14 13 13 13 13 13 13 13 12 13 13 13 12
2169_1_0 4 4 8 5 6 1 2 3 3 1 3 4 3 3 1 3 27 13 13 13 13 12 13 13 13 13 13 12 13 13 13 14 13 13 14 13 13 13 13 13 13 13 13 13 13 13 13 13 13 13 13 13 13 14 13 13 14 13 13 13 12 13 13 13 13 13 12 13 13 13 13
2171_1_0 3 8 6 5 5 1 2 2 1 3 2 4 2 2 3 5 27 12 13 13 13 13 13 13 13 13 13 13 12 13 13 14 13 13 13 13 13 13 14 13 13 13 13 13 13 13 13 13 13 14 13 13 13 13 13 13 14 13 13 12 13 13 13 13 13 13 13 13 13 13 12
2172_1_2 4 5 5 8 5 1 1 2 3 2 3 2 4 2 3 4 27 13 13 13 13 12 13 13 13 13 13 13 13 13 13 13 13 13 13 14 13 13 12 13 13 13 14 13 13 14 13 13 13 12 13 13 14 13 13 13 13 13 13 13 13 13 13 13 13 13 12 13 13 13 13
2173_1_0 4 5 4 8 6 0 2 3 2 3 1 4 3 3 3 3 27 12 13 12 13 13 13 13 13 13 13 13 13 13 13 13 13 13 13 14 13 13 13 13 14 13 13 13 13 13 13 14 13 13 13 13 14 13 13 13 13 13 13 13 13 13 13 13 13 13 13 13 12 13 12
2174_1_2 3 6 7 5 6 1 2 2 3 5 2 2 3 3 1 3 27 12 13 13 13 12 13 13 13 13 13 13 14 13 14 13 13 13 13 13 13 13 13 13 13 13 13 13 13 13 13 13 13 13 13 13 13 13 13 13 13 14 13 14 13 13 13 13 13 13 12 13 13 13 12
2175_1_2 4 4 8 5 6 1 2 3 4 3 3 1 3 1 2 4 27 12 13 13 13 13 13 13 13 13 13 13 13 13 13 12 13 13 13 13 13 13 13 13 13 14 13 14 14 13 14 13 13 13 13 13 13 13 13 13 12 13 13 13 13 13 13 13 13 13 13 13 13 13 12
2177_0_2 4 4 6 5 8 1 2 1 4 2 4 4 1 2 3 3 27 12 13 12 13 13 13 13 13 13 13 13 13 13 13 13 13 13 14 13 13 13 14 13 13 13 13 13 13 13 13 13 13 14 13 13 13 14 13 13 13 13 13 13 13 13 13 13 13 13 13 13 12 13 12
2177_1_2 4 4 8 5 6 1 2 1 4 2 4 4 1 2 3 3 27 12 13 12 13 13 13 13 13 13 13 13 13 13 13 13 13 13 14 13 13 13 14 13 13 13 13 13 13 13 13 13 13 14 13 13 13 14 13 13 13 13 13 13 13 13 13 13 13 13 13 13 12 13 12
2178_0_2 4 4 6 5 8 1 2 2 3 2 3 3 1 5 3 2 27 12 13 13 13 13 13 13 13 13 13 13 13 13 13 13 14 13 14 13 13 13 13 13 13 13 12 13 13 12 13 13 13 13 13 13 13 14 13 14 13 13 13 13 13 13 13 13 13 13 13 13 13 13 12
2179_1_0 4 4 8 5 6 1 1 3 3 1 4 2 3 3 3 3 27 12 13 14 13 13 13 13 13 13 13 12 13 13 13 13 13 13 13 14 13 13 13 13 13 13 13 13 13 13 13 13 13 13 13 13 14 13 13 13 13 13 13 13 12 13 13 13 13 13 13 13 14 13 12
2181_0_2 4 4 6 5 8 1 2 2 3 3 3 1 5 3 2 2 27 12 13 13 13 13 13 13 13 14 13 13 14 13 13 13 13 13 13 13 13 13 13 13 13 13 12 13 13 12 13 13 13 13 13 13 13 13 13 13 13 13 13 14 13 13 14 13 13 13 13 13 13 13 12
2182_1_0 4 4 8 5 6 0 2 3 2 3 1 4 3 3 3 3 27 12 13 13 13 13 13 14 13 14 13 13 13 13 13 13 13 13 13 13 13 13 13 13 13 13 12 13 13 12 13 13 13 13 13 13 13 13 13 13 13 13 13 13 13 13 14 13 14 13 13 13 13 13 12
2184_1_0 4 4 8 5 6 0 3 2 3 4 3 3 1 2 3 3 27 12 13 12 13 13 13 13 13 13 13 13 14 13 13 13 13 14 13 13 13 13 13 13 13 13 13 13 13 13 13 13 13 13 13 13 13 13 14 13 13 13 13 14 13 13 13 13 13 13 13 13 12 13 12
2185_1_2 3 6 7 5 6 1 2 1 2 4 2 2 3 4 2 4 27 12 13 13 13 13 13 13 13 14 13 13 13 14 13 13 13 13 13 13 13 13 13 13 13 12 13 13 13 13 12 13 13 13 13 13 13 13 13 13 13 13 14 13 13 13 14 13 13 13 13 13 13 13 12
2187_1_0 4 4 8 5 6 1 2 1 3 3 2 4 2 2 3 4 27 12 13 13 13 13 13 14 13 13 13 12 13 13 13 13 14 13 13 13 13 13 13 13 13 13 13 13 13 13 13 13 13 13 13 13 13 13 13 14 13 13 13 13 12 13 13 13 14 13 13 13 13 13 12
2189_1_0 4 4 8 5 6 1 2 1 3 3 2 4 2 2 3 4 27 12 13 13 14 13 13 13 13 13 13 12 13 13 13 13 13 14 13 13 13 13 13 13 13 13 13 13 13 13 13 13 13 13 13 13 13 13 14 13 13 13 13 13 12 13 13 13 13 13 13 14 13 13 12
2191_1_0 3 6 7 5 6 1 1 3 2 2 3 2 4 2 4 3 27 13 13 13 13 12 13 13 13 13 13 12 13 14 14 13 13 13 13 13 13 13 13 13 13 13 13 13 13 13 13 13 13 13 13 13 13 13 13 13 13 14 14 13 12 13 13 13 13 13 12 13 13 13 13
2193_1_0 3 8 6 5 5 1 2 4 4 2 2 2 2 3 1 4 27 12 13 13 13 13 13 13 13 13 13 13 12 13 13 14 13 14 13 13 13 13 13 13 13 13 13 13 13 13 13 13 13 13 13 13 13 13 14 13 14 13 13 12 13 13 13 13 13 13 13 13 13 13 12
2194_1_2 4 4 8 5 6 1 2 2 3 5 2 2 3 3 1 3 27 12 13 13 13 13 13 13 14 13 13 13 14 13 13 13 13 12 13 13 13 13 13 13 13 13 13 13 13 13 13 13 13 13 13 13 13 13 12 13 13 13 13 14 13 13 13 14 13 13 13 13 13 13 12
2195_1_2 3 7 6 6 5 1 3 2 2 2 3 1 3 2 5 3 27 12 13 13 13 13 13 13 13 13 12 13 13 13 13 13 13 13 13 13 13 13 13 13 14 13 14 13 13 14 13 14 13 13 13 13 13 13 13 13 13 13 13 13 13 12 13 13 13 13 13 13 13 13 12
2196_1_2 3 8 6 5 5 1 2 1 3 4 2 3 3 2 2 4 27 12 13 13 13 14 13 13 13 13 13 12 13 13 14 13 13 13 13 13 13 13 13 13 13 13 13 13 13 13 13 13 13 13 13 13 13 13 13 13 13 14 13 13 12 13 13 13 13 13 14 13 13 13 12
2198_0_2 3 5 5 6 8 1 2 1 3 3 3 3 4 1 2 4 27 12 13 13 13 13 12 13 13 13 13 13 13 13 14 13 13 13 13 13 13 13 13 13 13 14 13 13 13 13 14 13 13 13 13 13 13 13 13 13 13 14 13 13 13 13 13 13 13 12 13 13 13 13 12
2199_1_0 4 4 8 5 6 0 2 4 3 2 3 3 3 3 1 3 27 12 13 13 13 13 13 13 13 13 13 13 13 13 14 13 13 13 13 13 13 13 13 14 13 13 12 13 13 12 13 13 14 13 13 13 13 13 13 13 13 14 13 13 13 13 13 13 13 13 13 13 13 13 12
2201_1_0 3 7 6 6 5 1 2 3 3 1 3 4 3 3 1 3 27 13 13 13 13 12 13 13 13 13 13 13 13 13 13 13 13 13 14 13 13 13 12 13 13 13 14 13 13 14 13 13 13 12 13 13 13 14 13 13 13 13 13 13 13 13 13 13 13 13 12 13 13 13 13
2203_0_2 3 5 5 6 8 1 2 3 4 3 3 1 3 1 2 4 27 12 13 13 12 13 13 13 13 13 13 13 13 13 13 13 14 13 13 13 13 13 13 13 13 14 13 13 13 13 14 13 13 13 13 13 13 13 13 14 13 13 13 13 13 13 13 13 13 13 13 12 13 13 12
2204_1_0 4 4 8 5 6 0 1 3 3 3 2 3 3 3 2 4 27 12 13 13 13 13 13 14 13 13 13 13 13 12 13 13 13 13 13 13 13 13 13 14 13 13 13 13 13 13 13 13 14 13 13 13 13 13 13 13 13 13 12 13 13 13 13 13 14 13 13 13 13 13 12
2205_1_2 3 6 7 5 6 1 2 2 2 2 4 3 4 1 2 4 27 12 13 13 13 13 13 13 14 13 13 13 13 13 13 12 13 13 13 14 13 13 13 13 13 13 13 13 13 13 13 13 13 13 13 13 14 13 13 13 12 13 13 13 13 13 13 14 13 13 13 13 13 13 12
2206_1_2 3 8 6 5 5 1 2 3 2 3 1 4 4 3 1 3 27 12 13 13 13 13 13 13 13 14 13 13 13 13 13 14 13 13 13 12 13 13 13 13 13 13 13 13 13 13 13 13 13 13 13 13 12 13 13 13 14 13 13 13 13 13 14 13 13 13 13 13 13 13 12
2207_1_2 4 5 5 5 8 1 1 2 5 2 3 3 2 3 2 3 27 12 13 13 13 13 13 14 13 13 13 13 14 13 13 13 13 13 13 13 13 13 13 13 13 12 13 13 13 13 12 13 13 13 13 13 13 13 13 13 13 13 13 14 13 13 13 13 14 13 13 13 13 13 12
2208_1_0 3 6 7 5 6 1 2 3 3 1 3 4 3 3 1 3 27 13 13 13 13 12 13 14 13 13 13 13 13 13 13 13 13 13 14 13 13 13 12 13 13 13 13 13 13 13 13 13 13 12 13 13 13 14 13 13 13 13 13 13 13 13 13 13 14 13 12 13 13 13 13
2209_1_2 3 8 6 5 5 1 2 1 3 2 3 3 3 1 5 3 27 12 13 13 13 13 13 13 13 13 13 14 13 13 13 13 13 13 13 13 13 12 13 13 13 14 13 13 13 13 14 13 13 13 12 13 13 13 13 13 13 13 13 13 14 13 13 13 13 13 13 13 13 13 12
2211_1_0 4 4 8 5 6 1 2 2 1 3 2 4 2 2 3 5 27 12 13 13 13 13 13 14 13 13 13 13 12 13 13 13 13 13 13 13 13 13 14 13 13 13 13 13 13 13 13 13 13 14 13 13 13 13 13 13 13 13 13 12 13 13 13 13 14 13 13 13 13 13 12
2213_1_0 4 5 4 8 6 1 1 3 2 2 3 2 4 2 4 3 27 13 13 13 13 12 13 13 13 13 13 13 13 13 13 13 13 13 13 14 14 13 12 13 13 13 13 13 13 13 13 13 13 12 13 14 14 13 13 13 13 13 13 13 13 13 13 13 13 13 12 13 13 13 13
2215_1_0 4 4 8 5 6 1 2 4 4 2 2 2 2 3 1 4 27 12 13 13 13 13 13 14 13 13 13 13 12 13 13 13 13 14 13 13 13 13 13 13 13 13 13 13 13 13 13 13 13 13 13 13 13 13 14 13 13 13 13 12 13 13 13 13 14 13 13 13 13 13 12
2216_1_2 3 7 6 6 5 1 1 2 3 2 3 2 3 3 2 5 27 12 13 13 13 13 14 13 13 13 12 13 13 13 14 13 13 13 13 13 13 13 13 13 13 13 13 13 13 13 13 13 13 13 13 13 13 13 13 13 13 14 13 13 13 12 13 13 13 14 13 13 13 13 12
2218_0_2 4 4 7 5 7 1 2 2 3 5 2 2 3 3 1 3 27 12 13 13 13 12 13 13 14 13 13 13 14 13 13 13 13 13 13 13 13 13 13 13 13 13 13 13 13 13 13 13 13 13 13 13 13 13 13 13 13 13 13 14 13 13 13 14 13 13 12 13 13 13 12
2218_2_2 4 8 5 5 5 1 2 2 3 5 2 2 3 3 1 3 27 12 13 13 13 12 13 13 14 13 13 13 14 13 13 13 13 13 13 13 13 13 13 13 13 13 13 13 13 13 13 13 13 13 13 13 13 13 13 13 13 13 13 14 13 13 13 14 13 13 12 13 13 13 12
2220_0_2 4 5 4 6 8 1 2 1 3 2 3 3 3 1 5 3 27 12 13 13 13 13 13 13 13 13 13 14 13 13 13 13 13 13 13 14 13 13 13 12 13 13 13 13 13 13 13 13 12 13 13 13 14 13 13 13 13 13 13 13 14 13 13 13 13 13 13 13 13 13 12
2221_1_0 3 7 5 7 5 1 1 2 4 1 3 3 2 4 3 3 27 12 13 13 12 13 13 13 13 13 13 13 14 13 13 13 13 14 13 13 13 13 13 13 13 13 13 13 13 13 13 13 13 13 13 13 13 13 14 13 13 13 13 14 13 13 13 13 13 13 13 12 13 13 12
2222_0_6 4 5 4 6 8 1 2 5 3 2 2 3 2 3 1 3 27 12 13 13 14 13 13 13 13 13 13 13 13 12 13 13 14 13 13 13 13 13 13 13 13 13 13 13 13 13 13 13 13 13 13 13 13 13 13 14 13 13 12 13 13 13 13 13 13 13 13 14 13 13 12
2222_1_6 4 5 4 8 6 1 2 5 3 2 2 3 2 3 1 3 27 12 13 13 14 13 13 13 13 13 13 13 13 12 13 13 14 13 13 13 13 13 13 13 13 13 13 13 13 13 13 13 13 13 13 13 13 13 13 14 13 13 12 13 13 13 13 13 13 13 13 14 13 13 12
2224_1_0 4 4 8 5 6 0 1 4 2 3 3 3 2 4 2 3 27 12 13 13 12 13 13 13 13 13 13 14 13 14 13 13 13 13 13 13 13 13 13 13 13 13 13 13 13 13 13 13 13 13 13 13 13 13 13 13 13 13 14 13 14 13 13 13 13 13 13 12 13 13 12
2226_0_0 3 6 5 7 6 1 1 2 4 3 3 2 3 3 1 4 27 12 13 13 13 13 13 14 13 13 13 13 13 13 13 13 13 13 13 14 13 13 13 13 13 12 13 13 13 13 12 13 13 13 13 13 14 13 13 13 13 13 13 13 13 13 13 13 14 13 13 13 13 13 12
2228_0_0 3 5 8 5 6 1 1 2 4 1 3 3 2 4 3 3 27 12 13 13 13 13 13 12 13 13 14 13 13 13 13 13 14 13 13 13 13 13 13 13 13 13 13 13 13 13 13 13 13 13 13 13 13 13 13 14 13 13 13 13 13 14 13 13 12 13 13 13 13 13 12
2230_0_0 3 5 5 6 8 1 1 2 4 3 3 2 3 3 1 4 27 12 13 13 13 13 13 13 13 13 14 13 13 13 13 13 13 13 13 13 13 12 13 13 13 13 14 13 13 14 13 13 13 13 12 13 13 13 13 13 13 13 13 13 13 14 13 13 13 13 13 13 13 13 12
2231_1_0 3 6 7 5 6 0 2 3 2 3 4 2 2 4 2 3 27 12 13 14 13 13 13 13 13 13 13 13 13 13 13 12 13 13 13 14 13 13 13 13 13 13 13 13 13 13 13 13 13 13 13 13 14 13 13 13 12 13 13 13 13 13 13 13 13 13 13 13 14 13 12
2233_0_0 3 5 6 6 7 1 2 4 4 2 2 2 2 3 1 4 27 12 13 13 14 13 13 13 13 13 12 13 13 13 13 13 14 13 13 13 13 13 13 13 13 13 13 13 13 13 13 13 13 13 13 13 13 13 13 14 13 13 13 13 13 12 13 13 13 13 13 14 13 13 12
2235_0_0 3 5 5 6 8 0 2 3 2 3 4 2 2 4 2 3 27 12 13 13 12 13 13 13 13 13 13 13 13 13 13 13 13 13 13 14 13 13 13 13 13 14 13 13 13 13 14 13 13 13 13 13 14 13 13 13 13 13 13 13 13 13 13 13 13 13 13 12 13 13 12
2236_0_0 3 5 7 5 7 0 2 3 2 3 1 4 3 3 3 3 27 12 13 13 12 13 13 13 13 13 13 13 13 14 13 13 13 13 14 13 13 13 13 13 13 13 13 13 13 13 13 13 13 13 13 13 13 14 13 13 13 13 14 13 13 13 13 13 13 13 13 12 13 13 12
2238_0_0 3 5 5 6 8 1 2 2 4 3 3 1 4 3 1 3 27 12 13 13 13 13 13 13 13 13 13 13 13 14 13 14 13 13 13 13 13 13 13 12 13 13 13 13 13 13 13 13 12 13 13 13 13 13 13 13 14 13 14 13 13 13 13 13 13 13 13 13 13 13 12
2239_0_0 3 6 5 7 6 0 3 2 2 4 4 2 2 3 2 3 27 12 13 13 13 12 13 13 13 13 13 13 13 14 13 13 13 13 13 14 13 13 13 13 13 13 13 13 13 13 13 13 13 13 13 13 14 13 13 13 13 13 14 13 13 13 13 13 13 13 12 13 13 13 12
2239_1_0 3 6 7 5 6 0 3 2 2 4 4 2 2 3 2 3 27 12 13 13 13 12 13 13 13 13 13 13 13 14 13 13 13 13 13 14 13 13 13 13 13 13 13 13 13 13 13 13 13 13 13 13 14 13 13 13 13 13 14 13 13 13 13 13 13 13 12 13 13 13 12
2240_0_0 4 4 6 5 8 0 2 4 3 2 3 3 3 3 1 3 27 12 13 13 12 13 13 13 13 13 13 13 14 13 14 13 13 13 13 13 13 13 13 13 13 13 13 13 13 13 13 13 13 13 13 13 13 13 13 13 13 14 13 14 13 13 13 13 13 13 13 12 13 13 12
2242_0_0 3 6 5 7 6 0 2 2 3 3 1 3 4 3 2 4 27 12 13 13 13 13 13 13 13 13 12 13 13 13 14 13 13 13 13 13 13 13 14 13 13 13 13 13 13 13 13 13 13 14 13 13 13 13 13 13 13 14 13 13 13 12 13 13 13 13 13 13 13 13 12
2243_0_0 3 5 5 6 8 1 2 1 3 3 2 4 2 2 3 4 27 12 13 13 13 14 13 13 13 13 13 12 13 13 13 13 13 13 13 13 13 13 13 13 13 13 14 13 13 14 13 13 13 13 13 13 13 13 13 13 13 13 13 13 12 13 13 13 13 13 14 13 13 13 12
2245_0_0 3 5 5 6 8 1 1 2 3 1 4 2 3 3 3 4 27 12 13 13 13 13 12 13 13 13 13 13 13 13 13 13 13 13 13 13 14 13 13 13 14 13 13 13 13 13 13 14 13 13 13 14 13 13 13 13 13 13 13 13 13 13 13 13 13 12 13 13 13 13 12
2246_0_0 4 5 4 6 8 1 2 1 3 3 2 4 2 2 3 4 27 12 13 13 14 13 14 13 13 13 13 13 13 13 13 13 13 13 13 13 13 13 12 13 13 13 13 13 13 13 13 13 13 12 13 13 13 13 13 13 13 13 13 13 13 13 13 13 13 14 13 14 13 13 12
2248_0_0 4 4 6 5 8 1 2 2 3 2 2 2 5 2 3 3 27 12 13 13 13 13 13 13 14 13 13 13 13 14 13 13 13 13 13 13 13 13 12 13 13 13 13 13 13 13 13 13 13 12 13 13 13 13 13 13 13 13 14 13 13 13 13 14 13 13 13 13 13 13 12
2250_0_0 4 4 6 5 8 0 3 2 2 4 4 2 2 3 2 3 27 12 13 13 13 13 13 13 14 13 13 13 13 14 13 13 13 12 13 13 13 13 13 13 13 13 13 13 13 13 13 13 13 13 13 13 13 13 12 13 13 13 14 13 13 13 13 14 13 13 13 13 13 13 12
2250_1_0 4 4 8 5 6 0 3 2 2 4 4 2 2 3 2 3 27 12 13 13 13 13 13 13 14 13 13 13 13 14 13 13 13 12 13 13 13 13 13 13 13 13 13 13 13 13 13 13 13 13 13 13 13 13 12 13 13 13 14 13 13 13 13 14 13 13 13 13 13 13 12
2251_0_0 4 4 6 5 8 0 2 3 2 2 3 2 2 4 3 4 27 12 13 13 13 13 13 13 13 13 13 13 13 13 13 13 14 13 14 13 13 13 13 13 12 13 13 13 13 13 13 12 13 13 13 13 13 14 13 14 13 13 13 13 13 13 13 13 13 13 13 13 13 13 12
2251_1_0 4 4 8 5 6 0 2 3 2 2 3 2 2 4 3 4 27 12 13 13 13 13 13 13 13 13 13 13 13 13 13 13 14 13 14 13 13 13 13 13 12 13 13 13 13 13 13 12 13 13 13 13 13 14 13 14 13 13 13 13 13 13 13 13 13 13 13 13 13 13 12
2252_0_0 4 5 4 6 8 1 2 2 3 1 4 2 2 5 3 2 27 12 13 13 13 13 13 12 13 13 13 14 13 13 13 13 13 13 13 14 13 13 13 13 13 13 13 13 13 13 13 13 13 13 13 13 14 13 13 13 13 13 13 13 14 13 13 13 12 13 13 13 13 13 12
2253_1_0 3 7 6 6 5 0 2 3 3 3 4 2 2 2 2 4 27 12 13 13 13 13 14 13 13 13 13 13 13 13 13 12 13 13 13 14 13 13 13 13 13 13 13 13 13 13 13 13 13 13 13 13 14 13 13 13 12 13 13 13 13 13 13 13 13 14 13 13 13 13 12
2254_1_0 3 8 6 5 5 0 3 1 2 3 3 3 2 3 4 3 27 12 13 13 13 13 12 13 13 13 13 13 13 13 13 13 13 13 13 13 13 14 13 13 13 14 13 13 13 13 14 13 13 13 14 13 13 13 13 13 13 13 13 13 13 13 13 13 13 12 13 13 13 13 12
2255_1_0 4 4 8 5 6 0 2 3 3 3 4 2 2 2 2 4 27 12 13 13 13 13 14 13 14 13 13 13 13 13 13 13 13 13 13 13 13 13 13 13 13 13 12 13 13 12 13 13 13 13 13 13 13 13 13 13 13 13 13 13 13 13 13 14 13 14 13 13 13 13 12
2257_0_0 3 5 6 6 7 1 1 3 2 2 3 2 4 2 4 3 27 13 13 13 13 12 13 13 13 13 13 13 13 14 13 13 13 13 13 14 13 13 12 13 13 13 13 13 13 13 13 13 13 12 13 13 14 13 13 13 13 13 14 13 13 13 13 13 13 13 12 13 13 13 13
2259_0_0 4 4 6 5 8 0 2 3 3 2 3 2 4 2 3 3 27 12 13 13 13 13 14 13 14 13 13 12 13 13 13 13 13 13 13 13 13 13 13 13 13 13 13 13 13 13 13 13 13 13 13 13 13 13 13 13 13 13 13 13 12 13 13 14 13 14 13 13 13 13 12
2260_0_0 3 5 6 6 7 1 2 2 3 3 4 2 1 5 2 2 27 12 13 13 13 13 13 13 13 13 13 14 13 13 13 13 13 13 13 13 12 13 13 13 13 13 14 13 13 14 13 13 13 13 13 12 13 13 13 13 13 13 13 13 14 13 13 13 13 13 13 13 13 13 12
2262_0_0 4 5 4 6 8 1 2 2 3 2 2 2 5 2 3 3 27 12 13 13 13 13 13 13 13 14 13 13 13 13 14 13 13 13 13 13 13 13 12 13 13 13 13 13 13 13 13 13 13 12 13 13 13 13 13 13 13 14 13 13 13 13 14 13 13 13 13 13 13 13 12
2264_0_0 4 4 7 5 7 1 1 2 4 3 3 2 3 3 1 4 27 12 13 13 13 13 13 14 13 13 13 13 13 13 13 12 13 13 14 13 13 13 13 13 13 13 13 13 13 13 13 13 13 13 13 13 13 14 13 13 12 13 13 13 13 13 13 13 14 13 13 13 13 13 12
2265_1_0 3 8 6 5 5 1 2 1 3 3 2 4 2 2 3 4 27 12 13 13 13 13 14 13 13 13 13 12 13 13 13 14 13 13 13 13 13 13 13 13 13 13 13 13 13 13 13 13 13 13 13 13 13 13 13 13 14 13 13 13 12 13 13 13 13 14 13 13 13 13 12
2266_1_2 3 6 7 5 6 1 2 2 3 2 3 3 1 5 3 2 27 12 13 13 13 13 13 13 13 13 13 13 13 13 13 13 13 14 13 13 12 13 13 13 14 13 13 13 13 13 13 14 13 13 13 12 13 13 14 13 13 13 13 13 13 13 13 13 13 13 13 13 13 13 12
2268_0_2 4 4 6 5 8 1 2 3 3 2 2 3 5 1 3 2 27 12 13 13 13 13 13 13 13 13 13 13 13 13 14 13 13 13 14 13 13 13 13 13 12 13 13 13 13 13 13 12 13 13 13 13 13 14 13 13 13 14 13 13 13 13 13 13 13 13 13 13 13 13 12
2269_1_0 4 5 4 8 6 1 1 2 4 1 4 3 2 3 3 3 27 12 13 13 14 13 13 13 13 13 13 13 13 13 14 13 13 12 13 13 13 13 13 13 13 13 13 13 13 13 13 13 13 13 13 13 13 13 12 13 13 14 13 13 13 13 13 13 13 13 13 14 13 13 12
2271_0_0 3 5 6 6 7 1 1 2 3 2 3 4 1 4 3 3 27 12 13 13 13 12 13 13 13 13 13 13 13 13 13 13 13 13 13 13 13 14 13 13 14 13 13 13 13 13 13 14 13 13 14 13 13 13 13 13 13 13 13 13 13 13 13 13 13 13 12 13 13 13 12
2273_0_0 3 6 5 7 6 0 2 3 1 4 3 3 2 3 3 3 27 12 13 13 13 12 13 13 14 13 13 13 13 13 14 13 13 13 13 13 13 13 13 13 13 13 13 13 13 13 13 13 13 13 13 13 13 13 13 13 13 14 13 13 13 13 13 14 13 13 12 13 13 13 12
2274_0_0 4 4 6 5 8 1 2 2 3 1 4 2 2 5 3 2 27 12 13 13 12 13 13 13 13 13 13 13 13 13 13 13 13 13 13 14 13 13 14 13 13 13 13 13 13 13 13 13 13 14 13 13 14 13 13 13 13 13 13 13 13 13 13 13 13 13 13 12 13 13 12
2276_0_0 3 5 5 6 8 0 2 3 2 3 1 4 3 3 3 3 27 12 13 13 13 14 13 13 13 13 13 13 13 14 13 13 13 12 13 13 13 13 13 13 13 13 13 13 13 13 13 13 13 13 13 13 13 13 12 13 13 13 14 13 13 13 13 13 13 13 14 13 13 13 12
2278_0_0 3 5 8 5 6 0 2 3 2 3 4 2 2 4 2 3 27 12 13 13 13 13 13 12 13 13 13 13 13 13 13 13 13 13 13 14 13 13 13 13 13 14 13 13 13 13 14 13 13 13 13 13 14 13 13 13 13 13 13 13 13 13 13 13 12 13 13 13 13 13 12
2279_0_0 4 4 7 5 7 1 2 2 2 2 3 2 3 2 5 3 27 13 13 13 13 12 13 13 13 13 13 12 14 13 13 13 13 13 14 13 13 13 13 13 13 13 13 13 13 13 13 13 13 13 13 13 13 14 13 13 13 13 13 14 12 13 13 13 13 13 12 13 13 13 13
2280_1_0 3 6 7 5 6 1 1 2 4 3 3 2 3 3 1 4 27 12 13 13 13 13 13 14 13 14 13 13 13 13 13 13 13 13 13 13 12 13 13 13 13 13 13 13 13 13 13 13 13 13 13 12 13 13 13 13 13 13 13 13 13 13 14 13 14 13 13 13 13 13 12
2281_1_2 3 6 5 8 5 1 1 2 3 2 3 2 3 3 2 5 27 12 13 13 13 14 13 13 13 13 13 13 13 13 13 13 13 13 13 14 13 13 13 12 13 13 13 13 13 13 13 13 12 13 13 13 14 13 13 13 13 13 13 13 13 13 13 13 13 13 14 13 13 13 12
2283_1_0 3 6 5 8 5 1 2 2 3 2 2 2 5 2 3 3 27 12 13 13 13 13 13 13 13 14 13 13 13 13 13 13 13 13 13 13 13 13 12 13 13 14 13 13 13 13 14 13 13 12 13 13 13 13 13 13 13 13 13 13 13 13 14 13 13 13 13 13 13 13 12
2285_0_2 3 6 5 7 6 1 2 2 3 5 2 2 3 3 1 3 27 12 13 13 13 12 13 13 13 13 13 13 13 13 13 13 13 13 13 14 13 13 13 14 13 13 13 13 13 13 13 13 14 13 13 13 14 13 13 13 13 13 13 13 13 13 13 13 13 13 12 13 13 13 12
2286_1_0 4 5 4 8 6 0 2 4 3 2 3 3 3 3 1 3 27 12 13 13 13 13 13 12 13 13 13 13 13 13 14 13 13 13 13 13 13 14 13 13 13 13 13 13 13 13 13 13 13 13 14 13 13 13 13 13 13 14 13 13 13 13 13 13 12 13 13 13 13 13 12
2287_1_2 4 4 8 5 6 1 2 2 3 2 3 3 1 5 3 2 27 12 13 13 13 14 13 14 13 13 13 13 13 13 13 12 13 13 13 13 13 13 13 13 13 13 13 13 13 13 13 13 13 13 13 13 13 13 13 13 12 13 13 13 13 13 13 13 14 13 14 13 13 13 12
2289_1_0 3 6 7 5 6 1 2 2 3 1 4 2 2 5 3 2 27 12 13 13 13 13 13 13 13 13 13 13 13 13 13 12 13 13 13 14 13 13 14 13 13 13 13 13 13 13 13 13 13 14 13 13 14 13 13 13 12 13 13 13 13 13 13 13 13 13 13 13 13 13 12
2291_1_0 3 6 7 5 6 1 1 2 4 3 3 2 3 3 1 4 27 12 13 13 14 13 13 13 13 13 12 13 13 13 13 13 13 13 13 13 13 13 13 14 13 13 13 13 13 13 13 13 14 13 13 13 13 13 13 13 13 13 13 13 13 12 13 13 13 13 13 14 13 13 12
2293_0_2 3 5 8 5 6 1 2 1 3 3 3 3 4 1 2 4 27 12 13 13 13 13 13 13 13 13 13 13 13 13 14 13 13 12 13 13 13 13 13 13 13 14 13 13 13 13 14 13 13 13 13 13 13 13 12 13 13 14 13 13 13 13 13 13 13 13 13 13 13 13 12
2294_0_2 4 4 6 5 8 1 2 3 4 3 3 1 3 1 2 4 27 12 13 13 12 13 13 13 13 13 13 13 13 13 14 13 13 14 13 13 13 13 13 13 13 13 13 13 13 13 13 13 13 13 13 13 13 13 14 13 13 14 13 13 13 13 13 13 13 13 13 12 13 13 12
2295_1_0 4 5 5 5 8 0 1 3 3 3 2 3 3 3 2 4 27 12 13 13 13 13 13 14 13 13 13 13 14 13 13 13 13 13 13 13 12 13 13 13 13 13 13 13 13 13 13 13 13 13 13 12 13 13 13 13 13 13 13 14 13 13 13 13 14 13 13 13 13 13 12
2297_0_0 3 5 5 6 8 1 2 4 4 2 2 2 2 3 1 4 27 12 13 13 13 14 13 13 13 13 13 13 12 13 13 13 13 13 14 13 13 13 13 13 13 13 13 13 13 13 13 13 13 13 13 13 13 14 13 13 13 13 13 12 13 13 13 13 13 13 14 13 13 13 12
2299_0_0 3 5 7 5 7 1 1 2 3 2 2 2 3 4 2 5 27 12 13 13 13 13 13 13 13 13 13 13 13 14 13 13 13 13 13 12 13 13 14 13 13 13 13 13 13 13 13 13 13 14 13 13 12 13 13 13 13 13 14 13 13 13 13 13 13 13 13 13 13 13 12
2300_1_0 3 7 5 7 5 0 3 3 2 1 3 2 4 3 3 3 27 12 13 13 13 13 13 13 13 13 13 13 13 14 13 13 13 14 13 13 13 13 13 13 12 13 13 13 13 13 13 12 13 13 13 13 13 13 14 13 13 13 14 13 13 13 13 13 13 13 13 13 13 13 12
2302_0_0 4 4 6 5 8 0 3 3 2 1 3 2 4 3 3 3 27 12 13 13 13 13 13 13 13 13 13 13 13 14 13 13 14 13 13 13 13 13 13 13 12 13 13 13 13 13 13 12 13 13 13 13 13 13 13 14 13 13 14 13 13 13 13 13 13 13 13 13 13 13 12
2303_0_0 4 5 4 6 8 0 2 3 3 2 3 2 4 2 3 3 27 12 13 13 13 13 13 13 13 13 13 13 13 13 14 13 14 13 13 13 13 13 12 13 13 13 13 13 13 13 13 13 13 12 13 13 13 13 13 14 13 14 13 13 13 13 13 13 13 13 13 13 13 13 12
2304_0_0 4 4 7 5 7 1 2 1 3 2 2 4 1 3 4 4 27 12 13 13 13 13 13 14 13 13 13 13 13 13 13 13 13 13 13 13 13 13 14 13 13 12 13 13 13 13 12 13 13 14 13 13 13 13 13 13 13 13 13 13 13 13 13 13 14 13 13 13 13 13 12
2304_1_0 4 5 5 5 8 1 2 1 3 2 2 4 1 3 4 4 27 12 13 13 13 13 13 14 13 13 13 13 13 13 13 13 13 13 13 13 13 13 14 13 13 12 13 13 13 13 12 13 13 14 13 13 13 13 13 13 13 13 13 13 13 13 13 13 14 13 13 13 13 13 12
2304_2_0 4 8 5 5 5 1 2 1 3 2 2 4 1 3 4 4 27 12 13 13 13 13 13 14 13 13 13 13 13 13 13 13 13 13 13 13 13 13 14 13 13 12 13 13 13 13 12 13 13 14 13 13 13 13 13 13 13 13 13 13 13 13 13 13 14 13 13 13 13 13 12
2305_0_0 4 4 6 5 8 1 1 2 4 1 3 3 2 4 3 3 27 12 13 13 13 13 13 12 13 13 13 13 13 13 13 13 13 14 13 13 13 13 13 14 13 13 13 13 13 13 13 13 14 13 13 13 13 13 14 13 13 13 13 13 13 13 13 13 12 13 13 13 13 13 12
2306_1_0 4 4 8 5 6 0 2 2 3 2 3 2 4 2 4 3 27 12 13 13 13 13 13 13 13 13 13 13 13 14 13 13 13 13 13 12 13 13 13 13 14 13 13 13 13 13 13 14 13 13 13 13 12 13 13 13 13 13 14 13 13 13 13 13 13 13 13 13 13 13 12
2308_0_0 3 5 5 6 8 1 2 1 3 3 2 4 2 2 3 4 27 12 13 13 13 14 13 13 13 13 13 13 13 13 13 13 13 13 14 13 13 13 12 13 13 13 13 13 13 13 13 13 13 12 13 13 13 14 13 13 13 13 13 13 13 13 13 13 13 13 14 13 13 13 12
2309_2_0 4 8 5 5 5 0 2 3 2 3 1 4 3 3 3 3 27 12 13 13 13 12 13 13 13 13 13 13 13 14 13 13 13 14 13 13 13 13 13 13 13 13 13 13 13 13 13 13 13 13 13 13 13 13 14 13 13 13 14 13 13 13 13 13 13 13 12 13 13 13 12
2310_1_2 4 5 4 8 6 1 2 3 2 3 1 4 4 3 1 3 27 12 13 13 13 13 13 13 12 13 13 13 13 13 13 13 13 13 13 13 13 13 13 13 14 13 14 13 13 14 13 14 13 13 13 13 13 13 13 13 13 13 13 13 13 13 13 12 13 13 13 13 13 13 12
2312_1_0 3 6 7 5 6 1 2 2 2 2 3 2 3 2 5 3 27 13 13 13 13 12 13 13 13 13 13 12 13 13 13 13 13 13 13 13 13 13 13 14 13 13 14 13 13 14 13 13 14 13 13 13 13 13 13 13 13 13 13 13 12 13 13 13 13 13 12 13 13 13 13
2314_0_2 3 6 5 7 6 1 3 2 2 2 3 1 3 2 5 3 27 12 13 13 14 13 13 13 13 13 12 13 13 14 13 13 13 13 13 13 13 13 13 13 13 13 13 13 13 13 13 13 13 13 13 13 13 13 13 13 13 13 14 13 13 12 13 13 13 13 13 14 13 13 12
2315_1_0 3 6 7 5 6 1 2 4 4 2 2 2 2 3 1 4 27 12 13 13 13 13 13 14 13 13 12 13 13 13 13 13 14 13 13 13 13 13 13 13 13 13 13 13 13 13 13 13 13 13 13 13 13 13 13 14 13 13 13 13 13 12 13 13 14 13 13 13 13 13 12
