25 11 11 11 11 11 11 11 11 11 11 11 11 11 11 11 11 11 11 11 11 11 11 12 12 11 11 12
25 11 11 11 11 11 11 11 11 11 11 11 11 11 11 11 11 11 11 11 11 11 11 12 12 11 12 11
25 11 11 11 11 11 11 11 11 11 11 11 11 11 11 11 11 11 11 11 11 11 12 11 11 11 12 12
25 11 11 11 11 11 11 11 11 11 11 11 11 11 11 11 11 11 11 11 11 11 12 11 12 11 11 12
25 11 11 11 11 11 11 11 11 11 11 11 11 11 11 11 11 11 11 11 11 11 12 11 12 11 12 11
25 11 11 11 11 11 11 11 11 11 11 11 11 11 11 11 11 11 11 11 11 11 12 12 11 11 12 11
25 11 11 11 11 11 11 11 11 11 11 11 11 11 11 11 11 11 11 11 11 11 12 12 12 11 11 11
25 11 11 11 11 11 11 11 11 11 11 11 11 11 11 11 11 11 11 11 11 12 11 11 12 11 11 12
25 11 11 11 11 11 11 11 11 11 11 11 11 11 11 11 11 11 11 11 11 12 11 12 11 11 11 12
25 11 11 11 11 11 11 11 11 11 11 11 11 11 11 11 11 11 11 11 11 12 11 12 11 11 12 11
25 11 11 11 11 11 11 11 11 11 11 11 11 11 11 11 11 11 11 11 11 12 11 12 12 11 11 11
25 11 11 11 11 11 11 11 11 11 11 11 11 11 11 11 11 11 11 11 11 12 12 11 11 11 12 11
25 11 11 11 11 11 11 11 11 11 11 11 11 11 11 11 11 11 11 11 11 12 12 11 12 11 11 11
25 11 11 11 11 11 11 11 11 11 11 11 11 11 11 11 11 11 11 11 12 11 11 11 11 12 12 11
25 11 11 11 11 11 11 11 11 11 11 11 11 11 11 11 11 11 11 11 12 11 11 11 12 12 11 11
25 11 11 11 11 11 11 11 11 11 11 11 11 11 11 11 11 11 11 11 12 11 12 11 11 12 11 11
25 11 11 11 11 11 11 11 11 11 11 11 11 11 11 11 11 11 11 12 11 11 11 11 11 11 12 12
25 11 11 11 11 11 11 11 11 11 11 11 11 11 11 11 11 11 11 12 11 11 12 11 11 11 11 12
25 11 11 11 11 11 11 11 11 11 11 11 11 11 11 11 11 11 11 12 11 11 12 11 12 11 11 11
25 11 11 11 11 11 11 11 11 11 11 11 11 11 11 11 11 11 11 12 11 11 12 12 11 11 11 11
25 11 11 11 11 11 11 11 11 11 11 11 11 11 11 11 11 11 11 12 11 12 11 11 11 11 11 12
25 11 11 11 11 11 11 11 11 11 11 11 11 11 11 11 11 11 11 12 11 12 11 12 11 11 11 11
25 11 11 11 11 11 11 11 11 11 11 11 11 11 11 11 11 11 11 12 12 11 11 11 11 12 11 11
25 11 11 11 11 11 11 11 11 11 11 11 11 11 11 11 11 11 12 11 11 11 11 11 11 11 12 12
25 11 11 11 11 11 11 11 11 11 11 11 11 11 11 11 11 11 12 11 11 11 11 11 12 11 12 11
25 11 11 11 11 11 11 11 11 11 11 11 11 11 11 11 11 11 12 11 11 11 11 12 11 11 12 11
25 11 11 11 11 11 11 11 11 11 11 11 11 11 11 11 11 11 12 11 11 12 11 12 11 11 11 11
25 11 11 11 11 11 11 11 11 11 11 11 11 11 11 11 11 11 12 12 11 11 11 11 11 11 11 12
25 11 11 11 11 11 11 11 11 11 11 11 11 11 11 11 11 11 12 12 11 11 11 11 11 11 12 11
25 11 11 11 11 11 11 11 11 11 11 11 11 11 11 11 11 11 12 12 11 11 11 11 12 11 11 11
25 11 11 11 11 11 11 11 11 11 11 11 11 11 11 11 11 11 12 12 11 11 12 11 11 11 11 11
25 11 11 11 11 11 11 11 11 11 11 11 11 11 11 11 11 12 11 11 11 11 11 11 11 11 12 12
25 11 11 11 11 11 11 11 11 11 11 11 11 11 11 11 11 12 11 11 11 11 11 11 12 11 11 12
25 11 11 11 11 11 11 11 11 11 11 11 11 11 11 11 11 12 11 11 11 12 11 11 11 11 11 12
25 11 11 11 11 11 11 11 11 11 11 11 11 11 11 11 11 12 11 11 11 12 11 11 12 11 11 11
25 11 11 11 11 11 11 11 11 11 11 11 11 11 11 11 11 12 11 11 11 12 11 12 11 11 11 11
25 11 11 11 11 11 11 11 11 11 11 11 11 11 11 11 11 12 11 12 11 11 11 11 11 11 11 12
25 11 11 11 11 11 11 11 11 11 11 11 11 11 11 11 11 12 11 12 11 11 11 11 11 11 12 11
25 11 11 11 11 11 11 11 11 11 11 11 11 11 11 11 11 12 11 12 11 11 11 12 11 11 11 11
25 11 11 11 11 11 11 11 11 11 11 11 11 11 11 11 11 12 11 12 11 11 12 11 11 11 11 11
25 11 11 11 11 11 11 11 11 11 11 11 11 11 11 11 11 12 11 12 11 12 11 11 11 11 11 11
25 11 11 11 11 11 11 11 11 11 11 11 11 11 11 11 12 11 11 11 11 11 11 11 11 11 12 12
25 11 11 11 11 11 11 11 11 11 11 11 11 11 11 11 12 11 11 11 11 11 11 11 12 11 11 12
25 11 11 11 11 11 11 11 11 11 11 11 11 11 11 11 12 11 11 11 11 11 11 12 11 11 11 12
25 11 11 11 11 11 11 11 11 11 11 11 11 11 11 11 12 11 11 11 11 12 11 12 11 11 11 11
25 11 11 11 11 11 11 11 11 11 11 11 11 11 11 11 12 11 12 11 11 11 11 11 11 11 11 12
25 11 11 11 11 11 11 11 11 11 11 11 11 11 11 12 11 11 11 11 11 11 11 11 11 12 11 12
25 11 11 11 11 11 11 11 11 11 11 11 11 11 11 12 11 11 11 11 11 11 11 11 11 12 12 11
25 11 11 11 11 11 11 11 11 11 11 11 11 11 11 12 11 11 11 11 11 11 11 11 12 12 11 11
25 11 11 11 11 11 11 11 11 11 11 11 11 11 11 12 11 11 11 11 11 11 12 11 11 12 11 11
25 11 11 11 11 11 11 11 11 11 11 11 11 11 11 12 11 11 11 11 12 11 11 11 11 11 12 11
25 11 11 11 11 11 11 11 11 11 11 11 11 11 11 12 11 11 11 11 12 11 11 11 11 12 11 11
25 11 11 11 11 11 11 11 11 11 11 11 11 11 12 11 11 11 11 11 11 11 11 11 11 11 12 12
25 11 11 11 11 11 11 11 11 11 11 11 11 12 11 11 11 11 12 11 11 11 11 11 12 11 11 11
25 11 11 11 11 11 11 11 11 11 11 12 11 11 11 11 11 11 11 11 11 11 12 11 11 11 11 12
26 11 12 12 12 12 12 12 12 12 12 12 12 12 12 12 12 12 12 12 12 12 12 12 12 12 13 13
26 11 12 12 12 12 12 12 12 12 12 12 12 12 12 12 12 12 12 12 12 12 12 12 12 13 13 12
26 11 12 12 12 12 12 12 12 12 12 12 12 12 12 12 12 12 12 12 12 12 12 12 13 12 12 13
26 11 12 12 12 12 12 12 12 12 12 12 12 12 12 12 12 12 12 12 12 12 12 12 13 12 13 12
26 11 12 12 12 12 12 12 12 12 12 12 12 12 12 12 12 12 12 12 12 12 12 12 13 13 12 12
26 11 12 12 12 12 12 12 12 12 12 12 12 12 12 12 12 12 12 12 12 12 12 13 12 12 13 12
26 11 12 12 12 12 12 12 12 12 12 12 12 12 12 12 12 12 12 12 12 12 12 13 12 13 12 12
26 11 12 12 12 12 12 12 12 12 12 12 12 12 12 12 12 12 12 12 12 12 12 13 13 12 12 12
26 11 12 12 12 12 12 12 12 12 12 12 12 12 12 12 12 12 12 12 12 12 13 12 12 12 13 12
26 11 12 12 12 12 12 12 12 12 12 12 12 12 12 12 12 12 12 12 12 12 13 12 12 13 12 12
26 11 12 12 12 12 12 12 12 12 12 12 12 12 12 12 12 12 12 12 12 13 12 12 12 12 12 13
26 11 12 12 12 12 12 12 12 12 12 12 12 12 12 12 12 12 12 12 12 13 12 12 12 12 13 12
26 11 12 12 12 12 12 12 12 12 12 12 12 12 12 12 12 12 12 12 12 13 12 12 12 13 12 12
26 11 12 12 12 12 12 12 12 12 12 12 12 12 12 12 12 12 12 12 12 13 12 12 13 12 12 12
26 11 12 12 12 12 12 12 12 12 12 12 12 12 12 12 12 12 12 12 12 13 12 13 12 12 12 12
26 11 12 12 12 12 12 12 12 12 12 12 12 12 12 12 12 12 12 12 13 12 12 12 12 12 12 13
26 11 12 12 12 12 12 12 12 12 12 12 12 12 12 12 12 12 12 12 13 12 12 12 12 12 13 12
26 11 12 12 12 12 12 12 12 12 12 12 12 12 12 12 12 12 12 12 13 12 12 12 12 13 12 12
26 11 12 12 12 12 12 12 12 12 12 12 12 12 12 12 12 12 12 12 13 12 12 13 12 12 12 12
26 11 12 12 12 12 12 12 12 12 12 12 12 12 12 12 12 12 12 12 13 13 12 12 12 12 12 12
26 11 12 12 12 12 12 12 12 12 12 12 12 12 12 12 12 12 12 13 12 12 12 12 12 12 13 12
26 11 12 12 12 12 12 12 12 12 12 12 12 12 12 12 12 12 12 13 12 12 12 12 13 12 12 12
26 11 12 12 12 12 12 12 12 12 12 12 12 12 12 12 12 12 12 13 12 12 12 13 12 12 12 12
26 11 12 12 12 12 12 12 12 12 12 12 12 12 12 12 12 12 12 13 12 12 13 12 12 12 12 12
26 11 12 12 12 12 12 12 12 12 12 12 12 12 12 12 12 12 12 13 12 13 12 12 12 12 12 12
26 11 12 12 12 12 12 12 12 12 12 12 12 12 12 12 12 12 12 13 13 12 12 12 12 12 12 12
26 11 12 12 12 12 12 12 12 12 12 12 12 12 12 12 12 12 13 12 12 12 12 12 12 12 13 12
26 11 12 12 12 12 12 12 12 12 12 12 12 12 12 12 12 12 13 12 12 12 12 12 12 13 12 12
26 11 12 12 12 12 12 12 12 12 12 12 12 12 12 12 12 12 13 12 12 12 12 12 13 12 12 12
26 11 12 12 12 12 12 12 12 12 12 12 12 12 12 12 12 12 13 12 12 13 12 12 12 12 12 12
26 11 12 12 12 12 12 12 12 12 12 12 12 12 12 12 12 12 13 12 13 12 12 12 12 12 12 12
26 11 12 12 12 12 12 12 12 12 12 12 12 12 12 12 12 12 13 13 12 12 12 12 12 12 12 12
26 11 12 12 12 12 12 12 12 12 12 12 12 12 12 12 12 13 12 12 12 12 12 12 12 12 13 12
26 11 12 12 12 12 12 12 12 12 12 12 12 12 12 12 12 13 12 12 12 12 12 12 13 12 12 12
26 11 12 12 12 12 12 12 12 12 12 12 12 12 12 12 12 13 12 12 12 13 12 12 12 12 12 12
26 11 12 12 12 12 12 12 12 12 12 12 12 12 12 12 12 13 12 12 13 12 12 12 12 12 12 12
26 11 12 12 12 12 12 12 12 12 12 12 12 12 12 12 13 12 12 12 12 12 12 12 12 12 12 13
26 11 12 12 12 12 12 12 12 12 12 12 12 12 12 12 13 12 12 12 12 12 12 12 12 12 13 12
26 11 12 12 12 12 12 12 12 12 12 12 12 12 12 12 13 12 12 12 12 12 12 12 13 12 12 12
26 11 12 12 12 12 12 12 12 12 12 12 12 12 12 12 13 12 12 12 12 12 12 13 12 12 12 12
26 11 12 12 12 12 12 12 12 12 12 12 12 12 12 12 13 12 12 12 12 12 13 12 12 12 12 12
26 11 12 12 12 12 12 12 12 12 12 12 12 12 12 12 13 12 12 12 12 13 12 12 12 12 12 12
26 11 12 12 12 12 12 12 12 12 12 12 12 12 12 12 13 12 12 12 13 12 12 12 12 12 12 12
26 11 12 12 12 12 12 12 12 12 12 12 12 12 12 12 13 12 13 12 12 12 12 12 12 12 12 12
26 11 12 12 12 12 12 12 12 12 12 12 12 12 12 12 13 13 12 12 12 12 12 12 12 12 12 12
26 11 12 12 12 12 12 12 12 12 12 12 12 12 12 13 12 12 12 12 12 12 12 12 12 12 12 13
26 11 12 12 12 12 12 12 12 12 12 12 12 12 12 13 12 12 12 12 12 12 12 12 12 12 13 12
26 11 12 12 12 12 12 12 12 12 12 12 12 12 12 13 12 12 12 12 12 12 12 12 12 13 12 12
26 11 12 12 12 12 12 12 12 12 12 12 12 12 12 13 12 12 12 12 12 12 12 12 13 12 12 12
26 11 12 12 12 12 12 12 12 12 12 12 12 12 12 13 12 12 12 12 12 12 12 13 12 12 12 12
26 11 12 12 12 12 12 12 12 12 12 12 12 12 12 13 12 12 12 12 12 12 13 12 12 12 12 12
26 11 12 12 12 12 12 12 12 12 12 12 12 12 12 13 12 12 12 12 12 13 12 12 12 12 12 12
26 11 12 12 12 12 12 12 12 12 12 12 12 12 12 13 12 12 12 12 13 12 12 12 12 12 12 12
26 11 12 12 12 12 12 12 12 12 12 12 12 12 12 13 12 12 12 13 12 12 12 12 12 12 12 12
26 11 12 12 12 12 12 12 12 12 12 12 12 12 12 13 12 12 13 12 12 12 12 12 12 12 12 12
26 11 12 12 12 12 12 12 12 12 12 12 12 12 12 13 12 13 12 12 12 12 12 12 12 12 12 12
26 11 12 12 12 12 12 12 12 12 12 12 12 12 12 13 13 12 12 12 12 12 12 12 12 12 12 12
26 11 12 12 12 12 12 12 12 12 12 12 12 12 13 12 12 12 12 12 12 12 12 12 12 12 13 12
26 11 12 12 12 12 12 12 12 12 12 12 12 12 13 12 12 12 12 12 12 12 12 12 13 12 12 12
26 11 12 12 12 12 12 12 12 12 12 12 12 12 13 12 12 12 12 12 12 12 12 13 12 12 12 12
26 11 12 12 12 12 12 12 12 12 12 12 12 12 13 12 12 12 12 12 12 12 13 12 12 12 12 12
26 11 12 12 12 12 12 12 12 12 12 12 12 12 13 12 12 12 12 12 12 13 12 12 12 12 12 12
26 11 12 12 12 12 12 12 12 12 12 12 12 12 13 12 12 12 12 12 13 12 12 12 12 12 12 12
26 11 12 12 12 12 12 12 12 12 12 12 12 12 13 12 12 12 13 12 12 12 12 12 12 12 12 12
26 11 12 12 12 12 12 12 12 12 12 12 12 12 13 13 12 12 12 12 12 12 12 12 12 12 12 12
26 11 12 12 12 12 12 12 12 12 12 12 12 13 12 12 12 12 12 12 12 12 12 12 12 12 13 12
26 11 12 12 12 12 12 12 12 12 12 12 12 13 12 12 12 12 12 12 12 12 12 12 12 13 12 12
26 11 12 12 12 12 12 12 12 12 12 12 12 13 12 12 12 12 12 12 12 13 12 12 12 12 12 12
26 11 12 12 12 12 12 12 12 12 12 12 12 13 12 12 12 12 12 13 12 12 12 12 12 12 12 12
26 11 12 12 12 12 12 12 12 12 12 12 12 13 12 12 13 12 12 12 12 12 12 12 12 12 12 12
26 11 12 12 12 12 12 12 12 12 12 12 12 13 12 13 12 12 12 12 12 12 12 12 12 12 12 12
26 11 12 12 12 12 12 12 12 12 12 12 12 13 13 12 12 12 12 12 12 12 12 12 12 12 12 12
26 11 12 12 12 12 12 12 12 12 12 12 13 12 12 12 12 12 12 12 12 12 12 12 12 12 13 12
26 11 12 12 12 12 12 12 12 12 12 12 13 12 12 12 12 12 12 12 12 12 12 12 12 13 12 12
26 11 12 12 12 12 12 12 12 12 12 12 13 12 12 12 12 12 12 12 12 12 12 12 13 12 12 12
26 11 12 12 12 12 12 12 12 12 12 12 13 12 12 12 12 12 12 12 12 13 12 12 12 12 12 12
26 11 12 12 12 12 12 12 12 12 12 12 13 12 12 12 12 12 12 12 13 12 12 12 12 12 12 12
26 11 12 12 12 12 12 12 12 12 12 12 13 12 12 12 12 12 12 13 12 12 12 12 12 12 12 12
26 11 12 12 12 12 12 12 12 12 12 12 13 12 12 12 13 12 12 12 12 12 12 12 12 12 12 12
26 11 12 12 12 12 12 12 12 12 12 12 13 12 12 13 12 12 12 12 12 12 12 12 12 12 12 12
26 11 12 12 12 12 12 12 12 12 12 12 13 12 13 12 12 12 12 12 12 12 12 12 12 12 12 12
26 11 12 12 12 12 12 12 12 12 12 13 12 12 12 12 12 12 12 12 12 12 12 12 12 12 12 13
26 11 12 12 12 12 12 12 12 12 12 13 12 12 12 12 12 12 12 12 12 12 12 12 12 12 13 12
26 11 12 12 12 12 12 12 12 12 12 13 12 12 12 12 12 12 12 12 12 12 12 12 12 13 12 12
26 11 12 12 12 12 12 12 12 12 12 13 12 12 12 12 12 12 12 12 12 12 13 12 12 12 12 12
26 11 12 12 12 12 12 12 12 12 12 13 12 12 12 12 12 12 12 13 12 12 12 12 12 12 12 12
26 11 12 12 12 12 12 12 12 12 12 13 12 12 12 12 12 12 13 12 12 12 12 12 12 12 12 12
26 11 12 12 12 12 12 12 12 12 12 13 12 12 12 12 12 13 12 12 12 12 12 12 12 12 12 12
26 11 12 12 12 12 12 12 12 12 12 13 12 12 12 12 13 12 12 12 12 12 12 12 12 12 12 12
26 11 12 12 12 12 12 12 12 12 12 13 12 12 12 13 12 12 12 12 12 12 12 12 12 12 12 12
26 11 12 12 12 12 12 12 12 12 12 13 12 12 13 12 12 12 12 12 12 12 12 12 12 12 12 12
26 11 12 12 12 12 12 12 12 12 13 12 12 12 12 12 12 12 12 12 12 12 12 12 12 12 12 13
26 11 12 12 12 12 12 12 12 12 13 12 12 12 12 12 12 12 12 12 12 12 12 12 12 12 13 12
26 11 12 12 12 12 12 12 12 12 13 12 12 12 12 12 12 12 12 12 12 12 12 12 12 13 12 12
26 11 12 12 12 12 12 12 12 12 13 12 12 12 12 12 12 12 12 12 12 12 12 12 13 12 12 12
26 11 12 12 12 12 12 12 12 12 13 12 12 12 12 12 12 12 12 12 12 12 12 13 12 12 12 12
26 11 12 12 12 12 12 12 12 12 13 12 12 12 12 12 12 12 12 12 12 13 12 12 12 12 12 12
26 11 12 12 12 12 12 12 12 12 13 12 12 12 12 12 12 12 12 12 13 12 12 12 12 12 12 12
26 11 12 12 12 12 12 12 12 12 13 12 12 12 12 12 12 12 12 13 12 12 12 12 12 12 12 12
26 11 12 12 12 12 12 12 12 12 13 12 12 12 12 12 12 12 13 12 12 12 12 12 12 12 12 12
26 11 12 12 12 12 12 12 12 12 13 12 12 12 12 12 12 13 12 12 12 12 12 12 12 12 12 12
26 11 12 12 12 12 12 12 12 12 13 12 12 12 12 12 13 12 12 12 12 12 12 12 12 12 12 12
26 11 12 12 12 12 12 12 12 12 13 12 12 12 12 13 12 12 12 12 12 12 12 12 12 12 12 12
26 11 12 12 12 12 12 12 12 12 13 12 12 12 13 12 12 12 12 12 12 12 12 12 12 12 12 12
26 11 12 12 12 12 12 12 12 12 13 12 12 13 12 12 12 12 12 12 12 12 12 12 12 12 12 12
26 11 12 12 12 12 12 12 12 12 13 12 13 12 12 12 12 12 12 12 12 12 12 12 12 12 12 12
26 11 12 12 12 12 12 12 12 13 12 12 12 12 12 12 12 12 12 12 12 12 12 12 12 12 12 13
26 11 12 12 12 12 12 12 12 13 12 12 12 12 12 12 12 12 12 12 12 12 12 12 12 12 13 12
26 11 12 12 12 12 12 12 12 13 12 12 12 12 12 12 12 12 12 12 12 12 12 12 12 13 12 12
26 11 12 12 12 12 12 12 12 13 12 12 12 12 12 12 12 12 12 12 12 12 12 13 12 12 12 12
26 11 12 12 12 12 12 12 12 13 12 12 12 12 12 12 12 12 12 12 12 13 12 12 12 12 12 12
26 11 12 12 12 12 12 12 12 13 12 12 12 12 12 12 12 12 12 13 12 12 12 12 12 12 12 12
26 11 12 12 12 12 12 12 12 13 12 12 12 12 12 12 12 12 13 12 12 12 12 12 12 12 12 12
26 11 12 12 12 12 12 12 12 13 12 12 12 12 12 12 12 13 12 12 12 12 12 12 12 12 12 12
26 11 12 12 12 12 12 12 12 13 12 12 12 12 12 12 13 12 12 12 12 12 12 12 12 12 12 12
26 11 12 12 12 12 12 12 12 13 12 12 12 12 12 13 12 12 12 12 12 12 12 12 12 12 12 12
26 11 12 12 12 12 12 12 12 13 12 12 12 12 13 12 12 12 12 12 12 12 12 12 12 12 12 12
26 11 12 12 12 12 12 12 12 13 12 12 13 12 12 12 12 12 12 12 12 12 12 12 12 12 12 12
26 11 12 12 12 12 12 12 12 13 13 12 12 12 12 12 12 12 12 12 12 12 12 12 12 12 12 12
26 11 12 12 12 12 12 12 13 12 12 12 12 12 12 12 12 12 12 12 12 12 12 12 12 12 13 12
26 11 12 12 12 12 12 12 13 12 12 12 12 12 12 12 12 12 12 12 12 12 12 12 13 12 12 12
26 11 12 12 12 12 12 12 13 12 12 12 12 12 12 12 12 12 12 12 12 13 12 12 12 12 12 12
26 11 12 12 12 12 12 12 13 12 12 12 12 12 12 12 12 12 12 12 13 12 12 12 12 12 12 12
26 11 12 12 12 12 12 12 13 12 12 12 12 12 12 13 12 12 12 12 12 12 12 12 12 12 12 12
26 11 12 12 12 12 12 12 13 12 12 13 12 12 12 12 12 12 12 12 12 12 12 12 12 12 12 12
26 11 12 12 12 12 12 12 13 12 13 12 12 12 12 12 12 12 12 12 12 12 12 12 12 12 12 12
26 11 12 12 12 12 12 12 13 13 12 12 12 12 12 12 12 12 12 12 12 12 12 12 12 12 12 12
26 11 12 12 12 12 12 13 12 12 12 12 12 12 12 12 12 12 12 12 12 12 12 12 12 12 13 12
26 11 12 12 12 12 12 13 12 12 12 12 12 12 12 12 12 12 12 12 12 12 12 12 12 13 12 12
26 11 12 12 12 12 12 13 12 12 12 12 12 12 12 12 12 12 12 12 12 12 12 12 13 12 12 12
26 11 12 12 12 12 12 13 12 12 12 12 12 12 12 12 12 12 12 12 12 13 12 12 12 12 12 12
26 11 12 12 12 12 12 13 12 12 12 12 12 12 12 12 12 12 12 12 13 12 12 12 12 12 12 12
26 11 12 12 12 12 12 13 12 12 12 12 12 12 12 12 12 12 12 13 12 12 12 12 12 12 12 12
26 11 12 12 12 12 12 13 12 12 12 12 12 12 12 12 13 12 12 12 12 12 12 12 12 12 12 12
26 11 12 12 12 12 12 13 12 12 12 12 12 12 12 13 12 12 12 12 12 12 12 12 12 12 12 12
26 11 12 12 12 12 12 13 12 12 12 12 12 12 13 12 12 12 12 12 12 12 12 12 12 12 12 12
26 11 12 12 12 12 12 13 12 12 12 13 12 12 12 12 12 12 12 12 12 12 12 12 12 12 12 12
26 11 12 12 12 12 12 13 12 12 13 12 12 12 12 12 12 12 12 12 12 12 12 12 12 12 12 12
26 11 12 12 12 12 12 13 12 13 12 12 12 12 12 12 12 12 12 12 12 12 12 12 12 12 12 12
26 11 12 12 12 12 13 12 12 12 12 12 12 12 12 12 12 12 12 12 12 12 12 12 12 12 12 13
26 11 12 12 12 12 13 12 12 12 12 12 12 12 12 12 12 12 12 12 12 12 12 12 12 12 13 12
26 11 12 12 12 12 13 12 12 12 12 12 12 12 12 12 12 12 12 12 12 12 12 12 13 12 12 12
26 11 12 12 12 12 13 12 12 12 12 12 12 12 12 12 12 12 12 12 12 12 12 13 12 12 12 12
26 11 12 12 12 12 13 12 12 12 12 12 12 12 12 12 12 12 12 12 12 12 13 12 12 12 12 12
26 11 12 12 12 12 13 12 12 12 12 12 12 12 12 12 12 12 12 12 12 13 12 12 12 12 12 12
26 11 12 12 12 12 13 12 12 12 12 12 12 12 12 12 12 12 12 12 13 12 12 12 12 12 12 12
26 11 12 12 12 12 13 12 12 12 12 12 12 12 12 12 12 12 13 12 12 12 12 12 12 12 12 12
26 11 12 12 12 12 13 12 12 12 12 12 12 12 12 12 12 13 12 12 12 12 12 12 12 12 12 12
26 11 12 12 12 12 13 12 12 12 12 12 12 12 12 12 13 12 12 12 12 12 12 12 12 12 12 12
26 11 12 12 12 12 13 12 12 12 12 12 12 12 12 13 12 12 12 12 12 12 12 12 12 12 12 12
26 11 12 12 12 12 13 12 12 12 12 12 12 13 12 12 12 12 12 12 12 12 12 12 12 12 12 12
26 11 12 12 12 12 13 12 12 12 12 12 13 12 12 12 12 12 12 12 12 12 12 12 12 12 12 12
26 11 12 12 12 12 13 12 12 12 12 13 12 12 12 12 12 12 12 12 12 12 12 12 12 12 12 12
26 11 12 12 12 12 13 12 12 12 13 12 12 12 12 12 12 12 12 12 12 12 12 12 12 12 12 12
26 11 12 12 12 12 13 12 12 13 12 12 12 12 12 12 12 12 12 12 12 12 12 12 12 12 12 12
26 11 12 12 12 12 13 13 12 12 12 12 12 12 12 12 12 12 12 12 12 12 12 12 12 12 12 12
26 11 12 12 12 13 12 12 12 12 12 12 12 12 12 12 12 12 12 12 12 12 12 12 12 12 12 13
26 11 12 12 12 13 12 12 12 12 12 12 12 12 12 12 12 12 12 12 12 12 12 12 12 12 13 12
26 11 12 12 12 13 12 12 12 12 12 12 12 12 12 12 12 12 12 12 12 12 12 12 13 12 12 12
26 11 12 12 12 13 12 12 12 12 12 12 12 12 12 12 12 12 12 12 12 12 12 13 12 12 12 12
26 11 12 12 12 13 12 12 12 12 12 12 12 12 12 12 12 12 12 12 12 12 13 12 12 12 12 12
26 11 12 12 12 13 12 12 12 12 12 12 12 12 12 12 12 12 12 12 12 13 12 12 12 12 12 12
26 11 12 12 12 13 12 12 12 12 12 12 12 12 12 12 12 12 12 12 13 12 12 12 12 12 12 12
26 11 12 12 12 13 12 12 12 12 12 12 12 12 12 12 12 12 13 12 12 12 12 12 12 12 12 12
26 11 12 12 12 13 12 12 12 12 12 12 12 12 12 12 12 13 12 12 12 12 12 12 12 12 12 12
26 11 12 12 12 13 12 12 12 12 12 12 12 12 12 12 13 12 12 12 12 12 12 12 12 12 12 12
26 11 12 12 12 13 12 12 12 12 12 12 12 12 12 13 12 12 12 12 12 12 12 12 12 12 12 12
26 11 12 12 12 13 12 12 12 12 12 12 12 13 12 12 12 12 12 12 12 12 12 12 12 12 12 12
26 11 12 12 12 13 12 12 12 12 12 12 13 12 12 12 12 12 12 12 12 12 12 12 12 12 12 12
26 11 12 12 12 13 12 12 12 12 12 13 12 12 12 12 12 12 12 12 12 12 12 12 12 12 12 12
26 11 12 12 12 13 12 12 12 12 13 12 12 12 12 12 12 12 12 12 12 12 12 12 12 12 12 12
26 11 12 12 12 13 12 12 12 13 12 12 12 12 12 12 12 12 12 12 12 12 12 12 12 12 12 12
26 11 12 12 12 13 12 13 12 12 12 12 12 12 12 12 12 12 12 12 12 12 12 12 12 12 12 12
26 11 12 12 12 13 13 12 12 12 12 12 12 12 12 12 12 12 12 12 12 12 12 12 12 12 12 12
26 11 12 12 13 12 12 12 12 12 12 12 12 12 12 12 12 12 12 12 12 12 12 12 12 12 12 13
26 11 12 12 13 12 12 12 12 12 12 12 12 12 12 12 12 12 12 12 12 12 12 12 12 12 13 12
26 11 12 12 13 12 12 12 12 12 12 12 12 12 12 12 12 12 12 12 12 12 12 12 12 13 12 12
26 11 12 12 13 12 12 12 12 12 12 12 12 12 12 12 12 12 12 12 12 12 12 12 13 12 12 12
26 11 12 12 13 12 12 12 12 12 12 12 12 12 12 12 12 12 12 12 12 12 12 13 12 12 12 12
26 11 12 12 13 12 12 12 12 12 12 12 12 12 12 12 12 12 12 12 12 12 13 12 12 12 12 12
26 11 12 12 13 12 12 12 12 12 12 12 12 12 12 12 12 12 12 12 12 13 12 12 12 12 12 12
26 11 12 12 13 12 12 12 12 12 12 12 12 12 12 12 12 12 12 12 13 12 12 12 12 12 12 12
26 11 12 12 13 12 12 12 12 12 12 12 12 12 12 12 12 12 12 13 12 12 12 12 12 12 12 12
26 11 12 12 13 12 12 12 12 12 12 12 12 12 12 12 12 12 13 12 12 12 12 12 12 12 12 12
26 11 12 12 13 12 12 12 12 12 12 12 12 12 12 12 12 13 12 12 12 12 12 12 12 12 12 12
26 11 12 12 13 12 12 12 12 12 12 12 12 12 12 12 13 12 12 12 12 12 12 12 12 12 12 12
26 11 12 12 13 12 12 12 12 12 12 12 12 12 12 13 12 12 12 12 12 12 12 12 12 12 12 12
26 11 12 12 13 12 12 12 12 12 12 12 12 12 13 12 12 12 12 12 12 12 12 12 12 12 12 12
26 11 12 12 13 12 12 12 12 12 12 12 12 13 12 12 12 12 12 12 12 12 12 12 12 12 12 12
26 11 12 12 13 12 12 12 12 12 12 12 13 12 12 12 12 12 12 12 12 12 12 12 12 12 12 12
26 11 12 12 13 12 12 12 12 12 12 13 12 12 12 12 12 12 12 12 12 12 12 12 12 12 12 12
26 11 12 12 13 12 12 12 12 12 13 12 12 12 12 12 12 12 12 12 12 12 12 12 12 12 12 12
26 11 12 12 13 12 12 12 12 13 12 12 12 12 12 12 12 12 12 12 12 12 12 12 12 12 12 12
26 11 12 12 13 12 12 12 13 12 12 12 12 12 12 12 12 12 12 12 12 12 12 12 12 12 12 12
26 11 12 12 13 12 12 13 12 12 12 12 12 12 12 12 12 12 12 12 12 12 12 12 12 12 12 12
26 11 12 12 13 12 13 12 12 12 12 12 12 12 12 12 12 12 12 12 12 12 12 12 12 12 12 12
26 11 12 12 13 13 12 12 12 12 12 12 12 12 12 12 12 12 12 12 12 12 12 12 12 12 12 12
26 11 12 13 12 12 12 12 12 12 12 12 12 12 12 12 12 12 12 12 12 12 12 12 12 12 13 12
26 11 12 13 12 12 12 12 12 12 12 12 12 12 12 12 12 12 12 12 12 12 12 12 13 12 12 12
26 11 12 13 12 12 12 12 12 12 12 12 12 12 12 12 12 12 12 12 12 13 12 12 12 12 12 12
26 11 12 13 12 12 12 12 12 12 12 12 12 12 12 12 12 12 12 12 13 12 12 12 12 12 12 12
26 11 12 13 12 12 12 12 12 12 12 12 12 12 12 13 12 12 12 12 12 12 12 12 12 12 12 12
26 11 12 13 12 12 12 12 12 12 12 13 12 12 12 12 12 12 12 12 12 12 12 12 12 12 12 12
26 11 12 13 12 12 12 12 12 12 13 12 12 12 12 12 12 12 12 12 12 12 12 12 12 12 12 12
26 11 12 13 12 12 12 12 12 13 12 12 12 12 12 12 12 12 12 12 12 12 12 12 12 12 12 12
26 11 12 13 13 12 12 12 12 12 12 12 12 12 12 12 12 12 12 12 12 12 12 12 12 12 12 12
26 11 13 12 12 12 12 12 12 12 12 12 12 12 12 12 12 12 12 12 12 12 12 12 12 12 13 12
26 11 13 12 12 12 12 12 12 12 12 12 12 12 12 12 12 12 12 12 12 12 12 12 12 13 12 12
26 11 13 12 12 12 12 12 12 12 12 12 12 12 12 12 12 12 12 12 12 13 12 12 12 12 12 12
26 11 13 12 12 12 12 12 12 12 12 12 12 12 12 12 12 12 12 13 12 12 12 12 12 12 12 12
26 11 13 12 12 12 12 12 12 12 12 12 12 12 12 12 13 12 12 12 12 12 12 12 12 12 12 12
26 11 13 12 12 12 12 12 12 12 12 12 12 12 12 13 12 12 12 12 12 12 12 12 12 12 12 12
26 11 13 12 12 12 12 12 12 12 12 12 12 12 13 12 12 12 12 12 12 12 12 12 12 12 12 12
26 11 13 12 12 12 12 12 12 12 13 12 12 12 12 12 12 12 12 12 12 12 12 12 12 12 12 12
26 11 13 12 12 12 13 12 12 12 12 12 12 12 12 12 12 12 12 12 12 12 12 12 12 12 12 12
26 11 13 12 12 13 12 12 12 12 12 12 12 12 12 12 12 12 12 12 12 12 12 12 12 12 12 12
26 11 13 12 13 12 12 12 12 12 12 12 12 12 12 12 12 12 12 12 12 12 12 12 12 12 12 12
26 12 12 12 12 11 12 12 12 12 12 12 12 12 12 12 12 12 12 12 12 12 12 12 12 12 13 13
26 12 12 12 12 11 12 12 12 12 12 12 12 12 12 12 12 12 12 12 12 12 12 12 12 13 12 13
26 12 12 12 12 11 12 12 12 12 12 12 12 12 12 12 12 12 12 12 12 12 12 12 13 12 12 13
26 12 12 12 12 11 12 12 12 12 12 12 12 12 12 12 12 12 12 12 12 12 12 12 13 13 12 12
26 12 12 12 12 11 12 12 12 12 12 12 12 12 12 12 12 12 12 12 12 12 12 13 12 12 13 12
26 12 12 12 12 11 12 12 12 12 12 12 12 12 12 12 12 12 12 12 12 12 12 13 12 13 12 12
26 12 12 12 12 11 12 12 12 12 12 12 12 12 12 12 12 12 12 12 12 12 12 13 13 12 12 12
26 12 12 12 12 11 12 12 12 12 12 12 12 12 12 12 12 12 12 12 12 12 13 12 12 12 13 12
26 12 12 12 12 11 12 12 12 12 12 12 12 12 12 12 12 12 12 12 12 12 13 12 12 13 12 12
26 12 12 12 12 11 12 12 12 12 12 12 12 12 12 12 12 12 12 12 12 12 13 12 13 12 12 12
26 12 12 12 12 11 12 12 12 12 12 12 12 12 12 12 12 12 12 12 12 13 12 12 12 12 12 13
26 12 12 12 12 11 12 12 12 12 12 12 12 12 12 12 12 12 12 12 13 12 12 12 12 12 12 13
26 12 12 12 12 11 12 12 12 12 12 12 12 12 12 12 12 12 12 12 13 12 12 12 12 12 13 12
26 12 12 12 12 11 12 12 12 12 12 12 12 12 12 12 12 12 12 12 13 12 12 12 12 13 12 12
26 12 12 12 12 11 12 12 12 12 12 12 12 12 12 12 12 12 12 12 13 12 12 12 13 12 12 12
26 12 12 12 12 11 12 12 12 12 12 12 12 12 12 12 12 12 12 12 13 12 12 13 12 12 12 12
26 12 12 12 12 11 12 12 12 12 12 12 12 12 12 12 12 12 12 12 13 12 13 12 12 12 12 12
26 12 12 12 12 11 12 12 12 12 12 12 12 12 12 12 12 12 12 13 12 12 12 12 12 12 12 13
26 12 12 12 12 11 12 12 12 12 12 12 12 12 12 12 12 12 12 13 12 12 12 12 12 13 12 12
26 12 12 12 12 11 12 12 12 12 12 12 12 12 12 12 12 12 12 13 12 12 12 13 12 12 12 12
26 12 12 12 12 11 12 12 12 12 12 12 12 12 12 12 12 12 12 13 12 12 13 12 12 12 12 12
26 12 12 12 12 11 12 12 12 12 12 12 12 12 12 12 12 12 12 13 13 12 12 12 12 12 12 12
26 12 12 12 12 11 12 12 12 12 12 12 12 12 12 12 12 12 13 12 12 12 12 12 13 12 12 12
26 12 12 12 12 11 12 12 12 12 12 12 12 12 12 12 12 12 13 12 12 13 12 12 12 12 12 12
26 12 12 12 12 11 12 12 12 12 12 12 12 12 12 12 12 13 12 12 12 12 12 12 12 12 13 12
26 12 12 12 12 11 12 12 12 12 12 12 12 12 12 12 12 13 12 12 12 12 12 12 13 12 12 12
26 12 12 12 12 11 12 12 12 12 12 12 12 12 12 12 12 13 12 12 12 13 12 12 12 12 12 12
26 12 12 12 12 11 12 12 12 12 12 12 12 12 12 12 12 13 12 13 12 12 12 12 12 12 12 12
26 12 12 12 12 11 12 12 12 12 12 12 12 12 12 12 13 12 12 12 12 12 12 12 12 12 12 13
26 12 12 12 12 11 12 12 12 12 12 12 12 12 12 13 12 12 12 12 12 12 12 12 12 12 12 13
26 12 12 12 12 11 12 12 12 12 12 12 12 12 12 13 12 12 12 12 12 12 12 12 13 12 12 12
26 12 12 12 12 11 12 12 12 12 12 12 12 12 12 13 12 12 12 12 12 12 12 13 12 12 12 12
26 12 12 12 12 11 12 12 12 12 12 12 12 12 12 13 12 12 12 12 12 12 13 12 12 12 12 12
26 12 12 12 12 11 12 12 12 12 12 12 12 12 12 13 12 12 12 12 13 12 12 12 12 12 12 12
26 12 12 12 12 11 12 12 12 12 12 12 12 12 13 12 12 12 12 12 12 12 12 13 12 12 12 12
26 12 12 12 12 11 12 12 12 12 12 12 12 13 12 12 12 12 12 12 12 12 12 12 12 12 13 12
26 12 12 12 12 11 12 12 12 12 12 12 12 13 12 12 12 12 12 12 12 12 12 12 13 12 12 12
26 12 12 12 12 11 12 12 12 12 12 12 12 13 12 12 12 12 12 12 12 13 12 12 12 12 12 12
26 12 12 12 12 11 12 12 12 12 12 12 12 13 12 12 12 12 12 13 12 12 12 12 12 12 12 12
26 12 12 12 12 11 12 12 12 12 12 12 12 13 13 12 12 12 12 12 12 12 12 12 12 12 12 12
26 12 12 12 12 11 12 12 12 12 12 13 12 12 12 12 12 12 12 12 12 12 13 12 12 12 12 12
26 12 12 12 12 11 12 12 12 12 13 12 12 12 12 12 12 12 12 12 12 12 12 12 12 12 12 13
26 12 12 12 12 11 12 12 12 12 13 12 12 12 12 12 12 12 12 12 12 12 12 12 12 12 13 12
26 12 12 12 12 11 12 12 12 12 13 12 12 12 12 12 12 12 12 12 12 12 12 12 12 13 12 12
26 12 12 12 12 11 12 12 12 12 13 12 12 12 12 12 12 12 12 12 12 12 12 12 13 12 12 12
26 12 12 12 12 11 12 12 12 12 13 12 12 12 12 12 12 12 12 12 13 12 12 12 12 12 12 12
26 12 12 12 12 11 12 12 12 12 13 12 12 12 12 12 12 12 12 13 12 12 12 12 12 12 12 12
26 12 12 12 12 11 12 12 12 12 13 12 12 12 12 13 12 12 12 12 12 12 12 12 12 12 12 12
26 12 12 12 12 11 12 12 13 12 12 12 12 12 12 12 12 12 12 13 12 12 12 12 12 12 12 12
26 12 12 12 12 12 12 12 12 12 12 11 12 12 12 12 12 12 12 12 12 12 12 12 12 12 13 13
26 12 12 12 12 12 12 12 12 12 12 11 12 12 12 12 12 12 12 12 12 12 12 12 13 12 12 13
26 12 12 12 12 12 12 12 12 12 12 11 12 12 12 12 12 12 12 12 12 12 12 12 13 13 12 12
26 12 12 12 12 12 12 12 12 12 12 11 12 12 12 12 12 12 12 12 12 12 12 13 12 12 13 12
26 12 12 12 12 12 12 12 12 12 12 11 12 12 12 12 12 12 12 12 12 12 12 13 12 13 12 12
26 12 12 12 12 12 12 12 12 12 12 11 12 12 12 12 12 12 12 12 12 12 13 12 12 12 13 12
26 12 12 12 12 12 12 12 12 12 12 11 12 12 12 12 12 12 12 12 12 12 13 12 12 13 12 12
26 12 12 12 12 12 12 12 12 12 12 11 12 12 12 12 12 12 12 12 12 13 12 12 12 12 13 12
26 12 12 12 12 12 12 12 12 12 12 11 12 12 12 12 12 12 12 12 12 13 12 12 12 13 12 12
26 12 12 12 12 12 12 12 12 12 12 11 12 12 12 12 12 12 12 12 13 12 12 12 12 12 12 13
26 12 12 12 12 12 12 12 12 12 12 11 12 12 12 12 12 12 12 12 13 12 12 12 12 13 12 12
26 12 12 12 12 12 12 12 12 12 12 11 12 12 12 12 12 12 12 13 12 12 12 12 13 12 12 12
26 12 12 12 12 12 12 12 12 12 12 11 12 12 12 12 12 12 12 13 12 12 12 13 12 12 12 12
26 12 12 12 12 12 12 12 12 12 12 12 12 12 12 12 12 12 12 12 12 12 12 12 12 12 12 13
26 12 12 12 12 12 12 12 12 12 12 12 12 12 12 12 12 12 12 12 12 12 12 12 12 13 12 12
27 12 12 13 14 13 13 13 13 13 13 13 13 13 13 13 13 13 13 13 13 13 13 13 13 13 14 13
27 12 12 13 14 13 13 13 13 13 13 13 13 13 13 13 13 13 13 13 13 13 13 13 13 14 13 13
27 12 12 13 14 13 13 13 13 13 13 13 13 13 13 13 13 13 13 13 13 13 13 13 14 13 13 13
27 12 12 13 14 13 13 13 13 13 13 13 13 13 13 13 13 13 13 13 13 14 13 13 13 13 13 13
27 12 12 13 14 13 13 13 13 13 13 13 13 13 13 13 13 13 13 13 14 13 13 13 13 13 13 13
27 12 12 13 14 13 13 13 13 13 13 13 13 13 13 13 13 13 13 14 13 13 13 13 13 13 13 13
27 12 12 13 14 13 13 13 13 13 13 13 13 13 13 13 14 13 13 13 13 13 13 13 13 13 13 13
27 12 12 13 14 13 13 13 13 13 13 13 13 13 13 14 13 13 13 13 13 13 13 13 13 13 13 13
27 12 12 13 14 13 13 13 13 13 13 13 13 13 14 13 13 13 13 13 13 13 13 13 13 13 13 13
27 12 12 13 14 13 13 13 13 13 13 14 13 13 13 13 13 13 13 13 13 13 13 13 13 13 13 13
27 12 12 13 14 13 13 13 13 13 14 13 13 13 13 13 13 13 13 13 13 13 13 13 13 13 13 13
27 12 12 13 14 13 13 13 13 14 13 13 13 13 13 13 13 13 13 13 13 13 13 13 13 13 13 13
27 12 12 14 13 13 13 13 13 13 13 13 13 13 13 13 13 13 13 13 13 13 13 13 13 13 13 14
27 12 12 14 13 13 13 13 13 13 13 13 13 13 13 13 13 13 13 13 13 13 13 13 13 14 13 13
27 12 12 14 13 13 13 13 13 13 13 13 13 13 13 13 13 13 13 13 13 13 13 14 13 13 13 13
27 12 12 14 13 13 13 13 13 13 13 13 13 13 13 13 13 13 14 13 13 13 13 13 13 13 13 13
27 12 12 14 13 13 13 13 13 13 13 13 13 13 13 13 13 14 13 13 13 13 13 13 13 13 13 13
27 12 12 14 13 13 13 13 13 13 13 13 13 13 13 14 13 13 13 13 13 13 13 13 13 13 13 13
27 12 12 14 13 13 13 13 13 13 13 13 14 13 13 13 13 13 13 13 13 13 13 13 13 13 13 13
27 12 12 14 13 13 13 13 13 13 14 13 13 13 13 13 13 13 13 13 13 13 13 13 13 13 13 13
27 12 12 14 13 13 13 13 14 13 13 13 13 13 13 13 13 13 13 13 13 13 13 13 13 13 13 13
27 12 12 14 13 13 13 14 13 13 13 13 13 13 13 13 13 13 13 13 13 13 13 13 13 13 13 13
27 12 12 14 13 14 13 13 13 13 13 13 13 13 13 13 13 13 13 13 13 13 13 13 13 13 13 13
27 12 13 12 13 13 13 13 13 13 13 13 13 13 13 13 13 13 13 14 13 13 13 13 14 13 13 13
27 12 13 12 13 13 13 13 13 13 13 13 13 13 13 13 13 13 14 13 13 13 13 13 13 14 13 13
27 12 13 12 13 13 13 13 13 13 13 13 13 13 13 13 13 13 14 13 13 13 13 14 13 13 13 13
27 12 13 12 13 13 13 13 13 13 13 13 13 13 13 13 13 13 14 13 13 13 14 13 13 13 13 13
27 12 13 12 13 13 13 13 13 13 13 13 13 13 13 13 13 13 14 13 14 13 13 13 13 13 13 13
27 12 13 12 13 13 13 13 13 13 13 13 13 13 13 13 13 14 13 13 13 13 13 13 13 14 13 13
27 12 13 12 13 13 13 13 13 13 13 13 13 13 13 13 13 14 13 13 13 13 13 14 13 13 13 13
27 12 13 12 13 13 13 13 13 13 13 13 13 13 13 13 13 14 13 13 13 13 14 13 13 13 13 13
27 12 13 12 13 13 13 13 13 13 13 13 13 13 13 13 14 13 13 13 13 13 13 13 13 14 13 13
27 12 13 12 13 13 13 13 13 13 13 13 13 13 13 13 14 13 13 13 13 13 13 13 14 13 13 13
27 12 13 12 13 13 13 13 13 13 13 13 13 13 13 13 14 13 13 13 13 14 13 13 13 13 13 13
27 12 13 12 13 13 13 13 13 13 13 13 13 13 13 13 14 13 13 13 14 13 13 13 13 13 13 13
27 12 13 12 13 13 13 13 13 13 13 13 13 13 13 14 13 13 13 13 13 13 13 13 14 13 13 13
27 12 13 12 13 13 13 13 13 13 13 13 13 13 13 14 13 13 13 13 13 13 13 14 13 13 13 13
27 12 13 12 13 13 13 13 13 13 13 13 13 13 13 14 13 13 13 13 13 13 14 13 13 13 13 13
27 12 13 12 13 13 13 13 13 13 13 13 13 13 13 14 13 13 13 13 13 14 13 13 13 13 13 13
27 12 13 12 13 13 13 13 13 13 13 13 13 13 13 14 13 13 13 14 13 13 13 13 13 13 13 13
27 12 13 12 13 13 13 13 13 13 13 13 13 13 14 13 13 13 13 13 13 13 13 13 14 13 13 13
27 12 13 12 13 13 13 13 13 13 13 13 13 13 14 13 13 13 13 13 14 13 13 13 13 13 13 13
27 12 13 12 13 13 13 13 13 13 13 13 13 14 13 13 13 13 13 13 13 13 13 13 13 14 13 13
27 12 13 12 13 13 13 13 13 13 13 13 13 14 13 13 13 13 13 13 13 13 14 13 13 13 13 13
27 12 13 12 13 13 13 13 13 13 13 13 13 14 13 13 13 13 13 13 14 13 13 13 13 13 13 13
27 12 13 12 13 13 13 13 13 13 13 13 13 14 13 13 13 13 14 13 13 13 13 13 13 13 13 13
27 12 13 12 13 13 13 13 13 13 13 13 14 13 13 13 13 13 13 13 13 13 13 14 13 13 13 13
27 12 13 12 13 13 13 13 13 13 13 13 14 13 13 13 13 13 13 13 13 13 14 13 13 13 13 13
27 12 13 12 13 13 13 13 13 13 13 13 14 13 13 13 13 13 14 13 13 13 13 13 13 13 13 13
27 12 13 12 13 13 13 13 13 13 13 13 14 13 13 13 13 14 13 13 13 13 13 13 13 13 13 13
27 12 13 12 13 13 13 13 13 13 13 14 13 13 13 13 13 13 13 13 13 13 13 13 13 14 13 13
27 12 13 12 13 13 13 13 13 13 13 14 13 13 13 13 13 13 13 13 13 13 13 13 14 13 13 13
27 12 13 12 13 13 13 13 13 13 13 14 13 13 13 13 13 13 13 13 13 14 13 13 13 13 13 13
27 12 13 12 13 13 13 13 13 13 13 14 13 13 13 13 13 13 13 13 14 13 13 13 13 13 13 13
27 12 13 12 13 13 13 13 13 13 13 14 13 13 13 13 13 13 13 14 13 13 13 13 13 13 13 13
27 12 13 12 13 13 13 13 13 13 13 14 13 13 13 13 14 13 13 13 13 13 13 13 13 13 13 13
27 12 13 12 13 13 13 13 13 13 14 13 13 13 13 13 13 13 13 13 13 13 13 14 13 13 13 13
27 12 13 12 13 13 13 13 13 13 14 13 13 13 13 13 13 13 13 13 13 13 14 13 13 13 13 13
27 12 13 12 13 13 13 13 13 13 14 13 13 13 13 13 13 13 13 13 13 14 13 13 13 13 13 13
27 12 13 12 13 13 13 13 13 13 14 13 13 13 13 13 13 13 14 13 13 13 13 13 13 13 13 13
27 12 13 12 13 13 13 13 13 13 14 13 13 13 13 13 13 14 13 13 13 13 13 13 13 13 13 13
27 12 13 12 13 13 13 13 13 13 14 13 13 13 13 13 14 13 13 13 13 13 13 13 13 13 13 13
27 12 13 12 13 13 13 13 13 14 13 13 13 13 13 13 13 13 13 13 13 13 13 13 13 14 13 13
27 12 13 12 13 13 13 13 13 14 13 13 13 13 13 13 13 13 13 13 13 13 13 13 14 13 13 13
27 12 13 12 13 13 13 13 13 14 13 13 13 13 13 13 13 13 13 13 14 13 13 13 13 13 13 13
27 12 13 12 13 13 13 13 13 14 13 13 13 13 13 13 13 13 13 14 13 13 13 13 13 13 13 13
27 12 13 12 13 13 13 13 13 14 13 13 13 13 13 13 14 13 13 13 13 13 13 13 13 13 13 13
27 12 13 12 13 13 13 13 13 14 13 13 13 13 13 14 13 13 13 13 13 13 13 13 13 13 13 13
27 12 13 12 13 13 13 13 13 14 13 13 13 13 14 13 13 13 13 13 13 13 13 13 13 13 13 13
27 12 13 12 13 13 13 13 14 13 13 13 13 13 13 13 13 13 13 13 13 13 14 13 13 13 13 13
27 12 13 12 13 13 13 13 14 13 13 13 13 13 13 13 13 13 13 13 14 13 13 13 13 13 13 13
27 12 13 12 13 13 13 13 14 13 13 13 13 13 13 13 13 13 14 13 13 13 13 13 13 13 13 13
27 12 13 12 13 13 13 13 14 13 13 13 13 13 13 13 13 14 13 13 13 13 13 13 13 13 13 13
27 12 13 12 13 13 13 13 14 13 13 13 13 13 13 14 13 13 13 13 13 13 13 13 13 13 13 13
27 12 13 12 13 13 13 13 14 13 13 13 13 14 13 13 13 13 13 13 13 13 13 13 13 13 13 13
27 12 13 12 13 13 13 14 13 13 13 13 13 13 13 13 13 13 13 13 13 13 13 13 13 14 13 13
27 12 13 12 13 13 13 14 13 13 13 13 13 13 13 13 13 13 13 13 13 13 13 14 13 13 13 13
27 12 13 12 13 13 13 14 13 13 13 13 13 13 13 13 13 13 13 13 13 13 14 13 13 13 13 13
27 12 13 12 13 13 13 14 13 13 13 13 13 13 13 13 13 13 13 13 14 13 13 13 13 13 13 13
27 12 13 12 13 13 13 14 13 13 13 13 13 13 13 13 13 13 14 13 13 13 13 13 13 13 13 13
27 12 13 12 13 13 13 14 13 13 13 13 13 13 13 14 13 13 13 13 13 13 13 13 13 13 13 13
27 12 13 12 13 13 13 14 13 13 13 13 13 14 13 13 13 13 13 13 13 13 13 13 13 13 13 13
27 12 13 12 13 13 13 14 13 13 13 13 14 13 13 13 13 13 13 13 13 13 13 13 13 13 13 13
27 12 13 12 13 13 14 13 13 13 13 13 13 13 13 13 13 13 13 13 13 13 13 13 13 14 13 13
27 12 13 12 13 13 14 13 13 13 13 13 13 13 13 13 13 13 13 13 13 13 13 13 14 13 13 13
27 12 13 12 13 13 14 13 13 13 13 13 13 13 13 13 13 13 13 13 13 14 13 13 13 13 13 13
27 12 13 12 13 13 14 13 13 13 13 13 13 13 13 13 13 13 13 13 14 13 13 13 13 13 13 13
27 12 13 12 13 13 14 13 13 13 13 13 13 13 13 13 13 13 13 14 13 13 13 13 13 13 13 13
27 12 13 12 13 13 14 13 13 13 13 13 13 13 13 13 14 13 13 13 13 13 13 13 13 13 13 13
27 12 13 12 13 13 14 13 13 13 13 13 13 13 14 13 13 13 13 13 13 13 13 13 13 13 13 13
27 12 13 12 13 13 14 13 13 13 13 14 13 13 13 13 13 13 13 13 13 13 13 13 13 13 13 13
27 12 13 12 13 13 14 13 13 13 14 13 13 13 13 13 13 13 13 13 13 13 13 13 13 13 13 13
27 12 13 12 13 14 13 13 13 13 13 13 13 13 13 13 13 13 13 13 13 13 13 13 14 13 13 13
27 12 13 12 13 14 13 13 13 13 13 13 13 13 13 13 13 13 13 13 13 13 13 14 13 13 13 13
27 12 13 12 13 14 13 13 13 13 13 13 13 13 13 13 13 13 13 13 13 13 14 13 13 13 13 13
27 12 13 12 13 14 13 13 13 13 13 13 13 13 13 13 13 13 13 13 13 14 13 13 13 13 13 13
27 12 13 12 13 14 13 13 13 13 13 13 13 13 13 13 13 13 13 14 13 13 13 13 13 13 13 13
27 12 13 12 13 14 13 13 13 13 13 13 13 13 13 13 13 14 13 13 13 13 13 13 13 13 13 13
27 12 13 12 13 14 13 13 13 13 13 13 13 13 13 13 14 13 13 13 13 13 13 13 13 13 13 13
27 12 13 12 13 14 13 13 13 13 13 13 13 13 14 13 13 13 13 13 13 13 13 13 13 13 13 13
27 12 13 12 13 14 13 13 13 13 13 13 13 14 13 13 13 13 13 13 13 13 13 13 13 13 13 13
27 12 13 12 13 14 13 13 13 13 13 13 14 13 13 13 13 13 13 13 13 13 13 13 13 13 13 13
27 12 13 12 13 14 13 13 13 13 13 14 13 13 13 13 13 13 13 13 13 13 13 13 13 13 13 13
27 12 13 12 13 14 13 13 13 14 13 13 13 13 13 13 13 13 13 13 13 13 13 13 13 13 13 13
27 12 13 12 14 13 13 13 13 13 13 13 13 13 13 13 13 13 13 13 13 13 13 13 13 13 14 13
27 12 13 12 14 13 13 13 13 13 13 13 13 13 13 13 13 13 13 13 13 13 13 13 13 14 13 13
27 12 13 12 14 13 13 13 13 13 13 13 13 13 13 13 13 13 13 13 13 13 13 13 14 13 13 13
27 12 13 12 14 13 13 13 13 13 13 13 13 13 13 13 13 13 13 13 13 14 13 13 13 13 13 13
27 12 13 12 14 13 13 13 13 13 13 13 13 13 13 13 13 13 13 13 14 13 13 13 13 13 13 13
27 12 13 12 14 13 13 13 13 13 13 13 13 13 13 13 13 13 13 14 13 13 13 13 13 13 13 13
27 12 13 12 14 13 13 13 13 13 13 13 13 13 13 14 13 13 13 13 13 13 13 13 13 13 13 13
27 12 13 12 14 13 13 13 13 13 13 13 13 13 14 13 13 13 13 13 13 13 13 13 13 13 13 13
27 12 13 12 14 13 13 13 13 13 13 14 13 13 13 13 13 13 13 13 13 13 13 13 13 13 13 13
27 12 13 12 14 13 13 13 13 13 14 13 13 13 13 13 13 13 13 13 13 13 13 13 13 13 13 13
27 12 13 12 14 13 13 13 13 14 13 13 13 13 13 13 13 13 13 13 13 13 13 13 13 13 13 13
27 12 13 13 12 13 13 13 13 13 13 13 13 13 13 13 13 13 13 13 13 13 14 13 14 13 13 13
27 12 13 13 12 13 13 13 13 13 13 13 13 13 13 13 13 13 13 13 14 13 13 13 13 13 14 13
27 12 13 13 12 13 13 13 13 13 13 13 13 13 13 13 13 13 13 14 13 13 13 13 13 14 13 13
27 12 13 13 12 13 13 13 13 13 13 13 13 13 13 13 13 13 13 14 13 13 14 13 13 13 13 13
27 12 13 13 12 13 13 13 13 13 13 13 13 13 13 13 13 13 14 13 13 13 13 13 13 13 14 13
27 12 13 13 12 13 13 13 13 13 13 13 13 13 13 13 13 13 14 13 13 13 13 13 14 13 13 13
27 12 13 13 12 13 13 13 13 13 13 13 13 13 13 13 13 14 13 13 13 13 13 13 13 13 14 13
27 12 13 13 12 13 13 13 13 13 13 13 13 13 13 13 13 14 13 13 13 13 13 14 13 13 13 13
27 12 13 13 12 13 13 13 13 13 13 13 13 13 13 13 13 14 13 13 13 13 14 13 13 13 13 13
27 12 13 13 12 13 13 13 13 13 13 13 13 13 13 13 13 14 13 14 13 13 13 13 13 13 13 13
27 12 13 13 12 13 13 13 13 13 13 13 13 13 13 13 14 13 13 13 13 13 13 13 13 14 13 13
27 12 13 13 12 13 13 13 13 13 13 13 13 13 13 13 14 13 13 13 13 13 13 14 13 13 13 13
27 12 13 13 12 13 13 13 13 13 13 13 13 13 13 13 14 13 13 13 13 13 14 13 13 13 13 13
27 12 13 13 12 13 13 13 13 13 13 13 13 13 13 13 14 13 14 13 13 13 13 13 13 13 13 13
27 12 13 13 12 13 13 13 13 13 13 13 13 13 13 14 13 13 13 13 13 13 13 13 13 13 14 13
27 12 13 13 12 13 13 13 13 13 13 13 13 13 13 14 13 13 13 13 13 13 13 13 14 13 13 13
27 12 13 13 12 13 13 13 13 13 13 13 13 13 14 13 13 13 13 13 13 13 13 13 13 13 13 14
27 12 13 13 12 13 13 13 13 13 13 13 13 13 14 13 13 13 13 13 13 13 13 13 13 14 13 13
27 12 13 13 12 13 13 13 13 13 13 13 13 13 14 13 13 13 13 13 13 13 13 14 13 13 13 13
27 12 13 13 12 13 13 13 13 13 13 13 13 13 14 13 13 13 13 13 13 13 14 13 13 13 13 13
27 12 13 13 12 13 13 13 13 13 13 13 13 13 14 13 13 13 13 13 14 13 13 13 13 13 13 13
27 12 13 13 12 13 13 13 13 13 13 13 13 13 14 13 13 14 13 13 13 13 13 13 13 13 13 13
27 12 13 13 12 13 13 13 13 13 13 13 13 14 13 13 13 13 13 13 13 13 13 13 13 13 14 13
27 12 13 13 12 13 13 13 13 13 13 13 13 14 13 13 13 13 13 13 13 13 13 13 14 13 13 13
27 12 13 13 12 13 13 13 13 13 13 13 13 14 13 13 13 13 13 13 13 13 13 14 13 13 13 13
27 12 13 13 12 13 13 13 13 13 13 13 13 14 13 13 13 13 13 13 13 13 14 13 13 13 13 13
27 12 13 13 12 13 13 13 13 13 13 13 13 14 13 13 13 13 13 13 13 14 13 13 13 13 13 13
27 12 13 13 12 13 13 13 13 13 13 13 13 14 13 13 13 13 13 14 13 13 13 13 13 13 13 13
27 12 13 13 12 13 13 13 13 13 13 13 13 14 13 13 13 13 14 13 13 13 13 13 13 13 13 13
27 12 13 13 12 13 13 13 13 13 13 13 14 13 13 13 13 13 13 13 13 13 13 13 14 13 13 13
27 12 13 13 12 13 13 13 13 13 13 13 14 13 13 13 13 13 13 13 13 13 14 13 13 13 13 13
27 12 13 13 12 13 13 13 13 13 13 13 14 13 13 13 13 13 13 14 13 13 13 13 13 13 13 13
27 12 13 13 12 13 13 13 13 13 13 13 14 13 13 13 13 14 13 13 13 13 13 13 13 13 13 13
27 12 13 13 12 13 13 13 13 13 13 13 14 13 14 13 13 13 13 13 13 13 13 13 13 13 13 13
27 12 13 13 12 13 13 13 13 13 13 14 13 13 13 13 13 13 13 13 13 13 13 13 13 14 13 13
27 12 13 13 12 13 13 13 13 13 13 14 13 13 13 13 13 13 13 13 13 13 13 14 13 13 13 13
27 12 13 13 12 13 13 13 13 13 13 14 13 13 13 13 13 13 13 13 13 13 14 13 13 13 13 13
27 12 13 13 12 13 13 13 13 13 13 14 13 13 13 13 13 13 13 13 14 13 13 13 13 13 13 13
27 12 13 13 12 13 13 13 13 13 13 14 13 13 13 13 13 13 14 13 13 13 13 13 13 13 13 13
27 12 13 13 12 13 13 13 13 13 13 14 13 13 13 13 13 14 13 13 13 13 13 13 13 13 13 13
27 12 13 13 12 13 13 13 13 13 13 14 13 14 13 13 13 13 13 13 13 13 13 13 13 13 13 13
27 12 13 13 12 13 13 13 13 13 14 13 13 13 13 13 13 13 13 13 13 13 13 13 14 13 13 13
27 12 13 13 12 13 13 13 13 13 14 13 13 13 13 13 13 13 13 14 13 13 13 13 13 13 13 13
27 12 13 13 12 13 13 13 13 13 14 13 13 13 13 13 14 13 13 13 13 13 13 13 13 13 13 13
27 12 13 13 12 13 13 13 13 14 13 13 13 13 13 13 13 13 13 13 13 13 13 13 13 14 13 13
27 12 13 13 12 13 13 13 13 14 13 13 13 13 13 13 13 13 13 13 13 13 13 14 13 13 13 13
27 12 13 13 12 13 13 13 13 14 13 13 13 13 13 13 13 13 13 13 13 13 14 13 13 13 13 13
27 12 13 13 12 13 13 13 13 14 13 13 13 13 13 13 13 13 13 13 14 13 13 13 13 13 13 13
27 12 13 13 12 13 13 13 13 14 13 13 13 13 13 13 13 13 14 13 13 13 13 13 13 13 13 13
27 12 13 13 12 13 13 13 13 14 13 13 13 13 13 14 13 13 13 13 13 13 13 13 13 13 13 13
27 12 13 13 12 13 13 13 13 14 13 13 14 13 13 13 13 13 13 13 13 13 13 13 13 13 13 13
27 12 13 13 12 13 13 13 14 13 13 13 13 13 13 13 13 13 13 13 13 13 13 13 13 13 13 14
27 12 13 13 12 13 13 13 14 13 13 13 13 13 13 13 13 13 13 13 13 13 13 13 14 13 13 13
27 12 13 13 12 13 13 13 14 13 13 13 13 13 13 13 13 13 13 13 13 13 13 14 13 13 13 13
27 12 13 13 12 13 13 13 14 13 13 13 13 13 13 13 13 13 13 13 13 13 14 13 13 13 13 13
27 12 13 13 12 13 13 13 14 13 13 13 13 13 13 13 13 13 13 13 13 14 13 13 13 13 13 13
27 12 13 13 12 13 13 13 14 13 13 13 13 13 13 13 13 13 13 14 13 13 13 13 13 13 13 13
27 12 13 13 12 13 13 13 14 13 13 13 13 13 13 13 13 14 13 13 13 13 13 13 13 13 13 13
27 12 13 13 12 13 13 13 14 13 13 13 13 13 13 13 14 13 13 13 13 13 13 13 13 13 13 13
27 12 13 13 12 13 13 13 14 13 13 13 13 13 14 13 13 13 13 13 13 13 13 13 13 13 13 13
27 12 13 13 12 13 13 13 14 13 13 13 13 14 13 13 13 13 13 13 13 13 13 13 13 13 13 13
27 12 13 13 12 13 13 13 14 13 13 14 13 13 13 13 13 13 13 13 13 13 13 13 13 13 13 13
27 12 13 13 12 13 13 14 13 13 13 13 13 13 13 13 13 13 13 13 13 13 13 13 13 13 14 13
27 12 13 13 12 13 13 14 13 13 13 13 13 13 13 13 13 13 13 13 13 13 13 13 14 13 13 13
27 12 13 13 12 13 13 14 13 13 13 13 13 13 13 13 13 13 13 13 13 13 14 13 13 13 13 13
27 12 13 13 12 13 13 14 13 13 13 13 13 13 13 13 13 13 14 13 13 13 13 13 13 13 13 13
27 12 13 13 12 13 13 14 13 13 13 13 13 13 13 13 13 14 13 13 13 13 13 13 13 13 13 13
27 12 13 13 12 13 13 14 13 13 13 13 13 13 13 13 14 13 13 13 13 13 13 13 13 13 13 13
27 12 13 13 12 13 13 14 13 13 13 13 13 14 13 13 13 13 13 13 13 13 13 13 13 13 13 13
27 12 13 13 12 13 13 14 13 14 13 13 13 13 13 13 13 13 13 13 13 13 13 13 13 13 13 13
27 12 13 13 12 13 14 13 13 13 13 13 13 13 13 13 13 13 13 13 13 13 13 13 13 14 13 13
27 12 13 13 12 13 14 13 13 13 13 13 13 13 13 13 13 13 13 13 13 13 13 14 13 13 13 13
27 12 13 13 12 13 14 13 13 13 13 13 13 13 13 13 13 13 13 13 13 13 14 13 13 13 13 13
27 12 13 13 12 13 14 13 13 13 13 13 13 13 13 13 13 13 14 13 13 13 13 13 13 13 13 13
27 12 13 13 12 13 14 13 13 13 13 13 13 13 13 13 13 14 13 13 13 13 13 13 13 13 13 13
27 12 13 13 12 13 14 13 13 13 13 13 13 13 13 14 13 13 13 13 13 13 13 13 13 13 13 13
27 12 13 13 12 13 14 13 13 13 13 13 14 13 13 13 13 13 13 13 13 13 13 13 13 13 13 13
27 12 13 13 12 13 14 13 14 13 13 13 13 13 13 13 13 13 13 13 13 13 13 13 13 13 13 13
27 12 13 13 12 14 13 13 13 13 13 13 13 13 13 13 13 13 13 13 13 13 13 13 13 13 14 13
27 12 13 13 12 14 13 13 13 13 13 13 13 13 13 13 13 13 13 13 13 14 13 13 13 13 13 13
27 12 13 13 12 14 13 13 13 13 13 13 13 13 13 13 13 13 13 14 13 13 13 13 13 13 13 13
27 12 13 13 12 14 13 13 13 13 13 13 13 13 13 13 14 13 13 13 13 13 13 13 13 13 13 13
27 12 13 13 12 14 13 13 13 13 13 13 13 13 14 13 13 13 13 13 13 13 13 13 13 13 13 13
27 12 13 13 12 14 13 13 13 13 13 14 13 13 13 13 13 13 13 13 13 13 13 13 13 13 13 13
27 12 13 13 12 14 14 13 13 13 13 13 13 13 13 13 13 13 13 13 13 13 13 13 13 13 13 13
27 12 13 13 13 12 13 13 13 13 13 13 13 13 13 13 13 13 13 13 13 13 14 13 14 13 13 13
27 12 13 13 13 12 13 13 13 13 13 13 13 13 13 13 13 13 13 13 13 14 13 13 14 13 13 13
27 12 13 13 13 12 13 13 13 13 13 13 13 13 13 13 13 13 13 13 13 14 13 14 13 13 13 13
27 12 13 13 13 12 13 13 13 13 13 13 13 13 13 13 13 13 13 13 14 13 13 14 13 13 13 13
27 12 13 13 13 12 13 13 13 13 13 13 13 13 13 13 13 13 13 13 14 13 14 13 13 13 13 13
27 12 13 13 13 12 13 13 13 13 13 13 13 13 13 13 13 13 13 14 13 13 13 13 13 13 14 13
27 12 13 13 13 12 13 13 13 13 13 13 13 13 13 13 13 13 13 14 13 13 13 14 13 13 13 13
27 12 13 13 13 12 13 13 13 13 13 13 13 13 13 13 13 13 13 14 13 14 13 13 13 13 13 13
27 12 13 13 13 12 13 13 13 13 13 13 13 13 13 13 13 13 14 13 13 13 13 13 13 13 14 13
27 12 13 13 13 12 13 13 13 13 13 13 13 13 13 13 13 13 14 13 13 13 13 13 14 13 13 13
27 12 13 13 13 12 13 13 13 13 13 13 13 13 13 13 13 13 14 13 14 13 13 13 13 13 13 13
27 12 13 13 13 12 13 13 13 13 13 13 13 13 13 13 13 14 13 13 13 13 13 13 13 13 14 13
27 12 13 13 13 12 13 13 13 13 13 13 13 13 13 13 13 14 13 13 13 13 13 13 14 13 13 13
27 12 13 13 13 12 13 13 13 13 13 13 13 13 13 13 13 14 13 13 14 13 13 13 13 13 13 13
27 12 13 13 13 12 13 13 13 13 13 13 13 13 13 13 14 13 13 13 13 13 13 13 13 13 14 13
27 12 13 13 13 12 13 13 13 13 13 13 13 13 13 13 14 13 13 13 13 13 13 13 14 13 13 13
27 12 13 13 13 12 13 13 13 13 13 13 13 13 13 13 14 13 13 13 13 13 14 13 13 13 13 13
27 12 13 13 13 12 13 13 13 13 13 13 13 13 13 13 14 13 14 13 13 13 13 13 13 13 13 13
27 12 13 13 13 12 13 13 13 13 13 13 13 13 13 14 13 13 13 13 13 13 13 13 13 14 13 13
27 12 13 13 13 12 13 13 13 13 13 13 13 13 13 14 13 13 14 13 13 13 13 13 13 13 13 13
27 12 13 13 13 12 13 13 13 13 13 13 13 13 13 14 13 14 13 13 13 13 13 13 13 13 13 13
27 12 13 13 13 12 13 13 13 13 13 13 13 13 14 13 13 13 13 13 13 13 13 13 13 13 14 13
27 12 13 13 13 12 13 13 13 13 13 13 13 13 14 13 13 13 13 13 13 13 13 13 14 13 13 13
27 12 13 13 13 12 13 13 13 13 13 13 13 13 14 13 13 13 13 13 13 13 13 14 13 13 13 13
27 12 13 13 13 12 13 13 13 13 13 13 13 13 14 13 13 13 13 13 13 14 13 13 13 13 13 13
27 12 13 13 13 12 13 13 13 13 13 13 13 13 14 13 13 13 14 13 13 13 13 13 13 13 13 13
27 12 13 13 13 12 13 13 13 13 13 13 13 14 13 13 13 13 13 13 13 13 13 13 13 13 14 13
27 12 13 13 13 12 13 13 13 13 13 13 13 14 13 13 13 13 13 13 13 13 13 13 14 13 13 13
27 12 13 13 13 12 13 13 13 13 13 13 13 14 13 13 13 13 13 13 13 13 13 14 13 13 13 13
27 12 13 13 13 12 13 13 13 13 13 13 13 14 13 13 13 13 13 13 13 13 14 13 13 13 13 13
27 12 13 13 13 12 13 13 13 13 13 13 13 14 13 13 13 13 13 13 13 14 13 13 13 13 13 13
27 12 13 13 13 12 13 13 13 13 13 13 13 14 13 13 13 13 13 13 14 13 13 13 13 13 13 13
27 12 13 13 13 12 13 13 13 13 13 13 13 14 13 13 13 13 13 14 13 13 13 13 13 13 13 13
27 12 13 13 13 12 13 13 13 13 13 13 13 14 13 13 13 14 13 13 13 13 13 13 13 13 13 13
27 12 13 13 13 12 13 13 13 13 13 13 13 14 13 13 14 13 13 13 13 13 13 13 13 13 13 13
27 12 13 13 13 12 13 13 13 13 13 13 13 14 13 14 13 13 13 13 13 13 13 13 13 13 13 13
27 12 13 13 13 12 13 13 13 13 13 13 14 13 13 13 13 13 13 13 13 13 13 13 14 13 13 13
27 12 13 13 13 12 13 13 13 13 13 13 14 13 13 13 13 13 13 13 13 13 13 14 13 13 13 13
27 12 13 13 13 12 13 13 13 13 13 13 14 13 13 13 13 13 13 13 13 13 14 13 13 13 13 13
27 12 13 13 13 12 13 13 13 13 13 13 14 13 13 13 13 13 13 13 13 14 13 13 13 13 13 13
27 12 13 13 13 12 13 13 13 13 13 13 14 13 13 13 13 13 13 13 14 13 13 13 13 13 13 13
27 12 13 13 13 12 13 13 13 13 13 13 14 13 13 13 13 13 13 14 13 13 13 13 13 13 13 13
27 12 13 13 13 12 13 13 13 13 13 13 14 13 14 13 13 13 13 13 13 13 13 13 13 13 13 13
27 12 13 13 13 12 13 13 13 13 13 14 13 13 13 13 13 13 13 13 13 13 13 13 14 13 13 13
27 12 13 13 13 12 13 13 13 13 13 14 13 13 13 13 13 13 13 13 13 13 13 14 13 13 13 13
27 12 13 13 13 12 13 13 13 13 13 14 13 13 13 13 13 13 13 13 13 14 13 13 13 13 13 13
27 12 13 13 13 12 13 13 13 13 13 14 13 13 13 13 13 14 13 13 13 13 13 13 13 13 13 13
27 12 13 13 13 12 13 13 13 13 13 14 13 14 13 13 13 13 13 13 13 13 13 13 13 13 13 13
27 12 13 13 13 12 13 13 13 13 14 13 13 13 13 13 13 13 13 13 13 13 13 13 13 14 13 13
27 12 13 13 13 12 13 13 13 13 14 13 13 13 13 13 13 13 13 13 13 13 13 14 13 13 13 13
27 12 13 13 13 12 13 13 13 13 14 13 13 13 13 13 13 13 13 13 13 13 14 13 13 13 13 13
27 12 13 13 13 12 13 13 13 13 14 13 13 13 13 13 13 13 13 13 14 13 13 13 13 13 13 13
27 12 13 13 13 12 13 13 13 13 14 13 13 14 13 13 13 13 13 13 13 13 13 13 13 13 13 13
27 12 13 13 13 12 13 13 13 13 14 13 14 13 13 13 13 13 13 13 13 13 13 13 13 13 13 13
27 12 13 13 13 12 13 13 13 14 13 13 13 13 13 13 13 13 13 13 13 13 13 13 13 13 14 13
27 12 13 13 13 12 13 13 13 14 13 13 13 13 13 13 13 13 13 13 13 13 13 13 14 13 13 13
27 12 13 13 13 12 13 13 13 14 13 13 13 13 13 13 13 13 13 13 13 13 13 14 13 13 13 13
27 12 13 13 13 12 13 13 13 14 13 13 13 13 13 13 13 13 13 13 13 13 14 13 13 13 13 13
27 12 13 13 13 12 13 13 13 14 13 13 13 13 13 13 13 13 13 13 13 14 13 13 13 13 13 13
27 12 13 13 13 12 13 13 13 14 13 13 13 13 13 13 13 13 13 14 13 13 13 13 13 13 13 13
27 12 13 13 13 12 13 13 13 14 13 13 13 13 13 13 13 13 14 13 13 13 13 13 13 13 13 13
27 12 13 13 13 12 13 13 13 14 13 13 13 13 13 13 13 14 13 13 13 13 13 13 13 13 13 13
27 12 13 13 13 12 13 13 13 14 13 13 13 13 13 13 14 13 13 13 13 13 13 13 13 13 13 13
27 12 13 13 13 12 13 13 13 14 13 13 13 14 13 13 13 13 13 13 13 13 13 13 13 13 13 13
27 12 13 13 13 12 13 13 13 14 13 13 14 13 13 13 13 13 13 13 13 13 13 13 13 13 13 13
27 12 13 13 13 12 13 13 13 14 13 14 13 13 13 13 13 13 13 13 13 13 13 13 13 13 13 13
27 12 13 13 13 12 13 13 14 13 13 13 13 13 13 13 13 13 13 13 13 13 13 13 13 13 14 13
27 12 13 13 13 12 13 13 14 13 13 13 13 13 13 13 13 13 13 13 13 13 13 13 14 13 13 13
27 12 13 13 13 12 13 13 14 13 13 13 13 13 13 13 13 13 13 13 13 13 13 14 13 13 13 13
27 12 13 13 13 12 13 13 14 13 13 13 13 13 13 13 13 13 13 13 13 14 13 13 13 13 13 13
27 12 13 13 13 12 13 13 14 13 13 13 13 13 13 13 13 13 13 13 14 13 13 13 13 13 13 13
27 12 13 13 13 12 13 13 14 13 13 13 13 13 13 13 13 13 13 14 13 13 13 13 13 13 13 13
27 12 13 13 13 12 13 13 14 13 13 13 13 13 13 13 13 13 14 13 13 13 13 13 13 13 13 13
27 12 13 13 13 12 13 13 14 13 13 13 13 13 13 14 13 13 13 13 13 13 13 13 13 13 13 13
27 12 13 13 13 12 13 13 14 13 13 13 13 13 14 13 13 13 13 13 13 13 13 13 13 13 13 13
27 12 13 13 13 12 13 13 14 13 13 13 14 13 13 13 13 13 13 13 13 13 13 13 13 13 13 13
27 12 13 13 13 12 13 13 14 13 14 13 13 13 13 13 13 13 13 13 13 13 13 13 13 13 13 13
27 12 13 13 13 12 13 14 13 13 13 13 13 13 13 13 13 13 13 13 13 13 13 13 13 13 14 13
27 12 13 13 13 12 13 14 13 13 13 13 13 13 13 13 13 13 13 13 13 13 13 13 14 13 13 13
27 12 13 13 13 12 13 14 13 13 13 13 13 13 13 13 13 13 13 13 14 13 13 13 13 13 13 13
27 12 13 13 13 12 13 14 13 13 13 13 13 13 13 13 13 13 13 14 13 13 13 13 13 13 13 13
27 12 13 13 13 12 13 14 13 13 13 13 13 13 13 13 13 13 14 13 13 13 13 13 13 13 13 13
27 12 13 13 13 12 13 14 13 13 13 13 13 13 13 13 13 14 13 13 13 13 13 13 13 13 13 13
27 12 13 13 13 12 13 14 13 13 13 13 13 13 13 13 14 13 13 13 13 13 13 13 13 13 13 13
27 12 13 13 13 12 13 14 13 13 13 13 13 13 13 14 13 13 13 13 13 13 13 13 13 13 13 13
27 12 13 13 13 12 13 14 13 13 13 13 13 13 14 13 13 13 13 13 13 13 13 13 13 13 13 13
27 12 13 13 13 12 13 14 13 13 13 13 13 14 13 13 13 13 13 13 13 13 13 13 13 13 13 13
27 12 13 13 13 12 13 14 13 14 13 13 13 13 13 13 13 13 13 13 13 13 13 13 13 13 13 13
27 12 13 13 13 12 14 13 13 13 13 13 13 13 13 13 13 13 13 13 13 13 13 13 13 13 13 14
27 12 13 13 13 12 14 13 13 13 13 13 13 13 13 13 13 13 13 13 13 13 13 13 13 13 14 13
27 12 13 13 13 12 14 13 13 13 13 13 13 13 13 13 13 13 13 13 13 13 13 13 14 13 13 13
27 12 13 13 13 12 14 13 13 13 13 13 13 13 13 13 13 13 13 13 13 13 14 13 13 13 13 13
27 12 13 13 13 12 14 13 13 13 13 13 13 13 13 13 13 13 14 13 13 13 13 13 13 13 13 13
27 12 13 13 13 12 14 13 13 13 13 13 13 13 13 13 13 14 13 13 13 13 13 13 13 13 13 13
27 12 13 13 13 12 14 13 13 13 13 13 13 13 13 13 14 13 13 13 13 13 13 13 13 13 13 13
27 12 13 13 13 12 14 13 13 13 13 13 13 14 13 13 13 13 13 13 13 13 13 13 13 13 13 13
27 12 13 13 13 12 14 13 13 13 13 14 13 13 13 13 13 13 13 13 13 13 13 13 13 13 13 13
27 12 13 13 13 12 14 13 13 14 13 13 13 13 13 13 13 13 13 13 13 13 13 13 13 13 13 13
27 12 13 13 13 12 14 14 13 13 13 13 13 13 13 13 13 13 13 13 13 13 13 13 13 13 13 13
27 12 13 13 13 13 12 13 13 13 13 13 13 13 13 13 13 13 13 13 13 14 13 13 13 14 13 13
27 12 13 13 13 13 12 13 13 13 13 13 13 13 13 13 13 13 13 13 13 14 13 14 13 13 13 13
27 12 13 13 13 13 12 13 13 13 13 13 13 13 13 13 13 13 13 13 14 13 13 13 14 13 13 13
27 12 13 13 13 13 12 13 13 13 13 13 13 13 13 13 13 13 13 14 13 13 13 14 13 13 13 13
27 12 13 13 13 13 12 13 13 13 13 13 13 13 13 13 13 13 14 13 13 13 13 13 13 13 14 13
27 12 13 13 13 13 12 13 13 13 13 13 13 13 13 13 13 14 13 13 13 13 13 13 13 13 14 13
27 12 13 13 13 13 12 13 13 13 13 13 13 13 13 13 13 14 13 13 13 13 14 13 13 13 13 13
27 12 13 13 13 13 12 13 13 13 13 13 13 13 13 13 14 13 13 13 14 13 13 13 13 13 13 13
27 12 13 13 13 13 12 13 13 13 13 13 13 13 13 13 14 13 14 13 13 13 13 13 13 13 13 13
27 12 13 13 13 13 12 13 13 13 13 13 13 13 13 14 13 13 13 13 13 13 13 13 13 13 14 13
27 12 13 13 13 13 12 13 13 13 13 13 13 13 13 14 13 13 13 13 13 13 13 13 14 13 13 13
27 12 13 13 13 13 12 13 13 13 13 13 13 13 13 14 13 13 13 14 13 13 13 13 13 13 13 13
27 12 13 13 13 13 12 13 13 13 13 13 13 13 14 13 13 13 13 13 13 13 13 13 13 14 13 13
27 12 13 13 13 13 12 13 13 13 13 13 13 13 14 13 13 13 13 13 13 13 13 14 13 13 13 13
27 12 13 13 13 13 12 13 13 13 13 13 13 13 14 13 13 13 14 13 13 13 13 13 13 13 13 13
27 12 13 13 13 13 12 13 13 13 13 13 13 14 13 13 13 13 13 13 13 13 13 13 13 13 14 13
27 12 13 13 13 13 12 13 13 13 13 13 13 14 13 13 13 13 13 13 13 13 13 13 14 13 13 13
27 12 13 13 13 13 12 13 13 13 13 13 13 14 13 13 13 13 13 13 13 13 13 14 13 13 13 13
27 12 13 13 13 13 12 13 13 13 13 13 13 14 13 13 13 13 13 13 13 13 14 13 13 13 13 13
27 12 13 13 13 13 12 13 13 13 13 13 13 14 13 13 13 13 13 13 13 14 13 13 13 13 13 13
27 12 13 13 13 13 12 13 13 13 13 13 13 14 13 13 13 13 14 13 13 13 13 13 13 13 13 13
27 12 13 13 13 13 12 13 13 13 13 13 13 14 13 13 13 14 13 13 13 13 13 13 13 13 13 13
27 12 13 13 13 13 12 13 13 13 13 13 13 14 13 13 14 13 13 13 13 13 13 13 13 13 13 13
27 12 13 13 13 13 12 13 13 13 13 13 14 13 13 13 13 13 13 13 13 13 13 13 14 13 13 13
27 12 13 13 13 13 12 13 13 13 13 13 14 13 13 13 13 13 13 13 13 13 13 14 13 13 13 13
27 12 13 13 13 13 12 13 13 13 13 13 14 13 13 13 13 13 13 13 13 13 14 13 13 13 13 13
27 12 13 13 13 13 12 13 13 13 13 13 14 13 13 13 13 13 13 13 13 14 13 13 13 13 13 13
27 12 13 13 13 13 12 13 13 13 13 13 14 13 13 13 13 13 13 14 13 13 13 13 13 13 13 13
27 12 13 13 13 13 12 13 13 13 13 13 14 13 14 13 13 13 13 13 13 13 13 13 13 13 13 13
27 12 13 13 13 13 12 13 13 13 13 14 13 13 13 13 13 13 13 13 13 13 13 14 13 13 13 13
27 12 13 13 13 13 12 13 13 13 13 14 13 13 13 13 13 13 13 13 14 13 13 13 13 13 13 13
27 12 13 13 13 13 12 13 13 13 13 14 13 14 13 13 13 13 13 13 13 13 13 13 13 13 13 13
27 12 13 13 13 13 12 13 13 13 14 13 13 13 13 13 13 13 13 13 13 13 13 13 14 13 13 13
27 12 13 13 13 13 12 13 13 13 14 13 13 13 13 13 13 13 13 13 13 14 13 13 13 13 13 13
27 12 13 13 13 13 12 13 13 13 14 13 13 13 13 13 13 13 13 14 13 13 13 13 13 13 13 13
27 12 13 13 13 13 12 13 13 13 14 13 13 13 14 13 13 13 13 13 13 13 13 13 13 13 13 13
27 12 13 13 13 13 12 13 13 14 13 13 13 13 13 13 13 13 13 13 13 13 13 13 13 14 13 13
27 12 13 13 13 13 12 13 13 14 13 13 13 13 13 13 13 13 13 13 13 13 13 14 13 13 13 13
27 12 13 13 13 13 12 13 13 14 13 13 13 13 13 13 13 13 13 13 13 13 14 13 13 13 13 13
27 12 13 13 13 13 12 13 13 14 13 13 13 13 13 13 13 13 13 13 14 13 13 13 13 13 13 13
27 12 13 13 13 13 12 13 13 14 13 13 13 13 13 13 13 13 14 13 13 13 13 13 13 13 13 13
27 12 13 13 13 13 12 13 13 14 13 13 13 13 13 13 13 14 13 13 13 13 13 13 13 13 13 13
27 12 13 13 13 13 12 13 13 14 13 13 13 14 13 13 13 13 13 13 13 13 13 13 13 13 13 13
27 12 13 13 13 13 12 13 13 14 13 13 14 13 13 13 13 13 13 13 13 13 13 13 13 13 13 13
27 12 13 13 13 13 12 13 14 13 13 13 13 13 13 13 13 13 13 13 13 13 13 13 13 13 14 13
27 12 13 13 13 13 12 13 14 13 13 13 13 13 13 13 13 13 13 13 13 13 13 13 14 13 13 13
27 12 13 13 13 13 12 13 14 13 13 13 13 13 13 13 13 13 13 13 13 13 13 14 13 13 13 13
27 12 13 13 13 13 12 13 14 13 13 13 13 13 13 13 13 13 13 13 13 14 13 13 13 13 13 13
27 12 13 13 13 13 12 13 14 13 13 13 13 13 13 13 13 13 13 14 13 13 13 13 13 13 13 13
27 12 13 13 13 13 12 13 14 13 13 13 13 13 13 13 13 13 14 13 13 13 13 13 13 13 13 13
27 12 13 13 13 13 12 13 14 13 13 13 13 14 13 13 13 13 13 13 13 13 13 13 13 13 13 13
27 12 13 13 13 13 12 13 14 13 13 13 14 13 13 13 13 13 13 13 13 13 13 13 13 13 13 13
27 12 13 13 13 13 12 14 13 13 13 13 13 13 13 13 13 13 13 13 13 13 13 13 13 13 13 14
27 12 13 13 13 13 12 14 13 13 13 13 13 13 13 13 13 13 13 13 13 13 13 13 13 13 14 13
27 12 13 13 13 13 12 14 13 13 13 13 13 13 13 13 13 13 13 13 13 13 13 13 14 13 13 13
27 12 13 13 13 13 12 14 13 13 13 13 13 13 13 13 13 13 13 14 13 13 13 13 13 13 13 13
27 12 13 13 13 13 12 14 13 13 13 13 13 13 13 13 13 13 14 13 13 13 13 13 13 13 13 13
27 12 13 13 13 13 12 14 13 13 13 13 13 13 13 13 13 14 13 13 13 13 13 13 13 13 13 13
27 12 13 13 13 13 12 14 13 13 13 13 13 13 13 13 14 13 13 13 13 13 13 13 13 13 13 13
27 12 13 13 13 13 12 14 13 13 13 13 13 13 14 13 13 13 13 13 13 13 13 13 13 13 13 13
27 12 13 13 13 13 12 14 13 13 13 13 13 14 13 13 13 13 13 13 13 13 13 13 13 13 13 13
27 12 13 13 13 13 12 14 13 14 13 13 13 13 13 13 13 13 13 13 13 13 13 13 13 13 13 13
27 12 13 13 13 13 12 14 14 13 13 13 13 13 13 13 13 13 13 13 13 13 13 13 13 13 13 13
27 12 13 13 13 13 13 12 13 13 13 13 13 13 13 13 13 13 13 13 13 14 13 13 13 14 13 13
27 12 13 13 13 13 13 12 13 13 13 13 13 13 13 13 13 13 13 13 14 13 13 14 13 13 13 13
27 12 13 13 13 13 13 12 13 13 13 13 13 13 13 13 13 13 13 13 14 13 14 13 13 13 13 13
27 12 13 13 13 13 13 12 13 13 13 13 13 13 13 13 13 13 13 14 13 13 13 13 13 14 13 13
27 12 13 13 13 13 13 12 13 13 13 13 13 13 13 13 13 13 13 14 13 14 13 13 13 13 13 13
27 12 13 13 13 13 13 12 13 13 13 13 13 13 13 13 13 13 14 13 13 13 14 13 13 13 13 13
27 12 13 13 13 13 13 12 13 13 13 13 13 13 13 13 13 13 14 13 14 13 13 13 13 13 13 13
27 12 13 13 13 13 13 12 13 13 13 13 13 13 13 13 13 14 13 13 13 13 13 14 13 13 13 13
27 12 13 13 13 13 13 12 13 13 13 13 13 13 13 13 13 14 13 13 13 13 14 13 13 13 13 13
27 12 13 13 13 13 13 12 13 13 13 13 13 13 13 13 14 13 13 13 13 13 13 13 13 13 14 13
27 12 13 13 13 13 13 12 13 13 13 13 13 13 13 13 14 13 13 13 13 13 13 13 13 14 13 13
27 12 13 13 13 13 13 12 13 13 13 13 13 13 13 13 14 13 13 13 13 14 13 13 13 13 13 13
27 12 13 13 13 13 13 12 13 13 13 13 13 13 13 13 14 13 13 14 13 13 13 13 13 13 13 13
27 12 13 13 13 13 13 12 13 13 13 13 13 13 13 14 13 13 13 13 13 13 13 13 13 13 14 13
27 12 13 13 13 13 13 12 13 13 13 13 13 13 13 14 13 13 14 13 13 13 13 13 13 13 13 13
27 12 13 13 13 13 13 12 13 13 13 13 13 13 13 14 13 14 13 13 13 13 13 13 13 13 13 13
27 12 13 13 13 13 13 12 13 13 13 13 13 13 14 13 13 13 13 13 13 13 13 13 13 14 13 13
27 12 13 13 13 13 13 12 13 13 13 13 13 13 14 13 13 13 13 13 13 13 13 13 14 13 13 13
27 12 13 13 13 13 13 12 13 13 13 13 13 13 14 13 13 13 13 13 13 14 13 13 13 13 13 13
27 12 13 13 13 13 13 12 13 13 13 13 13 13 14 13 13 13 13 13 14 13 13 13 13 13 13 13
27 12 13 13 13 13 13 12 13 13 13 13 13 13 14 13 13 13 13 14 13 13 13 13 13 13 13 13
27 12 13 13 13 13 13 12 13 13 13 13 13 13 14 13 14 13 13 13 13 13 13 13 13 13 13 13
27 12 13 13 13 13 13 12 13 13 13 13 13 14 13 13 13 13 13 13 13 13 13 13 13 14 13 13
27 12 13 13 13 13 13 12 13 13 13 13 13 14 13 13 13 13 13 13 13 13 13 14 13 13 13 13
27 12 13 13 13 13 13 12 13 13 13 13 13 14 13 13 13 13 13 13 13 13 14 13 13 13 13 13
27 12 13 13 13 13 13 12 13 13 13 13 13 14 13 13 13 13 14 13 13 13 13 13 13 13 13 13
27 12 13 13 13 13 13 12 13 13 13 13 13 14 13 14 13 13 13 13 13 13 13 13 13 13 13 13
27 12 13 13 13 13 13 12 13 13 13 13 14 13 13 13 13 13 13 13 13 13 13 13 13 14 13 13
27 12 13 13 13 13 13 12 13 13 13 13 14 13 13 13 13 13 13 13 13 13 14 13 13 13 13 13
27 12 13 13 13 13 13 12 13 13 13 13 14 13 13 13 13 14 13 13 13 13 13 13 13 13 13 13
27 12 13 13 13 13 13 12 13 13 13 14 13 13 13 13 13 13 13 13 13 13 13 13 13 13 14 13
27 12 13 13 13 13 13 12 13 13 13 14 13 13 13 13 13 13 13 13 13 13 13 13 13 14 13 13
27 12 13 13 13 13 13 12 13 13 13 14 13 13 13 13 13 13 13 13 13 14 13 13 13 13 13 13
27 12 13 13 13 13 13 12 13 13 13 14 13 13 13 13 13 13 13 13 14 13 13 13 13 13 13 13
27 12 13 13 13 13 13 12 13 13 13 14 13 13 13 13 13 13 13 14 13 13 13 13 13 13 13 13
27 12 13 13 13 13 13 12 13 13 13 14 13 13 13 13 14 13 13 13 13 13 13 13 13 13 13 13
27 12 13 13 13 13 13 12 13 13 13 14 13 13 13 14 13 13 13 13 13 13 13 13 13 13 13 13
27 12 13 13 13 13 13 12 13 13 13 14 13 13 14 13 13 13 13 13 13 13 13 13 13 13 13 13
27 12 13 13 13 13 13 12 13 13 14 13 13 13 13 13 13 13 13 13 13 13 14 13 13 13 13 13
27 12 13 13 13 13 13 12 13 13 14 13 13 13 13 13 13 13 13 14 13 13 13 13 13 13 13 13
27 12 13 13 13 13 13 12 13 13 14 13 13 13 13 13 14 13 13 13 13 13 13 13 13 13 13 13
27 12 13 13 13 13 13 12 13 13 14 13 13 13 14 13 13 13 13 13 13 13 13 13 13 13 13 13
27 12 13 13 13 13 13 12 13 13 14 13 13 14 13 13 13 13 13 13 13 13 13 13 13 13 13 13
27 12 13 13 13 13 13 12 13 14 13 13 13 13 13 13 13 13 13 13 13 13 13 13 13 13 14 13
27 12 13 13 13 13 13 12 13 14 13 13 13 13 13 13 13 13 13 13 13 13 13 13 13 14 13 13
27 12 13 13 13 13 13 12 13 14 13 13 13 13 13 13 13 13 13 13 13 14 13 13 13 13 13 13
27 12 13 13 13 13 13 12 13 14 13 13 13 13 13 13 13 13 13 13 14 13 13 13 13 13 13 13
27 12 13 13 13 13 13 12 13 14 13 13 13 13 13 13 13 13 13 14 13 13 13 13 13 13 13 13
27 12 13 13 13 13 13 12 13 14 13 13 13 13 13 14 13 13 13 13 13 13 13 13 13 13 13 13
27 12 13 13 13 13 13 12 13 14 13 13 13 13 14 13 13 13 13 13 13 13 13 13 13 13 13 13
27 12 13 13 13 13 13 12 13 14 13 14 13 13 13 13 13 13 13 13 13 13 13 13 13 13 13 13
27 12 13 13 13 13 13 12 14 13 13 13 13 13 13 13 13 13 13 13 13 13 13 13 13 13 13 14
27 12 13 13 13 13 13 12 14 13 13 13 13 13 13 13 13 13 13 13 13 13 13 13 13 14 13 13
27 12 13 13 13 13 13 12 14 13 13 13 13 13 13 13 13 13 13 13 13 13 13 14 13 13 13 13
27 12 13 13 13 13 13 12 14 13 13 13 13 13 13 13 13 13 13 13 13 13 14 13 13 13 13 13
27 12 13 13 13 13 13 12 14 13 13 13 13 13 13 13 13 13 13 13 14 13 13 13 13 13 13 13
27 12 13 13 13 13 13 12 14 13 13 13 13 13 13 13 13 14 13 13 13 13 13 13 13 13 13 13
27 12 13 13 13 13 13 12 14 13 13 13 13 14 13 13 13 13 13 13 13 13 13 13 13 13 13 13
27 12 13 13 13 13 13 12 14 13 13 13 14 13 13 13 13 13 13 13 13 13 13 13 13 13 13 13
27 12 13 13 13 13 13 12 14 13 14 13 13 13 13 13 13 13 13 13 13 13 13 13 13 13 13 13
27 12 13 13 13 13 13 13 12 13 13 13 13 13 13 13 13 13 13 13 13 13 13 13 14 13 14 13
27 12 13 13 13 13 13 13 12 13 13 13 13 13 13 13 13 13 13 13 14 13 13 13 14 13 13 13
27 12 13 13 13 13 13 13 12 13 13 13 13 13 13 13 13 13 13 14 13 13 13 13 14 13 13 13
27 12 13 13 13 13 13 13 12 13 13 13 13 13 13 13 13 13 14 13 13 13 13 14 13 13 13 13
27 12 13 13 13 13 13 13 12 13 13 13 13 13 13 13 13 14 13 13 13 13 13 14 13 13 13 13
27 12 13 13 13 13 13 13 12 13 13 13 13 13 13 13 14 13 13 13 13 13 13 13 13 14 13 13
27 12 13 13 13 13 13 13 12 13 13 13 13 13 13 13 14 13 13 13 13 14 13 13 13 13 13 13
27 12 13 13 13 13 13 13 12 13 13 13 13 13 13 13 14 13 13 13 14 13 13 13 13 13 13 13
27 12 13 13 13 13 13 13 12 13 13 13 13 13 13 13 14 13 13 14 13 13 13 13 13 13 13 13
27 12 13 13 13 13 13 13 12 13 13 13 13 13 13 14 13 13 13 13 13 13 13 13 13 13 14 13
27 12 13 13 13 13 13 13 12 13 13 13 13 13 13 14 13 13 13 13 13 13 13 13 14 13 13 13
27 12 13 13 13 13 13 13 12 13 13 13 13 13 13 14 13 13 13 13 13 13 14 13 13 13 13 13
27 12 13 13 13 13 13 13 12 13 13 13 13 13 13 14 13 13 13 13 13 14 13 13 13 13 13 13
27 12 13 13 13 13 13 13 12 13 13 13 13 13 13 14 13 13 13 14 13 13 13 13 13 13 13 13
27 12 13 13 13 13 13 13 12 13 13 13 13 13 13 14 13 13 14 13 13 13 13 13 13 13 13 13
27 12 13 13 13 13 13 13 12 13 13 13 13 13 14 13 13 13 13 13 13 13 13 13 14 13 13 13
27 12 13 13 13 13 13 13 12 13 13 13 13 13 14 13 14 13 13 13 13 13 13 13 13 13 13 13
27 12 13 13 13 13 13 13 12 13 13 13 13 14 13 14 13 13 13 13 13 13 13 13 13 13 13 13
27 12 13 13 13 13 13 13 12 13 13 13 14 13 13 13 13 13 13 13 13 13 13 14 13 13 13 13
27 12 13 13 13 13 13 13 12 13 13 13 14 13 13 14 13 13 13 13 13 13 13 13 13 13 13 13
27 12 13 13 13 13 13 13 12 13 13 14 13 13 13 13 13 13 13 13 13 13 13 13 14 13 13 13
27 12 13 13 13 13 13 13 12 13 13 14 13 13 13 13 14 13 13 13 13 13 13 13 13 13 13 13
27 12 13 13 13 13 13 13 12 13 13 14 13 13 13 14 13 13 13 13 13 13 13 13 13 13 13 13
27 12 13 13 13 13 13 13 12 13 14 13 13 13 13 13 13 13 13 13 13 13 13 14 13 13 13 13
27 12 13 13 13 13 13 13 12 13 14 13 13 13 13 13 14 13 13 13 13 13 13 13 13 13 13 13
27 12 13 13 13 13 13 13 12 14 13 13 13 13 13 13 13 13 13 13 13 13 13 13 14 13 13 13
27 12 13 13 13 13 13 13 12 14 13 13 13 13 13 13 14 13 13 13 13 13 13 13 13 13 13 13
27 12 13 13 13 13 13 13 12 14 13 13 13 13 13 14 13 13 13 13 13 13 13 13 13 13 13 13
27 12 13 13 13 13 13 13 13 12 13 13 13 13 13 13 13 13 13 14 13 13 13 13 13 14 13 13
27 12 13 13 13 13 13 13 13 12 13 13 13 13 13 13 13 13 14 13 13 13 13 13 13 13 14 13
27 12 13 13 13 13 13 13 13 12 13 13 13 13 13 13 13 13 14 13 13 13 13 13 14 13 13 13
27 12 13 13 13 13 13 13 13 12 13 13 13 13 13 13 13 13 14 13 13 13 13 14 13 13 13 13
27 12 13 13 13 13 13 13 13 12 13 13 13 13 13 13 13 13 14 13 13 13 14 13 13 13 13 13
27 12 13 13 13 13 13 13 13 12 13 13 13 13 13 13 13 13 14 13 13 14 13 13 13 13 13 13
27 12 13 13 13 13 13 13 13 12 13 13 13 13 13 13 13 13 14 14 13 13 13 13 13 13 13 13
27 12 13 13 13 13 13 13 13 12 13 13 13 13 13 13 13 14 13 14 13 13 13 13 13 13 13 13
27 12 13 13 13 13 13 13 13 12 13 13 13 13 13 13 14 13 14 13 13 13 13 13 13 13 13 13
27 12 13 13 13 13 13 13 13 12 13 13 13 13 13 14 13 13 13 14 13 13 13 13 13 13 13 13
27 12 13 13 13 13 13 13 13 12 13 13 13 13 14 13 13 13 13 13 13 13 13 13 13 13 13 14
27 12 13 13 13 13 13 13 13 12 13 13 13 13 14 13 13 13 14 13 13 13 13 13 13 13 13 13
27 12 13 13 13 13 13 13 13 12 13 13 13 14 13 13 13 13 14 13 13 13 13 13 13 13 13 13
27 12 13 13 13 13 13 13 13 12 13 13 14 13 13 13 13 13 13 14 13 13 13 13 13 13 13 13
27 12 13 13 13 13 13 13 13 12 13 13 14 13 13 13 13 13 14 13 13 13 13 13 13 13 13 13
27 12 13 13 13 13 13 13 13 12 13 14 13 13 13 13 13 13 14 13 13 13 13 13 13 13 13 13
27 12 13 13 13 13 13 13 13 12 14 13 13 13 13 13 13 13 13 13 13 13 13 13 13 13 14 13
27 12 13 13 13 13 13 13 13 12 14 13 13 13 13 13 13 13 13 13 13 14 13 13 13 13 13 13
27 12 13 13 13 13 13 13 13 12 14 13 13 13 13 13 13 13 13 14 13 13 13 13 13 13 13 13
27 12 13 13 13 13 13 13 13 12 14 13 13 13 14 13 13 13 13 13 13 13 13 13 13 13 13 13
27 12 13 13 13 13 13 13 13 12 14 14 13 13 13 13 13 13 13 13 13 13 13 13 13 13 13 13
27 12 13 13 13 13 13 13 13 13 12 13 13 13 13 13 13 13 13 13 13 13 13 13 14 13 14 13
27 12 13 13 13 13 13 13 13 13 12 13 13 13 13 13 13 13 13 13 13 13 13 14 13 13 14 13
27 12 13 13 13 13 13 13 13 13 12 13 13 13 13 13 13 13 13 13 13 13 14 13 13 13 14 13
27 12 13 13 13 13 13 13 13 13 12 13 13 13 13 13 13 13 13 13 13 13 14 13 13 14 13 13
27 12 13 13 13 13 13 13 13 13 12 13 13 13 13 13 13 13 13 13 13 14 13 13 13 13 14 13
27 12 13 13 13 13 13 13 13 13 12 13 13 13 13 13 13 13 13 13 14 13 13 13 13 13 13 14
27 12 13 13 13 13 13 13 13 13 12 13 13 13 13 13 13 13 13 13 14 13 13 14 13 13 13 13
27 12 13 13 13 13 13 13 13 13 12 13 13 13 13 13 13 13 13 13 14 13 14 13 13 13 13 13
27 12 13 13 13 13 13 13 13 13 12 13 13 13 13 13 13 13 13 14 13 13 14 13 13 13 13 13
27 12 13 13 13 13 13 13 13 13 12 13 13 13 13 13 13 13 14 13 13 13 13 13 14 13 13 13
27 12 13 13 13 13 13 13 13 13 12 13 13 13 13 13 13 13 14 13 13 13 13 14 13 13 13 13
27 12 13 13 13 13 13 13 13 13 12 13 13 13 13 13 13 13 14 13 13 13 14 13 13 13 13 13
27 12 13 13 13 13 13 13 13 13 12 13 13 13 13 13 13 13 14 13 13 14 13 13 13 13 13 13
27 12 13 13 13 13 13 13 13 13 12 13 13 13 13 13 13 13 14 13 14 13 13 13 13 13 13 13
27 12 13 13 13 13 13 13 13 13 12 13 13 13 13 13 13 14 13 13 13 13 13 13 13 14 13 13
27 12 13 13 13 13 13 13 13 13 12 13 13 13 13 13 13 14 13 13 13 13 13 13 14 13 13 13
27 12 13 13 13 13 13 13 13 13 12 13 13 13 13 13 13 14 13 13 13 13 13 14 13 13 13 13
27 12 13 13 13 13 13 13 13 13 12 13 13 13 13 13 13 14 13 13 13 13 14 13 13 13 13 13
27 12 13 13 13 13 13 13 13 13 12 13 13 13 13 13 13 14 13 13 13 14 13 13 13 13 13 13
27 12 13 13 13 13 13 13 13 13 12 13 13 13 13 13 13 14 13 13 14 13 13 13 13 13 13 13
27 12 13 13 13 13 13 13 13 13 12 13 13 13 13 13 13 14 13 14 13 13 13 13 13 13 13 13
27 12 13 13 13 13 13 13 13 13 12 13 13 13 13 13 14 13 13 13 13 13 13 13 14 13 13 13
27 12 13 13 13 13 13 13 13 13 12 13 13 13 13 13 14 13 13 13 13 13 13 14 13 13 13 13
27 12 13 13 13 13 13 13 13 13 12 13 13 13 13 13 14 13 13 13 13 13 14 13 13 13 13 13
27 12 13 13 13 13 13 13 13 13 12 13 13 13 13 13 14 13 13 13 13 14 13 13 13 13 13 13
27 12 13 13 13 13 13 13 13 13 12 13 13 13 13 13 14 13 13 14 13 13 13 13 13 13 13 13
27 12 13 13 13 13 13 13 13 13 12 13 13 13 13 13 14 13 14 13 13 13 13 13 13 13 13 13
27 12 13 13 13 13 13 13 13 13 12 13 13 13 13 14 13 13 13 13 13 13 13 14 13 13 13 13
27 12 13 13 13 13 13 13 13 13 12 13 13 13 13 14 13 13 13 13 13 13 14 13 13 13 13 13
27 12 13 13 13 13 13 13 13 13 12 13 13 13 13 14 13 13 13 13 14 13 13 13 13 13 13 13
27 12 13 13 13 13 13 13 13 13 12 13 13 13 13 14 13 14 13 13 13 13 13 13 13 13 13 13
27 12 13 13 13 13 13 13 13 13 12 13 13 13 14 13 13 13 13 13 13 13 13 13 13 13 13 14
27 12 13 13 13 13 13 13 13 13 12 13 13 13 14 13 13 13 13 13 13 13 14 13 13 13 13 13
27 12 13 13 13 13 13 13 13 13 12 13 13 13 14 13 13 14 13 13 13 13 13 13 13 13 13 13
27 12 13 13 13 13 13 13 13 13 12 13 13 13 14 13 14 13 13 13 13 13 13 13 13 13 13 13
27 12 13 13 13 13 13 13 13 13 12 13 13 14 13 13 13 13 13 13 13 13 13 13 13 13 14 13
27 12 13 13 13 13 13 13 13 13 12 13 13 14 13 13 13 13 13 13 13 14 13 13 13 13 13 13
27 12 13 13 13 13 13 13 13 13 12 13 13 14 13 13 13 13 14 13 13 13 13 13 13 13 13 13
27 12 13 13 13 13 13 13 13 13 12 13 13 14 13 13 13 14 13 13 13 13 13 13 13 13 13 13
27 12 13 13 13 13 13 13 13 13 12 13 13 14 13 13 14 13 13 13 13 13 13 13 13 13 13 13
27 12 13 13 13 13 13 13 13 13 12 13 13 14 13 14 13 13 13 13 13 13 13 13 13 13 13 13
27 12 13 13 13 13 13 13 13 13 12 13 14 13 13 13 13 13 13 13 13 13 13 13 13 13 14 13
27 12 13 13 13 13 13 13 13 13 12 13 14 13 13 13 13 13 13 13 13 13 13 13 14 13 13 13
27 12 13 13 13 13 13 13 13 13 12 13 14 13 13 13 13 13 13 13 14 13 13 13 13 13 13 13
27 12 13 13 13 13 13 13 13 13 12 13 14 13 13 13 13 13 14 13 13 13 13 13 13 13 13 13
27 12 13 13 13 13 13 13 13 13 12 13 14 13 13 13 13 14 13 13 13 13 13 13 13 13 13 13
27 12 13 13 13 13 13 13 13 13 12 13 14 13 13 13 14 13 13 13 13 13 13 13 13 13 13 13
27 12 13 13 13 13 13 13 13 13 12 13 14 13 13 14 13 13 13 13 13 13 13 13 13 13 13 13
27 12 13 13 13 13 13 13 13 13 12 14 13 13 13 13 13 13 13 13 13 13 13 13 13 13 13 14
27 12 13 13 13 13 13 13 13 13 12 14 13 13 13 13 13 13 13 13 13 13 13 13 13 13 14 13
27 12 13 13 13 13 13 13 13 13 12 14 13 13 13 13 13 13 13 13 13 13 13 13 14 13 13 13
27 12 13 13 13 13 13 13 13 13 12 14 13 13 13 13 13 13 13 13 13 13 13 14 13 13 13 13
27 12 13 13 13 13 13 13 13 13 12 14 13 13 13 13 13 13 13 13 13 14 13 13 13 13 13 13
27 12 13 13 13 13 13 13 13 13 12 14 13 13 13 13 13 13 13 14 13 13 13 13 13 13 13 13
27 12 13 13 13 13 13 13 13 13 12 14 13 13 13 13 13 13 14 13 13 13 13 13 13 13 13 13
27 12 13 13 13 13 13 13 13 13 12 14 13 13 13 13 13 14 13 13 13 13 13 13 13 13 13 13
27 12 13 13 13 13 13 13 13 13 12 14 13 13 13 13 14 13 13 13 13 13 13 13 13 13 13 13
27 12 13 13 13 13 13 13 13 13 12 14 13 13 14 13 13 13 13 13 13 13 13 13 13 13 13 13
27 12 13 13 13 13 13 13 13 13 12 14 13 14 13 13 13 13 13 13 13 13 13 13 13 13 13 13
27 12 13 13 13 13 13 13 13 13 12 14 14 13 13 13 13 13 13 13 13 13 13 13 13 13 13 13
27 12 13 13 13 13 13 13 13 13 13 12 13 13 13 13 13 13 13 13 13 13 13 14 13 13 14 13
27 12 13 13 13 13 13 13 13 13 13 12 13 13 13 13 13 13 13 13 13 13 14 13 13 13 14 13
27 12 13 13 13 13 13 13 13 13 13 12 13 13 13 13 13 13 13 13 13 13 14 13 14 13 13 13
27 12 13 13 13 13 13 13 13 13 13 12 13 13 13 13 13 13 13 13 13 14 13 13 13 14 13 13
27 12 13 13 13 13 13 13 13 13 13 12 13 13 13 13 13 13 13 14 13 13 13 14 13 13 13 13
27 12 13 13 13 13 13 13 13 13 13 12 13 13 13 13 13 13 14 13 13 13 13 14 13 13 13 13
27 12 13 13 13 13 13 13 13 13 13 12 13 13 13 13 13 13 14 13 13 13 14 13 13 13 13 13
27 12 13 13 13 13 13 13 13 13 13 12 13 13 13 13 13 13 14 13 13 14 13 13 13 13 13 13
27 12 13 13 13 13 13 13 13 13 13 12 13 13 13 13 13 14 13 13 13 13 13 13 14 13 13 13
27 12 13 13 13 13 13 13 13 13 13 12 13 13 13 13 13 14 13 13 13 13 13 14 13 13 13 13
27 12 13 13 13 13 13 13 13 13 13 12 13 13 13 13 13 14 13 13 13 13 14 13 13 13 13 13
27 12 13 13 13 13 13 13 13 13 13 12 13 13 13 13 13 14 13 13 13 14 13 13 13 13 13 13
27 12 13 13 13 13 13 13 13 13 13 12 13 13 13 13 13 14 13 14 13 13 13 13 13 13 13 13
27 12 13 13 13 13 13 13 13 13 13 12 13 13 13 13 14 13 13 13 13 13 13 13 13 14 13 13
27 12 13 13 13 13 13 13 13 13 13 12 13 13 13 13 14 13 13 13 13 13 13 14 13 13 13 13
27 12 13 13 13 13 13 13 13 13 13 12 13 13 13 13 14 13 13 13 13 13 14 13 13 13 13 13
27 12 13 13 13 13 13 13 13 13 13 12 13 13 13 13 14 13 13 13 14 13 13 13 13 13 13 13
27 12 13 13 13 13 13 13 13 13 13 12 13 13 13 13 14 13 14 13 13 13 13 13 13 13 13 13
27 12 13 13 13 13 13 13 13 13 13 12 13 13 13 14 13 13 13 13 13 14 13 13 13 13 13 13
27 12 13 13 13 13 13 13 13 13 13 12 13 13 14 13 13 13 13 13 13 13 13 13 13 13 13 14
27 12 13 13 13 13 13 13 13 13 13 12 13 13 14 13 13 13 13 13 13 13 13 14 13 13 13 13
27 12 13 13 13 13 13 13 13 13 13 12 13 13 14 13 13 13 13 13 14 13 13 13 13 13 13 13
27 12 13 13 13 13 13 13 13 13 13 12 13 13 14 13 13 14 13 13 13 13 13 13 13 13 13 13
27 12 13 13 13 13 13 13 13 13 13 12 13 14 13 13 13 13 13 13 13 13 13 14 13 13 13 13
27 12 13 13 13 13 13 13 13 13 13 12 13 14 13 13 13 13 13 13 13 13 14 13 13 13 13 13
27 12 13 13 13 13 13 13 13 13 13 12 13 14 13 13 13 13 13 13 13 14 13 13 13 13 13 13
27 12 13 13 13 13 13 13 13 13 13 12 13 14 13 13 13 13 13 14 13 13 13 13 13 13 13 13
27 12 13 13 13 13 13 13 13 13 13 12 13 14 13 13 13 14 13 13 13 13 13 13 13 13 13 13
27 12 13 13 13 13 13 13 13 13 13 12 13 14 13 13 14 13 13 13 13 13 13 13 13 13 13 13
27 12 13 13 13 13 13 13 13 13 13 12 14 13 13 13 13 13 13 13 13 13 13 13 13 13 13 14
27 12 13 13 13 13 13 13 13 13 13 12 14 13 13 13 13 13 13 13 13 13 13 13 13 13 14 13
27 12 13 13 13 13 13 13 13 13 13 12 14 13 13 13 13 13 13 13 13 13 13 13 14 13 13 13
27 12 13 13 13 13 13 13 13 13 13 12 14 13 13 13 13 13 13 13 13 13 13 14 13 13 13 13
27 12 13 13 13 13 13 13 13 13 13 12 14 13 13 13 13 13 13 13 13 14 13 13 13 13 13 13
27 12 13 13 13 13 13 13 13 13 13 12 14 13 13 13 13 13 13 14 13 13 13 13 13 13 13 13
27 12 13 13 13 13 13 13 13 13 13 12 14 13 13 13 13 13 14 13 13 13 13 13 13 13 13 13
27 12 13 13 13 13 13 13 13 13 13 12 14 13 13 13 13 14 13 13 13 13 13 13 13 13 13 13
27 12 13 13 13 13 13 13 13 13 13 12 14 13 13 13 14 13 13 13 13 13 13 13 13 13 13 13
27 12 13 13 13 13 13 13 13 13 13 12 14 13 14 13 13 13 13 13 13 13 13 13 13 13 13 13
27 12 13 13 13 13 13 13 13 13 13 12 14 14 13 13 13 13 13 13 13 13 13 13 13 13 13 13
27 12 13 13 13 13 13 13 13 13 13 13 12 13 13 13 13 13 13 13 13 13 13 13 14 13 14 13
27 12 13 13 13 13 13 13 13 13 13 13 12 13 13 13 13 13 13 13 13 13 14 13 13 14 13 13
27 12 13 13 13 13 13 13 13 13 13 13 12 13 13 13 13 13 13 13 13 14 13 13 13 13 14 13
27 12 13 13 13 13 13 13 13 13 13 13 12 13 13 13 13 13 13 13 13 14 13 13 14 13 13 13
27 12 13 13 13 13 13 13 13 13 13 13 12 13 13 13 13 13 13 13 14 13 13 13 13 13 14 13
27 12 13 13 13 13 13 13 13 13 13 13 12 13 13 13 13 13 14 13 13 13 13 14 13 13 13 13
27 12 13 13 13 13 13 13 13 13 13 13 12 13 13 13 13 13 14 13 13 13 14 13 13 13 13 13
27 12 13 13 13 13 13 13 13 13 13 13 12 13 13 13 13 13 14 13 14 13 13 13 13 13 13 13
27 12 13 13 13 13 13 13 13 13 13 13 12 13 13 13 13 14 13 13 13 13 13 13 13 14 13 13
27 12 13 13 13 13 13 13 13 13 13 13 12 13 13 13 13 14 13 13 13 13 13 14 13 13 13 13
27 12 13 13 13 13 13 13 13 13 13 13 12 13 13 13 13 14 13 13 13 13 14 13 13 13 13 13
27 12 13 13 13 13 13 13 13 13 13 13 12 13 13 13 13 14 13 13 14 13 13 13 13 13 13 13
27 12 13 13 13 13 13 13 13 13 13 13 12 13 13 13 14 13 13 13 13 13 13 13 13 13 14 13
27 12 13 13 13 13 13 13 13 13 13 13 12 13 13 13 14 13 13 13 13 13 13 13 13 14 13 13
27 12 13 13 13 13 13 13 13 13 13 13 12 13 13 13 14 13 13 13 13 13 13 13 14 13 13 13
27 12 13 13 13 13 13 13 13 13 13 13 12 13 13 13 14 13 13 13 13 14 13 13 13 13 13 13
27 12 13 13 13 13 13 13 13 13 13 13 12 13 13 13 14 13 13 13 14 13 13 13 13 13 13 13
27 12 13 13 13 13 13 13 13 13 13 13 12 13 13 13 14 13 13 14 13 13 13 13 13 13 13 13
27 12 13 13 13 13 13 13 13 13 13 13 12 13 13 14 13 13 13 13 13 13 13 13 14 13 13 13
27 12 13 13 13 13 13 13 13 13 13 13 12 13 13 14 13 13 13 13 13 13 13 14 13 13 13 13
27 12 13 13 13 13 13 13 13 13 13 13 12 13 13 14 13 13 13 13 13 13 14 13 13 13 13 13
27 12 13 13 13 13 13 13 13 13 13 13 12 13 13 14 13 13 13 13 13 14 13 13 13 13 13 13
27 12 13 13 13 13 13 13 13 13 13 13 12 13 13 14 13 14 13 13 13 13 13 13 13 13 13 13
27 12 13 13 13 13 13 13 13 13 13 13 12 13 14 13 14 13 13 13 13 13 13 13 13 13 13 13
27 12 13 13 13 13 13 13 13 13 13 13 12 14 13 13 13 13 13 13 13 13 13 13 13 13 13 14
27 12 13 13 13 13 13 13 13 13 13 13 12 14 13 13 13 13 13 13 13 13 13 14 13 13 13 13
27 12 13 13 13 13 13 13 13 13 13 13 12 14 13 13 13 13 13 13 13 13 14 13 13 13 13 13
27 12 13 13 13 13 13 13 13 13 13 13 12 14 13 13 13 13 14 13 13 13 13 13 13 13 13 13
27 12 13 13 13 13 13 13 13 13 13 13 12 14 13 13 13 14 13 13 13 13 13 13 13 13 13 13
27 12 13 13 13 13 13 13 13 13 13 13 12 14 13 14 13 13 13 13 13 13 13 13 13 13 13 13
27 12 13 13 13 13 13 13 13 13 13 13 13 12 13 13 13 13 13 13 13 13 13 13 14 13 14 13
27 12 13 13 13 13 13 13 13 13 13 13 13 12 13 13 13 13 13 13 13 13 13 14 13 14 13 13
27 12 13 13 13 13 13 13 13 13 13 13 13 12 13 13 13 13 13 13 13 14 13 13 13 13 14 13
27 12 13 13 13 13 13 13 13 13 13 13 13 12 13 13 13 13 13 13 14 13 13 13 13 13 14 13
27 12 13 13 13 13 13 13 13 13 13 13 13 12 13 13 13 13 13 13 14 13 13 13 14 13 13 13
27 12 13 13 13 13 13 13 13 13 13 13 13 12 13 13 13 13 13 14 13 13 13 13 13 13 14 13
27 12 13 13 13 13 13 13 13 13 13 13 13 12 13 13 13 13 13 14 13 13 13 13 13 14 13 13
27 12 13 13 13 13 13 13 13 13 13 13 13 12 13 13 13 13 14 13 13 13 13 13 13 14 13 13
27 12 13 13 13 13 13 13 13 13 13 13 13 12 13 13 13 13 14 13 13 13 13 14 13 13 13 13
27 12 13 13 13 13 13 13 13 13 13 13 13 12 13 13 13 13 14 13 13 13 14 13 13 13 13 13
27 12 13 13 13 13 13 13 13 13 13 13 13 12 13 13 13 13 14 13 14 13 13 13 13 13 13 13
27 12 13 13 13 13 13 13 13 13 13 13 13 12 13 13 13 14 13 13 14 13 13 13 13 13 13 13
27 12 13 13 13 13 13 13 13 13 13 13 13 12 13 13 14 13 13 13 13 13 13 13 13 14 13 13
27 12 13 13 13 13 13 13 13 13 13 13 13 12 13 13 14 13 13 13 13 13 13 13 14 13 13 13
27 12 13 13 13 13 13 13 13 13 13 13 13 12 13 13 14 13 13 13 14 13 13 13 13 13 13 13
27 12 13 13 13 13 13 13 13 13 13 13 13 12 13 13 14 13 13 14 13 13 13 13 13 13 13 13
27 12 13 13 13 13 13 13 13 13 13 13 13 12 13 14 13 13 13 13 13 13 13 13 13 13 14 13
27 12 13 13 13 13 13 13 13 13 13 13 13 12 13 14 13 13 13 13 13 13 13 13 14 13 13 13
27 12 13 13 13 13 13 13 13 13 13 13 13 12 13 14 13 13 13 13 13 13 13 14 13 13 13 13
27 12 13 13 13 13 13 13 13 13 13 13 13 12 13 14 13 13 13 13 13 13 14 13 13 13 13 13
27 12 13 13 13 13 13 13 13 13 13 13 13 12 13 14 13 13 13 14 13 13 13 13 13 13 13 13
27 12 13 13 13 13 13 13 13 13 13 13 13 12 13 14 13 13 14 13 13 13 13 13 13 13 13 13
27 12 13 13 13 13 13 13 13 13 13 13 13 12 13 14 13 14 13 13 13 13 13 13 13 13 13 13
27 12 13 13 13 13 13 13 13 13 13 13 13 12 14 13 13 13 13 13 13 13 13 13 13 13 14 13
27 12 13 13 13 13 13 13 13 13 13 13 13 12 14 13 13 13 13 13 13 13 13 13 13 14 13 13
27 12 13 13 13 13 13 13 13 13 13 13 13 12 14 13 13 13 13 13 13 14 13 13 13 13 13 13
27 12 13 13 13 13 13 13 13 13 13 13 13 12 14 13 13 13 13 14 13 13 13 13 13 13 13 13
27 12 13 13 13 13 13 13 13 13 13 13 13 12 14 13 14 13 13 13 13 13 13 13 13 13 13 13
27 12 13 13 13 13 13 13 13 13 13 13 13 12 14 14 13 13 13 13 13 13 13 13 13 13 13 13
27 12 13 13 13 13 13 13 13 13 13 13 13 13 12 13 13 13 13 13 13 13 13 13 14 13 13 14
27 12 13 13 13 13 13 13 13 13 13 13 13 13 12 13 13 13 13 13 13 13 13 14 13 13 13 14
27 12 13 13 13 13 13 13 13 13 13 13 13 13 12 13 13 13 13 13 13 13 14 13 13 13 13 14
27 12 13 13 13 13 13 13 13 13 13 13 13 13 12 13 13 13 13 13 13 14 13 13 13 13 13 14
27 12 13 13 13 13 13 13 13 13 13 13 13 13 12 13 13 13 13 14 13 13 13 13 13 13 13 14
27 12 13 13 13 13 13 13 13 13 13 13 13 13 12 13 13 14 13 13 13 13 13 13 13 13 13 14
27 12 13 13 13 13 13 13 13 13 13 13 13 13 12 13 14 13 13 13 13 13 13 13 13 13 13 14
27 12 13 13 13 13 13 13 13 13 13 13 13 13 13 12 13 13 13 13 13 13 13 13 13 14 13 14
27 12 13 13 13 13 13 13 13 13 13 13 13 13 13 12 13 13 13 13 13 13 13 13 14 13 14 13
27 12 13 13 13 13 13 13 13 13 13 13 13 13 13 12 13 13 13 13 13 13 13 14 13 14 13 13
27 12 13 13 13 13 13 13 13 13 13 13 13 13 13 12 13 13 13 13 13 13 14 13 13 13 14 13
27 12 13 13 13 13 13 13 13 13 13 13 13 13 13 12 13 13 13 13 13 13 14 13 13 14 13 13
27 12 13 13 13 13 13 13 13 13 13 13 13 13 13 12 13 13 13 13 13 13 14 13 14 13 13 13
27 12 13 13 13 13 13 13 13 13 13 13 13 13 13 12 13 13 13 13 13 14 13 13 14 13 13 13
27 12 13 13 13 13 13 13 13 13 13 13 13 13 13 12 13 13 13 13 14 13 13 13 13 14 13 13
27 12 13 13 13 13 13 13 13 13 13 13 13 13 13 12 13 13 13 14 13 13 13 13 14 13 13 13
27 12 13 13 13 13 13 13 13 13 13 13 13 13 13 12 13 13 13 14 13 13 13 14 13 13 13 13
27 12 13 13 13 13 13 13 13 13 13 13 13 13 13 12 13 13 13 14 13 13 14 13 13 13 13 13
27 12 13 13 13 13 13 13 13 13 13 13 13 13 13 12 13 13 14 13 13 13 13 13 13 13 14 13
27 12 13 13 13 13 13 13 13 13 13 13 13 13 13 12 13 13 14 13 13 13 13 13 14 13 13 13
27 12 13 13 13 13 13 13 13 13 13 13 13 13 13 12 13 14 13 13 13 13 13 13 13 13 14 13
27 12 13 13 13 13 13 13 13 13 13 13 13 13 13 12 13 14 13 13 13 13 13 13 13 14 13 13
27 12 13 13 13 13 13 13 13 13 13 13 13 13 13 12 13 14 13 13 13 13 14 13 13 13 13 13
27 12 13 13 13 13 13 13 13 13 13 13 13 13 13 12 13 14 13 13 13 14 13 13 13 13 13 13
27 12 13 13 13 13 13 13 13 13 13 13 13 13 13 12 13 14 13 14 13 13 13 13 13 13 13 13
27 12 13 13 13 13 13 13 13 13 13 13 13 13 13 12 14 13 13 13 13 13 13 13 13 13 13 14
27 12 13 13 13 13 13 13 13 13 13 13 13 13 13 12 14 13 13 13 13 13 13 13 13 13 14 13
27 12 13 13 13 13 13 13 13 13 13 13 13 13 13 12 14 13 13 13 13 13 13 14 13 13 13 13
27 12 13 13 13 13 13 13 13 13 13 13 13 13 13 12 14 13 13 13 13 13 14 13 13 13 13 13
27 12 13 13 13 13 13 13 13 13 13 13 13 13 13 12 14 13 13 13 13 14 13 13 13 13 13 13
27 12 13 13 13 13 13 13 13 13 13 13 13 13 13 12 14 13 13 14 13 13 13 13 13 13 13 13
27 12 13 13 13 13 13 13 13 13 13 13 13 13 13 12 14 13 14 13 13 13 13 13 13 13 13 13
27 12 13 13 13 13 13 13 13 13 13 13 13 13 13 12 14 14 13 13 13 13 13 13 13 13 13 13
27 12 13 13 13 13 13 13 13 13 13 13 13 13 13 13 12 13 13 13 13 13 14 13 14 13 13 13
27 12 13 13 13 13 13 13 13 13 13 13 13 13 13 13 12 13 13 13 13 14 13 13 13 14 13 13
27 12 13 13 13 13 13 13 13 13 13 13 13 13 13 13 12 13 13 13 13 14 13 14 13 13 13 13
27 12 13 13 13 13 13 13 13 13 13 13 13 13 13 13 12 13 13 13 14 13 13 13 13 13 14 13
27 12 13 13 13 13 13 13 13 13 13 13 13 13 13 13 12 13 13 13 14 13 13 13 14 13 13 13
27 12 13 13 13 13 13 13 13 13 13 13 13 13 13 13 12 13 13 14 13 13 13 13 13 14 13 13
27 12 13 13 13 13 13 13 13 13 13 13 13 13 13 13 12 13 13 14 13 13 13 14 13 13 13 13
27 12 13 13 13 13 13 13 13 13 13 13 13 13 13 13 12 13 14 13 13 13 13 13 13 13 14 13
27 12 13 13 13 13 13 13 13 13 13 13 13 13 13 13 12 13 14 13 13 13 13 13 14 13 13 13
27 12 13 13 13 13 13 13 13 13 13 13 13 13 13 13 12 14 13 13 13 13 13 13 13 13 13 14
27 12 13 13 13 13 13 13 13 13 13 13 13 13 13 13 12 14 13 13 13 13 13 13 13 13 14 13
27 12 13 13 13 13 13 13 13 13 13 13 13 13 13 13 12 14 13 13 13 13 13 13 14 13 13 13
27 12 13 13 13 13 13 13 13 13 13 13 13 13 13 13 12 14 13 13 13 13 14 13 13 13 13 13
27 12 13 13 13 13 13 13 13 13 13 13 13 13 13 13 12 14 14 13 13 13 13 13 13 13 13 13
27 12 13 13 13 13 13 13 13 13 13 13 13 13 13 13 13 12 13 13 13 13 13 13 14 13 14 13
27 12 13 13 13 13 13 13 13 13 13 13 13 13 13 13 13 12 13 13 13 13 13 14 13 14 13 13
27 12 13 13 13 13 13 13 13 13 13 13 13 13 13 13 13 12 13 13 13 14 13 13 13 14 13 13
27 12 13 13 13 13 13 13 13 13 13 13 13 13 13 13 13 12 13 13 13 14 13 13 14 13 13 13
27 12 13 13 13 13 13 13 13 13 13 13 13 13 13 13 13 12 13 13 14 13 13 13 13 13 14 13
27 12 13 13 13 13 13 13 13 13 13 13 13 13 13 13 13 12 13 13 14 13 14 13 13 13 13 13
27 12 13 13 13 13 13 13 13 13 13 13 13 13 13 13 13 12 13 14 13 14 13 13 13 13 13 13
27 12 13 13 13 13 13 13 13 13 13 13 13 13 13 13 13 12 14 13 13 13 13 13 13 14 13 13
27 12 13 13 13 13 13 13 13 13 13 13 13 13 13 13 13 13 12 14 13 13 13 13 13 14 13 13
27 12 13 13 13 13 13 13 13 13 13 13 13 13 13 13 13 13 12 14 13 13 13 13 14 13 13 13
27 12 13 13 13 13 13 13 13 13 13 13 13 13 13 13 13 13 12 14 13 14 13 13 13 13 13 13
27 12 13 13 13 13 13 13 13 13 13 13 13 13 13 13 13 13 12 14 14 13 13 13 13 13 13 13
27 12 13 13 13 13 13 13 13 13 13 13 13 13 13 13 13 13 13 12 13 13 13 14 13 13 14 13
27 12 13 13 13 13 13 13 13 13 13 13 13 13 13 13 13 13 13 12 13 13 14 13 13 13 14 13
27 12 13 13 13 13 13 13 13 13 13 13 13 13 13 13 13 13 13 12 13 13 14 13 14 13 13 13
27 12 13 13 13 13 13 13 13 13 13 13 13 13 13 13 13 13 13 12 13 14 13 14 13 13 13 13
27 12 13 13 13 13 13 13 13 13 13 13 13 13 13 13 13 13 13 12 14 13 13 13 13 13 14 13
27 12 13 13 13 13 13 13 13 13 13 13 13 13 13 13 13 13 13 12 14 13 13 13 14 13 13 13
27 12 13 13 13 13 13 13 13 13 13 13 13 13 13 13 13 13 13 13 12 13 13 13 14 13 14 13
27 12 13 13 13 13 13 13 13 13 13 13 13 13 13 13 13 13 13 13 12 13 13 14 13 13 14 13
27 12 13 13 13 13 13 13 13 13 13 13 13 13 13 13 13 13 13 13 12 13 13 14 13 14 13 13
27 12 13 13 13 13 13 13 13 13 13 13 13 13 13 13 13 13 13 13 12 13 14 13 13 13 14 13
27 12 13 13 13 13 13 13 13 13 13 13 13 13 13 13 13 13 13 13 12 13 14 13 14 13 13 13
27 12 13 13 13 13 13 13 13 13 13 13 13 13 13 13 13 13 13 13 12 14 13 13 13 13 14 13
27 12 13 13 13 13 13 13 13 13 13 13 13 13 13 13 13 13 13 13 12 14 13 14 13 13 13 13
27 12 13 13 13 13 13 13 13 13 13 13 13 13 13 13 13 13 13 13 12 14 14 13 13 13 13 13
27 12 13 13 13 13 13 13 13 13 13 13 13 13 13 13 13 13 13 13 13 12 13 14 13 13 14 13
27 12 13 13 13 13 13 13 13 13 13 13 13 13 13 13 13 13 13 13 13 12 14 13 13 13 13 14
27 12 13 13 13 13 13 13 13 13 13 13 13 13 13 13 13 13 13 13 13 12 14 13 13 13 14 13
27 12 13 13 13 13 13 13 13 13 13 13 13 13 13 13 13 13 13 13 13 12 14 13 14 13 13 13
27 12 13 13 13 13 13 13 13 13 13 13 13 13 13 13 13 13 13 13 13 12 14 14 13 13 13 13
27 12 13 13 13 13 13 13 13 13 13 13 13 13 13 13 13 13 13 13 13 13 12 14 13 13 13 14
27 12 13 13 13 13 13 13 13 13 13 13 13 13 13 13 13 13 13 13 13 13 12 14 13 14 13 13
27 12 13 13 13 13 13 13 13 13 13 13 13 13 13 13 13 13 13 13 13 13 13 13 12 14 14 13
27 12 13 13 13 13 13 13 13 13 13 13 13 13 13 13 13 13 13 13 13 13 13 13 13 13 13 14
27 12 13 13 13 13 13 13 13 13 13 13 13 13 13 13 13 13 13 13 13 13 13 13 14 12 13 14
27 12 13 13 13 13 13 13 13 13 13 13 13 13 13 13 13 13 13 13 13 13 13 13 14 12 14 13
27 12 13 13 13 13 13 13 13 13 13 13 13 13 13 13 13 13 13 13 13 13 13 13 14 14 12 13
27 12 13 13 13 13 13 13 13 13 13 13 13 13 13 13 13 13 13 13 13 13 13 14 13 12 14 13
27 12 13 13 13 13 13 13 13 13 13 13 13 13 13 13 13 13 13 13 13 13 13 14 13 13 12 14
27 12 13 13 13 13 13 13 13 13 13 13 13 13 13 13 13 13 13 13 13 13 14 12 13 13 13 14
27 12 13 13 13 13 13 13 13 13 13 13 13 13 13 13 13 13 13 13 13 13 14 12 13 14 13 13
27 12 13 13 13 13 13 13 13 13 13 13 13 13 13 13 13 13 13 13 13 13 14 13 13 12 14 13
27 12 13 13 13 13 13 13 13 13 13 13 13 13 13 13 13 13 13 13 13 13 14 13 13 13 12 14
27 12 13 13 13 13 13 13 13 13 13 13 13 13 13 13 13 13 13 13 13 13 14 13 13 13 13 13
27 12 13 13 13 13 13 13 13 13 13 13 13 13 13 13 13 13 13 13 13 13 14 13 14 12 13 13
27 12 13 13 13 13 13 13 13 13 13 13 13 13 13 13 13 13 13 13 13 13 14 13 14 13 12 13
27 12 13 13 13 13 13 13 13 13 13 13 13 13 13 13 13 13 13 13 13 14 12 13 13 13 14 13
27 12 13 13 13 13 13 13 13 13 13 13 13 13 13 13 13 13 13 13 13 14 12 13 13 14 13 13
27 12 13 13 13 13 13 13 13 13 13 13 13 13 13 13 13 13 13 13 13 14 12 13 14 13 13 13
27 12 13 13 13 13 13 13 13 13 13 13 13 13 13 13 13 13 13 13 13 14 13 13 12 14 13 13
27 12 13 13 13 13 13 13 13 13 13 13 13 13 13 13 13 13 13 13 13 14 13 13 13 12 14 13
27 12 13 13 13 13 13 13 13 13 13 13 13 13 13 13 13 13 13 13 13 14 13 13 13 13 12 14
27 12 13 13 13 13 13 13 13 13 13 13 13 13 13 13 13 13 13 13 13 14 13 13 13 14 12 13
27 12 13 13 13 13 13 13 13 13 13 13 13 13 13 13 13 13 13 13 13 14 13 14 12 13 13 13
27 12 13 13 13 13 13 13 13 13 13 13 13 13 13 13 13 13 13 13 13 14 13 14 13 12 13 13
27 12 13 13 13 13 13 13 13 13 13 13 13 13 13 13 13 13 13 13 14 12 13 13 13 13 14 13
27 12 13 13 13 13 13 13 13 13 13 13 13 13 13 13 13 13 13 13 14 13 12 14 13 13 13 13
27 12 13 13 13 13 13 13 13 13 13 13 13 13 13 13 13 13 13 13 14 13 13 13 12 13 14 13
27 12 13 13 13 13 13 13 13 13 13 13 13 13 13 13 13 13 13 13 14 13 13 13 13 13 13 13
27 12 13 13 13 13 13 13 13 13 13 13 13 13 13 13 13 13 13 13 14 13 13 13 14 13 12 13
27 12 13 13 13 13 13 13 13 13 13 13 13 13 13 13 13 13 13 13 14 13 14 12 13 13 13 13
27 12 13 13 13 13 13 13 13 13 13 13 13 13 13 13 13 13 13 13 14 13 14 13 13 12 13 13
27 12 13 13 13 13 13 13 13 13 13 13 13 13 13 13 13 13 13 13 14 14 12 13 13 13 13 13
27 12 13 13 13 13 13 13 13 13 13 13 13 13 13 13 13 13 13 14 12 13 13 13 13 13 13 14
27 12 13 13 13 13 13 13 13 13 13 13 13 13 13 13 13 13 13 14 12 13 13 13 13 13 14 13
27 12 13 13 13 13 13 13 13 13 13 13 13 13 13 13 13 13 13 14 12 13 13 14 13 13 13 13
27 12 13 13 13 13 13 13 13 13 13 13 13 13 13 13 13 13 13 14 12 14 13 13 13 13 13 13
27 12 13 13 13 13 13 13 13 13 13 13 13 13 13 13 13 13 13 14 13 12 14 13 13 13 13 13
27 12 13 13 13 13 13 13 13 13 13 13 13 13 13 13 13 13 13 14 13 13 12 13 13 14 13 13
27 12 13 13 13 13 13 13 13 13 13 13 13 13 13 13 13 13 13 14 13 13 12 13 14 13 13 13
27 12 13 13 13 13 13 13 13 13 13 13 13 13 13 13 13 13 13 14 13 13 13 13 12 14 13 13
27 12 13 13 13 13 13 13 13 13 13 13 13 13 13 13 13 13 13 14 13 13 13 13 13 12 14 13
27 12 13 13 13 13 13 13 13 13 13 13 13 13 13 13 13 13 13 14 13 13 13 13 13 13 12 14
27 12 13 13 13 13 13 13 13 13 13 13 13 13 13 13 13 13 13 14 13 13 13 13 14 12 13 13
27 12 13 13 13 13 13 13 13 13 13 13 13 13 13 13 13 13 13 14 13 13 13 14 13 13 12 13
27 12 13 13 13 13 13 13 13 13 13 13 13 13 13 13 13 13 13 14 13 13 14 13 13 12 13 13
27 12 13 13 13 13 13 13 13 13 13 13 13 13 13 13 13 13 13 14 13 14 12 13 13 13 13 13
27 12 13 13 13 13 13 13 13 13 13 13 13 13 13 13 13 13 14 12 13 13 13 13 13 13 14 13
27 12 13 13 13 13 13 13 13 13 13 13 13 13 13 13 13 13 14 12 13 13 13 14 13 13 13 13
27 12 13 13 13 13 13 13 13 13 13 13 13 13 13 13 13 13 14 12 13 14 13 13 13 13 13 13
27 12 13 13 13 13 13 13 13 13 13 13 13 13 13 13 13 13 14 13 12 13 13 13 13 13 14 13
27 12 13 13 13 13 13 13 13 13 13 13 13 13 13 13 13 13 14 13 12 13 13 13 13 14 13 13
27 12 13 13 13 13 13 13 13 13 13 13 13 13 13 13 13 13 14 13 12 13 13 13 14 13 13 13
27 12 13 13 13 13 13 13 13 13 13 13 13 13 13 13 13 13 14 13 12 13 13 14 13 13 13 13
27 12 13 13 13 13 13 13 13 13 13 13 13 13 13 13 13 13 14 13 12 13 14 13 13 13 13 13
27 12 13 13 13 13 13 13 13 13 13 13 13 13 13 13 13 13 14 13 12 14 13 13 13 13 13 13
27 12 13 13 13 13 13 13 13 13 13 13 13 13 13 13 13 13 14 13 13 12 13 13 14 13 13 13
27 12 13 13 13 13 13 13 13 13 13 13 13 13 13 13 13 13 14 13 13 12 13 14 13 13 13 13
27 12 13 13 13 13 13 13 13 13 13 13 13 13 13 13 13 13 14 13 13 12 14 13 13 13 13 13
27 12 13 13 13 13 13 13 13 13 13 13 13 13 13 13 13 13 14 13 13 13 12 14 13 13 13 13
27 12 13 13 13 13 13 13 13 13 13 13 13 13 13 13 13 13 14 13 13 13 13 13 12 13 14 13
27 12 13 13 13 13 13 13 13 13 13 13 13 13 13 13 13 13 14 13 13 13 13 13 13 12 14 13
27 12 13 13 13 13 13 13 13 13 13 13 13 13 13 13 13 13 14 13 13 13 13 13 13 13 12 14
27 12 13 13 13 13 13 13 13 13 13 13 13 13 13 13 13 13 14 13 13 13 13 13 13 13 13 13
27 12 13 13 13 13 13 13 13 13 13 13 13 13 13 13 13 13 14 13 13 13 13 13 14 12 13 13
27 12 13 13 13 13 13 13 13 13 13 13 13 13 13 13 13 13 14 13 13 13 13 13 14 13 12 13
27 12 13 13 13 13 13 13 13 13 13 13 13 13 13 13 13 13 14 13 13 13 13 14 12 13 13 13
27 12 13 13 13 13 13 13 13 13 13 13 13 13 13 13 13 13 14 13 13 13 13 14 13 12 13 13
27 12 13 13 13 13 13 13 13 13 13 13 13 13 13 13 13 13 14 13 13 13 14 12 13 13 13 13
27 12 13 13 13 13 13 13 13 13 13 13 13 13 13 13 13 13 14 13 13 13 14 13 12 13 13 13
27 12 13 13 13 13 13 13 13 13 13 13 13 13 13 13 13 13 14 13 13 13 14 13 13 12 13 13
27 12 13 13 13 13 13 13 13 13 13 13 13 13 13 13 13 13 14 13 13 13 14 13 13 13 12 13
27 12 13 13 13 13 13 13 13 13 13 13 13 13 13 13 13 13 14 13 13 14 13 13 12 13 13 13
27 12 13 13 13 13 13 13 13 13 13 13 13 13 13 13 13 13 14 13 13 14 13 13 13 12 13 13
27 12 13 13 13 13 13 13 13 13 13 13 13 13 13 13 13 13 14 13 14 13 13 12 13 13 13 13
27 12 13 13 13 13 13 13 13 13 13 13 13 13 13 13 13 13 14 13 14 13 13 13 13 12 13 13
27 12 13 13 13 13 13 13 13 13 13 13 13 13 13 13 13 13 14 14 12 13 13 13 13 13 13 13
27 12 13 13 13 13 13 13 13 13 13 13 13 13 13 13 13 14 13 12 13 13 13 13 13 13 13 14
27 12 13 13 13 13 13 13 13 13 13 13 13 13 13 13 13 14 13 12 13 13 13 13 14 13 13 13
27 12 13 13 13 13 13 13 13 13 13 13 13 13 13 13 13 14 13 12 13 13 13 14 13 13 13 13
27 12 13 13 13 13 13 13 13 13 13 13 13 13 13 13 13 14 13 12 13 13 14 13 13 13 13 13
27 12 13 13 13 13 13 13 13 13 13 13 13 13 13 13 13 14 13 12 13 14 13 13 13 13 13 13
27 12 13 13 13 13 13 13 13 13 13 13 13 13 13 13 13 14 13 13 12 13 13 13 13 13 14 13
27 12 13 13 13 13 13 13 13 13 13 13 13 13 13 13 13 14 13 13 12 13 13 13 13 14 13 13
27 12 13 13 13 13 13 13 13 13 13 13 13 13 13 13 13 14 13 13 12 13 13 13 14 13 13 13
27 12 13 13 13 13 13 13 13 13 13 13 13 13 13 13 13 14 13 13 13 13 12 13 13 14 13 13
27 12 13 13 13 13 13 13 13 13 13 13 13 13 13 13 13 14 13 13 13 13 12 14 13 13 13 13
27 12 13 13 13 13 13 13 13 13 13 13 13 13 13 13 13 14 13 13 13 13 13 13 12 13 14 13
27 12 13 13 13 13 13 13 13 13 13 13 13 13 13 13 13 14 13 13 13 13 13 13 13 13 12 14
27 12 13 13 13 13 13 13 13 13 13 13 13 13 13 13 13 14 13 13 13 13 13 13 13 13 13 13
27 12 13 13 13 13 13 13 13 13 13 13 13 13 13 13 13 14 13 13 13 13 13 13 14 12 13 13
27 12 13 13 13 13 13 13 13 13 13 13 13 13 13 13 13 14 13 13 13 13 13 14 13 12 13 13
27 12 13 13 13 13 13 13 13 13 13 13 13 13 13 13 13 14 13 13 13 13 13 14 13 13 12 13
27 12 13 13 13 13 13 13 13 13 13 13 13 13 13 13 13 14 13 13 13 13 14 12 13 13 13 13
27 12 13 13 13 13 13 13 13 13 13 13 13 13 13 13 13 14 13 13 13 13 14 13 13 12 13 13
27 12 13 13 13 13 13 13 13 13 13 13 13 13 13 13 13 14 13 13 13 13 14 13 13 13 12 13
27 12 13 13 13 13 13 13 13 13 13 13 13 13 13 13 13 14 13 13 13 14 13 13 13 12 13 13
27 12 13 13 13 13 13 13 13 13 13 13 13 13 13 13 13 14 13 13 13 14 13 13 13 13 12 13
27 12 13 13 13 13 13 13 13 13 13 13 13 13 13 13 13 14 13 13 14 13 12 13 13 13 13 13
27 12 13 13 13 13 13 13 13 13 13 13 13 13 13 13 13 14 13 13 14 13 13 13 13 12 13 13
27 12 13 13 13 13 13 13 13 13 13 13 13 13 13 13 13 14 13 14 12 13 13 13 13 13 13 13
27 12 13 13 13 13 13 13 13 13 13 13 13 13 13 13 13 14 13 14 13 12 13 13 13 13 13 13
27 12 13 13 13 13 13 13 13 13 13 13 13 13 13 13 13 14 13 14 13 13 13 13 12 13 13 13
27 12 13 13 13 13 13 13 13 13 13 13 13 13 13 13 13 14 13 14 13 13 13 13 13 12 13 13
27 12 13 13 13 13 13 13 13 13 13 13 13 13 13 13 13 14 13 14 13 13 13 13 13 13 12 13
27 12 13 13 13 13 13 13 13 13 13 13 13 13 13 13 14 12 13 13 13 13 13 13 13 13 14 13
27 12 13 13 13 13 13 13 13 13 13 13 13 13 13 13 14 12 13 13 13 13 13 13 14 13 13 13
27 12 13 13 13 13 13 13 13 13 13 13 13 13 13 13 14 12 13 13 14 13 13 13 13 13 13 13
27 12 13 13 13 13 13 13 13 13 13 13 13 13 13 13 14 13 12 14 13 13 13 13 13 13 13 13
27 12 13 13 13 13 13 13 13 13 13 13 13 13 13 13 14 13 13 12 13 13 13 13 13 14 13 13
27 12 13 13 13 13 13 13 13 13 13 13 13 13 13 13 14 13 13 12 13 13 13 14 13 13 13 13
27 12 13 13 13 13 13 13 13 13 13 13 13 13 13 13 14 13 13 13 12 13 13 13 13 13 14 13
27 12 13 13 13 13 13 13 13 13 13 13 13 13 13 13 14 13 13 13 12 13 13 13 14 13 13 13
27 12 13 13 13 13 13 13 13 13 13 13 13 13 13 13 14 13 13 13 13 12 13 13 13 14 13 13
27 12 13 13 13 13 13 13 13 13 13 13 13 13 13 13 14 13 13 13 13 12 13 14 13 13 13 13
27 12 13 13 13 13 13 13 13 13 13 13 13 13 13 13 14 13 13 13 13 12 14 13 13 13 13 13
27 12 13 13 13 13 13 13 13 13 13 13 13 13 13 13 14 13 13 13 13 13 12 13 13 13 14 13
27 12 13 13 13 13 13 13 13 13 13 13 13 13 13 13 14 13 13 13 13 13 12 13 13 14 13 13
27 12 13 13 13 13 13 13 13 13 13 13 13 13 13 13 14 13 13 13 13 13 12 13 14 13 13 13
27 12 13 13 13 13 13 13 13 13 13 13 13 13 13 13 14 13 13 13 13 13 13 13 12 14 13 13
27 12 13 13 13 13 13 13 13 13 13 13 13 13 13 13 14 13 13 13 13 13 13 13 14 12 13 13
27 12 13 13 13 13 13 13 13 13 13 13 13 13 13 13 14 13 13 13 13 13 13 14 13 12 13 13
27 12 13 13 13 13 13 13 13 13 13 13 13 13 13 13 14 13 13 13 13 13 13 14 13 13 12 13
27 12 13 13 13 13 13 13 13 13 13 13 13 13 13 13 14 13 13 13 13 13 14 13 13 12 13 13
27 12 13 13 13 13 13 13 13 13 13 13 13 13 13 13 14 13 13 13 13 14 12 13 13 13 13 13
27 12 13 13 13 13 13 13 13 13 13 13 13 13 13 13 14 13 13 13 13 14 13 13 13 12 13 13
27 12 13 13 13 13 13 13 13 13 13 13 13 13 13 13 14 13 13 13 14 12 13 13 13 13 13 13
27 12 13 13 13 13 13 13 13 13 13 13 13 13 13 13 14 13 13 13 14 13 12 13 13 13 13 13
27 12 13 13 13 13 13 13 13 13 13 13 13 13 13 13 14 13 13 13 14 13 13 13 12 13 13 13
27 12 13 13 13 13 13 13 13 13 13 13 13 13 13 13 14 13 13 14 12 13 13 13 13 13 13 13
27 12 13 13 13 13 13 13 13 13 13 13 13 13 13 13 14 13 13 14 13 13 12 13 13 13 13 13
27 12 13 13 13 13 13 13 13 13 13 13 13 13 13 13 14 13 13 14 13 13 13 13 13 12 13 13
27 12 13 13 13 13 13 13 13 13 13 13 13 13 13 13 14 13 14 13 12 13 13 13 13 13 13 13
27 12 13 13 13 13 13 13 13 13 13 13 13 13 13 13 14 13 14 13 13 13 13 13 12 13 13 13
27 12 13 13 13 13 13 13 13 13 13 13 13 13 13 13 14 13 14 13 13 13 13 13 13 13 12 13
27 12 13 13 13 13 13 13 13 13 13 13 13 13 13 14 13 12 13 13 13 13 13 13 13 13 14 13
27 12 13 13 13 13 13 13 13 13 13 13 13 13 13 14 13 13 13 12 13 13 13 13 13 13 14 13
27 12 13 13 13 13 13 13 13 13 13 13 13 13 13 14 13 13 13 12 13 13 13 13 14 13 13 13
27 12 13 13 13 13 13 13 13 13 13 13 13 13 13 14 13 13 13 13 12 13 13 13 13 13 13 14
27 12 13 13 13 13 13 13 13 13 13 13 13 13 13 14 13 13 13 13 12 13 13 13 13 14 13 13
27 12 13 13 13 13 13 13 13 13 13 13 13 13 13 14 13 13 13 13 12 13 13 14 13 13 13 13
27 12 13 13 13 13 13 13 13 13 13 13 13 13 13 14 13 13 13 13 12 13 14 13 13 13 13 13
27 12 13 13 13 13 13 13 13 13 13 13 13 13 13 14 13 13 13 13 13 12 13 13 14 13 13 13
27 12 13 13 13 13 13 13 13 13 13 13 13 13 13 14 13 13 13 13 13 13 12 13 13 13 14 13
27 12 13 13 13 13 13 13 13 13 13 13 13 13 13 14 13 13 13 13 13 13 12 14 13 13 13 13
27 12 13 13 13 13 13 13 13 13 13 13 13 13 13 14 13 13 13 13 13 13 13 13 13 13 13 13
27 12 13 13 13 13 13 13 13 13 13 13 13 13 13 14 13 13 13 13 13 13 13 13 14 13 12 13
27 12 13 13 13 13 13 13 13 13 13 13 13 13 13 14 13 13 13 13 13 13 14 12 13 13 13 13
27 12 13 13 13 13 13 13 13 13 13 13 13 13 13 14 13 13 13 13 13 14 12 13 13 13 13 13
27 12 13 13 13 13 13 13 13 13 13 13 13 13 13 14 13 13 13 13 13 14 13 13 12 13 13 13
27 12 13 13 13 13 13 13 13 13 13 13 13 13 13 14 13 13 13 13 14 13 13 13 13 12 13 13
27 12 13 13 13 13 13 13 13 13 13 13 13 13 13 14 13 13 14 13 12 13 13 13 13 13 13 13
27 12 13 13 13 13 13 13 13 13 13 13 13 13 13 14 13 14 13 13 12 13 13 13 13 13 13 13
27 12 13 13 13 13 13 13 13 13 13 13 13 13 13 14 14 12 13 13 13 13 13 13 13 13 13 13
27 12 13 13 13 13 13 13 13 13 13 13 13 13 14 12 13 13 13 13 13 13 13 13 13 13 13 14
27 12 13 13 13 13 13 13 13 13 13 13 13 13 14 12 13 13 13 13 13 13 13 13 14 13 13 13
27 12 13 13 13 13 13 13 13 13 13 13 13 13 14 12 13 13 13 13 13 13 13 14 13 13 13 13
27 12 13 13 13 13 13 13 13 13 13 13 13 13 14 12 13 13 13 13 13 13 14 13 13 13 13 13
27 12 13 13 13 13 13 13 13 13 13 13 13 13 14 12 13 13 13 13 13 14 13 13 13 13 13 13
27 12 13 13 13 13 13 13 13 13 13 13 13 13 14 12 13 13 13 14 13 13 13 13 13 13 13 13
27 12 13 13 13 13 13 13 13 13 13 13 13 13 14 12 13 14 13 13 13 13 13 13 13 13 13 13
27 12 13 13 13 13 13 13 13 13 13 13 13 13 14 12 14 13 13 13 13 13 13 13 13 13 13 13
27 12 13 13 13 13 13 13 13 13 13 13 13 13 14 13 12 13 13 13 13 13 13 14 13 13 13 13
27 12 13 13 13 13 13 13 13 13 13 13 13 13 14 13 12 13 13 13 14 13 13 13 13 13 13 13
27 12 13 13 13 13 13 13 13 13 13 13 13 13 14 13 12 13 14 13 13 13 13 13 13 13 13 13
27 12 13 13 13 13 13 13 13 13 13 13 13 13 14 13 13 12 13 13 13 13 13 13 13 13 14 13
27 12 13 13 13 13 13 13 13 13 13 13 13 13 14 13 13 12 13 13 13 13 13 13 13 14 13 13
27 12 13 13 13 13 13 13 13 13 13 13 13 13 14 13 13 12 13 13 13 14 13 13 13 13 13 13
27 12 13 13 13 13 13 13 13 13 13 13 13 13 14 13 13 13 12 14 13 13 13 13 13 13 13 13
27 12 13 13 13 13 13 13 13 13 13 13 13 13 14 13 13 13 13 12 13 13 13 13 13 13 13 14
27 12 13 13 13 13 13 13 13 13 13 13 13 13 14 13 13 13 13 13 12 13 13 13 13 13 13 14
27 12 13 13 13 13 13 13 13 13 13 13 13 13 14 13 13 13 13 13 12 13 13 13 13 13 14 13
27 12 13 13 13 13 13 13 13 13 13 13 13 13 14 13 13 13 13 13 12 13 13 14 13 13 13 13
27 12 13 13 13 13 13 13 13 13 13 13 13 13 14 13 13 13 13 13 12 14 13 13 13 13 13 13
27 12 13 13 13 13 13 13 13 13 13 13 13 13 14 13 13 13 13 13 13 13 12 13 13 14 13 13
27 12 13 13 13 13 13 13 13 13 13 13 13 13 14 13 13 13 13 13 13 13 12 13 14 13 13 13
27 12 13 13 13 13 13 13 13 13 13 13 13 13 14 13 13 13 13 13 13 13 13 13 12 13 13 14
27 12 13 13 13 13 13 13 13 13 13 13 13 13 14 13 13 13 13 13 13 13 13 13 12 14 13 13
27 12 13 13 13 13 13 13 13 13 13 13 13 13 14 13 13 13 13 13 13 13 13 13 13 12 13 14
27 12 13 13 13 13 13 13 13 13 13 13 13 13 14 13 13 13 13 13 13 13 13 13 13 12 14 13
27 12 13 13 13 13 13 13 13 13 13 13 13 13 14 13 13 13 13 13 13 13 13 13 13 13 12 14
27 12 13 13 13 13 13 13 13 13 13 13 13 13 14 13 13 13 13 13 13 13 13 13 13 14 12 13
27 12 13 13 13 13 13 13 13 13 13 13 13 13 14 13 13 13 13 13 13 13 13 13 14 12 13 13
27 12 13 13 13 13 13 13 13 13 13 13 13 13 14 13 13 13 13 13 13 13 13 14 12 13 13 13
27 12 13 13 13 13 13 13 13 13 13 13 13 13 14 13 13 13 13 13 13 13 13 14 13 13 12 13
27 12 13 13 13 13 13 13 13 13 13 13 13 13 14 13 13 13 13 13 13 13 14 13 13 12 13 13
27 12 13 13 13 13 13 13 13 13 13 13 13 13 14 13 13 13 13 13 13 13 14 13 13 13 12 13
27 12 13 13 13 13 13 13 13 13 13 13 13 13 14 13 13 13 13 13 13 14 12 13 13 13 13 13
27 12 13 13 13 13 13 13 13 13 13 13 13 13 14 13 13 13 13 13 14 13 12 13 13 13 13 13
27 12 13 13 13 13 13 13 13 13 13 13 13 13 14 13 13 13 13 13 14 13 13 13 13 13 12 13
27 12 13 13 13 13 13 13 13 13 13 13 13 13 14 13 13 13 13 14 12 13 13 13 13 13 13 13
27 12 13 13 13 13 13 13 13 13 13 13 13 13 14 13 13 13 14 13 12 13 13 13 13 13 13 13
27 12 13 13 13 13 13 13 13 13 13 13 13 13 14 13 13 13 14 13 13 13 13 13 12 13 13 13
27 12 13 13 13 13 13 13 13 13 13 13 13 13 14 13 13 13 14 13 13 13 13 13 13 12 13 13
27 12 13 13 13 13 13 13 13 13 13 13 13 13 14 13 13 14 13 12 13 13 13 13 13 13 13 13
27 12 13 13 13 13 13 13 13 13 13 13 13 13 14 13 13 14 13 13 12 13 13 13 13 13 13 13
27 12 13 13 13 13 13 13 13 13 13 13 13 13 14 13 14 13 13 13 12 13 13 13 13 13 13 13
27 12 13 13 13 13 13 13 13 13 13 13 13 13 14 13 14 13 13 13 13 13 12 13 13 13 13 13
27 12 13 13 13 13 13 13 13 13 13 13 13 13 14 14 12 13 13 13 13 13 13 13 13 13 13 13
27 12 13 13 13 13 13 13 13 13 13 13 13 14 12 13 13 13 13 13 13 13 13 13 13 13 13 14
27 12 13 13 13 13 13 13 13 13 13 13 13 14 12 13 13 13 13 13 13 13 13 13 13 13 14 13
27 12 13 13 13 13 13 13 13 13 13 13 13 14 12 13 13 13 13 13 13 13 13 13 14 13 13 13
27 12 13 13 13 13 13 13 13 13 13 13 13 14 12 13 13 13 13 13 13 13 14 13 13 13 13 13
27 12 13 13 13 13 13 13 13 13 13 13 13 14 12 13 13 13 13 14 13 13 13 13 13 13 13 13
27 12 13 13 13 13 13 13 13 13 13 13 13 14 12 13 13 13 14 13 13 13 13 13 13 13 13 13
27 12 13 13 13 13 13 13 13 13 13 13 13 14 12 13 13 14 13 13 13 13 13 13 13 13 13 13
27 12 13 13 13 13 13 13 13 13 13 13 13 14 12 13 14 13 13 13 13 13 13 13 13 13 13 13
27 12 13 13 13 13 13 13 13 13 13 13 13 14 13 12 13 13 13 13 13 13 13 13 13 13 14 13
27 12 13 13 13 13 13 13 13 13 13 13 13 14 13 12 13 13 13 13 13 13 13 13 13 14 13 13
27 12 13 13 13 13 13 13 13 13 13 13 13 14 13 12 13 13 13 13 13 13 13 13 14 13 13 13
27 12 13 13 13 13 13 13 13 13 13 13 13 14 13 12 13 13 13 13 13 13 13 14 13 13 13 13
27 12 13 13 13 13 13 13 13 13 13 13 13 14 13 12 13 13 13 13 13 13 14 13 13 13 13 13
27 12 13 13 13 13 13 13 13 13 13 13 13 14 13 12 13 13 13 13 13 14 13 13 13 13 13 13
27 12 13 13 13 13 13 13 13 13 13 13 13 14 13 12 13 13 13 14 13 13 13 13 13 13 13 13
27 12 13 13 13 13 13 13 13 13 13 13 13 14 13 12 13 13 14 13 13 13 13 13 13 13 13 13
27 12 13 13 13 13 13 13 13 13 13 13 13 14 13 13 12 13 13 13 13 13 13 14 13 13 13 13
27 12 13 13 13 13 13 13 13 13 13 13 13 14 13 13 12 13 13 13 13 14 13 13 13 13 13 13
27 12 13 13 13 13 13 13 13 13 13 13 13 14 13 13 12 13 14 13 13 13 13 13 13 13 13 13
27 12 13 13 13 13 13 13 13 13 13 13 13 14 13 13 13 12 13 13 13 13 13 14 13 13 13 13
27 12 13 13 13 13 13 13 13 13 13 13 13 14 13 13 13 12 13 13 13 13 14 13 13 13 13 13
27 12 13 13 13 13 13 13 13 13 13 13 13 14 13 13 13 12 13 13 14 13 13 13 13 13 13 13
27 12 13 13 13 13 13 13 13 13 13 13 13 14 13 13 13 12 14 13 13 13 13 13 13 13 13 13
27 12 13 13 13 13 13 13 13 13 13 13 13 14 13 13 13 13 13 12 13 13 13 13 13 13 14 13
27 12 13 13 13 13 13 13 13 13 13 13 13 14 13 13 13 13 13 12 13 13 13 13 14 13 13 13
27 12 13 13 13 13 13 13 13 13 13 13 13 14 13 13 13 13 13 12 13 13 14 13 13 13 13 13
27 12 13 13 13 13 13 13 13 13 13 13 13 14 13 13 13 13 13 13 12 13 13 13 13 13 14 13
27 12 13 13 13 13 13 13 13 13 13 13 13 14 13 13 13 13 13 13 12 13 13 13 14 13 13 13
27 12 13 13 13 13 13 13 13 13 13 13 13 14 13 13 13 13 13 13 13 12 13 13 13 13 13 14
27 12 13 13 13 13 13 13 13 13 13 13 13 14 13 13 13 13 13 13 13 12 13 13 13 13 14 13
27 12 13 13 13 13 13 13 13 13 13 13 13 14 13 13 13 13 13 13 13 12 13 14 13 13 13 13
27 12 13 13 13 13 13 13 13 13 13 13 13 14 13 13 13 13 13 13 13 12 14 13 13 13 13 13
27 12 13 13 13 13 13 13 13 13 13 13 13 14 13 13 13 13 13 13 13 13 12 13 13 14 13 13
27 12 13 13 13 13 13 13 13 13 13 13 13 14 13 13 13 13 13 13 13 13 12 14 13 13 13 13
27 12 13 13 13 13 13 13 13 13 13 13 13 14 13 13 13 13 13 13 13 13 13 13 12 13 14 13
27 12 13 13 13 13 13 13 13 13 13 13 13 14 13 13 13 13 13 13 13 13 13 13 13 12 14 13
27 12 13 13 13 13 13 13 13 13 13 13 13 14 13 13 13 13 13 13 13 13 13 13 13 13 13 13
27 12 13 13 13 13 13 13 13 13 13 13 13 14 13 13 13 13 13 13 13 13 13 13 14 12 13 13
27 12 13 13 13 13 13 13 13 13 13 13 13 14 13 13 13 13 13 13 13 13 14 12 13 13 13 13
27 12 13 13 13 13 13 13 13 13 13 13 13 14 13 13 13 13 13 13 13 13 14 13 12 13 13 13
27 12 13 13 13 13 13 13 13 13 13 13 13 14 13 13 13 13 13 13 13 13 14 13 13 12 13 13
27 12 13 13 13 13 13 13 13 13 13 13 13 14 13 13 13 13 13 13 14 13 13 13 13 12 13 13
27 12 13 13 13 13 13 13 13 13 13 13 13 14 13 13 13 13 13 14 13 13 13 13 13 12 13 13
27 12 13 13 13 13 13 13 13 13 13 13 13 14 13 13 13 13 14 12 13 13 13 13 13 13 13 13
27 12 13 13 13 13 13 13 13 13 13 13 13 14 13 13 13 13 14 13 12 13 13 13 13 13 13 13
27 12 13 13 13 13 13 13 13 13 13 13 13 14 13 13 13 13 14 13 13 12 13 13 13 13 13 13
27 12 13 13 13 13 13 13 13 13 13 13 13 14 13 13 13 13 14 13 13 13 13 12 13 13 13 13
27 12 13 13 13 13 13 13 13 13 13 13 13 14 13 13 13 14 13 12 13 13 13 13 13 13 13 13
27 12 13 13 13 13 13 13 13 13 13 13 13 14 13 13 13 14 13 13 12 13 13 13 13 13 13 13
27 12 13 13 13 13 13 13 13 13 13 13 13 14 13 13 13 14 13 13 13 12 13 13 13 13 13 13
27 12 13 13 13 13 13 13 13 13 13 13 13 14 13 13 13 14 13 13 13 13 12 13 13 13 13 13
27 12 13 13 13 13 13 13 13 13 13 13 13 14 13 13 13 14 13 13 13 13 13 12 13 13 13 13
27 12 13 13 13 13 13 13 13 13 13 13 13 14 13 13 13 14 13 13 13 13 13 13 12 13 13 13
27 12 13 13 13 13 13 13 13 13 13 13 13 14 13 13 14 13 13 12 13 13 13 13 13 13 13 13
27 12 13 13 13 13 13 13 13 13 13 13 13 14 13 13 14 13 13 13 12 13 13 13 13 13 13 13
27 12 13 13 13 13 13 13 13 13 13 13 13 14 13 13 14 13 13 13 13 12 13 13 13 13 13 13
27 12 13 13 13 13 13 13 13 13 13 13 13 14 13 13 14 13 13 13 13 13 13 13 12 13 13 13
27 12 13 13 13 13 13 13 13 13 13 13 13 14 13 14 13 12 13 13 13 13 13 13 13 13 13 13
27 12 13 13 13 13 13 13 13 13 13 13 13 14 13 14 13 13 13 13 12 13 13 13 13 13 13 13
27 12 13 13 13 13 13 13 13 13 13 13 13 14 13 14 13 13 13 13 13 13 13 12 13 13 13 13
27 12 13 13 13 13 13 13 13 13 13 13 13 14 14 12 13 13 13 13 13 13 13 13 13 13 13 13
27 12 13 13 13 13 13 13 13 13 13 13 14 12 13 13 13 13 13 13 13 13 13 14 13 13 13 13
27 12 13 13 13 13 13 13 13 13 13 13 14 12 13 13 13 13 13 13 13 13 14 13 13 13 13 13
27 12 13 13 13 13 13 13 13 13 13 13 14 13 12 13 13 13 13 13 13 13 13 13 13 13 13 14
27 12 13 13 13 13 13 13 13 13 13 13 14 13 13 12 13 13 13 13 13 13 13 13 13 14 13 13
27 12 13 13 13 13 13 13 13 13 13 13 14 13 13 12 13 13 13 13 13 13 13 13 14 13 13 13
27 12 13 13 13 13 13 13 13 13 13 13 14 13 13 12 13 13 13 13 13 13 14 13 13 13 13 13
27 12 13 13 13 13 13 13 13 13 13 13 14 13 13 12 13 13 13 14 13 13 13 13 13 13 13 13
27 12 13 13 13 13 13 13 13 13 13 13 14 13 13 12 13 14 13 13 13 13 13 13 13 13 13 13
27 12 13 13 13 13 13 13 13 13 13 13 14 13 13 12 14 13 13 13 13 13 13 13 13 13 13 13
27 12 13 13 13 13 13 13 13 13 13 13 14 13 13 13 12 13 13 13 13 13 13 14 13 13 13 13
27 12 13 13 13 13 13 13 13 13 13 13 14 13 13 13 12 13 13 13 13 14 13 13 13 13 13 13
27 12 13 13 13 13 13 13 13 13 13 13 14 13 13 13 13 12 13 13 13 13 13 13 13 14 13 13
27 12 13 13 13 13 13 13 13 13 13 13 14 13 13 13 13 12 13 13 13 13 13 14 13 13 13 13
27 12 13 13 13 13 13 13 13 13 13 13 14 13 13 13 13 12 13 13 13 13 14 13 13 13 13 13
27 12 13 13 13 13 13 13 13 13 13 13 14 13 13 13 13 12 13 13 14 13 13 13 13 13 13 13
27 12 13 13 13 13 13 13 13 13 13 13 14 13 13 13 13 13 13 12 13 13 13 14 13 13 13 13
27 12 13 13 13 13 13 13 13 13 13 13 14 13 13 13 13 13 13 12 13 14 13 13 13 13 13 13
27 12 13 13 13 13 13 13 13 13 13 13 14 13 13 13 13 13 13 13 12 13 13 13 13 13 14 13
27 12 13 13 13 13 13 13 13 13 13 13 14 13 13 13 13 13 13 13 12 13 13 13 13 14 13 13
27 12 13 13 13 13 13 13 13 13 13 13 14 13 13 13 13 13 13 13 12 13 14 13 13 13 13 13
27 12 13 13 13 13 13 13 13 13 13 13 14 13 13 13 13 13 13 13 12 14 13 13 13 13 13 13
27 12 13 13 13 13 13 13 13 13 13 13 14 13 13 13 13 13 13 13 13 12 13 13 13 13 14 13
27 12 13 13 13 13 13 13 13 13 13 13 14 13 13 13 13 13 13 13 13 12 13 13 14 13 13 13
27 12 13 13 13 13 13 13 13 13 13 13 14 13 13 13 13 13 13 13 13 13 12 13 13 14 13 13
27 12 13 13 13 13 13 13 13 13 13 13 14 13 13 13 13 13 13 13 13 13 12 14 13 13 13 13
27 12 13 13 13 13 13 13 13 13 13 13 14 13 13 13 13 13 13 13 13 13 13 13 13 12 14 13
27 12 13 13 13 13 13 13 13 13 13 13 14 13 13 13 13 13 13 13 13 13 13 13 13 13 12 14
27 12 13 13 13 13 13 13 13 13 13 13 14 13 13 13 13 13 13 13 13 13 13 13 14 13 12 13
27 12 13 13 13 13 13 13 13 13 13 13 14 13 13 13 13 13 13 13 13 13 13 14 13 12 13 13
27 12 13 13 13 13 13 13 13 13 13 13 14 13 13 13 13 13 13 13 13 13 14 12 13 13 13 13
27 12 13 13 13 13 13 13 13 13 13 13 14 13 13 13 13 13 13 13 13 13 14 13 13 12 13 13
27 12 13 13 13 13 13 13 13 13 13 13 14 13 13 13 13 13 13 13 13 13 14 13 13 13 12 13
27 12 13 13 13 13 13 13 13 13 13 13 14 13 13 13 13 13 13 13 13 14 13 13 13 12 13 13
27 12 13 13 13 13 13 13 13 13 13 13 14 13 13 13 13 13 13 13 14 13 12 13 13 13 13 13
27 12 13 13 13 13 13 13 13 13 13 13 14 13 13 13 13 13 13 14 12 13 13 13 13 13 13 13
27 12 13 13 13 13 13 13 13 13 13 13 14 13 13 13 13 13 13 14 13 13 13 13 13 13 12 13
27 12 13 13 13 13 13 13 13 13 13 13 14 13 13 13 13 13 14 13 12 13 13 13 13 13 13 13
27 12 13 13 13 13 13 13 13 13 13 13 14 13 13 13 13 13 14 13 13 12 13 13 13 13 13 13
27 12 13 13 13 13 13 13 13 13 13 13 14 13 13 13 13 13 14 13 13 13 12 13 13 13 13 13
27 12 13 13 13 13 13 13 13 13 13 13 14 13 13 13 13 13 14 13 13 13 13 12 13 13 13 13
27 12 13 13 13 13 13 13 13 13 13 13 14 13 13 13 13 14 13 12 13 13 13 13 13 13 13 13
27 12 13 13 13 13 13 13 13 13 13 13 14 13 13 13 13 14 13 13 13 13 12 13 13 13 13 13
27 12 13 13 13 13 13 13 13 13 13 13 14 13 13 13 14 13 13 13 13 12 13 13 13 13 13 13
27 12 13 13 13 13 13 13 13 13 13 13 14 13 13 13 14 13 13 13 13 13 13 13 13 12 13 13
27 12 13 13 13 13 13 13 13 13 13 13 14 13 13 14 13 13 13 13 12 13 13 13 13 13 13 13
27 12 13 13 13 13 13 13 13 13 13 13 14 13 13 14 13 13 13 13 13 13 12 13 13 13 13 13
27 12 13 13 13 13 13 13 13 13 13 13 14 13 14 12 13 13 13 13 13 13 13 13 13 13 13 13
27 12 13 13 13 13 13 13 13 13 13 13 14 13 14 13 12 13 13 13 13 13 13 13 13 13 13 13
27 12 13 13 13 13 13 13 13 13 13 13 14 13 14 13 13 13 13 13 12 13 13 13 13 13 13 13
27 12 13 13 13 13 13 13 13 13 13 14 12 13 13 13 13 13 13 13 13 13 13 13 13 13 14 13
27 12 13 13 13 13 13 13 13 13 13 14 12 13 13 13 13 13 13 13 13 13 13 13 14 13 13 13
27 12 13 13 13 13 13 13 13 13 13 14 12 13 13 13 13 13 13 14 13 13 13 13 13 13 13 13
27 12 13 13 13 13 13 13 13 13 13 14 12 13 14 13 13 13 13 13 13 13 13 13 13 13 13 13
27 12 13 13 13 13 13 13 13 13 13 14 13 12 13 13 13 13 13 13 13 13 13 13 13 13 14 13
27 12 13 13 13 13 13 13 13 13 13 14 13 12 13 13 13 13 13 13 14 13 13 13 13 13 13 13
27 12 13 13 13 13 13 13 13 13 13 14 13 13 12 13 13 13 13 13 13 13 13 13 13 13 13 14
27 12 13 13 13 13 13 13 13 13 13 14 13 13 13 12 13 13 13 13 13 13 13 13 14 13 13 13
27 12 13 13 13 13 13 13 13 13 13 14 13 13 13 12 13 13 13 13 13 13 13 14 13 13 13 13
27 12 13 13 13 13 13 13 13 13 13 14 13 13 13 12 13 13 13 13 13 13 14 13 13 13 13 13
27 12 13 13 13 13 13 13 13 13 13 14 13 13 13 12 13 13 13 13 13 14 13 13 13 13 13 13
27 12 13 13 13 13 13 13 13 13 13 14 13 13 13 12 13 13 13 14 13 13 13 13 13 13 13 13
27 12 13 13 13 13 13 13 13 13 13 14 13 13 13 12 13 13 14 13 13 13 13 13 13 13 13 13
27 12 13 13 13 13 13 13 13 13 13 14 13 13 13 12 13 14 13 13 13 13 13 13 13 13 13 13
27 12 13 13 13 13 13 13 13 13 13 14 13 13 13 12 14 13 13 13 13 13 13 13 13 13 13 13
27 12 13 13 13 13 13 13 13 13 13 14 13 13 13 13 12 13 13 13 13 13 13 14 13 13 13 13
27 12 13 13 13 13 13 13 13 13 13 14 13 13 13 13 12 13 13 13 14 13 13 13 13 13 13 13
27 12 13 13 13 13 13 13 13 13 13 14 13 13 13 13 12 14 13 13 13 13 13 13 13 13 13 13
27 12 13 13 13 13 13 13 13 13 13 14 13 13 13 13 13 12 13 13 13 14 13 13 13 13 13 13
27 12 13 13 13 13 13 13 13 13 13 14 13 13 13 13 13 13 12 14 13 13 13 13 13 13 13 13
27 12 13 13 13 13 13 13 13 13 13 14 13 13 13 13 13 13 13 12 13 13 13 14 13 13 13 13
27 12 13 13 13 13 13 13 13 13 13 14 13 13 13 13 13 13 13 12 13 13 14 13 13 13 13 13
27 12 13 13 13 13 13 13 13 13 13 14 13 13 13 13 13 13 13 12 14 13 13 13 13 13 13 13
27 12 13 13 13 13 13 13 13 13 13 14 13 13 13 13 13 13 13 13 12 13 13 13 13 13 14 13
27 12 13 13 13 13 13 13 13 13 13 14 13 13 13 13 13 13 13 13 12 13 13 14 13 13 13 13
27 12 13 13 13 13 13 13 13 13 13 14 13 13 13 13 13 13 13 13 12 14 13 13 13 13 13 13
27 12 13 13 13 13 13 13 13 13 13 14 13 13 13 13 13 13 13 13 13 12 13 13 13 14 13 13
27 12 13 13 13 13 13 13 13 13 13 14 13 13 13 13 13 13 13 13 13 13 12 13 13 13 14 13
27 12 13 13 13 13 13 13 13 13 13 14 13 13 13 13 13 13 13 13 13 13 12 13 14 13 13 13
27 12 13 13 13 13 13 13 13 13 13 14 13 13 13 13 13 13 13 13 13 13 13 13 13 12 14 13
27 12 13 13 13 13 13 13 13 13 13 14 13 13 13 13 13 13 13 13 13 13 13 13 13 13 12 14
27 12 13 13 13 13 13 13 13 13 13 14 13 13 13 13 13 13 13 13 13 13 13 13 14 12 13 13
27 12 13 13 13 13 13 13 13 13 13 14 13 13 13 13 13 13 13 13 13 13 13 14 13 12 13 13
27 12 13 13 13 13 13 13 13 13 13 14 13 13 13 13 13 13 13 13 13 13 13 14 13 13 12 13
27 12 13 13 13 13 13 13 13 13 13 14 13 13 13 13 13 13 13 13 13 13 14 13 13 12 13 13
27 12 13 13 13 13 13 13 13 13 13 14 13 13 13 13 13 13 13 13 13 14 13 13 13 12 13 13
27 12 13 13 13 13 13 13 13 13 13 14 13 13 13 13 13 13 13 13 14 12 13 13 13 13 13 13
27 12 13 13 13 13 13 13 13 13 13 14 13 13 13 13 13 13 13 13 14 13 12 13 13 13 13 13
27 12 13 13 13 13 13 13 13 13 13 14 13 13 13 13 13 13 13 13 14 13 13 13 13 13 12 13
27 12 13 13 13 13 13 13 13 13 13 14 13 13 13 13 13 13 13 14 13 13 13 12 13 13 13 13
27 12 13 13 13 13 13 13 13 13 13 14 13 13 13 13 13 13 14 13 12 13 13 13 13 13 13 13
27 12 13 13 13 13 13 13 13 13 13 14 13 13 13 13 13 13 14 13 13 12 13 13 13 13 13 13
27 12 13 13 13 13 13 13 13 13 13 14 13 13 13 13 13 13 14 13 13 13 13 13 12 13 13 13
27 12 13 13 13 13 13 13 13 13 13 14 13 13 13 13 13 13 14 13 13 13 13 13 13 12 13 13
27 12 13 13 13 13 13 13 13 13 13 14 13 13 13 13 13 14 13 12 13 13 13 13 13 13 13 13
27 12 13 13 13 13 13 13 13 13 13 14 13 13 13 13 13 14 13 13 13 13 13 13 13 12 13 13
27 12 13 13 13 13 13 13 13 13 13 14 13 13 13 13 14 13 13 13 13 13 12 13 13 13 13 13
27 12 13 13 13 13 13 13 13 13 13 14 13 13 13 13 14 13 13 13 13 13 13 13 13 12 13 13
27 12 13 13 13 13 13 13 13 13 13 14 13 13 13 14 13 13 13 12 13 13 13 13 13 13 13 13
27 12 13 13 13 13 13 13 13 13 13 14 13 13 13 14 13 13 13 13 13 12 13 13 13 13 13 13
27 12 13 13 13 13 13 13 13 13 13 14 13 13 13 14 13 13 13 13 13 13 12 13 13 13 13 13
27 12 13 13 13 13 13 13 13 13 13 14 13 13 14 12 13 13 13 13 13 13 13 13 13 13 13 13
27 12 13 13 13 13 13 13 13 13 13 14 13 13 14 13 13 13 13 13 13 13 13 12 13 13 13 13
27 12 13 13 13 13 13 13 13 13 13 14 13 14 12 13 13 13 13 13 13 13 13 13 13 13 13 13
27 12 13 13 13 13 13 13 13 13 13 14 13 14 13 12 13 13 13 13 13 13 13 13 13 13 13 13
27 12 13 13 13 13 13 13 13 13 13 14 13 14 13 13 13 13 13 12 13 13 13 13 13 13 13 13
27 12 13 13 13 13 13 13 13 13 13 14 13 14 13 13 13 13 13 13 12 13 13 13 13 13 13 13
27 12 13 13 13 13 13 13 13 13 13 14 13 14 13 13 13 13 13 13 13 12 13 13 13 13 13 13
27 12 13 13 13 13 13 13 13 13 14 12 13 13 13 13 13 13 13 13 13 13 13 13 13 13 14 13
27 12 13 13 13 13 13 13 13 13 14 12 13 13 13 13 13 13 13 13 13 13 13 13 14 13 13 13
27 12 13 13 13 13 13 13 13 13 14 12 13 13 13 13 13 13 13 13 13 14 13 13 13 13 13 13
27 12 13 13 13 13 13 13 13 13 14 12 13 13 13 13 13 13 13 14 13 13 13 13 13 13 13 13
27 12 13 13 13 13 13 13 13 13 14 12 13 13 13 13 14 13 13 13 13 13 13 13 13 13 13 13
27 12 13 13 13 13 13 13 13 13 14 12 13 13 14 13 13 13 13 13 13 13 13 13 13 13 13 13
27 12 13 13 13 13 13 13 13 13 14 13 12 13 13 13 13 13 13 13 13 13 13 13 13 13 14 13
27 12 13 13 13 13 13 13 13 13 14 13 12 13 13 13 13 13 13 13 13 13 13 13 14 13 13 13
27 12 13 13 13 13 13 13 13 13 14 13 12 13 13 13 13 13 14 13 13 13 13 13 13 13 13 13
27 12 13 13 13 13 13 13 13 13 14 13 12 13 13 13 13 14 13 13 13 13 13 13 13 13 13 13
27 12 13 13 13 13 13 13 13 13 14 13 12 13 13 13 14 13 13 13 13 13 13 13 13 13 13 13
27 12 13 13 13 13 13 13 13 13 14 13 12 14 13 13 13 13 13 13 13 13 13 13 13 13 13 13
27 12 13 13 13 13 13 13 13 13 14 13 13 12 13 13 13 13 13 13 13 13 13 13 13 13 14 13
27 12 13 13 13 13 13 13 13 13 14 13 13 12 13 13 13 13 13 13 13 13 14 13 13 13 13 13
27 12 13 13 13 13 13 13 13 13 14 13 13 12 13 13 13 13 13 14 13 13 13 13 13 13 13 13
27 12 13 13 13 13 13 13 13 13 14 13 13 12 13 13 13 13 14 13 13 13 13 13 13 13 13 13
27 12 13 13 13 13 13 13 13 13 14 13 13 12 14 13 13 13 13 13 13 13 13 13 13 13 13 13
27 12 13 13 13 13 13 13 13 13 14 13 13 13 13 12 13 13 13 13 13 13 14 13 13 13 13 13
27 12 13 13 13 13 13 13 13 13 14 13 13 13 13 12 13 13 13 13 14 13 13 13 13 13 13 13
27 12 13 13 13 13 13 13 13 13 14 13 13 13 13 12 13 14 13 13 13 13 13 13 13 13 13 13
27 12 13 13 13 13 13 13 13 13 14 13 13 13 13 13 12 13 13 13 13 14 13 13 13 13 13 13
27 12 13 13 13 13 13 13 13 13 14 13 13 13 13 13 13 12 13 13 13 14 13 13 13 13 13 13
27 12 13 13 13 13 13 13 13 13 14 13 13 13 13 13 13 13 12 14 13 13 13 13 13 13 13 13
27 12 13 13 13 13 13 13 13 13 14 13 13 13 13 13 13 13 13 12 13 14 13 13 13 13 13 13
27 12 13 13 13 13 13 13 13 13 14 13 13 13 13 13 13 13 13 13 13 12 13 13 13 13 14 13
27 12 13 13 13 13 13 13 13 13 14 13 13 13 13 13 13 13 13 13 13 13 12 13 13 13 14 13
27 12 13 13 13 13 13 13 13 13 14 13 13 13 13 13 13 13 13 13 13 13 12 13 14 13 13 13
27 12 13 13 13 13 13 13 13 13 14 13 13 13 13 13 13 13 13 13 13 13 12 14 13 13 13 13
27 12 13 13 13 13 13 13 13 13 14 13 13 13 13 13 13 13 13 13 13 13 13 13 12 13 14 13
27 12 13 13 13 13 13 13 13 13 14 13 13 13 13 13 13 13 13 13 13 13 13 14 13 12 13 13
27 12 13 13 13 13 13 13 13 13 14 13 13 13 13 13 13 13 13 13 13 13 14 12 13 13 13 13
27 12 13 13 13 13 13 13 13 13 14 13 13 13 13 13 13 13 13 13 13 13 14 13 13 12 13 13
27 12 13 13 13 13 13 13 13 13 14 13 13 13 13 13 13 13 13 13 13 14 12 13 13 13 13 13
27 12 13 13 13 13 13 13 13 13 14 13 13 13 13 13 13 13 13 14 13 13 12 13 13 13 13 13
27 12 13 13 13 13 13 13 13 13 14 13 13 13 13 13 13 13 13 14 13 13 13 13 12 13 13 13
27 12 13 13 13 13 13 13 13 13 14 13 13 13 13 13 13 13 14 13 13 13 12 13 13 13 13 13
27 12 13 13 13 13 13 13 13 13 14 13 13 13 13 13 13 13 14 13 13 13 13 12 13 13 13 13
27 12 13 13 13 13 13 13 13 13 14 13 13 13 13 13 13 13 14 13 13 13 13 13 13 12 13 13
27 12 13 13 13 13 13 13 13 13 14 13 13 13 13 13 13 14 13 13 13 13 12 13 13 13 13 13
27 12 13 13 13 13 13 13 13 13 14 13 13 13 13 13 13 14 13 13 13 13 13 13 13 12 13 13
27 12 13 13 13 13 13 13 13 13 14 13 13 13 13 13 14 13 13 13 13 12 13 13 13 13 13 13
27 12 13 13 13 13 13 13 13 13 14 13 13 13 13 13 14 13 13 13 13 13 12 13 13 13 13 13
27 12 13 13 13 13 13 13 13 13 14 13 13 13 13 14 13 13 13 13 12 13 13 13 13 13 13 13
27 12 13 13 13 13 13 13 13 13 14 13 13 13 14 13 12 13 13 13 13 13 13 13 13 13 13 13
27 12 13 13 13 13 13 13 13 13 14 13 13 13 14 13 13 13 13 13 13 13 12 13 13 13 13 13
27 12 13 13 13 13 13 13 13 13 14 13 13 13 14 13 13 13 13 13 13 13 13 13 13 13 12 13
27 12 13 13 13 13 13 13 13 13 14 13 13 14 13 12 13 13 13 13 13 13 13 13 13 13 13 13
27 12 13 13 13 13 13 13 13 13 14 13 13 14 13 13 13 12 13 13 13 13 13 13 13 13 13 13
27 12 13 13 13 13 13 13 13 13 14 13 13 14 13 13 13 13 13 13 13 13 12 13 13 13 13 13
27 12 13 13 13 13 13 13 13 13 14 13 14 12 13 13 13 13 13 13 13 13 13 13 13 13 13 13
27 12 13 13 13 13 13 13 13 13 14 13 14 13 13 13 13 12 13 13 13 13 13 13 13 13 13 13
27 12 13 13 13 13 13 13 13 13 14 13 14 13 13 13 13 13 13 13 13 13 13 13 13 12 13 13
27 12 13 13 13 13 13 13 13 14 12 13 13 13 13 13 13 13 13 13 13 13 13 13 13 13 13 14
27 12 13 13 13 13 13 13 13 14 12 13 13 13 13 13 13 13 13 13 13 13 13 13 13 13 14 13
27 12 13 13 13 13 13 13 13 14 12 13 13 13 13 13 13 13 13 13 13 13 13 14 13 13 13 13
27 12 13 13 13 13 13 13 13 14 12 13 13 13 13 13 13 13 13 13 13 13 14 13 13 13 13 13
27 12 13 13 13 13 13 13 13 14 12 13 13 13 13 13 13 13 13 13 13 14 13 13 13 13 13 13
27 12 13 13 13 13 13 13 13 14 12 13 13 13 13 13 13 13 14 13 13 13 13 13 13 13 13 13
27 12 13 13 13 13 13 13 13 14 12 13 13 13 13 13 13 14 13 13 13 13 13 13 13 13 13 13
27 12 13 13 13 13 13 13 13 14 12 13 13 13 13 13 14 13 13 13 13 13 13 13 13 13 13 13
27 12 13 13 13 13 13 13 13 14 12 13 14 13 13 13 13 13 13 13 13 13 13 13 13 13 13 13
27 12 13 13 13 13 13 13 13 14 12 14 13 13 13 13 13 13 13 13 13 13 13 13 13 13 13 13
27 12 13 13 13 13 13 13 13 14 13 12 13 13 13 13 13 13 13 13 13 13 13 13 13 14 13 13
27 12 13 13 13 13 13 13 13 14 13 12 13 13 13 13 13 13 13 13 13 13 13 14 13 13 13 13
27 12 13 13 13 13 13 13 13 14 13 12 13 13 13 13 13 13 13 13 13 13 14 13 13 13 13 13
27 12 13 13 13 13 13 13 13 14 13 12 13 13 13 13 13 14 13 13 13 13 13 13 13 13 13 13
27 12 13 13 13 13 13 13 13 14 13 12 14 13 13 13 13 13 13 13 13 13 13 13 13 13 13 13
27 12 13 13 13 13 13 13 13 14 13 13 12 13 13 13 13 13 13 13 13 13 13 13 13 13 14 13
27 12 13 13 13 13 13 13 13 14 13 13 13 12 13 13 13 13 13 13 13 13 13 13 13 13 14 13
27 12 13 13 13 13 13 13 13 14 13 13 13 12 13 13 14 13 13 13 13 13 13 13 13 13 13 13
27 12 13 13 13 13 13 13 13 14 13 13 13 13 12 13 13 13 13 13 13 13 13 13 13 13 13 14
27 12 13 13 13 13 13 13 13 14 13 13 13 13 13 12 13 13 13 13 13 13 13 13 13 13 14 13
27 12 13 13 13 13 13 13 13 14 13 13 13 13 13 12 13 13 13 13 13 13 13 14 13 13 13 13
27 12 13 13 13 13 13 13 13 14 13 13 13 13 13 12 13 13 13 13 13 13 14 13 13 13 13 13
27 12 13 13 13 13 13 13 13 14 13 13 13 13 13 12 13 13 13 13 13 14 13 13 13 13 13 13
27 12 13 13 13 13 13 13 13 14 13 13 13 13 13 12 13 13 13 14 13 13 13 13 13 13 13 13
27 12 13 13 13 13 13 13 13 14 13 13 13 13 13 12 13 13 14 13 13 13 13 13 13 13 13 13
27 12 13 13 13 13 13 13 13 14 13 13 13 13 13 13 12 13 13 13 13 13 13 14 13 13 13 13
27 12 13 13 13 13 13 13 13 14 13 13 13 13 13 13 12 13 13 13 13 13 14 13 13 13 13 13
27 12 13 13 13 13 13 13 13 14 13 13 13 13 13 13 12 13 13 13 14 13 13 13 13 13 13 13
27 12 13 13 13 13 13 13 13 14 13 13 13 13 13 13 12 13 14 13 13 13 13 13 13 13 13 13
27 12 13 13 13 13 13 13 13 14 13 13 13 13 13 13 12 14 13 13 13 13 13 13 13 13 13 13
27 12 13 13 13 13 13 13 13 14 13 13 13 13 13 13 13 12 13 13 13 13 13 13 14 13 13 13
27 12 13 13 13 13 13 13 13 14 13 13 13 13 13 13 13 12 13 13 13 14 13 13 13 13 13 13
27 12 13 13 13 13 13 13 13 14 13 13 13 13 13 13 13 12 13 13 14 13 13 13 13 13 13 13
27 12 13 13 13 13 13 13 13 14 13 13 13 13 13 13 13 13 12 14 13 13 13 13 13 13 13 13
27 12 13 13 13 13 13 13 13 14 13 13 13 13 13 13 13 13 13 13 12 13 13 13 14 13 13 13
27 12 13 13 13 13 13 13 13 14 13 13 13 13 13 13 13 13 13 13 12 13 14 13 13 13 13 13
27 12 13 13 13 13 13 13 13 14 13 13 13 13 13 13 13 13 13 13 13 13 12 13 13 14 13 13
27 12 13 13 13 13 13 13 13 14 13 13 13 13 13 13 13 13 13 13 13 13 13 12 13 13 14 13
27 12 13 13 13 13 13 13 13 14 13 13 13 13 13 13 13 13 13 13 13 13 13 13 13 12 14 13
27 12 13 13 13 13 13 13 13 14 13 13 13 13 13 13 13 13 13 13 13 13 13 13 13 14 12 13
27 12 13 13 13 13 13 13 13 14 13 13 13 13 13 13 13 13 13 13 13 13 13 13 14 12 13 13
27 12 13 13 13 13 13 13 13 14 13 13 13 13 13 13 13 13 13 13 13 13 13 14 13 13 12 13
27 12 13 13 13 13 13 13 13 14 13 13 13 13 13 13 13 13 13 13 13 13 14 13 13 12 13 13
27 12 13 13 13 13 13 13 13 14 13 13 13 13 13 13 13 13 13 13 13 13 14 13 13 13 12 13
27 12 13 13 13 13 13 13 13 14 13 13 13 13 13 13 13 13 13 13 13 14 12 13 13 13 13 13
27 12 13 13 13 13 13 13 13 14 13 13 13 13 13 13 13 13 13 13 13 14 13 12 13 13 13 13
27 12 13 13 13 13 13 13 13 14 13 13 13 13 13 13 13 13 13 14 13 13 12 13 13 13 13 13
27 12 13 13 13 13 13 13 13 14 13 13 13 13 13 13 13 13 13 14 13 13 13 13 13 12 13 13
27 12 13 13 13 13 13 13 13 14 13 13 13 13 13 13 13 13 14 13 12 13 13 13 13 13 13 13
27 12 13 13 13 13 13 13 13 14 13 13 13 13 13 13 13 13 14 13 13 12 13 13 13 13 13 13
27 12 13 13 13 13 13 13 13 14 13 13 13 13 13 13 13 13 14 13 13 13 13 13 13 12 13 13
27 12 13 13 13 13 13 13 13 14 13 13 13 13 13 13 13 13 14 13 13 13 13 13 13 13 12 13
27 12 13 13 13 13 13 13 13 14 13 13 13 13 13 13 13 14 13 12 13 13 13 13 13 13 13 13
27 12 13 13 13 13 13 13 13 14 13 13 13 13 13 13 13 14 13 13 12 13 13 13 13 13 13 13
27 12 13 13 13 13 13 13 13 14 13 13 13 13 13 13 13 14 13 13 13 13 13 13 12 13 13 13
27 12 13 13 13 13 13 13 13 14 13 13 13 13 13 13 13 14 13 13 13 13 13 13 13 12 13 13
27 12 13 13 13 13 13 13 13 14 13 13 13 13 13 13 14 12 13 13 13 13 13 13 13 13 13 13
27 12 13 13 13 13 13 13 13 14 13 13 13 13 13 13 14 13 13 13 12 13 13 13 13 13 13 13
27 12 13 13 13 13 13 13 13 14 13 13 13 13 13 13 14 13 13 13 13 13 12 13 13 13 13 13
27 12 13 13 13 13 13 13 13 14 13 13 13 13 13 13 14 13 13 13 13 13 13 12 13 13 13 13
27 12 13 13 13 13 13 13 13 14 13 13 13 13 13 14 12 13 13 13 13 13 13 13 13 13 13 13
27 12 13 13 13 13 13 13 13 14 13 13 13 13 13 14 13 12 13 13 13 13 13 13 13 13 13 13
27 12 13 13 13 13 13 13 13 14 13 13 13 13 13 14 13 13 13 12 13 13 13 13 13 13 13 13
27 12 13 13 13 13 13 13 13 14 13 13 13 13 13 14 13 13 13 13 13 13 13 12 13 13 13 13
27 12 13 13 13 13 13 13 13 14 13 13 13 13 13 14 13 13 13 13 13 13 13 13 13 13 12 13
27 12 13 13 13 13 13 13 13 14 13 13 13 13 14 12 13 13 13 13 13 13 13 13 13 13 13 13
27 12 13 13 13 13 13 13 13 14 13 13 13 13 14 13 13 12 13 13 13 13 13 13 13 13 13 13
27 12 13 13 13 13 13 13 13 14 13 13 13 13 14 13 13 13 13 13 13 13 12 13 13 13 13 13
27 12 13 13 13 13 13 13 13 14 13 13 13 13 14 13 13 13 13 13 13 13 13 13 13 12 13 13
27 12 13 13 13 13 13 13 13 14 13 13 13 14 12 13 13 13 13 13 13 13 13 13 13 13 13 13
27 12 13 13 13 13 13 13 13 14 13 13 13 14 13 12 13 13 13 13 13 13 13 13 13 13 13 13
27 12 13 13 13 13 13 13 13 14 13 13 13 14 13 13 12 13 13 13 13 13 13 13 13 13 13 13
27 12 13 13 13 13 13 13 13 14 13 13 13 14 13 13 13 13 13 12 13 13 13 13 13 13 13 13
27 12 13 13 13 13 13 13 13 14 13 13 13 14 13 13 13 13 13 13 12 13 13 13 13 13 13 13
27 12 13 13 13 13 13 13 13 14 13 13 13 14 13 13 13 13 13 13 13 13 13 13 13 12 13 13
27 12 13 13 13 13 13 13 13 14 13 13 14 13 13 12 13 13 13 13 13 13 13 13 13 13 13 13
27 12 13 13 13 13 13 13 13 14 13 13 14 13 13 13 12 13 13 13 13 13 13 13 13 13 13 13
27 12 13 13 13 13 13 13 13 14 13 13 14 13 13 13 13 13 13 13 13 13 13 13 13 13 12 13
27 12 13 13 13 13 13 13 13 14 13 14 13 13 13 12 13 13 13 13 13 13 13 13 13 13 13 13
27 12 13 13 13 13 13 13 13 14 13 14 13 13 13 13 13 13 13 13 13 13 12 13 13 13 13 13
27 12 13 13 13 13 13 13 13 14 13 14 13 13 13 13 13 13 13 13 13 13 13 12 13 13 13 13
27 12 13 13 13 13 13 13 13 14 13 14 13 13 13 13 13 13 13 13 13 13 13 13 13 12 13 13
27 12 13 13 13 13 13 13 13 14 14 12 13 13 13 13 13 13 13 13 13 13 13 13 13 13 13 13
27 12 13 13 13 13 13 13 14 12 13 13 13 13 13 13 13 13 13 13 13 13 13 13 13 13 13 14
27 12 13 13 13 13 13 13 14 12 13 13 13 13 13 13 13 13 13 14 13 13 13 13 13 13 13 13
27 12 13 13 13 13 13 13 14 12 13 13 13 13 13 13 13 13 14 13 13 13 13 13 13 13 13 13
27 12 13 13 13 13 13 13 14 13 12 13 13 13 13 13 13 13 13 13 13 13 14 13 13 13 13 13
27 12 13 13 13 13 13 13 14 13 12 13 13 13 13 13 13 14 13 13 13 13 13 13 13 13 13 13
27 12 13 13 13 13 13 13 14 13 12 13 13 13 13 13 14 13 13 13 13 13 13 13 13 13 13 13
27 12 13 13 13 13 13 13 14 13 12 14 13 13 13 13 13 13 13 13 13 13 13 13 13 13 13 13
27 12 13 13 13 13 13 13 14 13 13 12 13 13 13 13 13 13 13 13 13 13 13 13 14 13 13 13
27 12 13 13 13 13 13 13 14 13 13 12 13 13 13 13 13 13 13 13 13 13 13 14 13 13 13 13
27 12 13 13 13 13 13 13 14 13 13 12 13 13 13 13 13 13 13 13 13 14 13 13 13 13 13 13
27 12 13 13 13 13 13 13 14 13 13 12 13 13 13 13 13 14 13 13 13 13 13 13 13 13 13 13
27 12 13 13 13 13 13 13 14 13 13 12 13 13 13 13 14 13 13 13 13 13 13 13 13 13 13 13
27 12 13 13 13 13 13 13 14 13 13 12 13 13 14 13 13 13 13 13 13 13 13 13 13 13 13 13
27 12 13 13 13 13 13 13 14 13 13 12 13 14 13 13 13 13 13 13 13 13 13 13 13 13 13 13
27 12 13 13 13 13 13 13 14 13 13 12 14 13 13 13 13 13 13 13 13 13 13 13 13 13 13 13
27 12 13 13 13 13 13 13 14 13 13 13 12 13 13 13 13 14 13 13 13 13 13 13 13 13 13 13
27 12 13 13 13 13 13 13 14 13 13 13 13 12 13 13 13 13 13 13 13 13 13 14 13 13 13 13
27 12 13 13 13 13 13 13 14 13 13 13 13 13 12 13 13 13 13 13 13 13 13 13 13 13 13 14
27 12 13 13 13 13 13 13 14 13 13 13 13 13 13 12 13 13 13 13 13 13 13 13 13 14 13 13
27 12 13 13 13 13 13 13 14 13 13 13 13 13 13 12 13 13 13 13 13 13 13 13 14 13 13 13
27 12 13 13 13 13 13 13 14 13 13 13 13 13 13 12 13 13 13 14 13 13 13 13 13 13 13 13
27 12 13 13 13 13 13 13 14 13 13 13 13 13 13 12 13 14 13 13 13 13 13 13 13 13 13 13
27 12 13 13 13 13 13 13 14 13 13 13 13 13 13 12 14 13 13 13 13 13 13 13 13 13 13 13
27 12 13 13 13 13 13 13 14 13 13 13 13 13 13 13 12 13 13 13 13 13 13 14 13 13 13 13
27 12 13 13 13 13 13 13 14 13 13 13 13 13 13 13 13 12 13 13 13 13 13 14 13 13 13 13
27 12 13 13 13 13 13 13 14 13 13 13 13 13 13 13 13 12 13 13 14 13 13 13 13 13 13 13
27 12 13 13 13 13 13 13 14 13 13 13 13 13 13 13 13 12 14 13 13 13 13 13 13 13 13 13
27 12 13 13 13 13 13 13 14 13 13 13 13 13 13 13 13 13 13 13 12 13 13 13 13 14 13 13
27 12 13 13 13 13 13 13 14 13 13 13 13 13 13 13 13 13 13 13 12 13 13 14 13 13 13 13
27 12 13 13 13 13 13 13 14 13 13 13 13 13 13 13 13 13 13 13 12 14 13 13 13 13 13 13
27 12 13 13 13 13 13 13 14 13 13 13 13 13 13 13 13 13 13 13 13 12 14 13 13 13 13 13
27 12 13 13 13 13 13 13 14 13 13 13 13 13 13 13 13 13 13 13 13 13 12 14 13 13 13 13
27 12 13 13 13 13 13 13 14 13 13 13 13 13 13 13 13 13 13 13 13 13 13 13 13 12 14 13
27 12 13 13 13 13 13 13 14 13 13 13 13 13 13 13 13 13 13 13 13 13 13 13 14 12 13 13
27 12 13 13 13 13 13 13 14 13 13 13 13 13 13 13 13 13 13 13 13 13 13 14 13 13 12 13
27 12 13 13 13 13 13 13 14 13 13 13 13 13 13 13 13 13 13 13 13 14 13 13 12 13 13 13
27 12 13 13 13 13 13 13 14 13 13 13 13 13 13 13 13 13 13 13 14 13 12 13 13 13 13 13
27 12 13 13 13 13 13 13 14 13 13 13 13 13 13 13 13 13 13 13 14 13 13 13 13 12 13 13
27 12 13 13 13 13 13 13 14 13 13 13 13 13 13 13 13 13 13 14 12 13 13 13 13 13 13 13
27 12 13 13 13 13 13 13 14 13 13 13 13 13 13 13 13 13 14 13 12 13 13 13 13 13 13 13
27 12 13 13 13 13 13 13 14 13 13 13 13 13 13 13 13 13 14 13 13 13 13 13 13 12 13 13
27 12 13 13 13 13 13 13 14 13 13 13 13 13 13 13 13 14 13 12 13 13 13 13 13 13 13 13
27 12 13 13 13 13 13 13 14 13 13 13 13 13 13 13 13 14 13 13 12 13 13 13 13 13 13 13
27 12 13 13 13 13 13 13 14 13 13 13 13 13 13 13 13 14 13 13 13 13 12 13 13 13 13 13
27 12 13 13 13 13 13 13 14 13 13 13 13 13 13 13 13 14 13 13 13 13 13 13 12 13 13 13
27 12 13 13 13 13 13 13 14 13 13 13 13 13 13 13 13 14 13 13 13 13 13 13 13 13 12 13
27 12 13 13 13 13 13 13 14 13 13 13 13 13 13 13 14 13 13 13 12 13 13 13 13 13 13 13
27 12 13 13 13 13 13 13 14 13 13 13 13 13 13 13 14 13 13 13 13 12 13 13 13 13 13 13
27 12 13 13 13 13 13 13 14 13 13 13 13 13 13 13 14 13 13 13 13 13 13 13 13 12 13 13
27 12 13 13 13 13 13 13 14 13 13 13 13 13 13 14 13 12 13 13 13 13 13 13 13 13 13 13
27 12 13 13 13 13 13 13 14 13 13 13 13 13 13 14 13 13 13 13 12 13 13 13 13 13 13 13
27 12 13 13 13 13 13 13 14 13 13 13 13 13 14 12 13 13 13 13 13 13 13 13 13 13 13 13
27 12 13 13 13 13 13 13 14 13 13 13 13 13 14 13 13 13 13 13 12 13 13 13 13 13 13 13
27 12 13 13 13 13 13 13 14 13 13 13 13 13 14 13 13 13 13 13 13 13 13 13 12 13 13 13
27 12 13 13 13 13 13 13 14 13 13 13 13 14 12 13 13 13 13 13 13 13 13 13 13 13 13 13
27 12 13 13 13 13 13 13 14 13 13 13 13 14 13 12 13 13 13 13 13 13 13 13 13 13 13 13
27 12 13 13 13 13 13 13 14 13 13 13 13 14 13 13 13 12 13 13 13 13 13 13 13 13 13 13
27 12 13 13 13 13 13 13 14 13 13 13 13 14 13 13 13 13 13 12 13 13 13 13 13 13 13 13
27 12 13 13 13 13 13 13 14 13 13 13 13 14 13 13 13 13 13 13 13 13 12 13 13 13 13 13
27 12 13 13 13 13 13 13 14 13 13 13 13 14 13 13 13 13 13 13 13 13 13 13 13 12 13 13
27 12 13 13 13 13 13 13 14 13 13 13 14 13 13 12 13 13 13 13 13 13 13 13 13 13 13 13
27 12 13 13 13 13 13 13 14 13 13 13 14 13 13 13 13 12 13 13 13 13 13 13 13 13 13 13
27 12 13 13 13 13 13 13 14 13 13 13 14 13 13 13 13 13 13 13 13 13 12 13 13 13 13 13
27 12 13 13 13 13 13 13 14 13 13 14 13 13 13 12 13 13 13 13 13 13 13 13 13 13 13 13
27 12 13 13 13 13 13 13 14 13 13 14 13 13 13 13 13 13 13 13 13 12 13 13 13 13 13 13
27 12 13 13 13 13 13 13 14 13 13 14 13 13 13 13 13 13 13 13 13 13 13 13 13 12 13 13
27 12 13 13 13 13 13 13 14 13 14 13 13 12 13 13 13 13 13 13 13 13 13 13 13 13 13 13
27 12 13 13 13 13 13 13 14 13 14 13 13 13 13 12 13 13 13 13 13 13 13 13 13 13 13 13
27 12 13 13 13 13 13 13 14 13 14 13 13 13 13 13 13 13 13 13 13 13 12 13 13 13 13 13
27 12 13 13 13 13 13 14 12 13 13 13 13 13 13 13 13 13 13 13 13 13 13 13 13 14 13 13
27 12 13 13 13 13 13 14 12 13 13 13 13 13 13 13 13 13 13 13 13 13 13 14 13 13 13 13
27 12 13 13 13 13 13 14 12 13 13 13 13 13 13 13 13 13 13 13 13 13 14 13 13 13 13 13
27 12 13 13 13 13 13 14 12 13 13 13 13 13 13 13 13 13 13 13 14 13 13 13 13 13 13 13
27 12 13 13 13 13 13 14 12 13 13 13 13 13 13 13 13 13 14 13 13 13 13 13 13 13 13 13
27 12 13 13 13 13 13 14 12 13 13 13 13 13 13 14 13 13 13 13 13 13 13 13 13 13 13 13
27 12 13 13 13 13 13 14 12 13 13 13 13 14 13 13 13 13 13 13 13 13 13 13 13 13 13 13
27 12 13 13 13 13 13 14 12 13 13 13 14 13 13 13 13 13 13 13 13 13 13 13 13 13 13 13
27 12 13 13 13 13 13 14 12 13 14 13 13 13 13 13 13 13 13 13 13 13 13 13 13 13 13 13
27 12 13 13 13 13 13 14 13 12 13 13 13 13 13 13 13 13 13 14 13 13 13 13 13 13 13 13
27 12 13 13 13 13 13 14 13 12 13 13 13 13 13 13 13 13 14 13 13 13 13 13 13 13 13 13
27 12 13 13 13 13 13 14 13 13 12 13 13 13 13 13 13 13 13 13 13 13 13 13 14 13 13 13
27 12 13 13 13 13 13 14 13 13 12 13 13 13 13 13 13 13 13 13 13 13 13 14 13 13 13 13
27 12 13 13 13 13 13 14 13 13 12 13 13 13 13 13 13 13 13 13 13 13 14 13 13 13 13 13
27 12 13 13 13 13 13 14 13 13 12 13 13 13 13 13 13 13 13 13 13 14 13 13 13 13 13 13
27 12 13 13 13 13 13 14 13 13 12 13 13 13 13 13 13 13 13 13 14 13 13 13 13 13 13 13
27 12 13 13 13 13 13 14 13 13 12 13 13 13 13 13 14 13 13 13 13 13 13 13 13 13 13 13
27 12 13 13 13 13 13 14 13 13 12 13 13 14 13 13 13 13 13 13 13 13 13 13 13 13 13 13
27 12 13 13 13 13 13 14 13 13 12 13 14 13 13 13 13 13 13 13 13 13 13 13 13 13 13 13
27 12 13 13 13 13 13 14 13 13 12 14 13 13 13 13 13 13 13 13 13 13 13 13 13 13 13 13
27 12 13 13 13 13 13 14 13 13 13 12 13 13 13 13 13 13 13 13 13 13 13 13 13 13 14 13
27 12 13 13 13 13 13 14 13 13 13 12 13 13 13 13 13 13 13 13 13 13 13 14 13 13 13 13
27 12 13 13 13 13 13 14 13 13 13 12 13 13 13 13 13 13 13 13 13 13 14 13 13 13 13 13
27 12 13 13 13 13 13 14 13 13 13 12 13 13 13 13 13 13 13 13 13 14 13 13 13 13 13 13
27 12 13 13 13 13 13 14 13 13 13 12 13 13 13 13 14 13 13 13 13 13 13 13 13 13 13 13
27 12 13 13 13 13 13 14 13 13 13 12 14 13 13 13 13 13 13 13 13 13 13 13 13 13 13 13
27 12 13 13 13 13 13 14 13 13 13 13 12 13 13 13 13 13 13 13 13 13 13 14 13 13 13 13
27 12 13 13 13 13 13 14 13 13 13 13 12 13 13 13 13 13 13 13 13 13 14 13 13 13 13 13
27 12 13 13 13 13 13 14 13 13 13 13 12 13 13 13 13 14 13 13 13 13 13 13 13 13 13 13
27 12 13 13 13 13 13 14 13 13 13 13 12 14 13 13 13 13 13 13 13 13 13 13 13 13 13 13
27 12 13 13 13 13 13 14 13 13 13 13 13 12 13 13 13 13 13 13 13 13 13 14 13 13 13 13
27 12 13 13 13 13 13 14 13 13 13 13 13 13 13 12 13 13 13 13 13 13 13 13 13 13 14 13
27 12 13 13 13 13 13 14 13 13 13 13 13 13 13 12 13 13 13 13 13 13 13 13 14 13 13 13
27 12 13 13 13 13 13 14 13 13 13 13 13 13 13 12 13 13 14 13 13 13 13 13 13 13 13 13
27 12 13 13 13 13 13 14 13 13 13 13 13 13 13 12 13 14 13 13 13 13 13 13 13 13 13 13
27 12 13 13 13 13 13 14 13 13 13 13 13 13 13 12 14 13 13 13 13 13 13 13 13 13 13 13
27 12 13 13 13 13 13 14 13 13 13 13 13 13 13 13 12 13 13 13 13 13 13 13 13 13 14 13
27 12 13 13 13 13 13 14 13 13 13 13 13 13 13 13 12 13 13 13 13 13 13 13 14 13 13 13
27 12 13 13 13 13 13 14 13 13 13 13 13 13 13 13 12 13 13 14 13 13 13 13 13 13 13 13
27 12 13 13 13 13 13 14 13 13 13 13 13 13 13 13 12 13 14 13 13 13 13 13 13 13 13 13
27 12 13 13 13 13 13 14 13 13 13 13 13 13 13 13 12 14 13 13 13 13 13 13 13 13 13 13
27 12 13 13 13 13 13 14 13 13 13 13 13 13 13 13 13 12 13 13 13 13 13 13 13 14 13 13
27 12 13 13 13 13 13 14 13 13 13 13 13 13 13 13 13 13 13 12 13 13 13 14 13 13 13 13
27 12 13 13 13 13 13 14 13 13 13 13 13 13 13 13 13 13 13 12 13 14 13 13 13 13 13 13
27 12 13 13 13 13 13 14 13 13 13 13 13 13 13 13 13 13 13 13 12 13 13 13 13 14 13 13
27 12 13 13 13 13 13 14 13 13 13 13 13 13 13 13 13 13 13 13 12 13 13 13 14 13 13 13
27 12 13 13 13 13 13 14 13 13 13 13 13 13 13 13 13 13 13 13 12 13 13 14 13 13 13 13
27 12 13 13 13 13 13 14 13 13 13 13 13 13 13 13 13 13 13 13 12 13 14 13 13 13 13 13
27 12 13 13 13 13 13 14 13 13 13 13 13 13 13 13 13 13 13 13 12 14 13 13 13 13 13 13
27 12 13 13 13 13 13 14 13 13 13 13 13 13 13 13 13 13 13 13 13 13 12 14 13 13 13 13
27 12 13 13 13 13 13 14 13 13 13 13 13 13 13 13 13 13 13 13 13 13 13 13 12 13 13 14
27 12 13 13 13 13 13 14 13 13 13 13 13 13 13 13 13 13 13 13 13 13 13 13 12 13 14 13
27 12 13 13 13 13 13 14 13 13 13 13 13 13 13 13 13 13 13 13 13 13 13 13 13 12 14 13
27 12 13 13 13 13 13 14 13 13 13 13 13 13 13 13 13 13 13 13 13 13 13 13 13 13 13 13
27 12 13 13 13 13 13 14 13 13 13 13 13 13 13 13 13 13 13 13 13 13 13 13 14 12 13 13
27 12 13 13 13 13 13 14 13 13 13 13 13 13 13 13 13 13 13 13 13 13 13 14 12 13 13 13
27 12 13 13 13 13 13 14 13 13 13 13 13 13 13 13 13 13 13 13 13 13 14 13 12 13 13 13
27 12 13 13 13 13 13 14 13 13 13 13 13 13 13 13 13 13 13 13 13 13 14 13 13 12 13 13
27 12 13 13 13 13 13 14 13 13 13 13 13 13 13 13 13 13 13 13 13 14 13 13 12 13 13 13
27 12 13 13 13 13 13 14 13 13 13 13 13 13 13 13 13 13 13 13 13 14 13 13 13 12 13 13
27 12 13 13 13 13 13 14 13 13 13 13 13 13 13 13 13 13 13 13 14 13 13 13 13 12 13 13
27 12 13 13 13 13 13 14 13 13 13 13 13 13 13 13 13 13 13 14 12 13 13 13 13 13 13 13
27 12 13 13 13 13 13 14 13 13 13 13 13 13 13 13 13 13 13 14 13 13 13 13 12 13 13 13
27 12 13 13 13 13 13 14 13 13 13 13 13 13 13 13 13 13 13 14 13 13 13 13 13 12 13 13
27 12 13 13 13 13 13 14 13 13 13 13 13 13 13 13 13 13 14 13 12 13 13 13 13 13 13 13
27 12 13 13 13 13 13 14 13 13 13 13 13 13 13 13 13 13 14 13 13 13 12 13 13 13 13 13
27 12 13 13 13 13 13 14 13 13 13 13 13 13 13 13 13 13 14 13 13 13 13 13 12 13 13 13
27 12 13 13 13 13 13 14 13 13 13 13 13 13 13 13 13 14 13 13 12 13 13 13 13 13 13 13
27 12 13 13 13 13 13 14 13 13 13 13 13 13 13 13 13 14 13 13 13 13 12 13 13 13 13 13
27 12 13 13 13 13 13 14 13 13 13 13 13 13 13 13 14 13 13 13 12 13 13 13 13 13 13 13
27 12 13 13 13 13 13 14 13 13 13 13 13 13 13 13 14 13 13 13 13 12 13 13 13 13 13 13
27 12 13 13 13 13 13 14 13 13 13 13 13 13 13 13 14 13 13 13 13 13 13 13 12 13 13 13
27 12 13 13 13 13 13 14 13 13 13 13 13 13 13 14 13 13 13 13 12 13 13 13 13 13 13 13
27 12 13 13 13 13 13 14 13 13 13 13 13 13 14 13 12 13 13 13 13 13 13 13 13 13 13 13
27 12 13 13 13 13 13 14 13 13 13 13 13 13 14 13 13 13 13 13 12 13 13 13 13 13 13 13
27 12 13 13 13 13 13 14 13 13 13 13 13 13 14 13 13 13 13 13 13 13 13 13 12 13 13 13
27 12 13 13 13 13 13 14 13 13 13 13 13 13 14 13 13 13 13 13 13 13 13 13 13 12 13 13
27 12 13 13 13 13 13 14 13 13 13 13 13 14 12 13 13 13 13 13 13 13 13 13 13 13 13 13
27 12 13 13 13 13 13 14 13 13 13 13 13 14 13 12 13 13 13 13 13 13 13 13 13 13 13 13
27 12 13 13 13 13 13 14 13 13 13 13 13 14 13 13 12 13 13 13 13 13 13 13 13 13 13 13
27 12 13 13 13 13 13 14 13 13 13 13 13 14 13 13 13 12 13 13 13 13 13 13 13 13 13 13
27 12 13 13 13 13 13 14 13 13 13 13 13 14 13 13 13 13 13 13 13 12 13 13 13 13 13 13
27 12 13 13 13 13 13 14 13 13 13 13 13 14 13 13 13 13 13 13 13 13 13 13 12 13 13 13
27 12 13 13 13 13 13 14 13 13 13 13 13 14 13 13 13 13 13 13 13 13 13 13 13 12 13 13
27 12 13 13 13 13 13 14 13 13 13 13 14 13 13 13 13 13 13 13 12 13 13 13 13 13 13 13
27 12 13 13 13 13 13 14 13 13 13 13 14 13 13 13 13 13 13 13 13 13 12 13 13 13 13 13
27 12 13 13 13 13 13 14 13 13 13 13 14 13 13 13 13 13 13 13 13 13 13 13 12 13 13 13
27 12 13 13 13 13 13 14 13 13 13 13 14 13 13 13 13 13 13 13 13 13 13 13 13 12 13 13
27 12 13 13 13 13 13 14 13 13 13 14 13 13 13 12 13 13 13 13 13 13 13 13 13 13 13 13
27 12 13 13 13 13 13 14 13 13 13 14 13 13 13 13 13 13 13 13 12 13 13 13 13 13 13 13
27 12 13 13 13 13 13 14 13 13 13 14 13 13 13 13 13 13 13 13 13 13 13 13 12 13 13 13
27 12 13 13 13 13 13 14 13 13 13 14 13 13 13 13 13 13 13 13 13 13 13 13 13 12 13 13
27 12 13 13 13 13 13 14 13 13 14 13 12 13 13 13 13 13 13 13 13 13 13 13 13 13 13 13
27 12 13 13 13 13 13 14 13 13 14 13 13 12 13 13 13 13 13 13 13 13 13 13 13 13 13 13
27 12 13 13 13 13 13 14 13 13 14 13 13 13 13 13 13 13 13 13 13 13 12 13 13 13 13 13
27 12 13 13 13 13 13 14 13 13 14 13 13 13 13 13 13 13 13 13 13 13 13 13 13 12 13 13
27 12 13 13 13 13 13 14 13 14 12 13 13 13 13 13 13 13 13 13 13 13 13 13 13 13 13 13
27 12 13 13 13 13 13 14 13 14 13 13 13 13 13 13 13 13 13 13 12 13 13 13 13 13 13 13
27 12 13 13 13 13 13 14 13 14 13 13 13 13 13 13 13 13 13 13 13 13 13 13 12 13 13 13
27 12 13 13 13 13 13 14 13 14 13 13 13 13 13 13 13 13 13 13 13 13 13 13 13 12 13 13
27 12 13 13 13 13 13 14 13 14 13 13 13 13 13 13 13 13 13 13 13 13 13 13 13 13 12 13
27 12 13 13 13 13 14 12 13 13 13 13 13 13 13 13 13 13 13 13 13 14 13 13 13 13 13 13
27 12 13 13 13 13 14 12 13 13 13 13 13 13 14 13 13 13 13 13 13 13 13 13 13 13 13 13
27 12 13 13 13 13 14 13 12 13 13 13 13 13 13 13 13 13 13 13 13 13 13 13 14 13 13 13
27 12 13 13 13 13 14 13 12 13 13 13 13 13 13 13 14 13 13 13 13 13 13 13 13 13 13 13
27 12 13 13 13 13 14 13 13 12 13 13 13 13 13 13 13 13 14 13 13 13 13 13 13 13 13 13
27 12 13 13 13 13 14 13 13 13 12 13 13 13 13 13 13 13 13 13 13 13 13 13 13 13 14 13
27 12 13 13 13 13 14 13 13 13 12 13 13 13 13 13 13 13 13 13 13 13 13 13 14 13 13 13
27 12 13 13 13 13 14 13 13 13 12 13 13 13 13 13 13 13 13 13 13 13 13 14 13 13 13 13
27 12 13 13 13 13 14 13 13 13 12 13 13 13 13 13 13 13 13 13 13 13 14 13 13 13 13 13
27 12 13 13 13 13 14 13 13 13 12 13 13 13 13 13 13 13 13 13 13 14 13 13 13 13 13 13
27 12 13 13 13 13 14 13 13 13 12 13 13 13 13 13 13 13 13 14 13 13 13 13 13 13 13 13
27 12 13 13 13 13 14 13 13 13 12 13 13 13 13 13 13 13 14 13 13 13 13 13 13 13 13 13
27 12 13 13 13 13 14 13 13 13 12 13 13 13 14 13 13 13 13 13 13 13 13 13 13 13 13 13
27 12 13 13 13 13 14 13 13 13 12 13 13 14 13 13 13 13 13 13 13 13 13 13 13 13 13 13
27 12 13 13 13 13 14 13 13 13 12 13 14 13 13 13 13 13 13 13 13 13 13 13 13 13 13 13
27 12 13 13 13 13 14 13 13 13 12 14 13 13 13 13 13 13 13 13 13 13 13 13 13 13 13 13
27 12 13 13 13 13 14 13 13 13 13 12 13 13 13 13 13 13 13 13 13 13 13 13 13 14 13 13
27 12 13 13 13 13 14 13 13 13 13 12 13 13 13 13 13 13 13 13 13 13 13 14 13 13 13 13
27 12 13 13 13 13 14 13 13 13 13 12 13 13 13 13 13 13 13 13 13 13 14 13 13 13 13 13
27 12 13 13 13 13 14 13 13 13 13 12 13 13 13 13 13 13 13 13 14 13 13 13 13 13 13 13
27 12 13 13 13 13 14 13 13 13 13 12 13 13 13 14 13 13 13 13 13 13 13 13 13 13 13 13
27 12 13 13 13 13 14 13 13 13 13 12 13 14 13 13 13 13 13 13 13 13 13 13 13 13 13 13
27 12 13 13 13 13 14 13 13 13 13 12 14 13 13 13 13 13 13 13 13 13 13 13 13 13 13 13
27 12 13 13 13 13 14 13 13 13 13 13 12 13 13 13 13 13 13 13 13 13 13 13 14 13 13 13
27 12 13 13 13 13 14 13 13 13 13 13 13 12 13 13 13 13 13 13 13 13 13 13 13 13 14 13
27 12 13 13 13 13 14 13 13 13 13 13 13 12 13 13 14 13 13 13 13 13 13 13 13 13 13 13
27 12 13 13 13 13 14 13 13 13 13 13 13 13 12 13 13 13 13 13 13 13 13 13 13 13 13 14
27 12 13 13 13 13 14 13 13 13 13 13 13 13 13 12 13 13 13 13 13 13 13 13 13 13 14 13
27 12 13 13 13 13 14 13 13 13 13 13 13 13 13 12 13 13 13 13 13 13 13 14 13 13 13 13
27 12 13 13 13 13 14 13 13 13 13 13 13 13 13 12 13 13 13 14 13 13 13 13 13 13 13 13
27 12 13 13 13 13 14 13 13 13 13 13 13 13 13 12 13 13 14 13 13 13 13 13 13 13 13 13
27 12 13 13 13 13 14 13 13 13 13 13 13 13 13 12 13 14 13 13 13 13 13 13 13 13 13 13
27 12 13 13 13 13 14 13 13 13 13 13 13 13 13 12 14 13 13 13 13 13 13 13 13 13 13 13
27 12 13 13 13 13 14 13 13 13 13 13 13 13 13 13 13 13 12 14 13 13 13 13 13 13 13 13
27 12 13 13 13 13 14 13 13 13 13 13 13 13 13 13 13 13 13 13 12 13 13 13 14 13 13 13
27 12 13 13 13 13 14 13 13 13 13 13 13 13 13 13 13 13 13 13 13 13 12 13 13 14 13 13
27 12 13 13 13 13 14 13 13 13 13 13 13 13 13 13 13 13 13 13 13 13 12 13 14 13 13 13
27 12 13 13 13 13 14 13 13 13 13 13 13 13 13 13 13 13 13 13 13 13 13 13 13 13 12 14
27 12 13 13 13 13 14 13 13 13 13 13 13 13 13 13 13 13 13 13 13 13 13 13 13 14 12 13
27 12 13 13 13 13 14 13 13 13 13 13 13 13 13 13 13 13 13 13 13 13 13 13 14 12 13 13
27 12 13 13 13 13 14 13 13 13 13 13 13 13 13 13 13 13 13 13 13 13 13 14 13 12 13 13
27 12 13 13 13 13 14 13 13 13 13 13 13 13 13 13 13 13 13 13 13 13 14 13 13 12 13 13
27 12 13 13 13 13 14 13 13 13 13 13 13 13 13 13 13 13 13 13 13 14 12 13 13 13 13 13
27 12 13 13 13 13 14 13 13 13 13 13 13 13 13 13 13 13 13 13 13 14 13 13 13 12 13 13
27 12 13 13 13 13 14 13 13 13 13 13 13 13 13 13 13 13 13 13 14 13 12 13 13 13 13 13
27 12 13 13 13 13 14 13 13 13 13 13 13 13 13 13 13 13 13 14 12 13 13 13 13 13 13 13
27 12 13 13 13 13 14 13 13 13 13 13 13 13 13 13 13 13 13 14 13 13 12 13 13 13 13 13
27 12 13 13 13 13 14 13 13 13 13 13 13 13 13 13 13 13 14 13 12 13 13 13 13 13 13 13
27 12 13 13 13 13 14 13 13 13 13 13 13 13 13 13 13 13 14 13 13 13 13 13 13 13 12 13
27 12 13 13 13 13 14 13 13 13 13 13 13 13 13 13 13 14 13 12 13 13 13 13 13 13 13 13
27 12 13 13 13 13 14 13 13 13 13 13 13 13 13 13 13 14 13 13 12 13 13 13 13 13 13 13
27 12 13 13 13 13 14 13 13 13 13 13 13 13 13 13 13 14 13 13 13 13 13 13 12 13 13 13
27 12 13 13 13 13 14 13 13 13 13 13 13 13 13 13 13 14 13 13 13 13 13 13 13 12 13 13
27 12 13 13 13 13 14 13 13 13 13 13 13 13 13 13 13 14 13 13 13 13 13 13 13 13 12 13
27 12 13 13 13 13 14 13 13 13 13 13 13 13 13 13 14 13 13 13 12 13 13 13 13 13 13 13
27 12 13 13 13 13 14 13 13 13 13 13 13 13 13 13 14 13 13 13 13 13 13 13 13 12 13 13
27 12 13 13 13 13 14 13 13 13 13 13 13 13 13 14 13 13 13 13 13 13 13 13 13 13 12 13
27 12 13 13 13 13 14 13 13 13 13 13 13 13 14 12 13 13 13 13 13 13 13 13 13 13 13 13
27 12 13 13 13 13 14 13 13 13 13 13 13 13 14 13 13 13 13 13 13 13 12 13 13 13 13 13
27 12 13 13 13 13 14 13 13 13 13 13 13 13 14 13 13 13 13 13 13 13 13 12 13 13 13 13
27 12 13 13 13 13 14 13 13 13 13 13 13 13 14 13 13 13 13 13 13 13 13 13 13 12 13 13
27 12 13 13 13 13 14 13 13 13 13 13 13 14 12 13 13 13 13 13 13 13 13 13 13 13 13 13
27 12 13 13 13 13 14 13 13 13 13 13 13 14 13 13 13 13 13 13 12 13 13 13 13 13 13 13
27 12 13 13 13 13 14 13 13 13 13 13 13 14 13 13 13 13 13 13 13 12 13 13 13 13 13 13
27 12 13 13 13 13 14 13 13 13 13 13 13 14 13 13 13 13 13 13 13 13 13 13 13 12 13 13
27 12 13 13 13 13 14 13 13 13 13 13 14 13 13 12 13 13 13 13 13 13 13 13 13 13 13 13
27 12 13 13 13 13 14 13 13 13 13 13 14 13 13 13 13 13 13 13 13 13 13 13 13 12 13 13
27 12 13 13 13 13 14 13 13 13 13 13 14 13 13 13 13 13 13 13 13 13 13 13 13 13 12 13
27 12 13 13 13 13 14 13 13 13 13 14 13 13 13 12 13 13 13 13 13 13 13 13 13 13 13 13
27 12 13 13 13 13 14 13 13 13 13 14 13 13 13 13 13 13 13 13 13 13 12 13 13 13 13 13
27 12 13 13 13 13 14 13 13 13 13 14 13 13 13 13 13 13 13 13 13 13 13 13 13 12 13 13
27 12 13 13 13 13 14 13 13 13 14 12 13 13 13 13 13 13 13 13 13 13 13 13 13 13 13 13
27 12 13 13 13 13 14 13 13 13 14 13 13 13 13 13 13 13 13 13 13 13 12 13 13 13 13 13
27 12 13 13 13 13 14 13 13 13 14 13 13 13 13 13 13 13 13 13 13 13 13 13 13 13 12 13
27 12 13 13 13 13 14 13 13 14 12 13 13 13 13 13 13 13 13 13 13 13 13 13 13 13 13 13
27 12 13 13 13 13 14 13 13 14 13 13 13 13 13 13 13 13 13 13 12 13 13 13 13 13 13 13
27 12 13 13 13 13 14 13 13 14 13 13 13 13 13 13 13 13 13 13 13 13 12 13 13 13 13 13
27 12 13 13 13 13 14 13 13 14 13 13 13 13 13 13 13 13 13 13 13 13 13 12 13 13 13 13
27 12 13 13 13 13 14 13 13 14 13 13 13 13 13 13 13 13 13 13 13 13 13 13 13 12 13 13
27 12 13 13 13 13 14 13 14 13 12 13 13 13 13 13 13 13 13 13 13 13 13 13 13 13 13 13
27 12 13 13 13 13 14 13 14 13 13 12 13 13 13 13 13 13 13 13 13 13 13 13 13 13 13 13
27 12 13 13 13 13 14 13 14 13 13 13 13 13 13 13 13 13 13 13 12 13 13 13 13 13 13 13
27 12 13 13 13 13 14 13 14 13 13 13 13 13 13 13 13 13 13 13 13 12 13 13 13 13 13 13
27 12 13 13 13 13 14 13 14 13 13 13 13 13 13 13 13 13 13 13 13 13 13 13 13 12 13 13
27 12 13 13 13 13 14 13 14 13 13 13 13 13 13 13 13 13 13 13 13 13 13 13 13 13 12 13
27 12 13 13 13 14 12 13 13 13 13 13 13 13 13 13 13 13 13 13 13 13 13 13 14 13 13 13
27 12 13 13 13 14 13 12 13 13 13 13 13 13 13 13 13 13 13 13 13 14 13 13 13 13 13 13
27 12 13 13 13 14 13 12 13 13 13 13 13 13 14 13 13 13 13 13 13 13 13 13 13 13 13 13
27 12 13 13 13 14 13 13 12 13 13 13 13 13 13 13 13 13 13 13 13 13 13 13 14 13 13 13
27 12 13 13 13 14 13 13 12 13 13 13 13 13 13 13 13 13 13 13 13 13 13 14 13 13 13 13
27 12 13 13 13 14 13 13 12 13 13 13 13 13 13 13 14 13 13 13 13 13 13 13 13 13 13 13
27 12 13 13 13 14 13 13 13 12 13 13 13 13 13 13 13 13 13 14 13 13 13 13 13 13 13 13
27 12 13 13 13 14 13 13 13 13 12 13 13 13 13 13 13 13 13 13 13 13 13 13 13 14 13 13
27 12 13 13 13 14 13 13 13 13 12 13 13 13 13 13 13 13 13 13 14 13 13 13 13 13 13 13
27 12 13 13 13 14 13 13 13 13 13 12 13 13 13 13 13 13 13 13 13 13 13 13 13 13 14 13
27 12 13 13 13 14 13 13 13 13 13 12 13 13 13 13 13 13 13 13 13 13 13 13 14 13 13 13
27 12 13 13 13 14 13 13 13 13 13 12 13 13 13 13 13 13 13 13 13 14 13 13 13 13 13 13
27 12 13 13 13 14 13 13 13 13 13 12 13 13 13 13 13 13 13 14 13 13 13 13 13 13 13 13
27 12 13 13 13 14 13 13 13 13 13 12 13 13 14 13 13 13 13 13 13 13 13 13 13 13 13 13
27 12 13 13 13 14 13 13 13 13 13 13 12 13 13 13 13 13 13 13 13 13 13 13 13 13 14 13
27 12 13 13 13 14 13 13 13 13 13 13 12 13 13 13 13 13 13 13 13 13 13 13 14 13 13 13
27 12 13 13 13 14 13 13 13 13 13 13 12 13 13 13 13 13 13 13 13 13 13 14 13 13 13 13
27 12 13 13 13 14 13 13 13 13 13 13 12 13 13 13 13 13 13 13 13 13 14 13 13 13 13 13
27 12 13 13 13 14 13 13 13 13 13 13 12 13 13 13 13 13 13 13 13 14 13 13 13 13 13 13
27 12 13 13 13 14 13 13 13 13 13 13 12 13 13 13 13 13 13 14 13 13 13 13 13 13 13 13
27 12 13 13 13 14 13 13 13 13 13 13 12 13 13 13 13 13 14 13 13 13 13 13 13 13 13 13
27 12 13 13 13 14 13 13 13 13 13 13 12 13 14 13 13 13 13 13 13 13 13 13 13 13 13 13
27 12 13 13 13 14 13 13 13 13 13 13 12 14 13 13 13 13 13 13 13 13 13 13 13 13 13 13
27 12 13 13 13 14 13 13 13 13 13 13 13 12 13 13 13 13 13 13 13 13 13 13 13 13 14 13
27 12 13 13 13 14 13 13 13 13 13 13 13 12 13 13 14 13 13 13 13 13 13 13 13 13 13 13
27 12 13 13 13 14 13 13 13 13 13 13 13 13 13 12 13 13 13 13 13 13 13 13 13 14 13 13
27 12 13 13 13 14 13 13 13 13 13 13 13 13 13 12 13 13 13 13 13 13 13 14 13 13 13 13
27 12 13 13 13 14 13 13 13 13 13 13 13 13 13 12 13 13 13 13 13 13 14 13 13 13 13 13
27 12 13 13 13 14 13 13 13 13 13 13 13 13 13 12 13 13 14 13 13 13 13 13 13 13 13 13
27 12 13 13 13 14 13 13 13 13 13 13 13 13 13 12 13 14 13 13 13 13 13 13 13 13 13 13
27 12 13 13 13 14 13 13 13 13 13 13 13 13 13 13 13 13 12 14 13 13 13 13 13 13 13 13
27 12 13 13 13 14 13 13 13 13 13 13 13 13 13 13 13 13 13 12 13 14 13 13 13 13 13 13
27 12 13 13 13 14 13 13 13 13 13 13 13 13 13 13 13 13 13 13 13 12 13 13 14 13 13 13
27 12 13 13 13 14 13 13 13 13 13 13 13 13 13 13 13 13 13 13 13 13 12 13 14 13 13 13
27 12 13 13 13 14 13 13 13 13 13 13 13 13 13 13 13 13 13 13 13 13 12 14 13 13 13 13
27 12 13 13 13 14 13 13 13 13 13 13 13 13 13 13 13 13 13 13 13 13 13 13 13 12 13 14
27 12 13 13 13 14 13 13 13 13 13 13 13 13 13 13 13 13 13 13 13 13 13 13 13 13 13 13
27 12 13 13 13 14 13 13 13 13 13 13 13 13 13 13 13 13 13 13 13 13 13 14 13 12 13 13
27 12 13 13 13 14 13 13 13 13 13 13 13 13 13 13 13 13 13 13 13 13 14 12 13 13 13 13
27 12 13 13 13 14 13 13 13 13 13 13 13 13 13 13 13 13 13 13 13 13 14 13 13 12 13 13
27 12 13 13 13 14 13 13 13 13 13 13 13 13 13 13 13 13 13 13 13 14 12 13 13 13 13 13
27 12 13 13 13 14 13 13 13 13 13 13 13 13 13 13 13 13 13 14 13 12 13 13 13 13 13 13
27 12 13 13 13 14 13 13 13 13 13 13 13 13 13 13 13 13 13 14 13 13 12 13 13 13 13 13
27 12 13 13 13 14 13 13 13 13 13 13 13 13 13 13 13 13 13 14 13 13 13 12 13 13 13 13
27 12 13 13 13 14 13 13 13 13 13 13 13 13 13 13 13 13 14 13 12 13 13 13 13 13 13 13
27 12 13 13 13 14 13 13 13 13 13 13 13 13 13 13 13 13 14 13 13 13 12 13 13 13 13 13
27 12 13 13 13 14 13 13 13 13 13 13 13 13 13 13 13 14 13 13 12 13 13 13 13 13 13 13
27 12 13 13 13 14 13 13 13 13 13 13 13 13 13 13 13 14 13 13 13 13 13 13 13 12 13 13
27 12 13 13 13 14 13 13 13 13 13 13 13 13 14 13 13 13 13 13 13 13 12 13 13 13 13 13
27 12 13 13 13 14 13 13 13 13 13 13 13 13 14 13 13 13 13 13 13 13 13 12 13 13 13 13
27 12 13 13 13 14 13 13 13 13 13 13 13 13 14 13 13 13 13 13 13 13 13 13 12 13 13 13
27 12 13 13 13 14 13 13 13 13 13 13 13 14 13 13 13 12 13 13 13 13 13 13 13 13 13 13
27 12 13 13 13 14 13 13 13 13 13 13 13 14 13 13 13 13 13 13 12 13 13 13 13 13 13 13
27 12 13 13 13 14 13 13 13 13 13 13 13 14 13 13 13 13 13 13 13 13 12 13 13 13 13 13
27 12 13 13 13 14 13 13 13 13 13 13 13 14 13 13 13 13 13 13 13 13 13 12 13 13 13 13
27 12 13 13 13 14 13 13 13 13 13 13 13 14 13 13 13 13 13 13 13 13 13 13 13 12 13 13
27 12 13 13 13 14 13 13 13 13 13 13 14 13 13 12 13 13 13 13 13 13 13 13 13 13 13 13
27 12 13 13 13 14 13 13 13 13 13 13 14 13 13 13 13 13 13 13 13 13 12 13 13 13 13 13
27 12 13 13 13 14 13 13 13 13 13 13 14 13 13 13 13 13 13 13 13 13 13 13 13 12 13 13
27 12 13 13 13 14 13 13 13 13 13 14 13 13 13 13 13 13 13 13 13 12 13 13 13 13 13 13
27 12 13 13 13 14 13 13 13 13 13 14 13 13 13 13 13 13 13 13 13 13 12 13 13 13 13 13
27 12 13 13 13 14 13 13 13 13 14 13 13 13 13 13 13 13 13 13 13 13 13 13 13 12 13 13
27 12 13 13 13 14 13 13 13 14 13 12 13 13 13 13 13 13 13 13 13 13 13 13 13 13 13 13
27 12 13 13 13 14 13 13 13 14 13 13 13 13 13 13 12 13 13 13 13 13 13 13 13 13 13 13
27 12 13 13 13 14 13 13 13 14 13 13 13 13 13 13 13 13 13 13 13 13 12 13 13 13 13 13
27 12 13 13 13 14 13 13 13 14 13 13 13 13 13 13 13 13 13 13 13 13 13 12 13 13 13 13
27 12 13 13 13 14 13 13 14 13 13 13 13 13 13 12 13 13 13 13 13 13 13 13 13 13 13 13
27 12 13 13 13 14 13 13 14 13 13 13 13 13 13 13 13 13 13 13 12 13 13 13 13 13 13 13
27 12 13 13 13 14 13 13 14 13 13 13 13 13 13 13 13 13 13 13 13 13 12 13 13 13 13 13
27 12 13 13 13 14 13 13 14 13 13 13 13 13 13 13 13 13 13 13 13 13 13 13 13 12 13 13
27 12 13 13 13 14 13 14 13 13 13 13 13 13 13 12 13 13 13 13 13 13 13 13 13 13 13 13
27 12 13 13 13 14 13 14 13 13 13 13 13 13 13 13 13 13 13 13 12 13 13 13 13 13 13 13
27 12 13 13 13 14 13 14 13 13 13 13 13 13 13 13 13 13 13 13 13 13 12 13 13 13 13 13
27 12 13 13 14 12 13 13 13 13 13 13 13 13 13 13 13 13 13 13 13 13 13 13 13 13 13 14
27 12 13 13 14 12 13 13 13 13 13 13 13 13 13 13 13 13 13 13 13 13 13 13 13 13 14 13
27 12 13 13 14 12 13 13 13 13 13 13 13 13 13 13 13 13 13 13 13 13 13 13 14 13 13 13
27 12 13 13 14 12 13 13 13 13 13 13 13 13 13 13 13 13 13 14 13 13 13 13 13 13 13 13
27 12 13 13 14 12 13 13 13 13 13 13 13 13 13 13 13 13 14 13 13 13 13 13 13 13 13 13
27 12 13 13 14 12 13 13 13 13 13 13 13 13 13 13 13 14 13 13 13 13 13 13 13 13 13 13
27 12 13 13 14 12 13 13 13 13 13 13 13 13 13 13 14 13 13 13 13 13 13 13 13 13 13 13
27 12 13 13 14 12 13 13 13 13 13 13 13 13 14 13 13 13 13 13 13 13 13 13 13 13 13 13
27 12 13 13 14 12 13 13 13 13 13 13 13 14 13 13 13 13 13 13 13 13 13 13 13 13 13 13
27 12 13 13 14 12 13 13 13 14 13 13 13 13 13 13 13 13 13 13 13 13 13 13 13 13 13 13
27 12 13 13 14 12 13 13 14 13 13 13 13 13 13 13 13 13 13 13 13 13 13 13 13 13 13 13
27 12 13 13 14 12 13 14 13 13 13 13 13 13 13 13 13 13 13 13 13 13 13 13 13 13 13 13
27 12 13 13 14 12 14 13 13 13 13 13 13 13 13 13 13 13 13 13 13 13 13 13 13 13 13 13
27 12 13 13 14 13 12 13 13 13 13 13 13 13 13 13 13 13 14 13 13 13 13 13 13 13 13 13
27 12 13 13 14 13 13 13 13 12 13 13 13 13 13 13 13 13 14 13 13 13 13 13 13 13 13 13
27 12 13 13 14 13 13 13 13 13 12 13 13 13 13 13 13 13 13 13 13 13 13 13 14 13 13 13
27 12 13 13 14 13 13 13 13 13 12 13 13 13 13 13 13 13 13 13 13 13 13 14 13 13 13 13
27 12 13 13 14 13 13 13 13 13 12 13 13 13 13 13 13 13 13 13 13 13 14 13 13 13 13 13
27 12 13 13 14 13 13 13 13 13 12 13 13 13 13 13 13 13 13 13 13 14 13 13 13 13 13 13
27 12 13 13 14 13 13 13 13 13 12 13 13 13 13 13 13 14 13 13 13 13 13 13 13 13 13 13
27 12 13 13 14 13 13 13 13 13 12 13 13 13 13 13 14 13 13 13 13 13 13 13 13 13 13 13
27 12 13 13 14 13 13 13 13 13 12 13 13 14 13 13 13 13 13 13 13 13 13 13 13 13 13 13
27 12 13 13 14 13 13 13 13 13 12 13 14 13 13 13 13 13 13 13 13 13 13 13 13 13 13 13
27 12 13 13 14 13 13 13 13 13 12 14 13 13 13 13 13 13 13 13 13 13 13 13 13 13 13 13
27 12 13 13 14 13 13 13 13 13 13 12 13 13 13 13 13 13 13 13 13 13 13 14 13 13 13 13
27 12 13 13 14 13 13 13 13 13 13 12 13 13 13 13 13 13 13 13 13 13 14 13 13 13 13 13
27 12 13 13 14 13 13 13 13 13 13 12 13 13 13 13 13 13 14 13 13 13 13 13 13 13 13 13
27 12 13 13 14 13 13 13 13 13 13 12 13 13 13 13 13 14 13 13 13 13 13 13 13 13 13 13
27 12 13 13 14 13 13 13 13 13 13 12 14 13 13 13 13 13 13 13 13 13 13 13 13 13 13 13
27 12 13 13 14 13 13 13 13 13 13 13 12 13 13 13 13 13 13 13 13 13 13 13 14 13 13 13
27 12 13 13 14 13 13 13 13 13 13 13 13 12 13 13 13 13 13 13 13 13 13 13 13 13 14 13
27 12 13 13 14 13 13 13 13 13 13 13 13 12 13 13 14 13 13 13 13 13 13 13 13 13 13 13
27 12 13 13 14 13 13 13 13 13 13 13 13 13 13 12 13 13 13 13 13 13 13 13 13 13 14 13
27 12 13 13 14 13 13 13 13 13 13 13 13 13 13 12 13 13 13 13 13 13 13 13 14 13 13 13
27 12 13 13 14 13 13 13 13 13 13 13 13 13 13 12 13 13 13 13 13 13 14 13 13 13 13 13
27 12 13 13 14 13 13 13 13 13 13 13 13 13 13 12 13 13 14 13 13 13 13 13 13 13 13 13
27 12 13 13 14 13 13 13 13 13 13 13 13 13 13 12 13 14 13 13 13 13 13 13 13 13 13 13
27 12 13 13 14 13 13 13 13 13 13 13 13 13 13 12 14 13 13 13 13 13 13 13 13 13 13 13
27 12 13 13 14 13 13 13 13 13 13 13 13 13 13 13 13 12 13 13 13 13 13 13 13 13 14 13
27 12 13 13 14 13 13 13 13 13 13 13 13 13 13 13 13 12 13 13 13 13 13 13 13 14 13 13
27 12 13 13 14 13 13 13 13 13 13 13 13 13 13 13 13 12 13 13 13 13 13 13 14 13 13 13
27 12 13 13 14 13 13 13 13 13 13 13 13 13 13 13 13 12 13 13 14 13 13 13 13 13 13 13
27 12 13 13 14 13 13 13 13 13 13 13 13 13 13 13 13 13 13 13 12 13 13 13 13 13 14 13
27 12 13 13 14 13 13 13 13 13 13 13 13 13 13 13 13 13 13 13 12 13 13 14 13 13 13 13
27 12 13 13 14 13 13 13 13 13 13 13 13 13 13 13 13 13 13 13 12 13 14 13 13 13 13 13
27 12 13 13 14 13 13 13 13 13 13 13 13 13 13 13 13 13 13 13 12 14 13 13 13 13 13 13
27 12 13 13 14 13 13 13 13 13 13 13 13 13 13 13 13 13 13 13 13 13 13 13 13 12 14 13
27 12 13 13 14 13 13 13 13 13 13 13 13 13 13 13 13 13 13 13 13 13 13 13 14 12 13 13
27 12 13 13 14 13 13 13 13 13 13 13 13 13 13 13 13 13 13 13 13 13 13 14 13 12 13 13
27 12 13 13 14 13 13 13 13 13 13 13 13 13 13 13 13 13 13 13 13 13 14 13 13 12 13 13
27 12 13 13 14 13 13 13 13 13 13 13 13 13 13 13 13 13 13 13 13 14 12 13 13 13 13 13
27 12 13 13 14 13 13 13 13 13 13 13 13 13 13 13 13 13 13 14 12 13 13 13 13 13 13 13
27 12 13 13 14 13 13 13 13 13 13 13 13 13 13 13 13 13 13 14 13 13 13 13 13 12 13 13
27 12 13 13 14 13 13 13 13 13 13 13 13 13 13 13 13 13 14 13 12 13 13 13 13 13 13 13
27 12 13 13 14 13 13 13 13 13 13 13 13 13 13 13 13 13 14 13 13 13 13 13 13 12 13 13
27 12 13 13 14 13 13 13 13 13 13 13 13 13 13 13 13 14 13 13 13 13 13 13 12 13 13 13
27 12 13 13 14 13 13 13 13 13 13 13 13 13 13 13 14 12 13 13 13 13 13 13 13 13 13 13
27 12 13 13 14 13 13 13 13 13 13 13 13 13 13 13 14 13 13 13 13 13 12 13 13 13 13 13
27 12 13 13 14 13 13 13 13 13 13 13 13 13 13 14 13 12 13 13 13 13 13 13 13 13 13 13
27 12 13 13 14 13 13 13 13 13 13 13 13 13 13 14 13 13 13 13 13 13 12 13 13 13 13 13
27 12 13 13 14 13 13 13 13 13 13 13 13 13 14 13 13 12 13 13 13 13 13 13 13 13 13 13
27 12 13 13 14 13 13 13 13 13 13 13 13 13 14 13 13 13 13 13 12 13 13 13 13 13 13 13
27 12 13 13 14 13 13 13 13 13 13 13 13 13 14 13 13 13 13 13 13 13 13 13 13 12 13 13
27 12 13 13 14 13 13 13 13 13 13 13 13 14 12 13 13 13 13 13 13 13 13 13 13 13 13 13
27 12 13 13 14 13 13 13 13 13 13 13 13 14 13 12 13 13 13 13 13 13 13 13 13 13 13 13
27 12 13 13 14 13 13 13 13 13 13 13 13 14 13 13 13 13 13 13 12 13 13 13 13 13 13 13
27 12 13 13 14 13 13 13 13 13 13 13 13 14 13 13 13 13 13 13 13 12 13 13 13 13 13 13
27 12 13 13 14 13 13 13 13 13 13 13 13 14 13 13 13 13 13 13 13 13 13 13 13 12 13 13
27 12 13 13 14 13 13 13 13 13 13 13 14 13 13 13 13 13 13 13 12 13 13 13 13 13 13 13
27 12 13 13 14 13 13 13 13 13 13 13 14 13 13 13 13 13 13 13 13 13 13 13 13 12 13 13
27 12 13 13 14 13 13 13 13 13 13 14 13 13 13 13 13 13 13 13 12 13 13 13 13 13 13 13
27 12 13 13 14 13 13 13 13 13 13 14 13 13 13 13 13 13 13 13 13 13 12 13 13 13 13 13
27 12 13 13 14 13 13 13 13 13 13 14 13 13 13 13 13 13 13 13 13 13 13 13 13 12 13 13
27 12 13 13 14 13 13 13 13 13 14 12 13 13 13 13 13 13 13 13 13 13 13 13 13 13 13 13
27 12 13 13 14 13 13 13 13 13 14 13 13 13 13 13 13 13 13 13 13 13 12 13 13 13 13 13
27 12 13 13 14 13 13 13 13 14 12 13 13 13 13 13 13 13 13 13 13 13 13 13 13 13 13 13
27 12 13 13 14 13 13 13 13 14 13 13 13 13 13 12 13 13 13 13 13 13 13 13 13 13 13 13
27 12 13 13 14 13 13 13 13 14 13 13 13 13 13 13 13 12 13 13 13 13 13 13 13 13 13 13
27 12 13 13 14 13 13 13 13 14 13 13 13 13 13 13 13 13 13 13 12 13 13 13 13 13 13 13
27 12 13 13 14 13 13 13 13 14 13 13 13 13 13 13 13 13 13 13 13 13 13 12 13 13 13 13
27 12 13 13 14 13 13 13 13 14 13 13 13 13 13 13 13 13 13 13 13 13 13 13 13 12 13 13
27 12 13 13 14 13 13 13 14 13 13 13 13 13 13 13 13 13 13 13 12 13 13 13 13 13 13 13
27 12 13 13 14 13 13 13 14 13 13 13 13 13 13 13 13 13 13 13 13 13 13 13 13 12 13 13
27 12 13 13 14 13 13 14 13 13 13 13 13 13 13 12 13 13 13 13 13 13 13 13 13 13 13 13
27 12 13 13 14 13 13 14 13 13 13 13 13 13 13 13 12 13 13 13 13 13 13 13 13 13 13 13
27 12 13 13 14 13 13 14 13 13 13 13 13 13 13 13 13 13 13 13 12 13 13 13 13 13 13 13
27 12 13 13 14 13 13 14 13 13 13 13 13 13 13 13 13 13 13 13 13 13 13 13 12 13 13 13
27 12 13 13 14 13 13 14 13 13 13 13 13 13 13 13 13 13 13 13 13 13 13 13 13 12 13 13
27 12 13 13 14 13 14 13 13 13 13 13 13 13 13 12 13 13 13 13 13 13 13 13 13 13 13 13
27 12 13 13 14 13 14 13 13 13 13 13 13 13 13 13 13 12 13 13 13 13 13 13 13 13 13 13
27 12 13 13 14 13 14 13 13 13 13 13 13 13 13 13 13 13 13 13 12 13 13 13 13 13 13 13
27 12 13 13 14 13 14 13 13 13 13 13 13 13 13 13 13 13 13 13 13 13 12 13 13 13 13 13
27 12 13 14 12 13 13 13 13 13 13 13 14 13 13 13 13 13 13 13 13 13 13 13 13 13 13 13
27 12 13 14 12 13 13 13 14 13 13 13 13 13 13 13 13 13 13 13 13 13 13 13 13 13 13 13
27 12 13 14 13 12 13 13 13 13 13 13 13 13 13 13 13 13 13 13 13 13 13 13 13 13 14 13
27 12 13 14 13 12 13 13 13 13 13 13 13 13 13 13 13 13 13 13 13 13 13 13 14 13 13 13
27 12 13 14 13 12 13 13 13 13 13 13 13 13 13 13 13 13 13 13 13 13 13 14 13 13 13 13
27 12 13 14 13 12 13 13 13 13 13 13 13 13 13 13 13 13 13 13 13 14 13 13 13 13 13 13
27 12 13 14 13 12 13 13 13 13 13 13 13 13 13 13 13 13 13 13 14 13 13 13 13 13 13 13
27 12 13 14 13 12 13 13 13 13 13 13 13 13 13 13 13 13 13 14 13 13 13 13 13 13 13 13
27 12 13 14 13 12 13 13 13 13 13 13 13 13 13 13 13 13 14 13 13 13 13 13 13 13 13 13
27 12 13 14 13 12 13 13 13 13 13 13 13 13 13 14 13 13 13 13 13 13 13 13 13 13 13 13
27 12 13 14 13 12 13 13 13 13 13 13 13 13 14 13 13 13 13 13 13 13 13 13 13 13 13 13
27 12 13 14 13 12 13 13 13 13 13 13 13 14 13 13 13 13 13 13 13 13 13 13 13 13 13 13
27 12 13 14 13 12 13 13 13 13 13 13 14 13 13 13 13 13 13 13 13 13 13 13 13 13 13 13
27 12 13 14 13 12 13 13 13 13 14 13 13 13 13 13 13 13 13 13 13 13 13 13 13 13 13 13
27 12 13 14 13 12 13 13 13 14 13 13 13 13 13 13 13 13 13 13 13 13 13 13 13 13 13 13
27 12 13 14 13 12 13 14 13 13 13 13 13 13 13 13 13 13 13 13 13 13 13 13 13 13 13 13
27 12 13 14 13 13 12 13 13 13 13 13 14 13 13 13 13 13 13 13 13 13 13 13 13 13 13 13
27 12 13 14 13 13 13 13 13 12 13 13 13 13 13 13 13 13 14 13 13 13 13 13 13 13 13 13
27 12 13 14 13 13 13 13 13 13 12 13 13 13 13 13 13 13 13 13 13 13 14 13 13 13 13 13
27 12 13 14 13 13 13 13 13 13 12 13 13 13 13 13 13 14 13 13 13 13 13 13 13 13 13 13
27 12 13 14 13 13 13 13 13 13 12 13 13 13 13 13 14 13 13 13 13 13 13 13 13 13 13 13
27 12 13 14 13 13 13 13 13 13 12 14 13 13 13 13 13 13 13 13 13 13 13 13 13 13 13 13
27 12 13 14 13 13 13 13 13 13 13 12 13 13 13 13 13 13 13 13 13 13 13 13 14 13 13 13
27 12 13 14 13 13 13 13 13 13 13 12 13 13 13 13 13 13 13 13 13 13 13 14 13 13 13 13
27 12 13 14 13 13 13 13 13 13 13 12 13 13 13 13 13 13 13 13 13 14 13 13 13 13 13 13
27 12 13 14 13 13 13 13 13 13 13 12 13 13 13 13 13 13 13 14 13 13 13 13 13 13 13 13
27 12 13 14 13 13 13 13 13 13 13 12 13 13 13 13 13 14 13 13 13 13 13 13 13 13 13 13
27 12 13 14 13 13 13 13 13 13 13 12 13 13 13 13 14 13 13 13 13 13 13 13 13 13 13 13
27 12 13 14 13 13 13 13 13 13 13 12 13 14 13 13 13 13 13 13 13 13 13 13 13 13 13 13
27 12 13 14 13 13 13 13 13 13 13 12 14 13 13 13 13 13 13 13 13 13 13 13 13 13 13 13
27 12 13 14 13 13 13 13 13 13 13 13 13 13 12 13 13 13 13 13 13 13 13 13 13 13 13 14
27 12 13 14 13 13 13 13 13 13 13 13 13 13 13 12 13 13 13 13 13 13 13 13 13 14 13 13
27 12 13 14 13 13 13 13 13 13 13 13 13 13 13 12 13 13 13 13 13 13 13 13 14 13 13 13
27 12 13 14 13 13 13 13 13 13 13 13 13 13 13 12 13 13 13 13 13 13 13 14 13 13 13 13
27 12 13 14 13 13 13 13 13 13 13 13 13 13 13 12 13 13 13 13 13 13 14 13 13 13 13 13
27 12 13 14 13 13 13 13 13 13 13 13 13 13 13 12 13 13 13 13 13 14 13 13 13 13 13 13
27 12 13 14 13 13 13 13 13 13 13 13 13 13 13 12 13 13 13 14 13 13 13 13 13 13 13 13
27 12 13 14 13 13 13 13 13 13 13 13 13 13 13 12 13 14 13 13 13 13 13 13 13 13 13 13
27 12 13 14 13 13 13 13 13 13 13 13 13 13 13 12 14 13 13 13 13 13 13 13 13 13 13 13
27 12 13 14 13 13 13 13 13 13 13 13 13 13 13 13 12 13 13 13 13 13 13 14 13 13 13 13
27 12 13 14 13 13 13 13 13 13 13 13 13 13 13 13 13 13 13 13 12 13 13 13 13 13 14 13
27 12 13 14 13 13 13 13 13 13 13 13 13 13 13 13 13 13 13 13 12 13 13 13 13 14 13 13
27 12 13 14 13 13 13 13 13 13 13 13 13 13 13 13 13 13 13 13 12 14 13 13 13 13 13 13
27 12 13 14 13 13 13 13 13 13 13 13 13 13 13 13 13 13 13 13 13 13 12 14 13 13 13 13
27 12 13 14 13 13 13 13 13 13 13 13 13 13 13 13 13 13 13 13 13 13 13 13 13 12 14 13
27 12 13 14 13 13 13 13 13 13 13 13 13 13 13 13 13 13 13 13 13 13 13 13 13 13 12 14
27 12 13 14 13 13 13 13 13 13 13 13 13 13 13 13 13 13 13 13 13 13 13 13 14 12 13 13
27 12 13 14 13 13 13 13 13 13 13 13 13 13 13 13 13 13 13 13 13 13 13 13 14 13 12 13
27 12 13 14 13 13 13 13 13 13 13 13 13 13 13 13 13 13 13 13 13 13 14 13 13 13 12 13
27 12 13 14 13 13 13 13 13 13 13 13 13 13 13 13 13 13 13 13 13 14 13 13 13 13 12 13
27 12 13 14 13 13 13 13 13 13 13 13 13 13 13 13 13 13 13 13 14 13 12 13 13 13 13 13
27 12 13 14 13 13 13 13 13 13 13 13 13 13 13 13 13 13 13 13 14 13 13 13 13 12 13 13
27 12 13 14 13 13 13 13 13 13 13 13 13 13 13 13 13 13 13 14 12 13 13 13 13 13 13 13
27 12 13 14 13 13 13 13 13 13 13 13 13 13 13 13 13 13 13 14 13 13 13 13 13 13 12 13
27 12 13 14 13 13 13 13 13 13 13 13 13 13 13 13 13 13 14 13 13 13 13 13 13 12 13 13
27 12 13 14 13 13 13 13 13 13 13 13 13 13 13 13 13 14 13 12 13 13 13 13 13 13 13 13
27 12 13 14 13 13 13 13 13 13 13 13 13 13 13 13 13 14 13 13 13 13 12 13 13 13 13 13
27 12 13 14 13 13 13 13 13 13 13 13 13 13 13 13 13 14 13 13 13 13 13 13 12 13 13 13
27 12 13 14 13 13 13 13 13 13 13 13 13 13 13 13 13 14 13 13 13 13 13 13 13 12 13 13
27 12 13 14 13 13 13 13 13 13 13 13 13 13 13 13 13 14 13 13 13 13 13 13 13 13 12 13
27 12 13 14 13 13 13 13 13 13 13 13 13 13 13 13 14 13 13 13 12 13 13 13 13 13 13 13
27 12 13 14 13 13 13 13 13 13 13 13 13 13 13 13 14 13 13 13 13 13 13 13 13 12 13 13
27 12 13 14 13 13 13 13 13 13 13 13 13 13 13 13 14 13 13 13 13 13 13 13 13 13 12 13
27 12 13 14 13 13 13 13 13 13 13 13 13 13 13 14 13 13 13 13 12 13 13 13 13 13 13 13
27 12 13 14 13 13 13 13 13 13 13 13 13 13 14 12 13 13 13 13 13 13 13 13 13 13 13 13
27 12 13 14 13 13 13 13 13 13 13 13 13 13 14 13 13 13 13 13 12 13 13 13 13 13 13 13
27 12 13 14 13 13 13 13 13 13 13 13 13 13 14 13 13 13 13 13 13 13 13 13 13 13 12 13
27 12 13 14 13 13 13 13 13 13 13 13 13 14 13 12 13 13 13 13 13 13 13 13 13 13 13 13
27 12 13 14 13 13 13 13 13 13 13 13 13 14 13 13 13 13 13 13 13 13 12 13 13 13 13 13
27 12 13 14 13 13 13 13 13 13 13 13 13 14 13 13 13 13 13 13 13 13 13 13 13 12 13 13
27 12 13 14 13 13 13 13 13 13 13 13 13 14 13 13 13 13 13 13 13 13 13 13 13 13 12 13
27 12 13 14 13 13 13 13 13 13 13 13 14 13 13 13 13 13 13 13 12 13 13 13 13 13 13 13
27 12 13 14 13 13 13 13 13 13 13 13 14 13 13 13 13 13 13 13 13 13 12 13 13 13 13 13
27 12 13 14 13 13 13 13 13 13 13 13 14 13 13 13 13 13 13 13 13 13 13 13 13 13 12 13
27 12 13 14 13 13 13 13 13 13 13 14 13 13 13 12 13 13 13 13 13 13 13 13 13 13 13 13
27 12 13 14 13 13 13 13 13 13 13 14 13 13 13 13 13 13 13 13 13 13 13 13 13 12 13 13
27 12 13 14 13 13 13 13 13 13 13 14 13 13 13 13 13 13 13 13 13 13 13 13 13 13 12 13
27 12 13 14 13 13 13 13 13 13 14 13 13 13 13 12 13 13 13 13 13 13 13 13 13 13 13 13
27 12 13 14 13 13 13 13 13 13 14 13 13 13 13 13 13 13 13 13 13 13 12 13 13 13 13 13
27 12 13 14 13 13 13 13 13 14 13 12 13 13 13 13 13 13 13 13 13 13 13 13 13 13 13 13
27 12 13 14 13 13 13 13 13 14 13 13 13 13 13 12 13 13 13 13 13 13 13 13 13 13 13 13
27 12 13 14 13 13 13 13 13 14 13 13 13 13 13 13 13 13 13 13 13 13 13 13 13 12 13 13
27 12 13 14 13 13 13 13 13 14 13 13 13 13 13 13 13 13 13 13 13 13 13 13 13 13 12 13
27 12 13 14 13 13 13 13 14 13 13 13 13 13 13 12 13 13 13 13 13 13 13 13 13 13 13 13
27 12 13 14 13 13 13 13 14 13 13 13 13 13 13 13 13 13 13 13 12 13 13 13 13 13 13 13
27 12 13 14 13 13 13 13 14 13 13 13 13 13 13 13 13 13 13 13 13 13 12 13 13 13 13 13
27 12 13 14 13 13 13 13 14 13 13 13 13 13 13 13 13 13 13 13 13 13 13 13 13 13 12 13
27 12 13 14 13 13 13 14 13 13 13 13 13 13 13 13 13 13 13 13 12 13 13 13 13 13 13 13
27 12 13 14 13 13 13 14 13 13 13 13 13 13 13 13 13 13 13 13 13 13 13 13 12 13 13 13
27 12 13 14 13 13 13 14 13 13 13 13 13 13 13 13 13 13 13 13 13 13 13 13 13 12 13 13
27 12 13 14 13 13 14 13 13 13 12 13 13 13 13 13 13 13 13 13 13 13 13 13 13 13 13 13
27 12 13 14 13 13 14 13 13 13 13 12 13 13 13 13 13 13 13 13 13 13 13 13 13 13 13 13
27 12 13 14 13 13 14 13 13 13 13 13 13 13 13 12 13 13 13 13 13 13 13 13 13 13 13 13
27 12 13 14 13 13 14 13 13 13 13 13 13 13 13 13 13 13 13 13 12 13 13 13 13 13 13 13
27 12 13 14 13 13 14 13 13 13 13 13 13 13 13 13 13 13 13 13 13 13 13 13 13 12 13 13
27 12 13 14 13 13 14 13 13 13 13 13 13 13 13 13 13 13 13 13 13 13 13 13 13 13 12 13
27 12 13 14 13 14 13 13 13 13 13 13 13 13 13 12 13 13 13 13 13 13 13 13 13 13 13 13
27 12 13 14 13 14 13 13 13 13 13 13 13 13 13 13 13 13 13 13 12 13 13 13 13 13 13 13
27 12 13 14 13 14 13 13 13 13 13 13 13 13 13 13 13 13 13 13 13 13 12 13 13 13 13 13
27 12 13 14 13 14 13 13 13 13 13 13 13 13 13 13 13 13 13 13 13 13 13 13 13 12 13 13
27 12 13 14 14 12 13 13 13 13 13 13 13 13 13 13 13 13 13 13 13 13 13 13 13 13 13 13
27 12 14 13 12 13 13 13 14 13 13 13 13 13 13 13 13 13 13 13 13 13 13 13 13 13 13 13
27 12 14 13 13 12 13 13 13 13 13 13 13 13 13 13 13 13 13 13 13 13 13 13 13 13 13 14
27 12 14 13 13 12 13 13 13 13 13 13 13 13 13 13 13 13 13 13 13 13 13 13 13 13 14 13
27 12 14 13 13 12 13 13 13 13 13 13 13 13 13 13 13 13 13 13 13 13 13 13 13 14 13 13
27 12 14 13 13 12 13 13 13 13 13 13 13 13 13 13 13 13 13 13 13 13 13 13 14 13 13 13
27 12 14 13 13 12 13 13 13 13 13 13 13 13 13 13 13 13 13 13 13 13 13 14 13 13 13 13
27 12 14 13 13 12 13 13 13 13 13 13 13 13 13 13 13 13 13 13 13 13 14 13 13 13 13 13
27 12 14 13 13 12 13 13 13 13 13 13 13 13 13 13 13 13 13 13 13 14 13 13 13 13 13 13
27 12 14 13 13 12 13 13 13 13 13 13 13 13 13 13 13 13 13 13 14 13 13 13 13 13 13 13
27 12 14 13 13 12 13 13 13 13 13 13 13 13 13 13 13 13 13 14 13 13 13 13 13 13 13 13
27 12 14 13 13 12 13 13 13 13 13 13 13 13 13 13 13 13 14 13 13 13 13 13 13 13 13 13
27 12 14 13 13 12 13 13 13 13 13 13 13 13 13 13 13 14 13 13 13 13 13 13 13 13 13 13
27 12 14 13 13 12 13 13 13 13 13 13 13 13 13 13 14 13 13 13 13 13 13 13 13 13 13 13
27 12 14 13 13 12 13 13 13 13 13 13 13 13 13 14 13 13 13 13 13 13 13 13 13 13 13 13
27 12 14 13 13 12 13 13 13 13 13 13 13 13 14 13 13 13 13 13 13 13 13 13 13 13 13 13
27 12 14 13 13 12 13 13 13 13 13 13 13 14 13 13 13 13 13 13 13 13 13 13 13 13 13 13
27 12 14 13 13 12 13 13 13 13 13 13 14 13 13 13 13 13 13 13 13 13 13 13 13 13 13 13
27 12 14 13 13 12 13 13 13 13 13 14 13 13 13 13 13 13 13 13 13 13 13 13 13 13 13 13
27 12 14 13 13 12 13 13 13 13 14 13 13 13 13 13 13 13 13 13 13 13 13 13 13 13 13 13
27 12 14 13 13 12 13 13 13 14 13 13 13 13 13 13 13 13 13 13 13 13 13 13 13 13 13 13
27 12 14 13 13 12 13 13 14 13 13 13 13 13 13 13 13 13 13 13 13 13 13 13 13 13 13 13
27 12 14 13 13 12 14 13 13 13 13 13 13 13 13 13 13 13 13 13 13 13 13 13 13 13 13 13
27 12 14 13 13 13 12 13 13 13 13 13 14 13 13 13 13 13 13 13 13 13 13 13 13 13 13 13
27 12 14 13 13 13 13 13 13 13 12 13 13 13 13 13 13 13 13 13 13 13 13 13 13 13 13 14
27 12 14 13 13 13 13 13 13 13 12 13 13 13 13 13 13 13 13 13 13 13 13 13 13 13 14 13
27 12 14 13 13 13 13 13 13 13 12 13 13 13 13 13 13 13 13 13 13 13 13 14 13 13 13 13
27 12 14 13 13 13 13 13 13 13 12 13 13 13 13 13 13 13 13 13 13 13 14 13 13 13 13 13
27 12 14 13 13 13 13 13 13 13 12 13 13 13 13 13 13 13 13 13 13 14 13 13 13 13 13 13
27 12 14 13 13 13 13 13 13 13 12 13 13 13 13 13 13 13 14 13 13 13 13 13 13 13 13 13
27 12 14 13 13 13 13 13 13 13 12 13 13 13 13 13 13 14 13 13 13 13 13 13 13 13 13 13
27 12 14 13 13 13 13 13 13 13 12 13 13 13 13 13 14 13 13 13 13 13 13 13 13 13 13 13
27 12 14 13 13 13 13 13 13 13 12 13 13 13 13 14 13 13 13 13 13 13 13 13 13 13 13 13
27 12 14 13 13 13 13 13 13 13 12 14 13 13 13 13 13 13 13 13 13 13 13 13 13 13 13 13
27 12 14 13 13 13 13 13 13 13 13 12 13 13 13 13 13 13 13 13 13 13 13 13 13 13 13 14
27 12 14 13 13 13 13 13 13 13 13 12 13 13 13 13 13 13 13 13 13 13 13 14 13 13 13 13
27 12 14 13 13 13 13 13 13 13 13 12 13 13 13 13 13 13 13 13 13 13 14 13 13 13 13 13
27 12 14 13 13 13 13 13 13 13 13 12 13 13 13 13 13 13 13 13 13 14 13 13 13 13 13 13
27 12 14 13 13 13 13 13 13 13 13 12 13 13 13 13 13 13 13 14 13 13 13 13 13 13 13 13
27 12 14 13 13 13 13 13 13 13 13 12 13 13 13 13 13 14 13 13 13 13 13 13 13 13 13 13
27 12 14 13 13 13 13 13 13 13 13 12 13 13 13 13 14 13 13 13 13 13 13 13 13 13 13 13
27 12 14 13 13 13 13 13 13 13 13 12 13 13 14 13 13 13 13 13 13 13 13 13 13 13 13 13
27 12 14 13 13 13 13 13 13 13 13 12 14 13 13 13 13 13 13 13 13 13 13 13 13 13 13 13
27 12 14 13 13 13 13 13 13 13 13 13 13 13 13 12 13 13 13 13 13 13 13 13 13 13 14 13
27 12 14 13 13 13 13 13 13 13 13 13 13 13 13 12 13 13 13 13 13 13 13 13 13 14 13 13
27 12 14 13 13 13 13 13 13 13 13 13 13 13 13 12 13 13 13 13 13 13 13 13 14 13 13 13
27 12 14 13 13 13 13 13 13 13 13 13 13 13 13 12 13 13 13 13 13 13 13 14 13 13 13 13
27 12 14 13 13 13 13 13 13 13 13 13 13 13 13 12 13 13 13 13 13 13 14 13 13 13 13 13
27 12 14 13 13 13 13 13 13 13 13 13 13 13 13 12 13 13 13 13 13 14 13 13 13 13 13 13
27 12 14 13 13 13 13 13 13 13 13 13 13 13 13 12 13 13 13 13 14 13 13 13 13 13 13 13
27 12 14 13 13 13 13 13 13 13 13 13 13 13 13 12 13 13 13 14 13 13 13 13 13 13 13 13
27 12 14 13 13 13 13 13 13 13 13 13 13 13 13 12 13 13 14 13 13 13 13 13 13 13 13 13
27 12 14 13 13 13 13 13 13 13 13 13 13 13 13 13 12 13 13 13 13 13 13 14 13 13 13 13
27 12 14 13 13 13 13 13 13 13 13 13 13 13 13 13 13 13 13 13 12 13 13 13 13 13 13 14
27 12 14 13 13 13 13 13 13 13 13 13 13 13 13 13 13 13 13 13 12 13 13 13 13 13 14 13
27 12 14 13 13 13 13 13 13 13 13 13 13 13 13 13 13 13 13 13 12 13 13 13 14 13 13 13
27 12 14 13 13 13 13 13 13 13 13 13 13 13 13 13 13 13 13 13 13 13 12 13 13 13 13 14
27 12 14 13 13 13 13 13 13 13 13 13 13 13 13 13 13 13 13 13 13 13 12 13 13 14 13 13
27 12 14 13 13 13 13 13 13 13 13 13 13 13 13 13 13 13 13 13 13 13 12 14 13 13 13 13
27 12 14 13 13 13 13 13 13 13 13 13 13 13 13 13 13 13 13 13 13 13 13 13 13 12 14 13
27 12 14 13 13 13 13 13 13 13 13 13 13 13 13 13 13 13 13 13 13 13 13 13 13 13 13 13
27 12 14 13 13 13 13 13 13 13 13 13 13 13 13 13 13 13 13 13 13 13 13 13 14 12 13 13
27 12 14 13 13 13 13 13 13 13 13 13 13 13 13 13 13 13 13 13 13 13 14 13 13 12 13 13
27 12 14 13 13 13 13 13 13 13 13 13 13 13 13 13 13 13 13 13 14 13 13 13 13 12 13 13
27 12 14 13 13 13 13 13 13 13 13 13 13 13 13 13 13 13 13 14 13 13 13 13 13 12 13 13
27 12 14 13 13 13 13 13 13 13 13 13 13 13 13 13 13 13 14 13 13 13 13 13 13 12 13 13
27 12 14 13 13 13 13 13 13 13 13 13 13 13 13 13 13 14 13 12 13 13 13 13 13 13 13 13
27 12 14 13 13 13 13 13 13 13 13 13 13 13 13 13 13 14 13 13 12 13 13 13 13 13 13 13
27 12 14 13 13 13 13 13 13 13 13 13 13 13 13 13 13 14 13 13 13 13 12 13 13 13 13 13
27 12 14 13 13 13 13 13 13 13 13 13 13 13 13 13 13 14 13 13 13 13 13 13 13 12 13 13
27 12 14 13 13 13 13 13 13 13 13 13 13 13 13 13 14 13 13 13 12 13 13 13 13 13 13 13
27 12 14 13 13 13 13 13 13 13 13 13 13 13 13 13 14 13 13 13 13 13 13 13 13 12 13 13
27 12 14 13 13 13 13 13 13 13 13 13 13 13 13 14 13 13 13 13 12 13 13 13 13 13 13 13
27 12 14 13 13 13 13 13 13 13 13 13 13 13 13 14 13 13 13 13 13 13 13 13 13 12 13 13
27 12 14 13 13 13 13 13 13 13 13 13 13 13 14 12 13 13 13 13 13 13 13 13 13 13 13 13
27 12 14 13 13 13 13 13 13 13 13 13 13 13 14 13 13 13 13 13 13 13 13 13 13 12 13 13
27 12 14 13 13 13 13 13 13 13 13 13 13 14 13 13 13 13 13 13 12 13 13 13 13 13 13 13
27 12 14 13 13 13 13 13 13 13 13 13 13 14 13 13 13 13 13 13 13 13 13 13 13 12 13 13
27 12 14 13 13 13 13 13 13 13 13 13 14 13 13 12 13 13 13 13 13 13 13 13 13 13 13 13
27 12 14 13 13 13 13 13 13 13 13 13 14 13 13 13 13 13 13 13 13 13 12 13 13 13 13 13
27 12 14 13 13 13 13 13 13 13 13 14 13 13 13 12 13 13 13 13 13 13 13 13 13 13 13 13
27 12 14 13 13 13 13 13 13 13 13 14 13 13 13 13 13 13 13 13 12 13 13 13 13 13 13 13
27 12 14 13 13 13 13 13 13 13 13 14 13 13 13 13 13 13 13 13 13 13 13 13 13 12 13 13
27 12 14 13 13 13 13 13 13 13 14 13 13 13 13 12 13 13 13 13 13 13 13 13 13 13 13 13
27 12 14 13 13 13 13 13 13 13 14 13 13 13 13 13 13 13 13 13 13 13 12 13 13 13 13 13
27 12 14 13 13 13 13 13 13 14 13 13 13 13 13 12 13 13 13 13 13 13 13 13 13 13 13 13
27 12 14 13 13 13 13 13 13 14 13 13 13 13 13 13 13 13 13 13 12 13 13 13 13 13 13 13
27 12 14 13 13 13 13 13 13 14 13 13 13 13 13 13 13 13 13 13 13 13 13 13 13 12 13 13
27 12 14 13 13 13 13 13 14 13 13 12 13 13 13 13 13 13 13 13 13 13 13 13 13 13 13 13
27 12 14 13 13 13 13 13 14 13 13 13 13 13 13 12 13 13 13 13 13 13 13 13 13 13 13 13
27 12 14 13 13 13 13 13 14 13 13 13 13 13 13 13 13 13 13 13 13 13 12 13 13 13 13 13
27 12 14 13 13 13 13 13 14 13 13 13 13 13 13 13 13 13 13 13 13 13 13 13 13 12 13 13
27 12 14 13 13 13 13 14 13 13 12 13 13 13 13 13 13 13 13 13 13 13 13 13 13 13 13 13
27 12 14 13 13 13 13 14 13 13 13 13 13 13 13 12 13 13 13 13 13 13 13 13 13 13 13 13
27 12 14 13 13 13 13 14 13 13 13 13 13 13 13 13 13 13 13 13 12 13 13 13 13 13 13 13
27 12 14 13 13 13 13 14 13 13 13 13 13 13 13 13 13 13 13 13 13 13 13 13 13 12 13 13
27 12 14 13 13 13 14 13 13 13 12 13 13 13 13 13 13 13 13 13 13 13 13 13 13 13 13 13
27 12 14 13 13 13 14 13 13 13 13 12 13 13 13 13 13 13 13 13 13 13 13 13 13 13 13 13
27 12 14 13 13 13 14 13 13 13 13 13 13 13 13 13 13 13 13 13 12 13 13 13 13 13 13 13
27 12 14 13 13 13 14 13 13 13 13 13 13 13 13 13 13 13 13 13 13 13 13 13 13 12 13 13
27 12 14 13 13 14 13 13 13 13 12 13 13 13 13 13 13 13 13 13 13 13 13 13 13 13 13 13
27 12 14 13 13 14 13 13 13 13 13 13 13 13 13 13 13 13 13 13 12 13 13 13 13 13 13 13
27 12 14 13 13 14 13 13 13 13 13 13 13 13 13 13 13 13 13 13 13 13 12 13 13 13 13 13
27 12 14 13 13 14 13 13 13 13 13 13 13 13 13 13 13 13 13 13 13 13 13 13 13 12 13 13
27 12 14 13 14 12 13 13 13 13 13 13 13 13 13 13 13 13 13 13 13 13 13 13 13 13 13 13
27 12 14 13 14 13 13 13 13 13 12 13 13 13 13 13 13 13 13 13 13 13 13 13 13 13 13 13
27 12 14 13 14 13 13 13 13 13 13 13 13 13 13 12 13 13 13 13 13 13 13 13 13 13 13 13
27 12 14 13 14 13 13 13 13 13 13 13 13 13 13 13 13 13 13 13 12 13 13 13 13 13 13 13
27 12 14 13 14 13 13 13 13 13 13 13 13 13 13 13 13 13 13 13 13 13 13 13 13 12 13 13
27 13 13 13 13 12 13 13 13 13 12 13 13 13 13 13 13 13 13 13 14 13 13 13 13 13 13 14
27 13 13 13 13 12 13 13 13 13 12 13 13 13 13 13 13 13 13 13 14 13 13 13 13 13 14 13
27 13 13 13 13 12 13 13 13 13 12 13 13 13 13 13 13 13 13 13 14 13 13 13 14 13 13 13
27 13 13 13 13 12 13 13 13 13 12 13 13 13 13 13 13 13 13 13 14 13 13 14 13 13 13 13
27 13 13 13 13 12 13 13 13 13 12 13 13 13 13 13 13 13 13 13 14 13 14 13 13 13 13 13
27 13 13 13 13 12 13 13 13 13 12 13 13 13 13 13 13 13 13 14 14 13 13 13 13 13 13 13
27 13 13 13 13 12 13 13 13 13 12 13 13 13 13 13 13 13 14 14 13 13 13 13 13 13 13 13
27 13 13 13 13 12 13 13 13 13 12 13 13 13 13 14 13 13 13 13 13 13 13 13 13 13 13 14
27 13 13 13 13 12 13 13 13 13 12 13 13 13 13 14 13 13 13 13 13 13 13 13 13 13 14 13
27 13 13 13 13 12 13 13 13 13 12 13 13 13 13 14 13 13 13 13 13 13 13 13 14 13 13 13
27 13 13 13 13 12 13 13 13 13 12 13 13 13 13 14 13 13 13 14 13 13 13 13 13 13 13 13
27 13 13 13 13 12 13 13 13 13 12 13 13 14 13 13 13 13 13 13 13 13 13 13 13 13 14 13
27 13 13 13 13 12 13 13 13 13 12 13 13 14 13 13 13 13 13 13 13 14 13 13 13 13 13 13
27 13 13 13 13 12 13 13 13 13 13 12 13 13 13 13 13 13 13 13 13 13 13 13 13 13 14 14
27 13 13 13 13 12 13 13 13 13 13 12 13 13 13 13 13 13 13 13 13 13 13 13 14 13 13 14
27 13 13 13 13 12 13 13 13 13 13 12 13 13 13 13 13 13 13 13 13 13 13 14 13 13 14 13
27 13 13 13 13 12 13 13 13 13 13 12 13 13 13 13 13 13 13 13 13 13 14 13 14 13 13 13
27 13 13 13 13 12 13 13 13 13 13 12 13 13 13 13 13 13 13 13 13 13 14 14 13 13 13 13
27 13 13 13 13 12 13 13 13 13 13 12 13 13 13 13 13 13 13 13 13 14 13 13 13 13 13 14
27 13 13 13 13 12 13 13 13 13 13 12 13 13 13 13 13 13 13 13 13 14 14 13 13 13 13 13
27 13 13 13 13 12 13 13 13 13 13 12 13 13 13 13 13 13 13 13 14 13 13 13 13 13 13 14
27 13 13 13 13 12 13 13 13 13 13 12 13 13 13 13 13 13 13 13 14 13 14 13 13 13 13 13
27 13 13 13 13 12 13 13 13 13 13 12 13 13 13 13 13 13 13 14 13 13 13 13 13 13 13 14
27 13 13 13 13 12 13 13 13 13 13 12 13 13 13 13 13 13 13 14 13 13 13 13 13 13 14 13
27 13 13 13 13 12 13 13 13 13 13 12 13 13 13 13 13 13 13 14 13 13 13 14 13 13 13 13
27 13 13 13 13 12 13 13 13 13 13 12 13 13 13 13 13 13 13 14 13 13 14 13 13 13 13 13
27 13 13 13 13 12 13 13 13 13 13 12 13 13 13 13 13 13 13 14 13 14 13 13 13 13 13 13
27 13 13 13 13 12 13 13 13 13 13 12 13 13 13 13 13 13 14 13 13 13 13 13 13 13 13 14
27 13 13 13 13 12 13 13 13 13 13 12 13 13 13 13 13 13 14 13 13 14 13 13 13 13 13 13
27 13 13 13 13 12 13 13 13 13 13 12 13 13 13 13 13 13 14 14 13 13 13 13 13 13 13 13
27 13 13 13 13 12 13 13 13 13 13 12 13 13 13 13 13 14 13 13 13 13 13 13 13 13 14 13
27 13 13 13 13 12 13 13 13 13 13 12 13 13 13 13 13 14 13 13 13 13 13 13 14 13 13 13
27 13 13 13 13 12 13 13 13 13 13 12 13 13 13 13 13 14 13 13 13 13 13 14 13 13 13 13
27 13 13 13 13 12 13 13 13 13 13 12 13 13 13 13 13 14 13 13 13 14 13 13 13 13 13 13
27 13 13 13 13 12 13 13 13 13 13 12 13 13 13 13 13 14 13 14 13 13 13 13 13 13 13 13
27 13 13 13 13 12 13 13 13 13 13 12 13 13 13 13 13 14 14 13 13 13 13 13 13 13 13 13
27 13 13 13 13 12 13 13 13 13 13 12 13 13 13 13 14 13 13 13 13 13 13 13 13 13 13 14
27 13 13 13 13 12 13 13 13 13 13 12 13 13 13 13 14 13 13 13 13 13 13 13 13 13 14 13
27 13 13 13 13 12 13 13 13 13 13 12 13 13 13 13 14 13 13 13 13 13 13 13 14 13 13 13
27 13 13 13 13 12 13 13 13 13 13 12 13 13 13 13 14 13 13 13 13 13 13 14 13 13 13 13
27 13 13 13 13 12 13 13 13 13 13 12 13 13 13 13 14 13 13 13 13 14 13 13 13 13 13 13
27 13 13 13 13 12 13 13 13 13 13 12 13 13 13 13 14 13 13 14 13 13 13 13 13 13 13 13
27 13 13 13 13 12 13 13 13 13 13 12 13 13 13 13 14 13 14 13 13 13 13 13 13 13 13 13
27 13 13 13 13 12 13 13 13 13 13 12 13 13 13 13 14 14 13 13 13 13 13 13 13 13 13 13
27 13 13 13 13 12 13 13 13 13 13 12 13 13 13 14 13 13 13 13 13 13 13 13 13 13 13 14
27 13 13 13 13 12 13 13 13 13 13 12 13 13 13 14 13 13 13 13 13 13 13 13 13 14 13 13
27 13 13 13 13 12 13 13 13 13 13 12 13 13 13 14 13 13 13 13 13 13 13 14 13 13 13 13
27 13 13 13 13 12 13 13 13 13 13 12 13 13 13 14 13 13 14 13 13 13 13 13 13 13 13 13
27 13 13 13 13 12 13 13 13 13 13 12 13 13 14 13 13 13 13 13 13 13 13 13 13 13 14 13
27 13 13 13 13 12 13 13 13 13 13 12 13 13 14 13 13 13 13 13 13 13 13 13 14 13 13 13
27 13 13 13 13 12 13 13 13 13 13 12 13 13 14 13 13 13 13 13 13 13 13 14 13 13 13 13
27 13 13 13 13 12 13 13 13 13 13 12 13 13 14 13 13 13 13 13 13 14 13 13 13 13 13 13
27 13 13 13 13 12 13 13 13 13 13 12 13 13 14 13 13 13 14 13 13 13 13 13 13 13 13 13
27 13 13 13 13 12 13 13 13 13 13 12 13 13 14 13 14 13 13 13 13 13 13 13 13 13 13 13
27 13 13 13 13 12 13 13 13 13 13 12 13 14 13 13 13 13 13 13 13 13 13 13 13 13 13 14
27 13 13 13 13 12 13 13 13 13 13 12 13 14 13 13 13 13 13 13 13 13 14 13 13 13 13 13
27 13 13 13 13 12 13 13 13 13 13 12 13 14 13 13 13 13 13 13 14 13 13 13 13 13 13 13
27 13 13 13 13 12 13 13 13 13 13 12 13 14 13 13 13 14 13 13 13 13 13 13 13 13 13 13
27 13 13 13 13 12 13 13 13 13 13 12 13 14 13 13 14 13 13 13 13 13 13 13 13 13 13 13
27 13 13 13 13 12 13 13 13 13 13 12 13 14 14 13 13 13 13 13 13 13 13 13 13 13 13 13
27 13 13 13 13 12 13 13 13 13 13 12 14 13 13 13 13 13 13 13 13 13 13 13 13 13 14 13
27 13 13 13 13 12 13 13 13 13 13 12 14 13 13 13 13 13 14 13 13 13 13 13 13 13 13 13
27 13 13 13 13 12 13 13 13 13 13 12 14 13 13 13 14 13 13 13 13 13 13 13 13 13 13 13
27 13 13 13 13 12 13 13 13 13 13 13 13 13 13 12 13 13 13 13 13 13 13 13 13 14 13 14
27 13 13 13 13 12 13 13 13 13 13 13 13 13 13 12 13 13 13 13 13 13 13 13 13 14 14 13
27 13 13 13 13 12 13 13 13 13 13 13 13 13 13 12 13 13 13 13 13 13 13 13 14 13 13 14
27 13 13 13 13 12 13 13 13 13 13 13 13 13 13 12 13 13 13 13 13 13 13 14 13 13 14 13
27 13 13 13 13 12 13 13 13 13 13 13 13 13 13 12 13 13 13 13 13 13 13 14 13 14 13 13
27 13 13 13 13 12 13 13 13 13 13 13 13 13 13 12 13 13 13 13 13 13 13 14 14 13 13 13
27 13 13 13 13 12 13 13 13 13 13 13 13 13 13 12 13 13 13 13 13 13 14 13 13 13 14 13
27 13 13 13 13 12 13 13 13 13 13 13 13 13 13 12 13 13 13 13 13 13 14 13 13 14 13 13
27 13 13 13 13 12 13 13 13 13 13 13 13 13 13 12 13 13 13 13 13 13 14 13 14 13 13 13
27 13 13 13 13 12 13 13 13 13 13 13 13 13 13 12 13 13 13 13 13 14 13 14 13 13 13 13
27 13 13 13 13 12 13 13 13 13 13 13 13 13 13 12 13 13 13 13 13 14 14 13 13 13 13 13
27 13 13 13 13 12 13 13 13 13 13 13 13 13 13 12 13 13 13 13 14 13 13 13 13 13 13 14
27 13 13 13 13 12 13 13 13 13 13 13 13 13 13 12 13 13 13 13 14 13 13 13 13 13 14 13
27 13 13 13 13 12 13 13 13 13 13 13 13 13 13 12 13 13 13 13 14 13 13 13 14 13 13 13
27 13 13 13 13 12 13 13 13 13 13 13 13 13 13 12 13 13 13 13 14 13 13 14 13 13 13 13
27 13 13 13 13 12 13 13 13 13 13 13 13 13 13 12 13 13 13 13 14 13 14 13 13 13 13 13
27 13 13 13 13 12 13 13 13 13 13 13 13 13 13 12 13 13 13 14 13 13 13 13 13 13 13 14
27 13 13 13 13 12 13 13 13 13 13 13 13 13 13 12 13 13 13 14 13 13 13 13 13 14 13 13
27 13 13 13 13 12 13 13 13 13 13 13 13 13 13 12 13 13 13 14 13 13 13 14 13 13 13 13
27 13 13 13 13 12 13 13 13 13 13 13 13 13 13 12 13 13 13 14 13 13 14 13 13 13 13 13
27 13 13 13 13 12 13 13 13 13 13 13 13 13 13 12 13 13 14 13 13 13 13 13 14 13 13 13
27 13 13 13 13 12 13 13 13 13 13 13 13 13 13 12 13 13 14 13 13 14 13 13 13 13 13 13
27 13 13 13 13 12 13 13 13 13 13 13 13 13 13 12 13 13 14 14 13 13 13 13 13 13 13 13
27 13 13 13 13 12 13 13 13 13 13 13 13 13 13 12 13 14 13 13 13 13 13 13 14 13 13 13
27 13 13 13 13 12 13 13 13 13 13 13 13 13 13 12 13 14 13 14 13 13 13 13 13 13 13 13
27 13 13 13 13 12 13 13 13 13 13 13 13 13 13 12 14 13 13 13 13 13 13 13 13 13 13 14
27 13 13 13 13 12 13 13 13 13 13 13 13 13 13 12 14 13 13 13 13 13 14 13 13 13 13 13
27 13 13 13 13 12 13 13 13 13 13 13 13 13 13 13 13 13 13 13 12 13 13 14 13 13 14 13
27 13 13 13 13 12 13 13 13 13 13 13 13 13 13 13 13 13 13 13 12 14 13 13 13 13 13 14
27 13 13 13 13 12 13 13 13 13 13 13 13 13 13 13 13 13 13 13 12 14 13 14 13 13 13 13
27 13 13 13 13 12 13 13 13 13 13 13 13 13 13 13 13 13 13 13 13 13 12 13 13 13 14 14
27 13 13 13 13 12 13 13 13 13 13 13 13 13 13 13 13 13 13 13 13 13 12 13 14 13 13 14
27 13 13 13 13 12 13 13 13 13 13 13 13 13 13 13 13 13 13 13 13 13 12 14 13 13 14 13
27 13 13 13 13 12 13 13 13 13 13 13 13 13 13 13 13 13 13 13 13 13 13 13 14 13 13 13
27 13 13 13 13 12 13 13 13 13 13 13 13 13 13 13 13 13 13 13 13 13 13 14 13 13 13 13
27 13 13 13 13 12 13 13 13 13 13 13 13 13 13 13 13 13 13 13 13 13 14 13 13 13 13 13
27 13 13 13 13 12 13 13 13 13 13 13 13 13 13 13 13 13 13 14 13 13 12 13 13 13 13 14
27 13 13 13 13 12 13 13 13 13 13 13 13 13 13 13 13 13 13 14 13 13 12 13 13 13 14 13
27 13 13 13 13 12 13 13 13 13 13 13 13 13 13 13 13 13 13 14 13 13 12 14 13 13 13 13
27 13 13 13 13 12 13 13 13 13 13 13 13 13 13 13 13 13 13 14 13 13 13 13 13 13 13 13
27 13 13 13 13 12 13 13 13 13 13 13 13 13 13 13 13 13 13 14 13 14 12 13 13 13 13 13
27 13 13 13 13 12 13 13 13 13 13 13 13 13 13 13 13 13 13 14 14 13 12 13 13 13 13 13
27 13 13 13 13 12 13 13 13 13 13 13 13 13 13 13 13 13 14 13 13 13 12 13 13 13 14 13
27 13 13 13 13 12 13 13 13 13 13 13 13 13 13 13 13 13 14 14 12 13 13 13 13 13 13 13
27 13 13 13 13 12 13 13 13 13 13 13 13 13 13 13 13 13 14 14 13 13 12 13 13 13 13 13
27 13 13 13 13 12 13 13 13 13 13 13 13 13 13 13 13 14 13 13 13 13 12 13 13 13 13 14
27 13 13 13 13 12 13 13 13 13 13 13 13 13 13 13 13 14 13 13 13 13 12 14 13 13 13 13
27 13 13 13 13 12 13 13 13 13 13 13 13 13 13 13 13 14 13 14 12 13 13 13 13 13 13 13
27 13 13 13 13 12 13 13 13 13 13 13 13 13 13 13 13 14 13 14 13 13 12 13 13 13 13 13
27 13 13 13 13 12 13 13 13 13 13 13 13 13 13 13 13 14 14 13 13 13 12 13 13 13 13 13
27 13 13 13 13 12 13 13 13 13 13 13 13 13 13 13 14 13 13 14 13 13 12 13 13 13 13 13
27 13 13 13 13 12 13 13 13 13 13 13 13 13 13 14 13 13 13 13 12 13 13 13 13 13 13 14
27 13 13 13 13 12 13 13 13 13 13 13 13 13 13 14 13 13 13 13 12 13 13 13 13 13 14 13
27 13 13 13 13 12 13 13 13 13 13 13 13 13 13 14 13 13 13 13 12 13 13 14 13 13 13 13
27 13 13 13 13 12 13 13 13 13 13 13 13 13 13 14 13 13 13 13 12 13 14 13 13 13 13 13
27 13 13 13 13 12 13 13 13 13 13 13 13 13 13 14 13 13 13 14 12 13 13 13 13 13 13 13
27 13 13 13 13 12 13 13 13 13 13 13 13 13 13 14 13 13 13 14 13 13 12 13 13 13 13 13
27 13 13 13 13 12 13 13 13 13 13 13 13 13 14 13 13 13 13 13 13 13 12 13 13 13 14 13
27 13 13 13 13 12 13 13 13 13 13 13 13 13 14 13 13 13 13 13 13 13 12 14 13 13 13 13
27 13 13 13 13 12 13 13 13 13 13 13 13 13 14 13 13 13 13 13 13 14 12 13 13 13 13 13
27 13 13 13 13 12 13 13 13 13 13 13 13 13 14 13 13 13 14 13 13 13 12 13 13 13 13 13
27 13 13 13 13 12 13 13 13 13 13 13 13 13 14 13 14 13 13 13 13 13 12 13 13 13 13 13
27 13 13 13 13 12 13 13 13 13 13 13 13 14 13 12 13 13 13 13 13 13 13 13 14 13 13 13
27 13 13 13 13 12 13 13 13 13 13 13 13 14 13 13 13 13 13 13 13 13 12 13 14 13 13 13
27 13 13 13 13 12 13 13 13 13 13 13 13 14 13 13 13 13 13 14 13 13 12 13 13 13 13 13
27 13 13 13 13 12 13 13 13 13 13 13 13 14 13 13 13 14 13 13 13 13 12 13 13 13 13 13
27 13 13 13 13 12 13 13 13 13 13 13 14 13 13 13 13 13 14 13 13 13 12 13 13 13 13 13
27 13 13 13 13 12 13 13 13 13 13 14 13 13 13 12 13 13 13 13 13 13 14 13 13 13 13 13
27 13 13 13 13 12 13 13 13 13 13 14 13 13 13 13 13 13 13 14 13 13 12 13 13 13 13 13
27 13 13 13 13 12 13 13 13 13 14 12 13 13 13 13 13 13 13 13 13 13 13 13 13 13 13 14
27 13 13 13 13 12 13 13 13 13 14 12 13 13 13 13 13 13 13 13 13 13 13 13 13 14 13 13
27 13 13 13 13 12 13 13 13 13 14 12 13 13 13 13 13 13 13 13 13 13 14 13 13 13 13 13
27 13 13 13 13 12 13 13 13 13 14 12 13 13 13 13 13 13 14 13 13 13 13 13 13 13 13 13
27 13 13 13 13 12 13 13 13 13 14 13 13 13 13 13 13 13 13 14 13 13 12 13 13 13 13 13
27 13 13 13 13 12 13 13 13 14 13 12 13 13 13 13 13 13 13 13 13 13 13 13 14 13 13 13
27 13 13 13 13 12 13 14 13 13 13 13 13 13 13 13 13 13 14 13 13 13 12 13 13 13 13 13
27 13 13 13 13 13 13 13 13 13 13 12 13 13 13 13 13 13 13 13 13 13 13 13 13 13 13 14
27 13 13 13 13 13 13 13 13 13 13 12 13 13 13 13 13 13 13 13 13 13 13 13 13 14 13 13
